# This file is brought to you by Roblox Corporation
# Generated by Roblox Studio

mtllib angel.mtl

g Pet1

v 0.111976 -1.38476 1.27119 
v 0.506373 -1.38476 0.81577 
v 0.546823 -1.38476 1.22858 
v 0.0715259 -1.38476 0.858379 
v -0.52892 -1.38476 1.23461 
v -0.0575123 -1.38476 0.859478 
v -0.0936526 -1.38476 1.27268 
v -0.49278 -1.38476 0.821408 
v -0.498456 -1.38476 0.644316 
v -0.027048 -1.38476 0.269179 
v -0.0631883 -1.38476 0.682386 
v -0.462316 -1.38476 0.231109 
v 0.0886319 -1.38476 0.680708 
v 0.475243 -1.38476 0.218663 
v 0.522694 -1.38476 0.630725 
v 0.0411817 -1.38476 0.268646 
v 0.00550189 -1.16808 1.21338 
v 0.855307 -1.16559 1.32539 
v 0.00550186 -1.155 1.59949 
v 0.862807 -1.12776 1.59949 
v -0.851798 -1.12776 1.59949 
v 0.848137 -1.17665 1.06311 
v -0.843968 -1.16612 1.10745 
v 0.00550193 -1.18154 0.843924 
v 0.855577 -1.13911 0.365397 
v -0.836468 -1.1777 0.636641 
v 0.00550197 -1.13911 0.291209 
v 0.862808 -1.04227 -0.115112 
v -0.844568 -1.13911 0.217022 
v 0.00550201 -1.06535 -0.115112 
v -0.851798 -1.04227 -0.115112 
v 0.0163718 0.553518 -1.00983 
v 0.0808868 0.463386 -0.982533 
v -0.0477922 0.463113 -0.982762 
v 1.23748 1.28533 0.966373 
v 1.22697 1.20665 0.999794 
v 1.20413 1.2171 0.98494 
v 1.20681 1.12404 1.01752 
v 1.22972 1.11453 1.03569 
v 1.22523 1.29536 0.957012 
v 1.20234 1.135 1.05468 
v 1.26015 1.3465 0.937701 
v 1.19961 1.22517 1.01267 
v 1.22075 1.29863 0.972012 
v -1.21701 1.24491 0.999794 
v -1.22753 1.32359 0.966373 
v -1.19418 1.25536 0.98494 
v -1.21527 1.33363 0.957012 
v -1.2502 1.38476 0.9377 
v -1.2108 1.33689 0.972012 
v -1.18965 1.26344 1.01267 
v -1.19686 1.1623 1.01752 
v -1.19239 1.17326 1.05468 
v -1.21977 1.1528 1.03569 
v 1.28817 1.0674 1.01485 
v 1.33281 1.15563 0.985078 
v 1.34663 1.14148 1.00291 
v 1.39024 1.20779 0.968194 
v 1.32632 1.16365 1.01273 
v 1.28166 1.08336 1.06741 
v 1.31569 1.05076 1.0452 
v 1.27218 0.954614 1.05178 
v 1.26579 0.974965 1.12273 
v 1.29983 0.938715 1.08594 
v -1.30574 1.08902 1.0452 
v -1.33667 1.17974 1.00291 
v -1.27821 1.10567 1.01485 
v -1.32285 1.19389 0.985078 
v -1.38028 1.24605 0.968193 
v -1.31636 1.20191 1.01273 
v -1.2717 1.12162 1.06741 
v -1.26223 0.992878 1.05178 
v -1.25583 1.01323 1.12273 
v -1.28988 0.976979 1.08594 
v -1.36703 1.07212 1.05799 
v -1.51111 1.06442 1.01331 
v -1.41675 1.02747 1.07129 
v -1.33866 0.936221 1.13855 
v -1.25359 1.04937 1.10883 
v -1.11679 0.957373 1.18472 
v -1.29137 0.799561 1.21074 
v -1.08795 0.682626 1.30741 
v -1.31781 0.479923 1.32233 
v -0.997123 0.507206 1.41397 
v -1.28489 0.251299 1.39969 
v -1.18042 0.0629396 1.47194 
v -1.03151 -0.0299472 1.53628 
v -0.911743 0.476722 1.47947 
v -0.927318 -0.0314693 1.56694 
v -0.846926 0.446746 1.58074 
v -0.82313 -0.0329914 1.59759 
v 1.37698 1.03386 1.05799 
v 1.4267 0.989209 1.07129 
v 1.52107 1.02615 1.01331 
v 1.34861 0.897957 1.13855 
v 1.26355 1.0111 1.10884 
v 1.12675 0.919109 1.18472 
v 1.30133 0.761297 1.21074 
v 1.0979 0.644362 1.30741 
v 1.32777 0.44166 1.32233 
v 1.00708 0.468943 1.41397 
v 1.29484 0.213035 1.39969 
v 1.19037 0.0246757 1.47194 
v 1.04146 -0.0682111 1.53628 
v 0.921698 0.438458 1.47947 
v 0.937273 -0.0697331 1.56694 
v 0.856882 0.408483 1.58074 
v 0.833085 -0.0712553 1.59759 
v -0.0104951 0.656475 -0.683475 
v 6.10856e-05 0.600258 -0.747032 
v -0.0203638 0.599904 -0.74646 
v 0.00879593 0.543294 -0.786422 
v -0.0320721 0.542574 -0.785261 
v 0.0211965 0.445705 -0.810579 
v -0.0437532 0.444818 -0.809102 
v 0.932226 -0.0261 1.60311 
v 0.9583 -0.217535 1.60311 
v 1.06972 -0.131926 1.60311 
v 1.04749 -0.0187106 1.60311 
v 1.21801 0.0562196 1.60311 
v 0.758452 -0.184978 1.60311 
v 0.815319 -0.27213 1.60311 
v 0.786696 0.0296777 1.60311 
v 0.705223 -0.130073 1.60311 
v 0.640078 -0.084641 1.60311 
v 0.564306 0.0371807 1.60311 
v 0.576177 -0.0625612 1.60311 
v 0.497075 -0.0632042 1.60311 
v 0.43199 -0.0206863 1.60311 
v 0.422978 -0.0874797 1.60311 
v 0.351812 -0.0790714 1.60311 
v 0.351455 -0.136874 1.60311 
v 0.275036 -0.233705 1.60311 
v 0.484893 -0.638161 1.60311 
v 0.370484 -0.60228 1.60311 
v 0.497375 -0.700167 1.60311 
v 0.612696 -0.619829 1.60311 
v 0.610608 -0.724449 1.60311 
v 0.750707 -0.724685 1.60311 
v 0.704874 -0.554308 1.60311 
v 0.832123 -0.723573 1.60311 
v 0.912785 -0.680689 1.60311 
v 0.930634 -0.756943 1.60311 
v 0.863729 -0.627576 1.60311 
v 0.764922 -0.468235 1.60311 
v 0.930554 -0.593745 1.60311 
v 0.865408 -0.461859 1.60311 
v 0.952218 -0.503909 1.60311 
v 1.01826 -0.578292 1.60311 
v -1.04428 -0.0134567 1.60311 
v -1.0665 -0.126672 1.60311 
v -0.929013 -0.020846 1.60311 
v -1.2148 0.0614735 1.60311 
v -0.955087 -0.212281 1.60311 
v -0.753737 -0.180475 1.60311 
v -0.809103 -0.266876 1.60311 
v -0.783483 0.0349316 1.60311 
v -0.702009 -0.124819 1.60311 
v -0.636865 -0.0793871 1.60311 
v -0.561092 0.0424346 1.60311 
v -0.572964 -0.0573073 1.60311 
v -0.493862 -0.0579503 1.60311 
v -0.428777 -0.0154324 1.60311 
v -0.419765 -0.0822258 1.60311 
v -0.348599 -0.0738175 1.60311 
v -0.348992 -0.133122 1.60311 
v -0.274825 -0.230703 1.60311 
v -0.481679 -0.632907 1.60311 
v -0.494162 -0.694913 1.60311 
v -0.36727 -0.594024 1.60311 
v -0.607982 -0.613825 1.60311 
v -0.607395 -0.719195 1.60311 
v -0.747494 -0.719431 1.60311 
v -0.700159 -0.549054 1.60311 
v -0.82891 -0.718319 1.60311 
v -0.909572 -0.675435 1.60311 
v -0.92742 -0.751689 1.60311 
v -0.860516 -0.622322 1.60311 
v -0.755704 -0.462981 1.60311 
v -0.927341 -0.588491 1.60311 
v -0.862195 -0.456605 1.60311 
v -0.949004 -0.498655 1.60311 
v -1.01505 -0.573038 1.60311 
v -0.851798 -1.12776 1.59949 
v 0.00550186 -1.155 1.59949 
v -0.88494 -0.342114 1.59949 
v 0.00575986 0.478753 1.59826 
v -0.85089 0.472956 1.59511 
v 0.88902 -0.342114 1.59949 
v 0.86241 0.430708 1.6014 
v 0.862807 -1.12776 1.59949 
v 0.87898 -0.154623 1.59167 
v 0.861068 -1.12496 1.59167 
v 0.968276 -0.277964 1.59167 
v 1.06048 -1.01176 1.59167 
v 1.06102 -0.6942 1.59167 
v 1.17072 -0.884614 1.59167 
v 1.07928 -0.359501 1.59167 
v 1.14781 -0.732679 1.59167 
v 1.23803 -0.742523 1.59167 
v 1.15103 -0.621426 1.59167 
v 1.22007 -0.535688 1.59167 
v 1.2628 -0.38755 1.59167 
v -0.872334 -0.149787 1.59167 
v -0.96163 -0.273128 1.59167 
v -0.854422 -1.12012 1.59167 
v -1.05383 -1.00693 1.59167 
v -1.05437 -0.689364 1.59167 
v -1.16407 -0.879778 1.59167 
v -1.07263 -0.354665 1.59167 
v -1.14116 -0.727843 1.59167 
v -1.23138 -0.737687 1.59167 
v -1.14438 -0.61659 1.59167 
v -1.21342 -0.530852 1.59167 
v -1.25616 -0.382714 1.59167 
v -1.27303 1.22639 1.00737 
v -1.38028 1.24605 0.968193 
v -1.31636 1.20191 1.01273 
v -1.2717 1.12162 1.06741 
v -1.19275 1.1894 1.04845 
v -1.10449 1.0985 1.11424 
v -1.25583 1.01323 1.12273 
v -1.12188 0.922466 1.1853 
v 1.28299 1.18813 1.00737 
v 1.32632 1.16365 1.01273 
v 1.39024 1.20779 0.968194 
v 1.28166 1.08336 1.06741 
v 1.20271 1.15114 1.04845 
v 1.11445 1.06024 1.11424 
v 1.26579 0.974965 1.12273 
v 1.13184 0.884202 1.1853 
v -1.17662 1.3493 0.971645 
v -1.2502 1.38476 0.9377 
v -1.2108 1.33689 0.972012 
v -1.18965 1.26344 1.01267 
v -1.12448 1.3046 1.00521 
v -1.09915 1.21056 1.05379 
v -1.19239 1.17326 1.05468 
v -1.1084 1.07762 1.11493 
v 1.18658 1.31104 0.971646 
v 1.22075 1.29863 0.972012 
v 1.26015 1.3465 0.937701 
v 1.19961 1.22517 1.01267 
v 1.13444 1.26634 1.00521 
v 1.10911 1.17229 1.05379 
v 1.20234 1.135 1.05468 
v 1.11836 1.03935 1.11493 
v 1.44869 0.952194 1.05068 
v 1.35733 0.869101 1.03904 
v 1.43542 0.973563 1.01968 
v 1.52107 1.02615 1.01331 
v 1.4267 0.989209 1.07129 
v 1.34861 0.897957 1.13855 
v 1.38673 0.841638 1.09481 
v 1.31004 0.722701 1.06538 
v 1.30133 0.761297 1.21074 
v 1.33945 0.700081 1.14409 
v 1.33648 0.400321 1.07868 
v 1.32777 0.44166 1.32233 
v 1.36589 0.376555 1.20286 
v 1.30356 0.181987 1.08289 
v 1.29484 0.213035 1.39969 
v 1.33296 0.152435 1.23939 
v 1.19909 0.00543255 1.08454 
v 1.19037 0.0246757 1.47194 
v 1.22849 -0.0300772 1.27634 
v 1.05018 -0.0796605 1.09758 
v 1.07958 -0.119103 1.31504 
v 1.04146 -0.0682111 1.53628 
v 0.8418 -0.0830837 1.1259 
v 0.937273 -0.0697331 1.56694 
v 0.837443 -0.0771696 1.36175 
v 0.833085 -0.0712553 1.59759 
v -1.37678 0.879902 1.09481 
v -1.43873 0.990458 1.05068 
v -1.34737 0.907365 1.03904 
v -1.42546 1.01183 1.01968 
v -1.51111 1.06442 1.01331 
v -1.41675 1.02747 1.07129 
v -1.33866 0.936221 1.13855 
v -1.30009 0.760965 1.06538 
v -1.29137 0.799561 1.21074 
v -1.32949 0.738345 1.14409 
v -1.32653 0.438585 1.07868 
v -1.31781 0.479923 1.32233 
v -1.35593 0.414819 1.20286 
v -1.2936 0.22025 1.08288 
v -1.28489 0.251299 1.39969 
v -1.323 0.190699 1.23939 
v -1.18913 0.0436964 1.08454 
v -1.18042 0.0629396 1.47194 
v -1.21853 0.00818664 1.27634 
v -1.04022 -0.0413967 1.09758 
v -1.06962 -0.0808395 1.31504 
v -1.03151 -0.0299472 1.53628 
v -0.831845 -0.0448199 1.1259 
v -0.927318 -0.0314693 1.56694 
v -0.827487 -0.0389057 1.36175 
v -0.82313 -0.0329914 1.59759 
v 0.0933518 0.901379 -1.46095 
v -0.0742895 0.901379 -1.46095 
v 0.0095314 0.982466 -1.53408 
v -0.120238 1.11115 -1.48988 
v 0.0095314 1.23668 -1.60311 
v 0.1393 1.11115 -1.48988 
v -0.170138 0.992505 -1.38288 
v 0.189201 0.992505 -1.38288 
v -0.106521 0.824745 -1.39183 
v -0.1849 0.897209 -1.29693 
v -0.116056 0.763191 -1.33631 
v 0.125584 0.824745 -1.39183 
v 0.203963 0.897209 -1.29693 
v 0.135119 0.763191 -1.33631 
v -0.116056 0.763191 -1.33631 
v 0.135119 0.763191 -1.33631 
v 0.00953136 0.465406 -1.06774 
v -0.0885252 0.482875 -1.0835 
v 0.107588 0.482875 -1.0835 
v -0.17277 0.541986 -1.13681 
v -0.272703 0.554746 -0.988068 
v -0.142277 0.463232 -0.905532 
v 0.00953136 0.465406 -1.06774 
v -0.342859 0.672903 -1.09463 
v 0.00953134 0.436187 -0.88114 
v 0.16134 0.463232 -0.905533 
v 0.291766 0.554746 -0.988068 
v -0.218086 0.618307 -1.20564 
v -0.343635 0.782726 -1.19368 
v -0.218587 0.689244 -1.26962 
v 0.191833 0.541986 -1.13681 
v 0.361922 0.672903 -1.09463 
v -0.245149 0.740465 -1.31582 
v -0.384758 0.862026 -1.2652 
v 0.237148 0.618307 -1.20564 
v 0.362698 0.782726 -1.19368 
v 0.23765 0.689244 -1.26962 
v 0.264212 0.740465 -1.31582 
v 0.40382 0.862026 -1.2652 
v -0.303538 0.77777 -1.34946 
v -0.475155 0.91978 -1.31729 
v -0.371315 0.942502 -1.33778 
v -0.236466 0.792447 -1.3627 
v -0.273951 0.927599 -1.32434 
v -0.173576 0.782821 -1.35402 
v -0.1849 0.897209 -1.29693 
v 0.322601 0.77777 -1.34946 
v 0.494218 0.91978 -1.31729 
v 0.255529 0.792447 -1.3627 
v 0.390378 0.942502 -1.33778 
v 0.494218 0.91978 -1.31729 
v 0.293014 0.927599 -1.32434 
v 0.192639 0.782821 -1.35402 
v 0.203963 0.897209 -1.29693 
v -0.00148528 0.689169 -0.391683 
v 0.0130337 0.595596 -0.45358 
v -0.013999 0.595419 -0.453091 
v 0.0247471 0.509313 -0.484364 
v -0.0293431 0.508949 -0.483359 
v 0.0407236 0.376274 -0.481764 
v -0.0452313 0.375898 -0.480727 
v 0.0163718 0.553518 -1.00983 
v 0.0857738 0.545016 -0.914037 
v 0.0808868 0.463386 -0.982533 
v 0.0163718 0.553518 -1.00983 
v -0.0477922 0.463113 -0.982762 
v -0.0538094 0.544682 -0.914316 
v -0.88494 -0.342114 1.59949 
v -0.843968 -1.16612 1.10745 
v -0.851798 -1.12776 1.59949 
v -0.836468 -0.392132 0.636633 
v -0.836468 -1.1777 0.636641 
v -0.844568 -1.13911 0.217022 
v -0.836738 0.354508 0.637536 
v -0.85089 0.472956 1.59511 
v -0.825323 -0.320499 -0.115112 
v -0.851798 -1.04227 -0.115112 
v -0.851805 0.399493 -0.115217 
v 0.855307 -1.16559 1.32539 
v 0.88902 -0.342114 1.59949 
v 0.862807 -1.12776 1.59949 
v 0.848137 -0.391007 1.06311 
v 0.848137 -1.17665 1.06311 
v 0.855577 -1.13911 0.365397 
v 0.848805 0.362241 1.06119 
v 0.86241 0.430708 1.6014 
v 0.83661 -0.320499 -0.115112 
v 0.862808 -1.04227 -0.115112 
v 0.8628 0.398376 -0.115284 
v -1.8887 1.02613 -0.0632656 
v -1.92218 0.929654 -0.0907639 
v -1.87011 0.837708 -0.0480013 
v -1.93083 0.811582 -0.0978687 
v -1.82546 0.704049 -0.011333 
v -1.91117 0.659912 -0.0817255 
v -1.89838 0.454999 -0.0712196 
v -1.7454 0.704097 0.0544227 
v -1.80064 0.795807 0.0090565 
v -1.76092 0.850377 0.0416753 
v -1.69657 0.581623 0.0945285 
v -1.93199 0.315571 -0.0988224 
v -1.57733 0.5259 0.192458 
v -1.6321 0.649592 0.147475 
v -1.68751 0.677819 0.101963 
v -1.64643 0.769262 0.135705 
v -1.49607 0.42791 0.259193 
v -1.90223 0.129985 -0.0743779 
v -1.98917 0.189478 -0.145789 
v -1.83713 0.0177362 -0.0209166 
v -1.38382 0.365906 0.351384 
v -1.81087 -0.166596 0.000649562 
v -1.82742 -0.363928 -0.0129415 
v -1.88123 -0.534228 -0.0571325 
v -1.72156 -0.504463 0.0740009 
v -1.59784 -0.543903 0.175609 
v -1.50203 -0.629049 0.254299 
v -1.28707 -0.679683 0.430844 
v -1.39276 -0.803056 0.344043 
v -1.15859 -0.619202 0.536368 
v -1.10336 0.23317 0.581726 
v -0.981434 0.135166 0.681864 
v -0.8991 0.0133469 0.749485 
v -0.834469 -0.162619 0.802566 
v -1.03506 -0.613627 0.637823 
v -0.948324 -0.638839 0.709058 
v -0.834469 -0.703408 0.802566 
v 1.8887 1.02613 -0.0632653 
v 1.87011 0.837708 -0.048001 
v 1.92218 0.929654 -0.0907635 
v 1.93083 0.811582 -0.0978684 
v 1.82546 0.704049 -0.0113327 
v 1.91117 0.659912 -0.0817251 
v 1.89838 0.454999 -0.0712193 
v 1.7454 0.704097 0.054423 
v 1.80064 0.795807 0.00905681 
v 1.76092 0.850377 0.0416756 
v 1.69657 0.581623 0.0945287 
v 1.93199 0.315571 -0.0988221 
v 1.57733 0.5259 0.192458 
v 1.6321 0.649592 0.147475 
v 1.68751 0.677819 0.101963 
v 1.64643 0.769262 0.135706 
v 1.49607 0.42791 0.259193 
v 1.90223 0.129985 -0.0743776 
v 1.98917 0.189478 -0.145788 
v 1.83713 0.0177362 -0.0209162 
v 1.38382 0.365906 0.351385 
v 1.81087 -0.166596 0.000649879 
v 1.82742 -0.363928 -0.0129411 
v 1.88123 -0.534228 -0.0571321 
v 1.72156 -0.504463 0.0740012 
v 1.59784 -0.543903 0.175609 
v 1.50203 -0.629049 0.254299 
v 1.28707 -0.679683 0.430845 
v 1.39276 -0.803056 0.344043 
v 1.15859 -0.619202 0.536368 
v 1.10336 0.23317 0.581727 
v 0.981434 0.135166 0.681864 
v 0.8991 0.0133469 0.749485 
v 0.834469 -0.162619 0.802566 
v 1.03506 -0.613627 0.637823 
v 0.948324 -0.638839 0.709058 
v 0.834469 -0.703408 0.802566 
v 0.334265 -0.1441 -0.101126 
v -0.315305 -0.145897 -0.102224 
v -0.146098 0.16758 -0.658603 
v 0.176131 0.168452 -0.658174 
v -0.0477922 0.463113 -0.982762 
v 0.0808868 0.463386 -0.982533 
v 0.50964 -1.2372 1.19962 
v 0.14283 -1.2372 1.23556 
v 0.111976 -1.38476 1.27119 
v 0.546823 -1.38476 1.22858 
v 0.501531 -1.0714 1.1933 
v 0.149558 -1.0714 1.22779 
v -0.492042 -1.2372 1.20527 
v -0.0936526 -1.38476 1.27268 
v -0.124877 -1.2372 1.23738 
v -0.52892 -1.38476 1.23461 
v -0.483999 -1.0714 1.19887 
v -0.131686 -1.0714 1.22968 
v 0.00550201 -1.06535 -0.115112 
v -0.825323 -0.320499 -0.115112 
v 0.00549976 0.380608 -0.115255 
v -0.851805 0.399493 -0.115217 
v -0.851798 -1.04227 -0.115112 
v 0.83661 -0.320499 -0.115112 
v 0.862808 -1.04227 -0.115112 
v 0.8628 0.398376 -0.115284 
v 0.00491157 0.702951 1.04896 
v 0.0550016 0.592979 1.11555 
v 0.0299598 0.692662 1.01676 
v 0.00491157 0.796457 0.992171 
v -0.0222534 0.692662 1.01994 
v -0.0468998 0.58559 1.11901 
v 0.00491156 0.613088 1.16491 
v 0.0786526 0.516375 1.26093 
v -0.0700101 0.516376 1.26737 
v 0.00491155 0.540173 1.31181 
v 0.130634 0.44422 1.52117 
v -0.113383 0.444219 1.53606 
v 0.0049117 0.469512 1.57022 
v 0.0030773 0.72839 0.00780907 
v 0.0198411 0.614597 -0.0540887 
v -0.0113712 0.614442 -0.0535093 
v 0.0333655 0.512282 -0.0809211 
v -0.0290877 0.511964 -0.0797292 
v 0.0518121 0.359503 -0.0647027 
v -0.0474323 0.359174 -0.0634726 
v 0.334265 -0.1441 -0.101126 
v 0.176131 0.168452 -0.658174 
v 0.335539 0.375671 -0.0986458 
v 0.174927 0.391943 -0.527115 
v 0.0857738 0.545016 -0.914037 
v 0.0808868 0.463386 -0.982533 
v -0.146098 0.16758 -0.658603 
v -0.31403 0.373862 -0.0997439 
v -0.147302 0.391072 -0.527543 
v -0.315305 -0.145897 -0.102224 
v -0.0538094 0.544682 -0.914316 
v -0.0477922 0.463113 -0.982762 
v 0.00441916 0.645737 0.549581 
v 0.049404 0.534887 0.581875 
v 0.0269144 0.644272 0.519258 
v 0.00441916 0.740029 0.521975 
v -0.0199771 0.643534 0.52202 
v -0.0421115 0.527674 0.583166 
v 0.00441915 0.540896 0.629367 
v 0.0706444 0.434731 0.690267 
v -0.0628666 0.43324 0.695852 
v 0.00441914 0.443589 0.739926 
v 0.117328 0.311817 0.89935 
v -0.101819 0.308367 0.912266 
v 0.00441921 0.322397 0.947765 
v 0.444998 -1.2372 0.254809 
v 0.485024 -1.2372 0.602399 
v 0.522694 -1.38476 0.630725 
v 0.475243 -1.38476 0.218663 
v 0.438403 -1.0714 0.262692 
v 0.476809 -1.0714 0.596222 
v -0.498456 -1.38476 0.644316 
v -0.431092 -1.2372 0.266413 
v -0.462316 -1.38476 0.231109 
v -0.461578 -1.2372 0.614969 
v -0.424283 -1.0714 0.274112 
v -0.453535 -1.0714 0.608569 
v 0.475519 -1.2372 0.851397 
v 0.50964 -1.2372 1.19962 
v 0.546823 -1.38476 1.22858 
v 0.506373 -1.38476 0.81577 
v 0.46879 -1.0714 0.859167 
v 0.501531 -1.0714 1.1933 
v -0.52892 -1.38476 1.23461 
v -0.461556 -1.2372 0.856712 
v -0.49278 -1.38476 0.821408 
v -0.492042 -1.2372 1.20527 
v -0.454747 -1.0714 0.86441 
v -0.483999 -1.0714 1.19887 
v -0.116056 0.923072 -1.15904 
v -0.173576 0.942702 -1.17675 
v -0.245149 0.900347 -1.13855 
v -0.116056 0.923072 -1.15904 
v -0.1849 0.897209 -1.29693 
v -0.273951 0.927599 -1.32434 
v -0.236466 0.952328 -1.18543 
v -0.371315 0.942502 -1.33778 
v -0.303539 0.937651 -1.17219 
v -0.384758 0.862026 -1.2652 
v -0.475155 0.91978 -1.31729 
v -0.013999 0.595419 -0.453091 
v -0.0218141 0.609057 -0.398569 
v -0.00148528 0.689169 -0.391683 
v -0.0402582 0.508485 -0.356121 
v -0.0293431 0.508949 -0.483359 
v -0.0452313 0.375898 -0.480727 
v -0.0575528 0.422001 -0.269348 
v -0.0900105 0.302806 -0.0986459 
v 0.0172594 0.609868 -0.40081 
v 0.0130337 0.595596 -0.45358 
v -0.00148528 0.689169 -0.391683 
v 0.0359995 0.514566 -0.356675 
v 0.0247471 0.509313 -0.484364 
v 0.0407236 0.376274 -0.481764 
v 0.0536986 0.42364 -0.273878 
v 0.0925986 0.306597 -0.109121 
v -0.0538094 0.544682 -0.914316 
v 0.0857738 0.545016 -0.914037 
v 0.0163718 0.553518 -1.00983 
v 0.00375752 0.600428 -0.705756 
v 6.10856e-05 0.600258 -0.747032 
v -0.0104951 0.656475 -0.683475 
v 0.0185827 0.522325 -0.692258 
v 0.00879593 0.543294 -0.786422 
v 0.0211965 0.445705 -0.810579 
v 0.0330033 0.439886 -0.649665 
v 0.0643364 0.322518 -0.552502 
v -0.0203638 0.599904 -0.74646 
v -0.025748 0.599212 -0.703918 
v -0.0104951 0.656475 -0.683475 
v -0.0390302 0.517411 -0.692335 
v -0.0320721 0.542574 -0.785261 
v -0.0437532 0.444818 -0.809102 
v -0.0510262 0.437274 -0.645651 
v -0.0735572 0.316835 -0.543908 
v -0.0113712 0.614442 -0.0535093 
v -0.0203945 0.63555 0.0078523 
v 0.0030773 0.72839 0.00780907 
v -0.0416903 0.524081 0.0666816 
v -0.0290877 0.511964 -0.0797292 
v -0.0474323 0.359174 -0.0634726 
v -0.0616588 0.433225 0.175098 
v -0.099135 0.313084 0.383312 
v 0.0247202 0.636261 0.00519446 
v 0.0198411 0.614597 -0.0540887 
v 0.0030773 0.72839 0.00780907 
v 0.0463577 0.531021 0.0654393 
v 0.0333655 0.512282 -0.0809211 
v 0.0518121 0.359503 -0.0647027 
v 0.0667933 0.43466 0.169724 
v 0.111708 0.316403 0.370885 
v -0.85089 0.472956 1.59511 
v 0.00575986 0.478753 1.59826 
v 0.00564668 0.357583 0.842462 
v -0.836738 0.354508 0.637536 
v 0.848805 0.362241 1.06119 
v 0.86241 0.430708 1.6014 
v 0.8628 0.398376 -0.115284 
v 0.00549976 0.380608 -0.115255 
v -0.851805 0.399493 -0.115217 
v 0.335539 0.375671 -0.0986458 
v -0.147302 0.391072 -0.527543 
v -0.31403 0.373862 -0.0997439 
v 0.174927 0.391943 -0.527115 
v 0.0269144 0.644272 0.519258 
v 0.0218432 0.621755 0.45764 
v 0.00441916 0.740029 0.521975 
v 0.049404 0.534887 0.581875 
v 0.0359002 0.515411 0.429751 
v 0.0550733 0.356614 0.446608 
v 0.0706444 0.434731 0.690267 
v 0.117328 0.311817 0.89935 
v -0.0105984 0.621593 0.458242 
v -0.0199771 0.643534 0.52202 
v 0.00441916 0.740029 0.521975 
v -0.0421115 0.527674 0.583166 
v -0.0290125 0.51508 0.430989 
v -0.0480798 0.356273 0.447886 
v -0.0628666 0.43324 0.695852 
v -0.101819 0.308367 0.912266 
v 0.00441916 0.740029 0.521975 
v 0.0218432 0.621755 0.45764 
v -0.0105984 0.621593 0.458242 
v 0.0359002 0.515411 0.429751 
v -0.0290125 0.51508 0.430989 
v 0.0550733 0.356614 0.446608 
v -0.0480798 0.356273 0.447886 
v 0.485024 -1.2372 0.602399 
v 0.118877 -1.2372 0.644562 
v 0.0886319 -1.38476 0.680708 
v 0.522694 -1.38476 0.630725 
v 0.476809 -1.0714 0.596222 
v 0.125473 -1.0714 0.636679 
v -0.461578 -1.2372 0.614969 
v -0.0631883 -1.38476 0.682386 
v -0.0944123 -1.2372 0.647082 
v -0.498456 -1.38476 0.644316 
v -0.453535 -1.0714 0.608569 
v -0.101222 -1.0714 0.639383 
v 0.0030773 0.63767 0.0343694 
v 0.0463577 0.531021 0.0654393 
v 0.0247202 0.636261 0.00519446 
v 0.0030773 0.72839 0.00780907 
v -0.0203945 0.63555 0.0078523 
v -0.0416903 0.524081 0.0666816 
v 0.00307729 0.536802 0.111131 
v 0.0667933 0.43466 0.169724 
v -0.0616588 0.433225 0.175098 
v 0.00307728 0.443182 0.217502 
v 0.111708 0.316403 0.370885 
v -0.099135 0.313084 0.383312 
v 0.00307735 0.326582 0.417466 
v -0.0118102 0.650735 0.957636 
v -0.0222534 0.692662 1.01994 
v 0.00491157 0.796457 0.992171 
v -0.0468998 0.58559 1.11901 
v -0.0323142 0.528319 0.958921 
v -0.0535452 0.362333 1.02273 
v -0.0700101 0.516376 1.26737 
v -0.113383 0.444219 1.53606 
v 0.0299598 0.692662 1.01676 
v 0.0243131 0.650735 0.956942 
v 0.00491157 0.796457 0.992171 
v 0.0550016 0.592979 1.11555 
v 0.0399654 0.528319 0.957493 
v 0.0613143 0.362333 1.02125 
v 0.0786526 0.516375 1.26093 
v 0.130634 0.44422 1.52117 
v -0.462316 -1.38476 0.231109 
v -0.0639263 -1.2372 0.298526 
v -0.027048 -1.38476 0.269179 
v -0.431092 -1.2372 0.266413 
v -0.0719693 -1.0714 0.304926 
v -0.424283 -1.0714 0.274112 
v 0.475243 -1.38476 0.218663 
v 0.0411817 -1.38476 0.268646 
v 0.0788505 -1.2372 0.296972 
v 0.444998 -1.2372 0.254809 
v 0.087066 -1.0714 0.303149 
v 0.438403 -1.0714 0.262692 
v -0.124877 -1.2372 1.23738 
v -0.0575123 -1.38476 0.859478 
v -0.0943906 -1.2372 0.888824 
v -0.0936526 -1.38476 1.27268 
v -0.131686 -1.0714 1.22968 
v -0.102434 -1.0714 0.895225 
v 0.14283 -1.2372 1.23556 
v 0.0715259 -1.38476 0.858379 
v 0.111976 -1.38476 1.27119 
v 0.108709 -1.2372 0.88734 
v 0.149558 -1.0714 1.22779 
v 0.116818 -1.0714 0.893656 
v 0.174927 0.391943 -0.527115 
v -0.0538094 0.544682 -0.914316 
v -0.147302 0.391072 -0.527543 
v 0.0857738 0.545016 -0.914037 
v -0.0944123 -1.2372 0.647082 
v -0.027048 -1.38476 0.269179 
v -0.0639263 -1.2372 0.298526 
v -0.0631883 -1.38476 0.682386 
v -0.101222 -1.0714 0.639383 
v -0.0719693 -1.0714 0.304926 
v 0.118877 -1.2372 0.644562 
v 0.0411817 -1.38476 0.268646 
v 0.0886319 -1.38476 0.680708 
v 0.0788505 -1.2372 0.296972 
v 0.125473 -1.0714 0.636679 
v 0.087066 -1.0714 0.303149 
v -0.00148529 0.608908 -0.37553 
v -0.00148529 0.516146 -0.316818 
v 0.0359995 0.514566 -0.356675 
v 0.0172594 0.609868 -0.40081 
v -0.00148528 0.689169 -0.391683 
v -0.0218141 0.609057 -0.398569 
v -0.0402582 0.508485 -0.356121 
v 0.0536986 0.42364 -0.273878 
v -0.0575528 0.422001 -0.269348 
v -0.0014853 0.42743 -0.232016 
v 0.0925986 0.306597 -0.109121 
v -0.0900105 0.302806 -0.0986459 
v -0.00148522 0.311905 -0.0681683 
v 0.00491157 0.796457 0.992171 
v 0.0243131 0.650735 0.956942 
v -0.0118102 0.650735 0.957636 
v 0.0399654 0.528319 0.957493 
v -0.0323142 0.528319 0.958921 
v -0.0535452 0.362333 1.02273 
v 0.0613143 0.362333 1.02125 
v 0.506373 -1.38476 0.81577 
v 0.0715259 -1.38476 0.858379 
v 0.108709 -1.2372 0.88734 
v 0.475519 -1.2372 0.851397 
v 0.116818 -1.0714 0.893656 
v 0.46879 -1.0714 0.859167 
v -0.49278 -1.38476 0.821408 
v -0.0943906 -1.2372 0.888824 
v -0.0575123 -1.38476 0.859478 
v -0.461556 -1.2372 0.856712 
v -0.102434 -1.0714 0.895225 
v -0.454747 -1.0714 0.86441 
v -1.51111 1.06442 1.01331 
v -1.36703 1.07212 1.05799 
v -1.37139 1.06096 1.02272 
v -1.26231 1.0275 1.03813 
v -1.25359 1.04937 1.10883 
v -1.12551 0.9245 1.07288 
v -1.11679 0.957373 1.18472 
v -1.09666 0.63649 1.11496 
v -1.08795 0.682626 1.30741 
v -1.00584 0.459809 1.12977 
v -0.997123 0.507206 1.41397 
v -0.835078 0.399689 1.1645 
v -0.911743 0.476722 1.47947 
v -0.846926 0.446746 1.58074 
v 1.52107 1.02615 1.01331 
v 1.38134 1.02269 1.02272 
v 1.37698 1.03386 1.05799 
v 1.27227 0.989235 1.03813 
v 1.26355 1.0111 1.10884 
v 1.13546 0.886236 1.07288 
v 1.12675 0.919109 1.18472 
v 1.10662 0.598226 1.11496 
v 1.0979 0.644362 1.30741 
v 1.01579 0.421546 1.12977 
v 1.00708 0.468943 1.41397 
v 0.845034 0.361426 1.1645 
v 0.921698 0.438458 1.47947 
v 0.856882 0.408483 1.58074 
v 1.88681 1.02613 -0.0655606 
v 1.92029 0.929654 -0.093059 
v 1.86822 0.837708 -0.0502964 
v 1.92894 0.811582 -0.100164 
v 1.82358 0.704049 -0.0136281 
v 1.90929 0.659912 -0.0840205 
v 1.89649 0.454999 -0.0735146 
v 1.74351 0.704097 0.0521276 
v 1.79875 0.795807 0.00676143 
v 1.75904 0.850377 0.0393803 
v 1.69468 0.581623 0.0922334 
v 1.9301 0.315571 -0.101117 
v 1.57544 0.5259 0.190162 
v 1.63021 0.649592 0.14518 
v 1.68563 0.677819 0.0996679 
v 1.64455 0.769262 0.13341 
v 1.49419 0.42791 0.256898 
v 1.90034 0.129985 -0.0766729 
v 1.98729 0.189478 -0.148084 
v 1.83525 0.0177362 -0.0232116 
v 1.38194 0.365906 0.349089 
v 1.80899 -0.166596 -0.00164556 
v 1.82554 -0.363928 -0.0152365 
v 1.87934 -0.534228 -0.0594275 
v 1.71968 -0.504463 0.0717058 
v 1.59596 -0.543903 0.173314 
v 1.50015 -0.629049 0.252004 
v 1.28519 -0.679683 0.428549 
v 1.39088 -0.803056 0.341748 
v 1.1567 -0.619202 0.534073 
v 1.10148 0.23317 0.579431 
v 0.979549 0.135166 0.679569 
v 0.897214 0.0133469 0.74719 
v 0.832584 -0.162619 0.800271 
v 1.03317 -0.613627 0.635527 
v 0.946438 -0.638839 0.706763 
v 0.832584 -0.703408 0.800271 
v -0.0101505 0.594715 -0.68731 
v -0.00934614 0.515539 -0.662499 
v 0.0185827 0.522325 -0.692258 
v 0.0330033 0.439886 -0.649665 
v 0.00375752 0.600428 -0.705756 
v -0.0104951 0.656475 -0.683475 
v -0.025748 0.599212 -0.703918 
v -0.0390302 0.517411 -0.692335 
v -0.0082865 0.434239 -0.617848 
v -0.0510262 0.437274 -0.645651 
v -0.00636502 0.317971 -0.520695 
v 0.0643364 0.322518 -0.552502 
v -0.0735572 0.316835 -0.543908 
v -1.88681 1.02613 -0.065561 
v -1.86822 0.837708 -0.0502968 
v -1.92029 0.929654 -0.0930593 
v -1.92894 0.811582 -0.100164 
v -1.82358 0.704049 -0.0136284 
v -1.90929 0.659912 -0.0840208 
v -1.89649 0.454999 -0.073515 
v -1.74351 0.704097 0.0521273 
v -1.79875 0.795807 0.00676111 
v -1.75904 0.850377 0.03938 
v -1.69468 0.581623 0.0922331 
v -1.9301 0.315571 -0.101118 
v -1.57544 0.5259 0.190162 
v -1.63021 0.649592 0.14518 
v -1.68563 0.677819 0.0996676 
v -1.64455 0.769262 0.13341 
v -1.49419 0.42791 0.256898 
v -1.90034 0.129985 -0.0766733 
v -1.98729 0.189478 -0.148084 
v -1.83525 0.0177362 -0.0232119 
v -1.38194 0.365906 0.349089 
v -1.80899 -0.166596 -0.00164587 
v -1.82554 -0.363928 -0.0152368 
v -1.87934 -0.534228 -0.0594278 
v -1.71968 -0.504463 0.0717055 
v -1.59596 -0.543903 0.173313 
v -1.50015 -0.629049 0.252004 
v -1.28519 -0.679683 0.428549 
v -1.39088 -0.803056 0.341747 
v -1.1567 -0.619202 0.534072 
v -1.10148 0.23317 0.579431 
v -0.979549 0.135166 0.679569 
v -0.897215 0.0133469 0.74719 
v -0.832584 -0.162619 0.800271 
v -1.03317 -0.613627 0.635527 
v -0.946438 -0.638839 0.706763 
v -0.832584 -0.703408 0.80027 
v 1.43542 0.973563 1.01968 
v 1.38134 1.02269 1.02272 
v 1.52107 1.02615 1.01331 
v 1.35733 0.869101 1.03904 
v 1.27227 0.989235 1.03813 
v 1.13546 0.886236 1.07288 
v 1.31004 0.722701 1.06538 
v 1.10662 0.598226 1.11496 
v 1.33648 0.400321 1.07868 
v 1.01579 0.421546 1.12977 
v 1.30356 0.181987 1.08289 
v 1.19909 0.00543255 1.08454 
v 1.05018 -0.0796605 1.09758 
v 0.845034 0.361426 1.1645 
v 0.8418 -0.0830837 1.1259 
v -1.42546 1.01183 1.01968 
v -1.51111 1.06442 1.01331 
v -1.37139 1.06096 1.02272 
v -1.34737 0.907365 1.03904 
v -1.26231 1.0275 1.03813 
v -1.12551 0.9245 1.07288 
v -1.30009 0.760965 1.06538 
v -1.09666 0.63649 1.11496 
v -1.32653 0.438585 1.07868 
v -1.00584 0.459809 1.12977 
v -1.2936 0.22025 1.08288 
v -1.18913 0.0436964 1.08454 
v -1.04022 -0.0413967 1.09758 
v -0.835078 0.399689 1.1645 
v -0.831845 -0.0448199 1.1259 
v -0.142277 0.463232 -0.905532 
v 0.00953134 0.625287 -0.890471 
v -0.0885252 0.642757 -0.906226 
v -0.272703 0.554746 -0.988068 
v 0.00953134 0.436187 -0.88114 
v 0.16134 0.463232 -0.905533 
v -0.17277 0.701868 -0.959538 
v -0.342859 0.672903 -1.09463 
v 0.107588 0.642757 -0.906226 
v 0.291766 0.554746 -0.988068 
v -0.218086 0.778188 -1.02837 
v -0.343635 0.782726 -1.19368 
v -0.218587 0.849125 -1.09235 
v 0.191833 0.701868 -0.959538 
v 0.361922 0.672903 -1.09463 
v 0.135119 0.923072 -1.15904 
v 0.237148 0.778188 -1.02837 
v 0.362698 0.782726 -1.19368 
v 0.23765 0.849125 -1.09235 
v 0.264211 0.900347 -1.13855 
v 0.40382 0.862026 -1.2652 
v 0.125584 0.984626 -1.21456 
v 0.192639 0.942702 -1.17675 
v 0.203963 0.897209 -1.29693 
v 0.135119 0.923072 -1.15904 
v 0.293014 0.927599 -1.32434 
v 0.255529 0.952328 -1.18543 
v 0.390378 0.942502 -1.33778 
v 0.322601 0.937651 -1.17219 
v 0.494218 0.91978 -1.31729 
v 0.203963 0.897209 -1.29693 
v 0.135119 0.923072 -1.15904 
v 0.189201 0.992505 -1.38288 
v 0.0933518 1.06126 -1.28367 
v 0.1393 1.11115 -1.48988 
v -0.106521 0.984626 -1.21456 
v 0.00953138 1.14235 -1.3568 
v 0.0095314 1.23668 -1.60311 
v -0.120238 1.11115 -1.48988 
v -0.0742895 1.06126 -1.28367 
v -0.170138 0.992505 -1.38288 
v -0.1849 0.897209 -1.29693 
v -0.116056 0.923072 -1.15904 
v 1.33281 1.15563 0.985078 
v 1.28624 1.18217 0.988634 
v 1.39024 1.20779 0.968194 
v 1.28817 1.0674 1.01485 
v 1.20921 1.1396 1.01085 
v 1.12096 1.04242 1.0551 
v 1.27218 0.954614 1.05178 
v 1.13829 0.859163 1.09032 
v -1.32285 1.19389 0.985078 
v -1.38028 1.24605 0.968193 
v -1.27628 1.22044 0.988634 
v -1.27821 1.10567 1.01485 
v -1.19925 1.17786 1.01085 
v -1.111 1.08069 1.0551 
v -1.26223 0.992878 1.05178 
v -1.12834 0.897427 1.09032 
v 1.22523 1.29536 0.957012 
v 1.18883 1.3083 0.961623 
v 1.26015 1.3465 0.937701 
v 1.20413 1.2171 0.98494 
v 1.13893 1.26108 0.985084 
v 1.11364 1.16331 1.02261 
v 1.20681 1.12404 1.01752 
v 1.12276 1.02605 1.0651 
v -1.21527 1.33363 0.957012 
v -1.2502 1.38476 0.9377 
v -1.17887 1.34656 0.961623 
v -1.19418 1.25536 0.98494 
v -1.12898 1.29935 0.985084 
v -1.10368 1.20157 1.02261 
v -1.19686 1.1623 1.01752 
v -1.1128 1.06431 1.0651 
v -1.38028 1.24605 0.968193 
v -1.27303 1.22639 1.00737 
v -1.27628 1.22044 0.988634 
v -1.19925 1.17786 1.01085 
v -1.19275 1.1894 1.04845 
v -1.111 1.08069 1.0551 
v -1.10449 1.0985 1.11424 
v -1.12834 0.897427 1.09032 
v -1.12188 0.922466 1.1853 
v 1.39024 1.20779 0.968194 
v 1.28624 1.18217 0.988634 
v 1.28299 1.18813 1.00737 
v 1.20921 1.1396 1.01085 
v 1.20271 1.15114 1.04845 
v 1.12096 1.04242 1.0551 
v 1.11445 1.06024 1.11424 
v 1.13829 0.859163 1.09032 
v 1.13184 0.884202 1.1853 
v -1.2502 1.38476 0.9377 
v -1.17662 1.3493 0.971645 
v -1.17887 1.34656 0.961623 
v -1.12898 1.29935 0.985084 
v -1.12448 1.3046 1.00521 
v -1.10368 1.20157 1.02261 
v -1.09915 1.21056 1.05379 
v -1.1128 1.06431 1.0651 
v -1.1084 1.07762 1.11493 
v 1.26015 1.3465 0.937701 
v 1.18883 1.3083 0.961623 
v 1.18658 1.31104 0.971646 
v 1.13893 1.26108 0.985084 
v 1.13444 1.26634 1.00521 
v 1.11364 1.16331 1.02261 
v 1.10911 1.17229 1.05379 
v 1.12276 1.02605 1.0651 
v 1.11836 1.03935 1.11493 
v 0.87898 -0.154623 1.58632 
v 0.968276 -0.277964 1.58632 
v 0.861068 -1.12496 1.58632 
v 1.06048 -1.01176 1.58632 
v 1.06102 -0.6942 1.58632 
v 1.17072 -0.884614 1.58632 
v 1.07928 -0.359501 1.58632 
v 1.14781 -0.732679 1.58632 
v 1.23803 -0.742523 1.58632 
v 1.15103 -0.621426 1.58632 
v 1.22007 -0.535688 1.58632 
v 1.2628 -0.38755 1.58632 
v -0.872334 -0.149787 1.58632 
v -0.854422 -1.12012 1.58632 
v -0.96163 -0.273128 1.58632 
v -1.05383 -1.00693 1.58632 
v -1.05437 -0.689364 1.58632 
v -1.16407 -0.879778 1.58632 
v -1.07263 -0.354665 1.58632 
v -1.14116 -0.727843 1.58632 
v -1.23138 -0.737687 1.58632 
v -1.14438 -0.61659 1.58632 
v -1.21342 -0.530852 1.58632 
v -1.25616 -0.382714 1.58632 
v 0.932226 -0.0261 1.60059 
v 1.06972 -0.131926 1.60059 
v 0.9583 -0.217535 1.60059 
v 1.04749 -0.0187106 1.60059 
v 1.21801 0.0562196 1.60059 
v 0.758452 -0.184978 1.60059 
v 0.815319 -0.27213 1.60059 
v 0.786696 0.0296777 1.60059 
v 0.705223 -0.130073 1.60059 
v -0.929013 -0.020846 1.60059 
v -0.955087 -0.212281 1.60059 
v -1.0665 -0.126672 1.60059 
v -1.04428 -0.0134567 1.60059 
v -1.2148 0.0614735 1.60059 
v -0.753737 -0.180475 1.60059 
v -0.809103 -0.266876 1.60059 
v -0.783483 0.0349316 1.60059 
v -0.702009 -0.124819 1.60059 

vn 0 -1 0 
vn 0 -1 0 
vn 0 -1 0 
vn 0 -1 0 
vn 0 -1 0 
vn 0 -1 0 
vn 0 -1 0 
vn 0 -1 0 
vn 0 -1 0 
vn 0 -1 0 
vn 0 -1 0 
vn 0 -1 0 
vn 0 -1 0 
vn 0 -1 0 
vn 0 -1 0 
vn 0 -1 0 
vn -0.00787402 -1 0.0551181 
vn 0.00787402 -1 0.0551181 
vn -0.00787402 -1 0.0708661 
vn 0.015748 -1 0.0787402 
vn -0.023622 -1 0.0551181 
vn 0.00787402 -1 -0.015748 
vn -0.015748 -1 0.0472441 
vn 0 -1 -0.023622 
vn 0.015748 -0.992126 -0.125984 
vn 0 -1 -0.023622 
vn 0.00787402 -0.992126 -0.141732 
vn 0.023622 -0.984252 -0.188976 
vn 0.00787402 -0.984252 -0.15748 
vn 0.00787402 -0.976378 -0.204724 
vn 0 -0.976378 -0.228346 
vn 0 -0.291339 -0.96063 
vn 0 -0.291339 -0.96063 
vn 0 -0.291339 -0.96063 
vn 0.976378 -0.228346 -0.023622 
vn 0.992126 -0.0472441 -0.0866142 
vn 0.409449 -0.346457 -0.84252 
vn 0.472441 -0.291339 -0.834646 
vn 0.992126 0.023622 -0.11811 
vn 0.299213 -0.440945 -0.84252 
vn 0.637795 0.322835 0.700787 
vn 0.937008 -0.338583 0.015748 
vn 0.590551 0.299213 0.748031 
vn 0.503937 0.251969 0.826772 
vn -0.992126 -0.0472441 -0.0866142 
vn -0.976378 -0.228346 -0.023622 
vn -0.409449 -0.346457 -0.84252 
vn -0.299213 -0.440945 -0.84252 
vn -0.937008 -0.338583 0.015748 
vn -0.503937 0.251969 0.826772 
vn -0.590551 0.299213 0.748031 
vn -0.472441 -0.291339 -0.834646 
vn -0.637795 0.322835 0.700787 
vn -0.992126 0.023622 -0.11811 
vn 0.559055 -0.417323 -0.716535 
vn 0.401575 -0.551181 -0.732283 
vn 0.92126 -0.393701 0.0787402 
vn 0.858268 -0.503937 0.11811 
vn 0.566929 0.133858 0.811024 
vn 0.685039 0.173228 0.708661 
vn 0.984252 -0.19685 -0.00787402 
vn 0.629921 -0.330709 -0.700787 
vn 0.740157 0.173228 0.645669 
vn 0.992126 -0.110236 -0.0393701 
vn -0.984252 -0.19685 -0.00787402 
vn -0.92126 -0.393701 0.0787402 
vn -0.559055 -0.417323 -0.716535 
vn -0.401575 -0.551181 -0.732283 
vn -0.858268 -0.503937 0.11811 
vn -0.566929 0.133858 0.811024 
vn -0.685039 0.173228 0.708661 
vn -0.629921 -0.330709 -0.700787 
vn -0.740157 0.173228 0.645669 
vn -0.992126 -0.110236 -0.0393701 
vn -0.267717 0.496063 0.826772 
vn -0.275591 0.543307 0.795276 
vn -0.267717 0.496063 0.826772 
vn -0.23622 0.425197 0.874016 
vn -0.23622 0.425197 0.874016 
vn -0.220472 0.377953 0.897638 
vn -0.220472 0.377953 0.897638 
vn -0.251969 0.338583 0.905512 
vn -0.251969 0.338583 0.905512 
vn -0.307087 0.244094 0.92126 
vn -0.267717 0.275591 0.92126 
vn -0.251969 0.228346 0.937008 
vn -0.338583 0.212598 0.913386 
vn -0.637795 0.165354 0.748031 
vn -0.527559 0.11811 0.84252 
vn -0.582677 0.0708661 0.811024 
vn -0.283465 0.023622 0.96063 
vn 0.267717 0.496063 0.826772 
vn 0.267717 0.496063 0.826772 
vn 0.275591 0.543307 0.795276 
vn 0.23622 0.425197 0.874016 
vn 0.23622 0.425197 0.874016 
vn 0.220472 0.377953 0.897638 
vn 0.220472 0.377953 0.897638 
vn 0.251969 0.338583 0.905512 
vn 0.251969 0.338583 0.905512 
vn 0.307087 0.244094 0.92126 
vn 0.267717 0.275591 0.92126 
vn 0.251969 0.228346 0.937008 
vn 0.338583 0.212598 0.913386 
vn 0.637795 0.165354 0.748031 
vn 0.527559 0.11811 0.84252 
vn 0.582677 0.0708661 0.811024 
vn 0.283465 0.023622 0.96063 
vn -0.0314961 0.748031 -0.661417 
vn -0.0314961 0.661417 -0.748031 
vn -0.0314961 0.661417 -0.748031 
vn -0.0314961 0.409449 -0.913386 
vn -0.0314961 0.409449 -0.913386 
vn -0.0314961 0.23622 -0.968504 
vn -0.0314961 0.23622 -0.968504 
vn 0 0 1 
vn 0 0 1 
vn 0 0 1 
vn 0 0 1 
vn 0 0 1 
vn 0 0 1 
vn 0 0 1 
vn 0 0 1 
vn 0 0 1 
vn 0 0 1 
vn 0 0 1 
vn 0 0 1 
vn 0 0 1 
vn 0 0 1 
vn 0 0 1 
vn 0 0 1 
vn 0 0 1 
vn 0 0 1 
vn 0 0 1 
vn 0 0 1 
vn 0 0 1 
vn 0 0 1 
vn 0 0 1 
vn 0 0 1 
vn 0 0 1 
vn 0 0 1 
vn 0 0 1 
vn 0 0 1 
vn 0 0 1 
vn 0 0 1 
vn 0 0 1 
vn 0 0 1 
vn 0 0 1 
vn 0 0 1 
vn 0 0 1 
vn 0 0 1 
vn 0 0 1 
vn 0 0 1 
vn 0 0 1 
vn 0 0 1 
vn 0 0 1 
vn 0 0 1 
vn 0 0 1 
vn 0 0 1 
vn 0 0 1 
vn 0 0 1 
vn 0 0 1 
vn 0 0 1 
vn 0 0 1 
vn 0 0 1 
vn 0 0 1 
vn 0 0 1 
vn 0 0 1 
vn 0 0 1 
vn 0 0 1 
vn 0 0 1 
vn 0 0 1 
vn 0 0 1 
vn 0 0 1 
vn 0 0 1 
vn 0 0 1 
vn 0 0 1 
vn 0 0 1 
vn 0 0 1 
vn 0 0 1 
vn 0 0 1 
vn 0 0 1 
vn 0 0 1 
vn 0 0 1 
vn 0 0 1 
vn 0 0 1 
vn 0 0 1 
vn 0 0 1 
vn 0 0 1 
vn 0 0 1 
vn 0 0 1 
vn 0 0 1 
vn 0 0 1 
vn 0 0 1 
vn 0 0 1 
vn 0 0 1 
vn 0 0 1 
vn 0 0 1 
vn 0 0 1 
vn 0 0 1 
vn 0 0 1 
vn 0 0 1 
vn 0 0 1 
vn 0 0 1 
vn 0 0 1 
vn 0 0 1 
vn 0 0 1 
vn 0 0 1 
vn 0 0 1 
vn 0 0 1 
vn 0 0 1 
vn 0 0 1 
vn 0 0 1 
vn 0 0 1 
vn 0 0 1 
vn -0.19685 0.511811 0.834646 
vn -0.19685 0.535433 0.818898 
vn -0.19685 0.511811 0.834646 
vn -0.188976 0.464567 0.866142 
vn -0.188976 0.464567 0.866142 
vn -0.173228 0.409449 0.897638 
vn -0.173228 0.409449 0.897638 
vn -0.165354 0.385827 0.905512 
vn 0.19685 0.511811 0.834646 
vn 0.19685 0.511811 0.834646 
vn 0.19685 0.535433 0.818898 
vn 0.188976 0.464567 0.866142 
vn 0.188976 0.464567 0.866142 
vn 0.173228 0.409449 0.897638 
vn 0.173228 0.409449 0.897638 
vn 0.165354 0.385827 0.905512 
vn -0.165354 0.464567 0.866142 
vn -0.165354 0.480315 0.858268 
vn -0.165354 0.464567 0.866142 
vn -0.165354 0.433071 0.889764 
vn -0.165354 0.433071 0.889764 
vn -0.15748 0.417323 0.889764 
vn -0.15748 0.417323 0.889764 
vn -0.15748 0.425197 0.889764 
vn 0.165354 0.464567 0.866142 
vn 0.165354 0.464567 0.866142 
vn 0.165354 0.480315 0.858268 
vn 0.165354 0.433071 0.889764 
vn 0.165354 0.433071 0.889764 
vn 0.15748 0.417323 0.889764 
vn 0.15748 0.417323 0.889764 
vn 0.15748 0.425197 0.889764 
vn 0.826772 -0.543307 0.125984 
vn 0.692913 -0.472441 -0.551181 
vn 0.480315 -0.622047 -0.614173 
vn 0.740157 -0.653543 0.15748 
vn 0.622047 -0.0944882 0.779528 
vn 0.748031 -0.0472441 0.661417 
vn 0.937008 -0.338583 0.0787402 
vn 0.905512 -0.173228 -0.393701 
vn 0.897638 0.0708661 0.440945 
vn 1 -0.0551181 0.0314961 
vn 0.968504 -0.0551181 -0.251969 
vn 0.952756 0.0472441 0.291339 
vn 1 -0.00787402 0.015748 
vn 0.905512 -0.338583 -0.23622 
vn 0.92126 -0.23622 0.307087 
vn 0.952756 -0.299213 0.0393701 
vn 0.669291 -0.708661 -0.23622 
vn 0.740157 -0.598425 0.314961 
vn 0.732283 -0.677165 0.0393701 
vn 0.188976 -0.968504 -0.149606 
vn 0.165354 -0.984252 0.0866142 
vn 0.338583 -0.897638 0.275591 
vn -0.0944882 -0.992126 -0.0708661 
vn 0.0866142 -0.968504 0.23622 
vn -0.133858 -0.992126 -0.023622 
vn -0.0393701 -0.992126 0.133858 
vn -0.937008 -0.338583 0.0787402 
vn -0.826772 -0.543307 0.125984 
vn -0.692913 -0.472441 -0.551181 
vn -0.480315 -0.622047 -0.622047 
vn -0.740157 -0.653543 0.15748 
vn -0.622047 -0.0944882 0.779528 
vn -0.748031 -0.0472441 0.661417 
vn -0.905512 -0.173228 -0.393701 
vn -0.897638 0.0708661 0.440945 
vn -1 -0.0551181 0.0314961 
vn -0.968504 -0.0551181 -0.251969 
vn -0.952756 0.0472441 0.291339 
vn -1 -0.00787402 0.015748 
vn -0.905512 -0.338583 -0.23622 
vn -0.92126 -0.23622 0.307087 
vn -0.952756 -0.299213 0.0393701 
vn -0.669291 -0.708661 -0.23622 
vn -0.740157 -0.598425 0.314961 
vn -0.732283 -0.677165 0.0393701 
vn -0.188976 -0.968504 -0.149606 
vn -0.165354 -0.984252 0.0866142 
vn -0.338583 -0.897638 0.275591 
vn 0.0944882 -0.992126 -0.0708661 
vn -0.0866142 -0.968504 0.23622 
vn 0.133858 -0.992126 -0.023622 
vn 0.0393701 -0.992126 0.133858 
vn 0.346457 -0.496063 -0.80315 
vn -0.346457 -0.496063 -0.80315 
vn 0 -0.409449 -0.913386 
vn -0.629921 -0.23622 -0.740157 
vn 0 -0.259843 -0.968504 
vn 0.629921 -0.23622 -0.740157 
vn -0.795276 -0.267717 -0.543307 
vn 0.795276 -0.267717 -0.543307 
vn -0.448819 -0.527559 -0.724409 
vn -0.834646 -0.291339 -0.464567 
vn -0.472441 -0.551181 -0.685039 
vn 0.448819 -0.527559 -0.724409 
vn 0.834646 -0.291339 -0.464567 
vn 0.472441 -0.551181 -0.685039 
vn 0 -0.574803 -0.818898 
vn 0 -0.574803 -0.818898 
vn 0 -0.84252 -0.535433 
vn -0.165354 -0.850394 -0.496063 
vn 0.165354 -0.850394 -0.496063 
vn -0.291339 -0.779528 -0.559055 
vn -0.543307 -0.787402 -0.299213 
vn -0.307087 -0.929134 -0.19685 
vn 0 -0.84252 -0.535433 
vn -0.661417 -0.598425 -0.448819 
vn 0 -0.984252 -0.15748 
vn 0.307087 -0.929134 -0.19685 
vn 0.543307 -0.787402 -0.299213 
vn -0.354331 -0.677165 -0.637795 
vn -0.692913 -0.574803 -0.433071 
vn -0.377953 -0.669291 -0.637795 
vn 0.291339 -0.779528 -0.559055 
vn 0.661417 -0.598425 -0.448819 
vn -0.251969 -0.771654 -0.582677 
vn -0.669291 -0.740157 -0.0708661 
vn 0.354331 -0.677165 -0.637795 
vn 0.692913 -0.574803 -0.433071 
vn 0.377953 -0.669291 -0.637795 
vn 0.251969 -0.771654 -0.582677 
vn 0.787402 -0.566929 0.251969 
vn -0.354331 -0.645669 -0.677165 
vn -0.582677 -0.574803 -0.574803 
vn -0.00787402 0.15748 -0.984252 
vn -0.00787402 -0.283465 -0.96063 
vn 0.291339 0.377953 -0.874016 
vn 0.173228 -0.173228 -0.968504 
vn 0.401575 0.440945 -0.80315 
vn 0.354331 -0.645669 -0.677165 
vn 0.811024 -0.574803 0.11811 
vn 0.00787402 -0.283465 -0.96063 
vn 0.00787402 0.15748 -0.984252 
vn 0.582677 -0.574803 -0.574803 
vn -0.291339 0.377953 -0.874016 
vn -0.173228 -0.173228 -0.968504 
vn -0.401575 0.440945 -0.80315 
vn -0.015748 0.551181 -0.834646 
vn -0.015748 0.448819 -0.897638 
vn -0.015748 0.448819 -0.897638 
vn -0.015748 0.15748 -0.984252 
vn -0.015748 0.15748 -0.984252 
vn -0.015748 -0.023622 -1 
vn -0.015748 -0.023622 -1 
vn 0.76378 0.385827 -0.519685 
vn 0.76378 0.385827 -0.519685 
vn 0.76378 0.385827 -0.519685 
vn -0.76378 0.385827 -0.519685 
vn -0.76378 0.385827 -0.519685 
vn -0.76378 0.385827 -0.519685 
vn -1 0 -0.0393701 
vn -1 -0.015748 -0.023622 
vn -1 -0.0314961 -0.0393701 
vn -1 0 -0.00787402 
vn -1 0 0 
vn -1 0.015748 0.00787402 
vn -1 0 -0.015748 
vn -1 0.023622 -0.0314961 
vn -1 0 0 
vn -1 0.023622 0 
vn -1 -0.015748 0 
vn 1 -0.00787402 -0.0393701 
vn 1 0 -0.0551181 
vn 1 -0.023622 -0.0551181 
vn 1 0 -0.023622 
vn 1 0 -0.00787402 
vn 1 0.00787402 0.00787402 
vn 1 0 -0.023622 
vn 1 0.015748 -0.0551181 
vn 1 0 0 
vn 1 0.023622 0 
vn 1 -0.015748 0 
vn -0.637795 0 0.771654 
vn -0.637795 0 0.771654 
vn -0.637795 0 0.771654 
vn -0.637795 0 0.771654 
vn -0.637795 0 0.771654 
vn -0.637795 0 0.771654 
vn -0.637795 0 0.771654 
vn -0.637795 0 0.771654 
vn -0.637795 0 0.771654 
vn -0.637795 0 0.771654 
vn -0.637795 0 0.771654 
vn -0.637795 0 0.771654 
vn -0.637795 0 0.771654 
vn -0.637795 0 0.771654 
vn -0.637795 0 0.771654 
vn -0.637795 0 0.771654 
vn -0.637795 0 0.771654 
vn -0.637795 0 0.771654 
vn -0.637795 0 0.771654 
vn -0.637795 0 0.771654 
vn -0.637795 0 0.771654 
vn -0.637795 0 0.771654 
vn -0.637795 0 0.771654 
vn -0.637795 0 0.771654 
vn -0.637795 0 0.771654 
vn -0.637795 0 0.771654 
vn -0.637795 0 0.771654 
vn -0.637795 0 0.771654 
vn -0.637795 0 0.771654 
vn -0.637795 0 0.771654 
vn -0.637795 0 0.771654 
vn -0.637795 0 0.771654 
vn -0.637795 0 0.771654 
vn -0.637795 0 0.771654 
vn -0.637795 0 0.771654 
vn -0.637795 0 0.771654 
vn -0.637795 0 0.771654 
vn 0.637795 0 0.771654 
vn 0.637795 0 0.771654 
vn 0.637795 0 0.771654 
vn 0.637795 0 0.771654 
vn 0.637795 0 0.771654 
vn 0.637795 0 0.771654 
vn 0.637795 0 0.771654 
vn 0.637795 0 0.771654 
vn 0.637795 0 0.771654 
vn 0.637795 0 0.771654 
vn 0.637795 0 0.771654 
vn 0.637795 0 0.771654 
vn 0.637795 0 0.771654 
vn 0.637795 0 0.771654 
vn 0.637795 0 0.771654 
vn 0.637795 0 0.771654 
vn 0.637795 0 0.771654 
vn 0.637795 0 0.771654 
vn 0.637795 0 0.771654 
vn 0.637795 0 0.771654 
vn 0.637795 0 0.771654 
vn 0.637795 0 0.771654 
vn 0.637795 0 0.771654 
vn 0.637795 0 0.771654 
vn 0.637795 0 0.771654 
vn 0.637795 0 0.771654 
vn 0.637795 0 0.771654 
vn 0.637795 0 0.771654 
vn 0.637795 0 0.771654 
vn 0.637795 0 0.771654 
vn 0.637795 0 0.771654 
vn 0.637795 0 0.771654 
vn 0.637795 0 0.771654 
vn 0.637795 0 0.771654 
vn 0.637795 0 0.771654 
vn 0.637795 0 0.771654 
vn 0.637795 0 0.771654 
vn 0 -0.874016 -0.488189 
vn 0 -0.874016 -0.488189 
vn 0 -0.811024 -0.582677 
vn 0 -0.811024 -0.582677 
vn 0 -0.740157 -0.677165 
vn 0 -0.740157 -0.677165 
vn 0.0944882 0.125984 0.984252 
vn 0.0944882 0.125984 0.984252 
vn 0.0944882 0.212598 0.968504 
vn 0.0944882 0.212598 0.968504 
vn 0.0944882 0.0393701 0.992126 
vn 0.0944882 0.0393701 0.992126 
vn -0.0866142 0.125984 0.984252 
vn -0.0866142 0.212598 0.976378 
vn -0.0866142 0.125984 0.984252 
vn -0.0866142 0.212598 0.976378 
vn -0.0866142 0.0393701 0.992126 
vn -0.0866142 0.0393701 0.992126 
vn 0 0 -1 
vn 0 0 -1 
vn 0 0 -1 
vn 0 0 -1 
vn 0 0 -1 
vn 0 0 -1 
vn 0 0 -1 
vn 0 0 -1 
vn 0.023622 0.677165 0.732283 
vn 0.629921 0.677165 0.385827 
vn 0.755906 0.448819 0.480315 
vn 0.0393701 0.519685 0.850394 
vn -0.724409 0.464567 0.511811 
vn -0.622047 0.677165 0.385827 
vn 0 0.866142 0.496063 
vn 0.448819 0.850394 0.283465 
vn -0.440945 0.858268 0.275591 
vn 0.00787402 0.952756 0.314961 
vn 0.338583 0.913386 0.220472 
vn -0.322835 0.92126 0.220472 
vn 0.00787402 0.968504 0.23622 
vn -0.015748 0.472441 -0.88189 
vn -0.015748 0.362205 -0.929134 
vn -0.015748 0.362205 -0.929134 
vn -0.015748 0.0708661 -1 
vn -0.015748 0.0708661 -1 
vn -0.015748 -0.102362 -0.992126 
vn -0.015748 -0.102362 -0.992126 
vn 0.952756 0.0551181 -0.291339 
vn 0.968504 0.0787402 -0.23622 
vn 0.952756 0.0551181 -0.291339 
vn 0.968504 0.0787402 -0.23622 
vn 0.976378 0.110236 -0.181102 
vn 0.976378 0.110236 -0.181102 
vn -0.96063 0.0787402 -0.251969 
vn -0.952756 0.0551181 -0.307087 
vn -0.96063 0.0787402 -0.251969 
vn -0.952756 0.0551181 -0.307087 
vn -0.976378 0.102362 -0.19685 
vn -0.976378 0.102362 -0.19685 
vn 0.023622 0.464567 0.88189 
vn 0.629921 0.551181 0.551181 
vn 0.755906 0.314961 0.574803 
vn 0.0393701 0.283465 0.96063 
vn -0.724409 0.314961 0.614173 
vn -0.622047 0.551181 0.551181 
vn 0 0.708661 0.708661 
vn 0.448819 0.748031 0.496063 
vn -0.440945 0.755906 0.488189 
vn 0.00787402 0.834646 0.551181 
vn 0.338583 0.826772 0.448819 
vn -0.322835 0.834646 0.448819 
vn 0.00787402 0.88189 0.480315 
vn 0.984252 0.133858 -0.110236 
vn 0.984252 0.133858 -0.110236 
vn 0.968504 0.228346 -0.110236 
vn 0.968504 0.228346 -0.110236 
vn 0.992126 0.0472441 -0.110236 
vn 0.992126 0.0472441 -0.110236 
vn -0.968504 0.228346 -0.0866142 
vn -0.984252 0.133858 -0.0866142 
vn -0.968504 0.228346 -0.0866142 
vn -0.984252 0.133858 -0.0866142 
vn -0.992126 0.0472441 -0.0866142 
vn -0.992126 0.0472441 -0.0866142 
vn 0.984252 0.133858 -0.0944882 
vn 0.984252 0.133858 -0.0944882 
vn 0.968504 0.228346 -0.0944882 
vn 0.968504 0.228346 -0.0944882 
vn 0.992126 0.0472441 -0.0944882 
vn 0.992126 0.0472441 -0.0944882 
vn -0.968504 0.228346 -0.0866142 
vn -0.984252 0.133858 -0.0866142 
vn -0.968504 0.228346 -0.0866142 
vn -0.984252 0.133858 -0.0866142 
vn -0.992126 0.0472441 -0.0866142 
vn -0.992126 0.0472441 -0.0866142 
vn -0.015748 0.748031 0.669291 
vn 0.173228 0.944882 0.267717 
vn -0.251969 0.496063 0.834646 
vn 0.0472441 0.740157 0.669291 
vn 0.401575 0.84252 -0.354331 
vn 0.291339 0.913386 -0.291339 
vn -0.00787402 0.92126 0.377953 
vn -0.00787402 1 -0.0551181 
vn -0.362205 0.598425 0.716535 
vn -0.669291 -0.00787402 0.740157 
vn -0.582677 0.511811 0.629921 
vn -0.96063 0.212598 -0.15748 
vn -0.96063 0.212598 -0.15748 
vn -0.944882 0.259843 -0.19685 
vn -0.984252 0.141732 -0.0944882 
vn -0.984252 0.141732 -0.0944882 
vn -0.984252 0.125984 -0.0866142 
vn -0.984252 0.125984 -0.0866142 
vn -0.984252 0.141732 -0.0866142 
vn 0.968504 0.204724 -0.11811 
vn 0.968504 0.204724 -0.11811 
vn 0.96063 0.244094 -0.141732 
vn 0.984252 0.133858 -0.0944882 
vn 0.984252 0.133858 -0.0944882 
vn 0.984252 0.149606 -0.0944882 
vn 0.984252 0.149606 -0.0944882 
vn 0.976378 0.181102 -0.102362 
vn 0 0.992126 0.0866142 
vn 0 0.992126 0.0866142 
vn 0 0.992126 0.0866142 
vn 0.968504 0.228346 -0.0787402 
vn 0.968504 0.228346 -0.0787402 
vn 0.96063 0.275591 -0.0866142 
vn 0.984252 0.165354 -0.0708661 
vn 0.984252 0.165354 -0.0708661 
vn 0.984252 0.173228 -0.0708661 
vn 0.984252 0.173228 -0.0708661 
vn 0.976378 0.204724 -0.0629921 
vn -0.968504 0.244094 -0.0866142 
vn -0.968504 0.244094 -0.0866142 
vn -0.952756 0.291339 -0.11811 
vn -0.984252 0.15748 -0.0472441 
vn -0.984252 0.15748 -0.0472441 
vn -0.992126 0.141732 -0.0393701 
vn -0.992126 0.141732 -0.0393701 
vn -0.984252 0.15748 -0.0393701 
vn -0.96063 0.19685 -0.173228 
vn -0.96063 0.19685 -0.173228 
vn -0.944882 0.23622 -0.220472 
vn -0.984252 0.133858 -0.110236 
vn -0.984252 0.133858 -0.110236 
vn -0.984252 0.11811 -0.0944882 
vn -0.984252 0.11811 -0.0944882 
vn -0.984252 0.133858 -0.102362 
vn 0.968504 0.188976 -0.141732 
vn 0.968504 0.188976 -0.141732 
vn 0.96063 0.228346 -0.165354 
vn 0.984252 0.125984 -0.110236 
vn 0.984252 0.125984 -0.110236 
vn 0.984252 0.141732 -0.110236 
vn 0.984252 0.141732 -0.110236 
vn 0.976378 0.173228 -0.11811 
vn 0.015748 0.992126 -0.141732 
vn 0.0314961 0.992126 -0.141732 
vn 0.00787402 1 -0.0551181 
vn 0.00787402 1 -0.0472441 
vn 0.015748 1 -0.0629921 
vn 0.0472441 0.992126 -0.141732 
vn -0.015748 1 0.0314961 
vn -0.00787402 1 0.0314961 
vn 0.00787402 1 0.0393701 
vn 0 1 0.0393701 
vn 0 1 0.0393701 
vn 0 1 0.0393701 
vn 0 1 0.0393701 
vn 0.968504 0.188976 -0.141732 
vn 0.968504 0.188976 -0.141732 
vn 0.96063 0.228346 -0.165354 
vn 0.984252 0.125984 -0.110236 
vn 0.984252 0.125984 -0.110236 
vn 0.984252 0.141732 -0.110236 
vn 0.984252 0.141732 -0.110236 
vn 0.976378 0.173228 -0.11811 
vn -0.96063 0.19685 -0.173228 
vn -0.96063 0.19685 -0.173228 
vn -0.944882 0.23622 -0.220472 
vn -0.984252 0.133858 -0.110236 
vn -0.984252 0.133858 -0.110236 
vn -0.984252 0.11811 -0.0944882 
vn -0.984252 0.11811 -0.0944882 
vn -0.984252 0.133858 -0.102362 
vn -0.015748 0.472441 -0.88189 
vn -0.015748 0.362205 -0.929134 
vn -0.015748 0.362205 -0.929134 
vn -0.015748 0.0708661 -1 
vn -0.015748 0.0708661 -1 
vn -0.015748 -0.102362 -0.992126 
vn -0.015748 -0.102362 -0.992126 
vn 0.110236 0.125984 0.984252 
vn 0.110236 0.125984 0.984252 
vn 0.110236 0.212598 0.968504 
vn 0.110236 0.212598 0.968504 
vn 0.110236 0.0393701 0.992126 
vn 0.110236 0.0393701 0.992126 
vn -0.0866142 0.125984 0.984252 
vn -0.0866142 0.212598 0.976378 
vn -0.0866142 0.125984 0.984252 
vn -0.0866142 0.212598 0.976378 
vn -0.0866142 0.0393701 0.992126 
vn -0.0866142 0.0393701 0.992126 
vn 0.023622 0.464567 0.88189 
vn 0.629921 0.551181 0.551181 
vn 0.755906 0.314961 0.574803 
vn 0.0393701 0.283465 0.96063 
vn -0.724409 0.314961 0.614173 
vn -0.622047 0.551181 0.551181 
vn 0 0.708661 0.708661 
vn 0.448819 0.748031 0.496063 
vn -0.440945 0.755906 0.488189 
vn 0.00787402 0.834646 0.551181 
vn 0.338583 0.826772 0.448819 
vn -0.322835 0.834646 0.448819 
vn 0.00787402 0.88189 0.480315 
vn -0.96063 0.149606 -0.220472 
vn -0.96063 0.149606 -0.220472 
vn -0.944882 0.173228 -0.275591 
vn -0.984252 0.102362 -0.141732 
vn -0.984252 0.102362 -0.141732 
vn -0.984252 0.0944882 -0.125984 
vn -0.984252 0.0944882 -0.125984 
vn -0.984252 0.102362 -0.133858 
vn 0.968504 0.149606 -0.181102 
vn 0.968504 0.149606 -0.181102 
vn 0.96063 0.181102 -0.212598 
vn 0.984252 0.0944882 -0.133858 
vn 0.984252 0.0944882 -0.133858 
vn 0.984252 0.102362 -0.141732 
vn 0.984252 0.102362 -0.141732 
vn 0.976378 0.133858 -0.15748 
vn 0.0866142 0.212598 -0.976378 
vn 0.0866142 0.125984 -0.984252 
vn 0.0866142 0.212598 -0.976378 
vn 0.0866142 0.125984 -0.984252 
vn 0.0866142 0.0393701 -0.992126 
vn 0.0866142 0.0393701 -0.992126 
vn -0.110236 0.212598 -0.968504 
vn -0.110236 0.212598 -0.968504 
vn -0.110236 0.125984 -0.984252 
vn -0.110236 0.125984 -0.984252 
vn -0.110236 0.0393701 -0.992126 
vn -0.110236 0.0393701 -0.992126 
vn 0.984252 0.133858 0.0866142 
vn 0.968504 0.228346 0.0866142 
vn 0.984252 0.133858 0.0866142 
vn 0.968504 0.228346 0.0866142 
vn 0.992126 0.0472441 0.0866142 
vn 0.992126 0.0472441 0.0866142 
vn -0.984252 0.133858 0.0944882 
vn -0.968504 0.228346 0.0944882 
vn -0.968504 0.228346 0.0944882 
vn -0.984252 0.133858 0.0944882 
vn -0.992126 0.0472441 0.0944882 
vn -0.992126 0.0472441 0.0944882 
vn 0 0.929134 0.370079 
vn 0 0.929134 0.370079 
vn 0 0.929134 0.370079 
vn 0 0.929134 0.370079 
vn 0.984252 0.133858 0.0866142 
vn 0.968504 0.228346 0.0866142 
vn 0.984252 0.133858 0.0866142 
vn 0.968504 0.228346 0.0866142 
vn 0.992126 0.0472441 0.0866142 
vn 0.992126 0.0472441 0.0866142 
vn -0.984252 0.133858 0.110236 
vn -0.968504 0.228346 0.110236 
vn -0.968504 0.228346 0.110236 
vn -0.984252 0.133858 0.110236 
vn -0.992126 0.0472441 0.110236 
vn -0.992126 0.0472441 0.110236 
vn 0.023622 0.385827 0.92126 
vn 0 0.645669 0.76378 
vn 0.629921 0.503937 0.598425 
vn 0.755906 0.259843 0.606299 
vn 0.0393701 0.19685 0.976378 
vn -0.724409 0.259843 0.637795 
vn -0.622047 0.503937 0.598425 
vn 0.448819 0.700787 0.559055 
vn -0.440945 0.708661 0.551181 
vn 0.00787402 0.787402 0.614173 
vn 0.338583 0.787402 0.519685 
vn -0.322835 0.787402 0.519685 
vn 0.00787402 0.834646 0.551181 
vn -0.015748 0.23622 -0.968504 
vn -0.015748 0.110236 -0.992126 
vn -0.015748 0.110236 -0.992126 
vn -0.015748 -0.188976 -0.984252 
vn -0.015748 -0.188976 -0.984252 
vn -0.015748 -0.362205 -0.937008 
vn -0.015748 -0.362205 -0.937008 
vn -0.0944882 0.212598 -0.968504 
vn -0.0944882 0.212598 -0.968504 
vn -0.0944882 0.125984 -0.984252 
vn -0.0944882 0.125984 -0.984252 
vn -0.0944882 0.0393701 -0.992126 
vn -0.0944882 0.0393701 -0.992126 
vn 0.0866142 0.212598 -0.976378 
vn 0.0866142 0.125984 -0.984252 
vn 0.0866142 0.212598 -0.976378 
vn 0.0866142 0.125984 -0.984252 
vn 0.0866142 0.0393701 -0.992126 
vn 0.0866142 0.0393701 -0.992126 
vn 0.0472441 0.952756 -0.307087 
vn 0.181102 0.929134 -0.314961 
vn 0.181102 0.929134 -0.314961 
vn 0.480315 0.818898 -0.299213 
vn 0.480315 0.818898 -0.299213 
vn 0.88189 0.433071 -0.188976 
vn 0.88189 0.433071 -0.188976 
vn 0.96063 0.251969 -0.0944882 
vn 0.96063 0.251969 -0.0944882 
vn 0.685039 0.716535 -0.141732 
vn 0.685039 0.716535 -0.141732 
vn 0.448819 0.88189 -0.110236 
vn 0.448819 0.88189 -0.110236 
vn 0.519685 0.850394 -0.0787402 
vn -0.0472441 0.952756 -0.307087 
vn -0.181102 0.929134 -0.314961 
vn -0.181102 0.929134 -0.314961 
vn -0.480315 0.818898 -0.299213 
vn -0.480315 0.818898 -0.299213 
vn -0.88189 0.433071 -0.188976 
vn -0.88189 0.433071 -0.188976 
vn -0.96063 0.251969 -0.0944882 
vn -0.96063 0.251969 -0.0944882 
vn -0.685039 0.716535 -0.141732 
vn -0.685039 0.716535 -0.141732 
vn -0.448819 0.88189 -0.110236 
vn -0.448819 0.88189 -0.110236 
vn -0.519685 0.850394 -0.0787402 
vn -0.637795 0 -0.771654 
vn -0.637795 0 -0.771654 
vn -0.637795 0 -0.771654 
vn -0.637795 0 -0.771654 
vn -0.637795 0 -0.771654 
vn -0.637795 0 -0.771654 
vn -0.637795 0 -0.771654 
vn -0.637795 0 -0.771654 
vn -0.637795 0 -0.771654 
vn -0.637795 0 -0.771654 
vn -0.637795 0 -0.771654 
vn -0.637795 0 -0.771654 
vn -0.637795 0 -0.771654 
vn -0.637795 0 -0.771654 
vn -0.637795 0 -0.771654 
vn -0.637795 0 -0.771654 
vn -0.637795 0 -0.771654 
vn -0.637795 0 -0.771654 
vn -0.637795 0 -0.771654 
vn -0.637795 0 -0.771654 
vn -0.637795 0 -0.771654 
vn -0.637795 0 -0.771654 
vn -0.637795 0 -0.771654 
vn -0.637795 0 -0.771654 
vn -0.637795 0 -0.771654 
vn -0.637795 0 -0.771654 
vn -0.637795 0 -0.771654 
vn -0.637795 0 -0.771654 
vn -0.637795 0 -0.771654 
vn -0.637795 0 -0.771654 
vn -0.637795 0 -0.771654 
vn -0.637795 0 -0.771654 
vn -0.637795 0 -0.771654 
vn -0.637795 0 -0.771654 
vn -0.637795 0 -0.771654 
vn -0.637795 0 -0.771654 
vn -0.637795 0 -0.771654 
vn 0.0314961 0.133858 0.992126 
vn 0.00787402 0.425197 0.905512 
vn 0.637795 0.330709 0.700787 
vn 0.448819 0.535433 0.716535 
vn 0.76378 0.102362 0.637795 
vn 0.0551181 -0.0629921 1 
vn -0.716535 0.0787402 0.692913 
vn -0.622047 0.330709 0.716535 
vn 0.00787402 0.598425 0.80315 
vn -0.433071 0.543307 0.724409 
vn 0.00787402 0.661417 0.748031 
vn 0.338583 0.629921 0.700787 
vn -0.322835 0.622047 0.708661 
vn 0.637795 0 -0.771654 
vn 0.637795 0 -0.771654 
vn 0.637795 0 -0.771654 
vn 0.637795 0 -0.771654 
vn 0.637795 0 -0.771654 
vn 0.637795 0 -0.771654 
vn 0.637795 0 -0.771654 
vn 0.637795 0 -0.771654 
vn 0.637795 0 -0.771654 
vn 0.637795 0 -0.771654 
vn 0.637795 0 -0.771654 
vn 0.637795 0 -0.771654 
vn 0.637795 0 -0.771654 
vn 0.637795 0 -0.771654 
vn 0.637795 0 -0.771654 
vn 0.637795 0 -0.771654 
vn 0.637795 0 -0.771654 
vn 0.637795 0 -0.771654 
vn 0.637795 0 -0.771654 
vn 0.637795 0 -0.771654 
vn 0.637795 0 -0.771654 
vn 0.637795 0 -0.771654 
vn 0.637795 0 -0.771654 
vn 0.637795 0 -0.771654 
vn 0.637795 0 -0.771654 
vn 0.637795 0 -0.771654 
vn 0.637795 0 -0.771654 
vn 0.637795 0 -0.771654 
vn 0.637795 0 -0.771654 
vn 0.637795 0 -0.771654 
vn 0.637795 0 -0.771654 
vn 0.637795 0 -0.771654 
vn 0.637795 0 -0.771654 
vn 0.637795 0 -0.771654 
vn 0.637795 0 -0.771654 
vn 0.637795 0 -0.771654 
vn 0.637795 0 -0.771654 
vn -0.0944882 -0.0472441 -0.992126 
vn -0.0944882 -0.0472441 -0.992126 
vn -0.0629921 -0.015748 -1 
vn -0.141732 -0.102362 -0.984252 
vn -0.141732 -0.102362 -0.984252 
vn -0.15748 -0.125984 -0.976378 
vn -0.173228 -0.102362 -0.976378 
vn -0.173228 -0.0629921 -0.984252 
vn -0.173228 -0.015748 -0.984252 
vn -0.141732 0.0393701 -0.992126 
vn -0.133858 0.0314961 -0.992126 
vn -0.11811 0.0551181 -0.992126 
vn -0.149606 0.0629921 -0.984252 
vn -0.173228 0.0708661 -0.984252 
vn -0.173228 0.0708661 -0.984252 
vn 0.0944882 -0.0472441 -0.992126 
vn 0.0629921 -0.015748 -1 
vn 0.0944882 -0.0472441 -0.992126 
vn 0.141732 -0.102362 -0.984252 
vn 0.141732 -0.102362 -0.984252 
vn 0.15748 -0.125984 -0.976378 
vn 0.173228 -0.102362 -0.976378 
vn 0.173228 -0.0629921 -0.984252 
vn 0.173228 -0.015748 -0.984252 
vn 0.141732 0.0393701 -0.992126 
vn 0.133858 0.0314961 -0.992126 
vn 0.11811 0.0551181 -0.992126 
vn 0.149606 0.0629921 -0.984252 
vn 0.173228 0.0708661 -0.984252 
vn 0.173228 0.0708661 -0.984252 
vn -0.307087 0.0944882 0.944882 
vn 0 0.448819 0.897638 
vn -0.165354 0.409449 0.897638 
vn -0.543307 0.212598 0.811024 
vn 0 0.0472441 1 
vn 0.307087 0.0944882 0.944882 
vn -0.291339 0.472441 0.834646 
vn -0.661417 0.385827 0.637795 
vn 0.165354 0.409449 0.897638 
vn 0.543307 0.212598 0.811024 
vn -0.354331 0.566929 0.740157 
vn -0.692913 0.370079 0.614173 
vn -0.377953 0.566929 0.732283 
vn 0.291339 0.472441 0.834646 
vn 0.661417 0.385827 0.637795 
vn 0.015748 0.748031 0.669291 
vn 0.354331 0.566929 0.740157 
vn 0.692913 0.370079 0.614173 
vn 0.377953 0.566929 0.732283 
vn 0.251969 0.496063 0.834646 
vn 0.669291 -0.00787402 0.740157 
vn 0.448819 0.661417 0.598425 
vn -0.173228 0.944882 0.267717 
vn -0.401575 0.84252 -0.354331 
vn -0.0472441 0.740157 0.669291 
vn -0.291339 0.913386 -0.291339 
vn 0.00787402 0.92126 0.377953 
vn 0.00787402 1 -0.0551181 
vn 0.362205 0.598425 0.716535 
vn 0.582677 0.511811 0.629921 
vn 0.834646 0.433071 0.338583 
vn 0.456693 0.677165 0.574803 
vn 0.795276 0.511811 0.322835 
vn 0.346457 0.748031 0.574803 
vn 0.637795 0.708661 0.314961 
vn -0.448819 0.661417 0.598425 
vn 0 0.866142 0.496063 
vn 0 0.937008 0.354331 
vn -0.637795 0.708661 0.314961 
vn -0.346457 0.748031 0.574803 
vn -0.795276 0.511811 0.322835 
vn -0.834646 0.433071 0.338583 
vn -0.456693 0.677165 0.574803 
vn -0.165354 -0.181102 -0.968504 
vn -0.165354 -0.181102 -0.968504 
vn -0.15748 -0.141732 -0.976378 
vn -0.181102 -0.244094 -0.952756 
vn -0.181102 -0.244094 -0.952756 
vn -0.165354 -0.23622 -0.96063 
vn -0.165354 -0.23622 -0.96063 
vn -0.133858 -0.19685 -0.968504 
vn 0.165354 -0.181102 -0.968504 
vn 0.15748 -0.141732 -0.976378 
vn 0.165354 -0.181102 -0.968504 
vn 0.181102 -0.244094 -0.952756 
vn 0.181102 -0.244094 -0.952756 
vn 0.165354 -0.23622 -0.96063 
vn 0.165354 -0.23622 -0.96063 
vn 0.133858 -0.19685 -0.968504 
vn -0.19685 -0.251969 -0.944882 
vn -0.19685 -0.251969 -0.944882 
vn -0.19685 -0.220472 -0.952756 
vn -0.19685 -0.299213 -0.937008 
vn -0.19685 -0.299213 -0.937008 
vn -0.188976 -0.307087 -0.929134 
vn -0.188976 -0.307087 -0.929134 
vn -0.181102 -0.299213 -0.937008 
vn 0.19685 -0.251969 -0.944882 
vn 0.19685 -0.220472 -0.952756 
vn 0.19685 -0.251969 -0.944882 
vn 0.19685 -0.299213 -0.937008 
vn 0.19685 -0.299213 -0.937008 
vn 0.188976 -0.307087 -0.929134 
vn 0.188976 -0.307087 -0.929134 
vn 0.181102 -0.299213 -0.937008 
vn 0.283465 0.897638 -0.338583 
vn 0.409449 0.850394 -0.338583 
vn 0.409449 0.850394 -0.338583 
vn 0.661417 0.685039 -0.307087 
vn 0.661417 0.685039 -0.307087 
vn 0.952756 0.244094 -0.181102 
vn 0.952756 0.244094 -0.181102 
vn 0.992126 -0.110236 -0.0551181 
vn 0.992126 -0.110236 -0.0551181 
vn -0.283465 0.897638 -0.338583 
vn -0.409449 0.850394 -0.338583 
vn -0.409449 0.850394 -0.338583 
vn -0.661417 0.685039 -0.307087 
vn -0.661417 0.685039 -0.307087 
vn -0.952756 0.244094 -0.181102 
vn -0.952756 0.244094 -0.181102 
vn -0.992126 -0.110236 -0.0551181 
vn -0.992126 -0.110236 -0.0551181 
vn 0.527559 0.779528 -0.330709 
vn 0.629921 0.700787 -0.330709 
vn 0.629921 0.700787 -0.330709 
vn 0.874016 0.393701 -0.275591 
vn 0.874016 0.393701 -0.275591 
vn 0.992126 0.0314961 -0.149606 
vn 0.992126 0.0314961 -0.149606 
vn 0.992126 -0.102362 -0.0787402 
vn 0.992126 -0.102362 -0.0787402 
vn -0.527559 0.779528 -0.330709 
vn -0.629921 0.700787 -0.330709 
vn -0.629921 0.700787 -0.330709 
vn -0.874016 0.393701 -0.275591 
vn -0.874016 0.393701 -0.275591 
vn -0.992126 0.0314961 -0.149606 
vn -0.992126 0.0314961 -0.149606 
vn -0.992126 -0.102362 -0.0787402 
vn -0.992126 -0.102362 -0.0787402 
vn 0 0 -1 
vn 0 0 -1 
vn 0 0 -1 
vn 0 0 -1 
vn 0 0 -1 
vn 0 0 -1 
vn 0 0 -1 
vn 0 0 -1 
vn 0 0 -1 
vn 0 0 -1 
vn 0 0 -1 
vn 0 0 -1 
vn 0 0 -1 
vn 0 0 -1 
vn 0 0 -1 
vn 0 0 -1 
vn 0 0 -1 
vn 0 0 -1 
vn 0 0 -1 
vn 0 0 -1 
vn 0 0 -1 
vn 0 0 -1 
vn 0 0 -1 
vn 0 0 -1 
vn 0 0 -1 
vn 0 0 -1 
vn 0 0 -1 
vn 0 0 -1 
vn 0 0 -1 
vn 0 0 -1 
vn 0 0 -1 
vn 0 0 -1 
vn 0 0 -1 
vn 0 0 -1 
vn 0 0 -1 
vn 0 0 -1 
vn 0 0 -1 
vn 0 0 -1 
vn 0 0 -1 
vn 0 0 -1 
vn 0 0 -1 
vn 0 0 -1 

vt 0.901369 0.916183 
vt 0.813021 0.84004 
vt 0.893507 0.833102 
vt 0.821116 0.925618 
vt 0.893507 0.833102 
vt 0.821116 0.925618 
vt 0.901369 0.916183 
vt 0.813044 0.840236 
vt 0.813021 0.84004 
vt 0.901369 0.916183 
vt 0.821116 0.925618 
vt 0.893507 0.833102 
vt 0.821116 0.925618 
vt 0.893507 0.833102 
vt 0.813021 0.84004 
vt 0.901369 0.916183 
vt 0.395953 0.062853 
vt 0.388886 0.118568 
vt 0.370657 0.062918 
vt 0.370783 0.119162 
vt 0.370589 0.006679 
vt 0.406091 0.118032 
vt 0.402893 0.00718999 
vt 0.42014 0.062778 
vt 0.451936 0.118328 
vt 0.433729 0.00759798 
vt 0.456305 0.062675 
vt 0.484143 0.118597 
vt 0.46137 0.00703001 
vt 0.483213 0.062598 
vt 0.484098 0.006648 
vt 0.833334 0.958779 
vt 0.825217 0.962382 
vt 0.825201 0.955136 
vt 0.902024 0.409002 
vt 0.893156 0.440404 
vt 0.878885 0.430644 
vt 0.863271 0.46253 
vt 0.883421 0.474996 
vt 0.894569 0.403485 
vt 0.907569 0.476163 
vt 0.907104 0.385059 
vt 0.911328 0.440455 
vt 0.912212 0.409112 
vt 0.893156 0.440404 
vt 0.902024 0.409002 
vt 0.878885 0.430644 
vt 0.894569 0.403485 
vt 0.907104 0.385059 
vt 0.912212 0.409112 
vt 0.911328 0.440455 
vt 0.863271 0.46253 
vt 0.907569 0.476163 
vt 0.883421 0.474996 
vt 0.878885 0.430644 
vt 0.894569 0.403485 
vt 0.902024 0.409002 
vt 0.907104 0.385059 
vt 0.912212 0.409112 
vt 0.911328 0.440455 
vt 0.893156 0.440404 
vt 0.863271 0.46253 
vt 0.907569 0.476163 
vt 0.883421 0.474996 
vt 0.893156 0.440404 
vt 0.902024 0.409002 
vt 0.878885 0.430644 
vt 0.894569 0.403485 
vt 0.907104 0.385059 
vt 0.912212 0.409112 
vt 0.911328 0.440455 
vt 0.863271 0.46253 
vt 0.907569 0.476163 
vt 0.883421 0.474996 
vt 0.775995 0.336705 
vt 0.807896 0.338126 
vt 0.786861 0.325392 
vt 0.76461 0.3033 
vt 0.749469 0.335242 
vt 0.714457 0.323906 
vt 0.741144 0.276124 
vt 0.670554 0.279048 
vt 0.706729 0.224903 
vt 0.626817 0.249715 
vt 0.683653 0.190272 
vt 0.657743 0.15733 
vt 0.628916 0.133069 
vt 0.604364 0.240304 
vt 0.6085 0.123504 
vt 0.581912 0.230892 
vt 0.588085 0.113939 
vt 0.775995 0.336705 
vt 0.786861 0.325392 
vt 0.807896 0.338126 
vt 0.76461 0.3033 
vt 0.749469 0.335242 
vt 0.714457 0.323906 
vt 0.741144 0.276124 
vt 0.670554 0.279048 
vt 0.706729 0.224903 
vt 0.626817 0.249715 
vt 0.683653 0.190272 
vt 0.657743 0.15733 
vt 0.628916 0.133069 
vt 0.604364 0.240304 
vt 0.6085 0.123504 
vt 0.581912 0.230892 
vt 0.588085 0.113939 
vt 0.980296 0.247823 
vt 0.986256 0.278137 
vt 0.978624 0.279519 
vt 0.99205 0.306207 
vt 0.976954 0.305871 
vt 0.986903 0.35004 
vt 0.965402 0.340578 
vt 0.501487 0.187156 
vt 0.498973 0.153703 
vt 0.520229 0.164811 
vt 0.520529 0.184458 
vt 0.550869 0.190899 
vt 0.468403 0.161304 
vt 0.474804 0.146199 
vt 0.479648 0.201178 
vt 0.461223 0.173456 
vt 0.452272 0.182507 
vt 0.443644 0.209933 
vt 0.44185 0.188422 
vt 0.428207 0.191274 
vt 0.420111 0.20498 
vt 0.416674 0.19008 
vt 0.404372 0.194857 
vt 0.401797 0.183976 
vt 0.386409 0.171238 
vt 0.413196 0.153024 
vt 0.385301 0.160202 
vt 0.416808 0.136928 
vt 0.441844 0.158915 
vt 0.442173 0.136439 
vt 0.472779 0.143241 
vt 0.459792 0.179271 
vt 0.490756 0.145378 
vt 0.507596 0.156734 
vt 0.513314 0.140287 
vt 0.495515 0.167339 
vt 0.471568 0.199924 
vt 0.509506 0.176371 
vt 0.492038 0.204021 
vt 0.51221 0.196739 
vt 0.52854 0.181825 
vt 0.520529 0.184458 
vt 0.520229 0.164811 
vt 0.501487 0.187156 
vt 0.550869 0.190899 
vt 0.498973 0.153703 
vt 0.468403 0.161304 
vt 0.474804 0.146199 
vt 0.479648 0.201178 
vt 0.461223 0.173456 
vt 0.452272 0.182507 
vt 0.443644 0.209933 
vt 0.44185 0.188422 
vt 0.428207 0.191274 
vt 0.420111 0.20498 
vt 0.416674 0.19008 
vt 0.404372 0.194857 
vt 0.401797 0.183976 
vt 0.386409 0.171238 
vt 0.413196 0.153024 
vt 0.416808 0.136928 
vt 0.385301 0.160202 
vt 0.441844 0.158915 
vt 0.442173 0.136439 
vt 0.472779 0.143241 
vt 0.459792 0.179271 
vt 0.490756 0.145378 
vt 0.507596 0.156734 
vt 0.513314 0.140287 
vt 0.495515 0.167339 
vt 0.471568 0.199924 
vt 0.509506 0.176371 
vt 0.492038 0.204021 
vt 0.51221 0.196739 
vt 0.52854 0.181825 
vt 0.014233 0.677588 
vt 0.179778 0.673126 
vt 0.006941 0.829242 
vt 0.17801 0.988948 
vt 0.012408 0.986674 
vt 0.347865 0.831212 
vt 0.34442 0.979749 
vt 0.346049 0.680053 
vt 0.701046 0.899984 
vt 0.697375 0.701286 
vt 0.719331 0.874727 
vt 0.738209 0.724465 
vt 0.73832 0.789494 
vt 0.760783 0.750502 
vt 0.742061 0.858031 
vt 0.756092 0.781614 
vt 0.774568 0.779598 
vt 0.756752 0.804396 
vt 0.77089 0.821952 
vt 0.779642 0.852287 
vt 0.701046 0.899984 
vt 0.719331 0.874727 
vt 0.697375 0.701286 
vt 0.738209 0.724465 
vt 0.73832 0.789494 
vt 0.760783 0.750502 
vt 0.742061 0.858031 
vt 0.756092 0.781614 
vt 0.774568 0.779598 
vt 0.756752 0.804396 
vt 0.77089 0.821952 
vt 0.779642 0.852287 
vt 0.927897 0.409295 
vt 0.907104 0.385059 
vt 0.912212 0.409112 
vt 0.911328 0.440455 
vt 0.944982 0.429638 
vt 0.960674 0.462926 
vt 0.907569 0.476163 
vt 0.95839 0.516617 
vt 0.927897 0.409295 
vt 0.912212 0.409112 
vt 0.907104 0.385059 
vt 0.911328 0.440455 
vt 0.944982 0.429638 
vt 0.960674 0.462926 
vt 0.907569 0.476163 
vt 0.95839 0.516617 
vt 0.927897 0.409295 
vt 0.907104 0.385059 
vt 0.912212 0.409112 
vt 0.911328 0.440455 
vt 0.944982 0.429638 
vt 0.960674 0.462926 
vt 0.907569 0.476163 
vt 0.95839 0.516617 
vt 0.927897 0.409295 
vt 0.912212 0.409112 
vt 0.907104 0.385059 
vt 0.911328 0.440455 
vt 0.944982 0.429638 
vt 0.960674 0.462926 
vt 0.907569 0.476163 
vt 0.95839 0.516617 
vt 0.793913 0.318038 
vt 0.793965 0.286356 
vt 0.803037 0.316377 
vt 0.807896 0.338126 
vt 0.786861 0.325392 
vt 0.76461 0.3033 
vt 0.777082 0.290083 
vt 0.781398 0.253151 
vt 0.741144 0.276124 
vt 0.758519 0.259314 
vt 0.752746 0.197291 
vt 0.706729 0.224903 
vt 0.726966 0.206276 
vt 0.732928 0.160897 
vt 0.683653 0.190272 
vt 0.706585 0.17209 
vt 0.715802 0.123054 
vt 0.657743 0.15733 
vt 0.686033 0.139567 
vt 0.707029 0.086562 
vt 0.667212 0.10882 
vt 0.628916 0.133069 
vt 0.706347 0.0417473 
vt 0.6085 0.123504 
vt 0.636914 0.0606567 
vt 0.588085 0.113939 
vt 0.777082 0.290083 
vt 0.793913 0.318038 
vt 0.793965 0.286356 
vt 0.803037 0.316377 
vt 0.807896 0.338126 
vt 0.786861 0.325392 
vt 0.76461 0.3033 
vt 0.781398 0.253151 
vt 0.741144 0.276124 
vt 0.758519 0.259314 
vt 0.752746 0.197291 
vt 0.706729 0.224903 
vt 0.726966 0.206276 
vt 0.732928 0.160897 
vt 0.683653 0.190272 
vt 0.706585 0.17209 
vt 0.715802 0.123054 
vt 0.657743 0.15733 
vt 0.686033 0.139567 
vt 0.707029 0.086562 
vt 0.667212 0.10882 
vt 0.628916 0.133069 
vt 0.706347 0.0417473 
vt 0.6085 0.123504 
vt 0.636914 0.0606567 
vt 0.588085 0.113939 
vt 0.528589 0.318567 
vt 0.515672 0.349259 
vt 0.541552 0.342088 
vt 0.548518 0.3774 
vt 0.588201 0.361721 
vt 0.571673 0.322384 
vt 0.515072 0.378318 
vt 0.54895 0.297826 
vt 0.494409 0.347684 
vt 0.491524 0.374746 
vt 0.478176 0.343471 
vt 0.5126 0.304464 
vt 0.529936 0.283482 
vt 0.49824 0.2958 
vt 0.478176 0.343471 
vt 0.49824 0.2958 
vt 0.414753 0.288719 
vt 0.411343 0.307309 
vt 0.425663 0.273286 
vt 0.418354 0.327885 
vt 0.385578 0.340544 
vt 0.375188 0.305687 
vt 0.414753 0.288719 
vt 0.406853 0.367673 
vt 0.381255 0.274621 
vt 0.399229 0.248566 
vt 0.431418 0.23163 
vt 0.432112 0.343979 
vt 0.430616 0.382978 
vt 0.448076 0.352567 
vt 0.445277 0.263917 
vt 0.46569 0.22788 
vt 0.456155 0.363509 
vt 0.443976 0.400099 
vt 0.466403 0.262505 
vt 0.493245 0.234174 
vt 0.483704 0.267918 
vt 0.497176 0.266046 
vt 0.514827 0.231759 
vt 0.460023 0.377687 
vt 0.455694 0.420382 
vt 0.473851 0.408703 
vt 0.468936 0.368638 
vt 0.484583 0.39215 
vt 0.473979 0.356871 
vt 0.491524 0.374746 
vt 0.510018 0.258901 
vt 0.537523 0.225961 
vt 0.509777 0.2716 
vt 0.541864 0.247108 
vt 0.537523 0.225961 
vt 0.537529 0.266354 
vt 0.504888 0.283432 
vt 0.529936 0.283482 
vt 0.980296 0.247823 
vt 0.986256 0.278137 
vt 0.978624 0.279519 
vt 0.99205 0.306207 
vt 0.976954 0.305871 
vt 0.986903 0.35004 
vt 0.965402 0.340578 
vt 0.897949 0.492516 
vt 0.888669 0.499681 
vt 0.880925 0.494449 
vt 0.897949 0.492516 
vt 0.911492 0.50322 
vt 0.90213 0.503599 
vt 0.355903 0.171636 
vt 0.254673 0.012641 
vt 0.351848 0.017046 
vt 0.165985 0.169129 
vt 0.162319 0.013066 
vt 0.080291 0.022033 
vt 0.169237 0.320271 
vt 0.362213 0.330025 
vt 0.018462 0.183941 
vt 0.014968 0.042101 
vt 0.017859 0.323063 
vt 0.399182 0.672452 
vt 0.347865 0.831212 
vt 0.346049 0.680053 
vt 0.450833 0.822082 
vt 0.449993 0.670323 
vt 0.585023 0.677583 
vt 0.449837 0.967866 
vt 0.34442 0.979749 
vt 0.677959 0.835995 
vt 0.677831 0.696274 
vt 0.677702 0.975151 
vt 0.842283 0.366159 
vt 0.823004 0.36015 
vt 0.807113 0.375023 
vt 0.800365 0.360725 
vt 0.783094 0.38903 
vt 0.772193 0.369012 
vt 0.733725 0.376832 
vt 0.78547 0.408669 
vt 0.801223 0.393023 
vt 0.812742 0.40152 
vt 0.763696 0.423447 
vt 0.7063 0.371772 
vt 0.756657 0.453971 
vt 0.778487 0.437708 
vt 0.7822 0.42347 
vt 0.80075 0.431459 
vt 0.740483 0.476143 
vt 0.671997 0.383314 
vt 0.680705 0.360625 
vt 0.652642 0.401847 
vt 0.732047 0.505096 
vt 0.618473 0.4125 
vt 0.580575 0.412949 
vt 0.5467 0.40364 
vt 0.557063 0.442128 
vt 0.553244 0.473379 
vt 0.539935 0.498829 
vt 0.536691 0.552718 
vt 0.510178 0.52961 
vt 0.551955 0.582856 
vt 0.715176 0.576931 
vt 0.700201 0.60908 
vt 0.679542 0.632061 
vt 0.648094 0.651936 
vt 0.556664 0.613032 
vt 0.554449 0.634885 
vt 0.545574 0.664291 
vt 0.842283 0.366159 
vt 0.807113 0.375023 
vt 0.823004 0.36015 
vt 0.800365 0.360725 
vt 0.783094 0.38903 
vt 0.772193 0.369012 
vt 0.733725 0.376832 
vt 0.78547 0.408669 
vt 0.801223 0.393023 
vt 0.812742 0.40152 
vt 0.763696 0.423447 
vt 0.7063 0.371772 
vt 0.756657 0.453971 
vt 0.778487 0.437708 
vt 0.7822 0.42347 
vt 0.80075 0.431459 
vt 0.740483 0.476143 
vt 0.671997 0.383314 
vt 0.680705 0.360625 
vt 0.652642 0.401847 
vt 0.732047 0.505096 
vt 0.618473 0.4125 
vt 0.580575 0.412949 
vt 0.5467 0.40364 
vt 0.557063 0.442128 
vt 0.553244 0.473379 
vt 0.539935 0.498829 
vt 0.536691 0.552718 
vt 0.510178 0.52961 
vt 0.551955 0.582856 
vt 0.715176 0.576931 
vt 0.700201 0.60908 
vt 0.679542 0.632061 
vt 0.648094 0.651936 
vt 0.556664 0.613032 
vt 0.554449 0.634885 
vt 0.545574 0.664291 
vt 0.700608 0.993708 
vt 0.700444 0.922733 
vt 0.7762 0.933189 
vt 0.776334 0.984086 
vt 0.825201 0.955136 
vt 0.825217 0.962382 
vt 0.923212 0.834514 
vt 0.930436 0.908734 
vt 0.901369 0.916183 
vt 0.893507 0.833102 
vt 0.955391 0.834961 
vt 0.962322 0.902212 
vt 0.923212 0.834514 
vt 0.901369 0.916183 
vt 0.930436 0.908734 
vt 0.893507 0.833102 
vt 0.955391 0.834961 
vt 0.962322 0.902212 
vt 0.833884 0.099798 
vt 0.914977 0.00832498 
vt 0.992335 0.099705 
vt 0.994232 0.00526798 
vt 0.835369 0.00586301 
vt 0.915027 0.191178 
vt 0.835447 0.193814 
vt 0.994151 0.194111 
vt 0.960216 0.261558 
vt 0.928727 0.261248 
vt 0.958639 0.252475 
vt 0.980296 0.247823 
vt 0.967468 0.268626 
vt 0.945329 0.290562 
vt 0.932294 0.278059 
vt 0.895621 0.273469 
vt 0.918128 0.313666 
vt 0.901562 0.296259 
vt 0.839869 0.301493 
vt 0.866939 0.347454 
vt 0.848589 0.327189 
vt 0.980296 0.247823 
vt 0.986256 0.278137 
vt 0.978624 0.279519 
vt 0.99205 0.306207 
vt 0.976954 0.305871 
vt 0.986903 0.35004 
vt 0.965402 0.340578 
vt 0.717396 0.60666 
vt 0.778408 0.506089 
vt 0.806499 0.618393 
vt 0.837875 0.538898 
vt 0.888669 0.499681 
vt 0.880925 0.494449 
vt 0.993091 0.567715 
vt 0.9089 0.64933 
vt 0.925027 0.564295 
vt 0.991225 0.686717 
vt 0.90213 0.503599 
vt 0.911492 0.50322 
vt 0.960216 0.261558 
vt 0.928727 0.261248 
vt 0.958639 0.252475 
vt 0.980296 0.247823 
vt 0.967468 0.268626 
vt 0.945329 0.290562 
vt 0.932294 0.278059 
vt 0.895621 0.273469 
vt 0.918128 0.313666 
vt 0.901562 0.296259 
vt 0.839869 0.301493 
vt 0.866939 0.347454 
vt 0.848589 0.327189 
vt 0.923212 0.834514 
vt 0.933036 0.765791 
vt 0.904609 0.757308 
vt 0.893507 0.833102 
vt 0.955391 0.834961 
vt 0.964389 0.773823 
vt 0.904609 0.757308 
vt 0.923212 0.834514 
vt 0.893507 0.833102 
vt 0.933036 0.765791 
vt 0.955391 0.834961 
vt 0.964389 0.773823 
vt 0.933036 0.765791 
vt 0.923212 0.834514 
vt 0.893507 0.833102 
vt 0.904609 0.757308 
vt 0.964389 0.773823 
vt 0.955391 0.834961 
vt 0.893507 0.833102 
vt 0.933036 0.765791 
vt 0.904609 0.757308 
vt 0.923212 0.834514 
vt 0.964389 0.773823 
vt 0.955391 0.834961 
vt 0.478254 0.343445 
vt 0.474004 0.356783 
vt 0.456197 0.363328 
vt 0.478254 0.343445 
vt 0.491492 0.374793 
vt 0.484462 0.392093 
vt 0.468919 0.368487 
vt 0.47366 0.408527 
vt 0.460001 0.377466 
vt 0.443846 0.399826 
vt 0.455492 0.420066 
vt 0.978624 0.279519 
vt 0.967468 0.268626 
vt 0.980296 0.247823 
vt 0.945329 0.290562 
vt 0.976954 0.305871 
vt 0.965402 0.340578 
vt 0.918128 0.313666 
vt 0.866939 0.347454 
vt 0.958639 0.252475 
vt 0.953352 0.237842 
vt 0.980296 0.247823 
vt 0.928727 0.261248 
vt 0.931936 0.226405 
vt 0.895378 0.215524 
vt 0.895621 0.273469 
vt 0.839869 0.301493 
vt 0.90213 0.503599 
vt 0.888669 0.499681 
vt 0.897949 0.492516 
vt 0.958639 0.252475 
vt 0.953352 0.237842 
vt 0.980296 0.247823 
vt 0.928727 0.261248 
vt 0.931936 0.226405 
vt 0.895378 0.215524 
vt 0.895621 0.273469 
vt 0.839869 0.301493 
vt 0.978624 0.279519 
vt 0.967468 0.268626 
vt 0.980296 0.247823 
vt 0.945329 0.290562 
vt 0.976954 0.305871 
vt 0.965402 0.340578 
vt 0.918128 0.313666 
vt 0.866939 0.347454 
vt 0.978624 0.279519 
vt 0.967468 0.268626 
vt 0.980296 0.247823 
vt 0.945329 0.290562 
vt 0.976954 0.305871 
vt 0.965402 0.340578 
vt 0.918128 0.313666 
vt 0.866939 0.347454 
vt 0.958639 0.252475 
vt 0.953352 0.237842 
vt 0.980296 0.247823 
vt 0.928727 0.261248 
vt 0.931936 0.226405 
vt 0.895378 0.215524 
vt 0.895621 0.273469 
vt 0.839869 0.301493 
vt 0.362213 0.330025 
vt 0.356964 0.496741 
vt 0.205935 0.491441 
vt 0.169237 0.320271 
vt 0.245218 0.659681 
vt 0.352497 0.665405 
vt 0.013892 0.658002 
vt 0.017666 0.48936 
vt 0.017859 0.323063 
vt 0.806499 0.618393 
vt 0.925027 0.564295 
vt 0.9089 0.64933 
vt 0.837875 0.538898 
vt 0.958639 0.252475 
vt 0.953352 0.237842 
vt 0.980296 0.247823 
vt 0.928727 0.261248 
vt 0.931936 0.226405 
vt 0.895378 0.215524 
vt 0.895621 0.273469 
vt 0.839869 0.301493 
vt 0.978624 0.279519 
vt 0.967468 0.268626 
vt 0.980296 0.247823 
vt 0.945329 0.290562 
vt 0.976954 0.305871 
vt 0.965402 0.340578 
vt 0.918128 0.313666 
vt 0.866939 0.347454 
vt 0.980296 0.247823 
vt 0.986256 0.278137 
vt 0.978624 0.279519 
vt 0.99205 0.306207 
vt 0.976954 0.305871 
vt 0.986903 0.35004 
vt 0.965402 0.340578 
vt 0.933036 0.765791 
vt 0.962256 0.697477 
vt 0.937923 0.679496 
vt 0.904609 0.757308 
vt 0.964389 0.773823 
vt 0.991562 0.710431 
vt 0.933036 0.765791 
vt 0.937923 0.679496 
vt 0.962256 0.697477 
vt 0.904609 0.757308 
vt 0.964389 0.773823 
vt 0.991562 0.710431 
vt 0.960216 0.261558 
vt 0.928727 0.261248 
vt 0.958639 0.252475 
vt 0.980296 0.247823 
vt 0.967468 0.268626 
vt 0.945329 0.290562 
vt 0.932294 0.278059 
vt 0.895621 0.273469 
vt 0.918128 0.313666 
vt 0.901562 0.296259 
vt 0.839869 0.301493 
vt 0.866939 0.347454 
vt 0.848589 0.327189 
vt 0.978624 0.279519 
vt 0.967468 0.268626 
vt 0.980296 0.247823 
vt 0.945329 0.290562 
vt 0.976954 0.305871 
vt 0.965402 0.340578 
vt 0.918128 0.313666 
vt 0.866939 0.347454 
vt 0.958639 0.252475 
vt 0.953352 0.237842 
vt 0.980296 0.247823 
vt 0.928727 0.261248 
vt 0.931936 0.226405 
vt 0.895378 0.215524 
vt 0.895621 0.273469 
vt 0.839869 0.301493 
vt 0.893507 0.833102 
vt 0.930436 0.908734 
vt 0.901369 0.916183 
vt 0.923212 0.834514 
vt 0.962322 0.902212 
vt 0.955391 0.834961 
vt 0.893507 0.833102 
vt 0.901369 0.916183 
vt 0.930436 0.908734 
vt 0.923212 0.834514 
vt 0.962322 0.902212 
vt 0.955391 0.834961 
vt 0.930436 0.908734 
vt 0.928145 0.990732 
vt 0.953234 0.974424 
vt 0.901369 0.916183 
vt 0.962322 0.902212 
vt 0.983516 0.963033 
vt 0.930436 0.908734 
vt 0.928145 0.990732 
vt 0.901369 0.916183 
vt 0.953234 0.974424 
vt 0.962322 0.902212 
vt 0.983516 0.963033 
vt 0.837875 0.538898 
vt 0.90213 0.503599 
vt 0.925027 0.564295 
vt 0.888669 0.499681 
vt 0.953234 0.974424 
vt 0.901369 0.916183 
vt 0.930436 0.908734 
vt 0.928145 0.990732 
vt 0.983516 0.963033 
vt 0.962322 0.902212 
vt 0.953234 0.974424 
vt 0.901369 0.916183 
vt 0.928145 0.990732 
vt 0.930436 0.908734 
vt 0.983516 0.963033 
vt 0.962322 0.902212 
vt 0.960216 0.261558 
vt 0.932294 0.278059 
vt 0.928727 0.261248 
vt 0.958639 0.252475 
vt 0.980296 0.247823 
vt 0.967468 0.268626 
vt 0.945329 0.290562 
vt 0.895621 0.273469 
vt 0.918128 0.313666 
vt 0.901562 0.296259 
vt 0.839869 0.301493 
vt 0.866939 0.347454 
vt 0.848589 0.327189 
vt 0.980296 0.247823 
vt 0.986256 0.278137 
vt 0.978624 0.279519 
vt 0.99205 0.306207 
vt 0.976954 0.305871 
vt 0.965402 0.340578 
vt 0.986903 0.35004 
vt 0.904609 0.757308 
vt 0.937923 0.679496 
vt 0.962256 0.697477 
vt 0.933036 0.765791 
vt 0.991562 0.710431 
vt 0.964389 0.773823 
vt 0.904609 0.757308 
vt 0.962256 0.697477 
vt 0.937923 0.679496 
vt 0.933036 0.765791 
vt 0.991562 0.710431 
vt 0.964389 0.773823 
vt 0.807896 0.338126 
vt 0.775995 0.336705 
vt 0.777447 0.344372 
vt 0.749256 0.350432 
vt 0.749469 0.335242 
vt 0.705115 0.345614 
vt 0.714457 0.323906 
vt 0.648189 0.316612 
vt 0.670554 0.279048 
vt 0.606508 0.303097 
vt 0.626817 0.249715 
vt 0.563558 0.28912 
vt 0.604364 0.240304 
vt 0.581912 0.230892 
vt 0.807896 0.338126 
vt 0.777447 0.344372 
vt 0.775995 0.336705 
vt 0.749256 0.350432 
vt 0.749469 0.335242 
vt 0.705115 0.345614 
vt 0.714457 0.323906 
vt 0.648189 0.316612 
vt 0.670554 0.279048 
vt 0.606508 0.303097 
vt 0.626817 0.249715 
vt 0.563558 0.28912 
vt 0.604364 0.240304 
vt 0.581912 0.230892 
vt 0.842283 0.366159 
vt 0.823004 0.36015 
vt 0.807113 0.375023 
vt 0.800365 0.360725 
vt 0.783094 0.38903 
vt 0.772193 0.369012 
vt 0.733725 0.376832 
vt 0.78547 0.408669 
vt 0.801223 0.393023 
vt 0.812742 0.40152 
vt 0.763696 0.423447 
vt 0.7063 0.371772 
vt 0.756657 0.453971 
vt 0.778487 0.437708 
vt 0.7822 0.42347 
vt 0.80075 0.431459 
vt 0.740483 0.476143 
vt 0.671997 0.383314 
vt 0.680705 0.360625 
vt 0.652642 0.401847 
vt 0.732047 0.505096 
vt 0.618473 0.4125 
vt 0.580575 0.412949 
vt 0.5467 0.40364 
vt 0.557063 0.442128 
vt 0.553244 0.473379 
vt 0.539935 0.498829 
vt 0.536691 0.552718 
vt 0.510178 0.52961 
vt 0.551955 0.582856 
vt 0.715176 0.576931 
vt 0.700201 0.60908 
vt 0.679542 0.632061 
vt 0.648094 0.651936 
vt 0.556664 0.613032 
vt 0.554449 0.634885 
vt 0.545574 0.664291 
vt 0.960216 0.261558 
vt 0.932294 0.278059 
vt 0.928727 0.261248 
vt 0.895621 0.273469 
vt 0.958639 0.252475 
vt 0.980296 0.247823 
vt 0.967468 0.268626 
vt 0.945329 0.290562 
vt 0.901562 0.296259 
vt 0.918128 0.313666 
vt 0.848589 0.327189 
vt 0.839869 0.301493 
vt 0.866939 0.347454 
vt 0.842283 0.366159 
vt 0.807113 0.375023 
vt 0.823004 0.36015 
vt 0.800365 0.360725 
vt 0.783094 0.38903 
vt 0.772193 0.369012 
vt 0.733725 0.376832 
vt 0.78547 0.408669 
vt 0.801223 0.393023 
vt 0.812742 0.40152 
vt 0.763696 0.423447 
vt 0.7063 0.371772 
vt 0.756657 0.453971 
vt 0.778487 0.437708 
vt 0.7822 0.42347 
vt 0.80075 0.431459 
vt 0.740483 0.476143 
vt 0.671997 0.383314 
vt 0.680705 0.360625 
vt 0.652642 0.401847 
vt 0.732047 0.505096 
vt 0.618473 0.4125 
vt 0.580575 0.412949 
vt 0.5467 0.40364 
vt 0.557063 0.442128 
vt 0.553244 0.473379 
vt 0.539935 0.498829 
vt 0.536691 0.552718 
vt 0.510178 0.52961 
vt 0.551955 0.582856 
vt 0.715176 0.576931 
vt 0.700201 0.60908 
vt 0.679542 0.632061 
vt 0.648094 0.651936 
vt 0.556664 0.613032 
vt 0.554449 0.634885 
vt 0.545574 0.664291 
vt 0.803037 0.316377 
vt 0.817716 0.310938 
vt 0.807896 0.338126 
vt 0.793965 0.286356 
vt 0.829045 0.289298 
vt 0.839692 0.25243 
vt 0.781398 0.253151 
vt 0.815803 0.193438 
vt 0.752746 0.197291 
vt 0.811754 0.136241 
vt 0.732928 0.160897 
vt 0.715802 0.123054 
vt 0.707029 0.086562 
vt 0.815207 0.0858222 
vt 0.706347 0.0417473 
vt 0.803037 0.316377 
vt 0.807896 0.338126 
vt 0.817716 0.310938 
vt 0.793965 0.286356 
vt 0.829045 0.289298 
vt 0.839692 0.25243 
vt 0.781398 0.253151 
vt 0.815803 0.193438 
vt 0.752746 0.197291 
vt 0.811754 0.136241 
vt 0.732928 0.160897 
vt 0.715802 0.123054 
vt 0.707029 0.086562 
vt 0.815207 0.0858222 
vt 0.706347 0.0417473 
vt 0.37565 0.305399 
vt 0.415229 0.288644 
vt 0.411765 0.307154 
vt 0.385869 0.3402 
vt 0.381814 0.274444 
vt 0.39982 0.248521 
vt 0.418674 0.327682 
vt 0.406968 0.36734 
vt 0.42615 0.273302 
vt 0.431966 0.231723 
vt 0.432322 0.343771 
vt 0.430587 0.382712 
vt 0.448195 0.352392 
vt 0.445724 0.264028 
vt 0.466148 0.228074 
vt 0.498424 0.295979 
vt 0.466779 0.262686 
vt 0.493608 0.234409 
vt 0.484003 0.268129 
vt 0.497429 0.2663 
vt 0.515131 0.232076 
vt 0.512706 0.304666 
vt 0.505077 0.283661 
vt 0.530181 0.28375 
vt 0.498424 0.295979 
vt 0.537755 0.266682 
vt 0.509973 0.271877 
vt 0.542089 0.2475 
vt 0.510247 0.259225 
vt 0.537785 0.226411 
vt 0.530181 0.28375 
vt 0.498424 0.295979 
vt 0.549065 0.29814 
vt 0.528591 0.318781 
vt 0.571606 0.322728 
vt 0.49442 0.347696 
vt 0.541425 0.342271 
vt 0.587903 0.362021 
vt 0.548304 0.377562 
vt 0.515607 0.349335 
vt 0.514958 0.378401 
vt 0.491492 0.374793 
vt 0.478254 0.343445 
vt 0.894569 0.403485 
vt 0.880558 0.396503 
vt 0.907104 0.385059 
vt 0.878885 0.430644 
vt 0.857025 0.40305 
vt 0.822855 0.420515 
vt 0.863271 0.46253 
vt 0.800161 0.469688 
vt 0.894569 0.403485 
vt 0.907104 0.385059 
vt 0.880558 0.396503 
vt 0.878885 0.430644 
vt 0.857025 0.40305 
vt 0.822855 0.420515 
vt 0.863271 0.46253 
vt 0.800161 0.469688 
vt 0.894569 0.403485 
vt 0.880558 0.396503 
vt 0.907104 0.385059 
vt 0.878885 0.430644 
vt 0.857025 0.40305 
vt 0.822855 0.420515 
vt 0.863271 0.46253 
vt 0.800161 0.469688 
vt 0.894569 0.403485 
vt 0.907104 0.385059 
vt 0.880558 0.396503 
vt 0.878885 0.430644 
vt 0.857025 0.40305 
vt 0.822855 0.420515 
vt 0.863271 0.46253 
vt 0.800161 0.469688 
vt 0.907104 0.385059 
vt 0.927897 0.409295 
vt 0.932494 0.402989 
vt 0.956204 0.4194 
vt 0.944982 0.429638 
vt 0.982896 0.454884 
vt 0.960674 0.462926 
vt 0.998048 0.507095 
vt 0.95839 0.516617 
vt 0.907104 0.385059 
vt 0.932494 0.402989 
vt 0.927897 0.409295 
vt 0.956204 0.4194 
vt 0.944982 0.429638 
vt 0.982896 0.454884 
vt 0.960674 0.462926 
vt 0.998048 0.507095 
vt 0.95839 0.516617 
vt 0.907104 0.385059 
vt 0.927897 0.409295 
vt 0.932494 0.402989 
vt 0.956204 0.4194 
vt 0.944982 0.429638 
vt 0.982896 0.454884 
vt 0.960674 0.462926 
vt 0.998048 0.507095 
vt 0.95839 0.516617 
vt 0.907104 0.385059 
vt 0.932494 0.402989 
vt 0.927897 0.409295 
vt 0.956204 0.4194 
vt 0.944982 0.429638 
vt 0.982896 0.454884 
vt 0.960674 0.462926 
vt 0.998048 0.507095 
vt 0.95839 0.516617 
vt 0.793677 0.836898 
vt 0.811962 0.811641 
vt 0.790007 0.6382 
vt 0.83084 0.661379 
vt 0.830951 0.726408 
vt 0.853415 0.687416 
vt 0.834692 0.794945 
vt 0.848724 0.718528 
vt 0.867199 0.716512 
vt 0.849384 0.74131 
vt 0.863521 0.758866 
vt 0.872273 0.789201 
vt 0.793677 0.836898 
vt 0.790007 0.6382 
vt 0.811962 0.811641 
vt 0.83084 0.661379 
vt 0.830951 0.726408 
vt 0.853415 0.687416 
vt 0.834692 0.794945 
vt 0.848724 0.718528 
vt 0.867199 0.716512 
vt 0.849384 0.74131 
vt 0.863521 0.758866 
vt 0.872273 0.789201 
vt 0.501487 0.187156 
vt 0.520229 0.164811 
vt 0.498973 0.153703 
vt 0.520529 0.184458 
vt 0.550869 0.190899 
vt 0.468403 0.161304 
vt 0.474804 0.146199 
vt 0.479648 0.201178 
vt 0.461223 0.173456 
vt 0.501487 0.187156 
vt 0.498973 0.153703 
vt 0.520229 0.164811 
vt 0.520529 0.184458 
vt 0.550869 0.190899 
vt 0.468403 0.161304 
vt 0.474804 0.146199 
vt 0.479648 0.201178 
vt 0.461223 0.173456 

usemtl Pet1Mtl

f 1/1/1 2/2/2 3/3/3 
f 2/2/2 1/1/1 4/4/4 
f 5/5/5 6/6/6 7/7/7 
f 6/6/6 5/5/5 8/8/8 
f 9/9/9 10/10/10 11/11/11 
f 10/10/10 9/9/9 12/12/12 
f 13/13/13 14/14/14 15/15/15 
f 14/14/14 13/13/13 16/16/16 
f 17/17/17 18/18/18 19/19/19 
f 20/20/20 19/19/19 18/18/18 
f 19/19/19 21/21/21 17/17/17 
f 18/18/18 17/17/17 22/22/22 
f 23/23/23 17/17/17 21/21/21 
f 24/24/24 22/22/22 17/17/17 
f 17/17/17 23/23/23 24/24/24 
f 22/22/22 24/24/24 25/25/25 
f 26/26/26 24/24/24 23/23/23 
f 24/24/24 27/27/27 25/25/25 
f 24/24/24 26/26/26 27/27/27 
f 25/25/25 27/27/27 28/28/28 
f 29/29/29 27/27/27 26/26/26 
f 30/30/30 28/28/28 27/27/27 
f 27/27/27 29/29/29 30/30/30 
f 31/31/31 30/30/30 29/29/29 
f 32/32/32 33/33/33 34/34/34 
f 35/35/35 36/36/36 37/37/37 
f 38/38/38 37/37/37 36/36/36 
f 36/36/36 39/39/39 38/38/38 
f 37/37/37 40/40/40 35/35/35 
f 36/36/36 41/41/41 39/39/39 
f 40/40/40 42/42/42 35/35/35 
f 41/41/41 36/36/36 43/43/43 
f 35/35/35 43/43/43 36/36/36 
f 35/35/35 42/42/42 44/44/44 
f 43/43/43 35/35/35 44/44/44 
f 45/45/45 46/46/46 47/47/47 
f 48/48/48 47/47/47 46/46/46 
f 48/48/48 46/46/46 49/49/49 
f 46/46/46 50/50/50 49/49/49 
f 46/46/46 51/51/51 50/50/50 
f 51/51/51 46/46/46 45/45/45 
f 47/47/47 52/52/52 45/45/45 
f 45/45/45 53/53/53 51/51/51 
f 54/54/54 45/45/45 52/52/52 
f 53/53/53 45/45/45 54/54/54 
f 55/55/55 56/56/56 57/57/57 
f 56/56/56 58/58/58 57/57/57 
f 57/57/57 58/58/58 59/59/59 
f 60/60/60 57/57/57 59/59/59 
f 55/55/55 57/57/57 61/61/61 
f 57/57/57 60/60/60 61/61/61 
f 62/62/62 55/55/55 61/61/61 
f 63/63/63 61/61/61 60/60/60 
f 61/61/61 64/64/64 62/62/62 
f 61/61/61 63/63/63 64/64/64 
f 65/65/65 66/66/66 67/67/67 
f 68/68/68 67/67/67 66/66/66 
f 68/68/68 66/66/66 69/69/69 
f 66/66/66 70/70/70 69/69/69 
f 66/66/66 71/71/71 70/70/70 
f 71/71/71 66/66/66 65/65/65 
f 67/67/67 72/72/72 65/65/65 
f 65/65/65 73/73/73 71/71/71 
f 74/74/74 65/65/65 72/72/72 
f 73/73/73 65/65/65 74/74/74 
f 75/75/75 76/76/76 77/77/77 
f 78/78/78 75/75/75 77/77/77 
f 75/75/75 78/78/78 79/79/79 
f 80/80/80 79/79/79 78/78/78 
f 81/81/81 80/80/80 78/78/78 
f 82/82/82 80/80/80 81/81/81 
f 81/81/81 83/83/83 82/82/82 
f 84/84/84 82/82/82 83/83/83 
f 85/85/85 84/84/84 83/83/83 
f 84/84/84 85/85/85 86/86/86 
f 84/84/84 86/86/86 87/87/87 
f 84/84/84 87/87/87 88/88/88 
f 88/88/88 87/87/87 89/89/89 
f 90/90/90 88/88/88 89/89/89 
f 90/90/90 89/89/89 91/91/91 
f 92/92/92 93/93/93 94/94/94 
f 92/92/92 95/95/95 93/93/93 
f 95/95/95 92/92/92 96/96/96 
f 97/97/97 95/95/95 96/96/96 
f 95/95/95 97/97/97 98/98/98 
f 99/99/99 98/98/98 97/97/97 
f 98/98/98 99/99/99 100/100/100 
f 101/101/101 100/100/100 99/99/99 
f 100/100/100 101/101/101 102/102/102 
f 101/101/101 103/103/103 102/102/102 
f 101/101/101 104/104/104 103/103/103 
f 104/104/104 101/101/101 105/105/105 
f 105/105/105 106/106/106 104/104/104 
f 107/107/107 106/106/106 105/105/105 
f 107/107/107 108/108/108 106/106/106 
f 109/109/109 110/110/110 111/111/111 
f 112/112/112 111/111/111 110/110/110 
f 113/113/113 111/111/111 112/112/112 
f 114/114/114 113/113/113 112/112/112 
f 113/113/113 114/114/114 115/115/115 
f 116/116/116 117/117/117 118/118/118 
f 116/116/116 118/118/118 119/119/119 
f 119/119/119 118/118/118 120/120/120 
f 121/121/121 117/117/117 116/116/116 
f 117/117/117 121/121/121 122/122/122 
f 121/121/121 116/116/116 123/123/123 
f 121/121/121 123/123/123 124/124/124 
f 123/123/123 125/125/125 124/124/124 
f 123/123/123 126/126/126 125/125/125 
f 126/126/126 127/127/127 125/125/125 
f 126/126/126 128/128/128 127/127/127 
f 126/126/126 129/129/129 128/128/128 
f 129/129/129 130/130/130 128/128/128 
f 129/129/129 131/131/131 130/130/130 
f 132/132/132 130/130/130 131/131/131 
f 133/133/133 132/132/132 131/131/131 
f 134/134/134 135/135/135 136/136/136 
f 136/136/136 137/137/137 134/134/134 
f 137/137/137 136/136/136 138/138/138 
f 137/137/137 138/138/138 139/139/139 
f 137/137/137 139/139/139 140/140/140 
f 140/140/140 139/139/139 141/141/141 
f 140/140/140 141/141/141 142/142/142 
f 142/142/142 141/141/141 143/143/143 
f 140/140/140 142/142/142 144/144/144 
f 144/144/144 145/145/145 140/140/140 
f 145/145/145 144/144/144 146/146/146 
f 145/145/145 146/146/146 147/147/147 
f 147/147/147 146/146/146 148/148/148 
f 148/148/148 146/146/146 149/149/149 
f 150/150/150 151/151/151 152/152/152 
f 150/150/150 153/153/153 151/151/151 
f 154/154/154 152/152/152 151/151/151 
f 154/154/154 155/155/155 152/152/152 
f 155/155/155 154/154/154 156/156/156 
f 155/155/155 157/157/157 152/152/152 
f 157/157/157 155/155/155 158/158/158 
f 157/157/157 158/158/158 159/159/159 
f 159/159/159 160/160/160 157/157/157 
f 160/160/160 159/159/159 161/161/161 
f 160/160/160 161/161/161 162/162/162 
f 160/160/160 162/162/162 163/163/163 
f 163/163/163 162/162/162 164/164/164 
f 165/165/165 163/163/163 164/164/164 
f 166/166/166 165/165/165 164/164/164 
f 167/167/167 165/165/165 166/166/166 
f 168/168/168 169/169/169 170/170/170 
f 171/171/171 169/169/169 168/168/168 
f 169/169/169 171/171/171 172/172/172 
f 171/171/171 173/173/173 172/172/172 
f 174/174/174 173/173/173 171/171/171 
f 174/174/174 175/175/175 173/173/173 
f 174/174/174 176/176/176 175/175/175 
f 176/176/176 177/177/177 175/175/175 
f 174/174/174 178/178/178 176/176/176 
f 179/179/179 178/178/178 174/174/174 
f 178/178/178 179/179/179 180/180/180 
f 179/179/179 181/181/181 180/180/180 
f 181/181/181 182/182/182 180/180/180 
f 182/182/182 183/183/183 180/180/180 
f 184/184/184 185/185/185 186/186/186 
f 187/187/187 186/186/186 185/185/185 
f 186/186/186 187/187/187 188/188/188 
f 189/189/189 187/187/187 185/185/185 
f 187/187/187 189/189/189 190/190/190 
f 185/185/185 191/191/191 189/189/189 
f 192/192/192 193/193/193 194/194/194 
f 193/193/193 195/195/195 194/194/194 
f 195/195/195 196/196/196 194/194/194 
f 197/197/197 196/196/196 195/195/195 
f 196/196/196 198/198/198 194/194/194 
f 199/199/199 196/196/196 197/197/197 
f 200/200/200 199/199/199 197/197/197 
f 201/201/201 198/198/198 196/196/196 
f 202/202/202 198/198/198 201/201/201 
f 203/203/203 198/198/198 202/202/202 
f 204/204/204 205/205/205 206/206/206 
f 206/206/206 205/205/205 207/207/207 
f 207/207/207 205/205/205 208/208/208 
f 209/209/209 207/207/207 208/208/208 
f 208/208/208 205/205/205 210/210/210 
f 211/211/211 209/209/209 208/208/208 
f 212/212/212 209/209/209 211/211/211 
f 213/213/213 208/208/208 210/210/210 
f 214/214/214 213/213/213 210/210/210 
f 215/215/215 214/214/214 210/210/210 
f 216/216/216 217/217/217 218/218/218 
f 219/219/219 216/216/216 218/218/218 
f 216/216/216 219/219/219 220/220/220 
f 221/221/221 220/220/220 219/219/219 
f 219/219/219 222/222/222 221/221/221 
f 223/223/223 221/221/221 222/222/222 
f 224/224/224 225/225/225 226/226/226 
f 224/224/224 227/227/227 225/225/225 
f 227/227/227 224/224/224 228/228/228 
f 229/229/229 227/227/227 228/228/228 
f 227/227/227 229/229/229 230/230/230 
f 231/231/231 230/230/230 229/229/229 
f 232/232/232 233/233/233 234/234/234 
f 235/235/235 232/232/232 234/234/234 
f 232/232/232 235/235/235 236/236/236 
f 235/235/235 237/237/237 236/236/236 
f 237/237/237 235/235/235 238/238/238 
f 239/239/239 237/237/237 238/238/238 
f 240/240/240 241/241/241 242/242/242 
f 240/240/240 243/243/243 241/241/241 
f 243/243/243 240/240/240 244/244/244 
f 245/245/245 243/243/243 244/244/244 
f 243/243/243 245/245/245 246/246/246 
f 247/247/247 246/246/246 245/245/245 
f 248/248/248 249/249/249 250/250/250 
f 250/250/250 251/251/251 248/248/248 
f 248/248/248 251/251/251 252/252/252 
f 253/253/253 248/248/248 252/252/252 
f 249/249/249 248/248/248 254/254/254 
f 248/248/248 253/253/253 254/254/254 
f 255/255/255 249/249/249 254/254/254 
f 256/256/256 254/254/254 253/253/253 
f 254/254/254 257/257/257 255/255/255 
f 254/254/254 256/256/256 257/257/257 
f 258/258/258 255/255/255 257/257/257 
f 259/259/259 257/257/257 256/256/256 
f 257/257/257 260/260/260 258/258/258 
f 257/257/257 259/259/259 260/260/260 
f 261/261/261 258/258/258 260/260/260 
f 262/262/262 260/260/260 259/259/259 
f 260/260/260 263/263/263 261/261/261 
f 260/260/260 262/262/262 263/263/263 
f 264/264/264 261/261/261 263/263/263 
f 265/265/265 263/263/263 262/262/262 
f 263/263/263 266/266/266 264/264/264 
f 263/263/263 265/265/265 266/266/266 
f 266/266/266 267/267/267 264/264/264 
f 268/268/268 266/266/266 265/265/265 
f 267/267/267 266/266/266 268/268/268 
f 265/265/265 269/269/269 268/268/268 
f 268/268/268 270/270/270 267/267/267 
f 271/271/271 268/268/268 269/269/269 
f 268/268/268 272/272/272 270/270/270 
f 273/273/273 268/268/268 271/271/271 
f 272/272/272 268/268/268 273/273/273 
f 274/274/274 275/275/275 276/276/276 
f 277/277/277 276/276/276 275/275/275 
f 277/277/277 275/275/275 278/278/278 
f 275/275/275 279/279/279 278/278/278 
f 275/275/275 280/280/280 279/279/279 
f 280/280/280 275/275/275 274/274/274 
f 281/281/281 274/274/274 276/276/276 
f 274/274/274 282/282/282 280/280/280 
f 274/274/274 281/281/281 283/283/283 
f 282/282/282 274/274/274 283/283/283 
f 284/284/284 283/283/283 281/281/281 
f 283/283/283 285/285/285 282/282/282 
f 283/283/283 284/284/284 286/286/286 
f 285/285/285 283/283/283 286/286/286 
f 287/287/287 286/286/286 284/284/284 
f 286/286/286 288/288/288 285/285/285 
f 286/286/286 287/287/287 289/289/289 
f 288/288/288 286/286/286 289/289/289 
f 290/290/290 289/289/289 287/287/287 
f 289/289/289 291/291/291 288/288/288 
f 289/289/289 290/290/290 292/292/292 
f 291/291/291 289/289/289 292/292/292 
f 293/293/293 292/292/292 290/290/290 
f 294/294/294 291/291/291 292/292/292 
f 292/292/292 293/293/293 294/294/294 
f 291/291/291 294/294/294 295/295/295 
f 296/296/296 294/294/294 293/293/293 
f 297/297/297 295/295/295 294/294/294 
f 294/294/294 296/296/296 298/298/298 
f 299/299/299 297/297/297 294/294/294 
f 298/298/298 299/299/299 294/294/294 
f 300/300/300 301/301/301 302/302/302 
f 301/301/301 303/303/303 302/302/302 
f 304/304/304 302/302/302 303/303/303 
f 302/302/302 304/304/304 305/305/305 
f 302/302/302 305/305/305 300/300/300 
f 301/301/301 306/306/306 303/303/303 
f 300/300/300 305/305/305 307/307/307 
f 308/308/308 306/306/306 301/301/301 
f 301/301/301 300/300/300 308/308/308 
f 308/308/308 309/309/309 306/306/306 
f 310/310/310 309/309/309 308/308/308 
f 311/311/311 308/308/308 300/300/300 
f 307/307/307 311/311/311 300/300/300 
f 311/311/311 307/307/307 312/312/312 
f 312/312/312 313/313/313 311/311/311 
f 311/311/311 314/314/314 308/308/308 
f 314/314/314 311/311/311 315/315/315 
f 316/316/316 314/314/314 315/315/315 
f 316/316/316 317/317/317 314/314/314 
f 316/316/316 315/315/315 318/318/318 
f 317/317/317 319/319/319 314/314/314 
f 317/317/317 320/320/320 319/319/319 
f 320/320/320 317/317/317 321/321/321 
f 322/322/322 321/321/321 317/317/317 
f 323/323/323 319/319/319 320/320/320 
f 321/321/321 322/322/322 324/324/324 
f 322/322/322 325/325/325 324/324/324 
f 325/325/325 322/322/322 318/318/318 
f 318/318/318 326/326/326 325/325/325 
f 319/319/319 323/323/323 327/327/327 
f 319/319/319 327/327/327 314/314/314 
f 328/328/328 327/327/327 323/323/323 
f 327/327/327 329/329/329 314/314/314 
f 327/327/327 328/328/328 329/329/329 
f 326/326/326 318/318/318 330/330/330 
f 330/330/330 331/331/331 326/326/326 
f 318/318/318 315/315/315 330/330/330 
f 329/329/329 328/328/328 332/332/332 
f 329/329/329 332/332/332 314/314/314 
f 332/332/332 328/328/328 333/333/333 
f 331/331/331 330/330/330 334/334/334 
f 330/330/330 315/315/315 334/334/334 
f 334/334/334 335/335/335 331/331/331 
f 334/334/334 315/315/315 336/336/336 
f 335/335/335 334/334/334 336/336/336 
f 337/337/337 335/335/335 336/336/336 
f 336/336/336 315/315/315 337/337/337 
f 337/337/337 338/338/338 335/335/335 
f 332/332/332 333/333/333 339/339/339 
f 340/340/340 339/339/339 333/333/333 
f 341/341/341 339/339/339 340/340/340 
f 339/339/339 341/341/341 342/342/342 
f 339/339/339 342/342/342 332/332/332 
f 343/343/343 342/342/342 341/341/341 
f 332/332/332 342/342/342 344/344/344 
f 342/342/342 343/343/343 344/344/344 
f 314/314/314 332/332/332 344/344/344 
f 345/345/345 344/344/344 343/343/343 
f 344/344/344 345/345/345 314/314/314 
f 338/338/338 337/337/337 346/346/346 
f 346/346/346 347/347/347 338/338/338 
f 346/346/346 337/337/337 348/348/348 
f 349/349/349 346/346/346 348/348/348 
f 346/346/346 349/349/349 350/350/350 
f 348/348/348 351/351/351 349/349/349 
f 352/352/352 348/348/348 337/337/337 
f 351/351/351 348/348/348 352/352/352 
f 315/315/315 352/352/352 337/337/337 
f 352/352/352 353/353/353 351/351/351 
f 353/353/353 352/352/352 315/315/315 
f 354/354/354 355/355/355 356/356/356 
f 357/357/357 356/356/356 355/355/355 
f 358/358/358 356/356/356 357/357/357 
f 359/359/359 358/358/358 357/357/357 
f 358/358/358 359/359/359 360/360/360 
f 361/361/361 362/362/362 363/363/363 
f 364/364/364 365/365/365 366/366/366 
f 367/367/367 368/368/368 369/369/369 
f 368/368/368 367/367/367 370/370/370 
f 368/368/368 370/370/370 371/371/371 
f 372/372/372 371/371/371 370/370/370 
f 367/367/367 373/373/373 370/370/370 
f 367/367/367 374/374/374 373/373/373 
f 372/372/372 370/370/370 375/375/375 
f 373/373/373 375/375/375 370/370/370 
f 372/372/372 375/375/375 376/376/376 
f 375/375/375 373/373/373 377/377/377 
f 378/378/378 379/379/379 380/380/380 
f 379/379/379 378/378/378 381/381/381 
f 378/378/378 382/382/382 381/381/381 
f 383/383/383 381/381/381 382/382/382 
f 384/384/384 379/379/379 381/381/381 
f 379/379/379 384/384/384 385/385/385 
f 381/381/381 383/383/383 386/386/386 
f 381/381/381 386/386/386 384/384/384 
f 383/383/383 387/387/387 386/386/386 
f 384/384/384 386/386/386 388/388/388 
f 389/389/389 390/390/390 391/391/391 
f 390/390/390 392/392/392 391/391/391 
f 391/391/391 392/392/392 393/393/393 
f 392/392/392 394/394/394 393/393/393 
f 394/394/394 395/395/395 393/393/393 
f 393/393/393 395/395/395 396/396/396 
f 397/397/397 393/393/393 396/396/396 
f 398/398/398 397/397/397 396/396/396 
f 396/396/396 395/395/395 399/399/399 
f 400/400/400 399/399/399 395/395/395 
f 401/401/401 399/399/399 400/400/400 
f 402/402/402 399/399/399 401/401/401 
f 403/403/403 399/399/399 402/402/402 
f 404/404/404 403/403/403 402/402/402 
f 405/405/405 401/401/401 400/400/400 
f 406/406/406 405/405/405 400/400/400 
f 407/407/407 406/406/406 400/400/400 
f 408/408/408 405/405/405 406/406/406 
f 409/409/409 405/405/405 408/408/408 
f 410/410/410 409/409/409 408/408/408 
f 411/411/411 409/409/409 410/410/410 
f 412/412/412 413/413/413 411/411/411 
f 413/413/413 409/409/409 411/411/411 
f 414/414/414 409/409/409 413/413/413 
f 415/415/415 409/409/409 414/414/414 
f 416/416/416 409/409/409 415/415/415 
f 417/417/417 416/416/416 415/415/415 
f 418/418/418 409/409/409 416/416/416 
f 419/419/419 409/409/409 418/418/418 
f 420/420/420 419/419/419 418/418/418 
f 421/421/421 420/420/420 418/418/418 
f 422/422/422 421/421/421 418/418/418 
f 423/423/423 422/422/422 418/418/418 
f 424/424/424 422/422/422 423/423/423 
f 425/425/425 422/422/422 424/424/424 
f 426/426/426 427/427/427 428/428/428 
f 428/428/428 427/427/427 429/429/429 
f 427/427/427 430/430/430 429/429/429 
f 429/429/429 430/430/430 431/431/431 
f 431/431/431 430/430/430 432/432/432 
f 430/430/430 433/433/433 432/432/432 
f 434/434/434 433/433/433 430/430/430 
f 435/435/435 433/433/433 434/434/434 
f 433/433/433 436/436/436 432/432/432 
f 437/437/437 432/432/432 436/436/436 
f 438/438/438 437/437/437 436/436/436 
f 439/439/439 438/438/438 436/436/436 
f 440/440/440 439/439/439 436/436/436 
f 441/441/441 439/439/439 440/440/440 
f 442/442/442 437/437/437 438/438/438 
f 443/443/443 437/437/437 442/442/442 
f 444/444/444 437/437/437 443/443/443 
f 445/445/445 443/443/443 442/442/442 
f 446/446/446 445/445/445 442/442/442 
f 447/447/447 445/445/445 446/446/446 
f 448/448/448 447/447/447 446/446/446 
f 449/449/449 448/448/448 450/450/450 
f 450/450/450 448/448/448 446/446/446 
f 451/451/451 450/450/450 446/446/446 
f 452/452/452 451/451/451 446/446/446 
f 453/453/453 452/452/452 446/446/446 
f 454/454/454 452/452/452 453/453/453 
f 455/455/455 453/453/453 446/446/446 
f 456/456/456 455/455/455 446/446/446 
f 457/457/457 455/455/455 456/456/456 
f 458/458/458 455/455/455 457/457/457 
f 459/459/459 455/455/455 458/458/458 
f 460/460/460 455/455/455 459/459/459 
f 461/461/461 460/460/460 459/459/459 
f 462/462/462 461/461/461 459/459/459 
f 463/463/463 464/464/464 465/465/465 
f 463/463/463 465/465/465 466/466/466 
f 466/466/466 465/465/465 467/467/467 
f 466/466/466 467/467/467 468/468/468 
f 469/469/469 470/470/470 471/471/471 
f 471/471/471 472/472/472 469/469/469 
f 473/473/473 470/470/470 469/469/469 
f 473/473/473 474/474/474 470/470/470 
f 475/475/475 476/476/476 477/477/477 
f 476/476/476 475/475/475 478/478/478 
f 477/477/477 479/479/479 475/475/475 
f 479/479/479 477/477/477 480/480/480 
f 481/481/481 482/482/482 483/483/483 
f 482/482/482 484/484/484 483/483/483 
f 482/482/482 481/481/481 485/485/485 
f 486/486/486 481/481/481 483/483/483 
f 481/481/481 486/486/486 487/487/487 
f 486/486/486 483/483/483 488/488/488 
f 489/489/489 490/490/490 491/491/491 
f 491/491/491 492/492/492 489/489/489 
f 489/489/489 492/492/492 493/493/493 
f 494/494/494 489/489/489 493/493/493 
f 490/490/490 489/489/489 495/495/495 
f 489/489/489 494/494/494 495/495/495 
f 496/496/496 490/490/490 495/495/495 
f 497/497/497 495/495/495 494/494/494 
f 498/498/498 496/496/496 495/495/495 
f 495/495/495 497/497/497 498/498/498 
f 499/499/499 496/496/496 498/498/498 
f 500/500/500 498/498/498 497/497/497 
f 501/501/501 499/499/499 498/498/498 
f 498/498/498 500/500/500 501/501/501 
f 502/502/502 503/503/503 504/504/504 
f 505/505/505 504/504/504 503/503/503 
f 506/506/506 504/504/504 505/505/505 
f 507/507/507 506/506/506 505/505/505 
f 506/506/506 507/507/507 508/508/508 
f 509/509/509 510/510/510 511/511/511 
f 511/511/511 510/510/510 512/512/512 
f 510/510/510 513/513/513 512/512/512 
f 513/513/513 510/510/510 514/514/514 
f 515/515/515 516/516/516 517/517/517 
f 516/516/516 515/515/515 518/518/518 
f 519/519/519 515/515/515 517/517/517 
f 515/515/515 519/519/519 520/520/520 
f 521/521/521 522/522/522 523/523/523 
f 523/523/523 524/524/524 521/521/521 
f 521/521/521 524/524/524 525/525/525 
f 526/526/526 521/521/521 525/525/525 
f 521/521/521 527/527/527 522/522/522 
f 521/521/521 526/526/526 527/527/527 
f 528/528/528 522/522/522 527/527/527 
f 529/529/529 527/527/527 526/526/526 
f 530/530/530 528/528/528 527/527/527 
f 527/527/527 529/529/529 530/530/530 
f 531/531/531 528/528/528 530/530/530 
f 532/532/532 530/530/530 529/529/529 
f 533/533/533 531/531/531 530/530/530 
f 530/530/530 532/532/532 533/533/533 
f 534/534/534 535/535/535 536/536/536 
f 536/536/536 537/537/537 534/534/534 
f 535/535/535 534/534/534 538/538/538 
f 538/538/538 539/539/539 535/535/535 
f 540/540/540 541/541/541 542/542/542 
f 541/541/541 540/540/540 543/543/543 
f 543/543/543 544/544/544 541/541/541 
f 544/544/544 543/543/543 545/545/545 
f 546/546/546 547/547/547 548/548/548 
f 548/548/548 549/549/549 546/546/546 
f 547/547/547 546/546/546 550/550/550 
f 550/550/550 551/551/551 547/547/547 
f 552/552/552 553/553/553 554/554/554 
f 553/553/553 552/552/552 555/555/555 
f 555/555/555 556/556/556 553/553/553 
f 556/556/556 555/555/555 557/557/557 
f 558/558/558 559/559/559 560/560/560 
f 561/561/561 562/562/562 559/559/559 
f 563/563/563 559/559/559 562/562/562 
f 559/559/559 563/563/563 564/564/564 
f 559/559/559 564/564/564 560/560/560 
f 565/565/565 564/564/564 563/563/563 
f 566/566/566 560/560/560 564/564/564 
f 564/564/564 565/565/565 566/566/566 
f 566/566/566 567/567/567 560/560/560 
f 568/568/568 566/566/566 565/565/565 
f 567/567/567 566/566/566 568/568/568 
f 569/569/569 570/570/570 571/571/571 
f 569/569/569 572/572/572 570/570/570 
f 572/572/572 569/569/569 573/573/573 
f 574/574/574 572/572/572 573/573/573 
f 574/574/574 575/575/575 572/572/572 
f 574/574/574 576/576/576 575/575/575 
f 577/577/577 578/578/578 579/579/579 
f 580/580/580 578/578/578 577/577/577 
f 578/578/578 580/580/580 581/581/581 
f 580/580/580 582/582/582 581/581/581 
f 582/582/582 580/580/580 583/583/583 
f 584/584/584 582/582/582 583/583/583 
f 585/585/585 586/586/586 587/587/587 
f 588/588/588 589/589/589 590/590/590 
f 591/591/591 589/589/589 588/588/588 
f 589/589/589 591/591/591 592/592/592 
f 593/593/593 592/592/592 591/591/591 
f 594/594/594 593/593/593 591/591/591 
f 595/595/595 593/593/593 594/594/594 
f 596/596/596 597/597/597 598/598/598 
f 596/596/596 599/599/599 597/597/597 
f 599/599/599 596/596/596 600/600/600 
f 601/601/601 599/599/599 600/600/600 
f 599/599/599 601/601/601 602/602/602 
f 601/601/601 603/603/603 602/602/602 
f 604/604/604 605/605/605 606/606/606 
f 604/604/604 607/607/607 605/605/605 
f 607/607/607 604/604/604 608/608/608 
f 609/609/609 607/607/607 608/608/608 
f 609/609/609 610/610/610 607/607/607 
f 609/609/609 611/611/611 610/610/610 
f 612/612/612 613/613/613 614/614/614 
f 615/615/615 613/613/613 612/612/612 
f 613/613/613 615/615/615 616/616/616 
f 615/615/615 617/617/617 616/616/616 
f 617/617/617 615/615/615 618/618/618 
f 619/619/619 617/617/617 618/618/618 
f 620/620/620 621/621/621 622/622/622 
f 620/620/620 622/622/622 623/623/623 
f 621/621/621 624/624/624 622/622/622 
f 621/621/621 625/625/625 624/624/624 
f 624/624/624 626/626/626 622/622/622 
f 622/622/622 626/626/626 627/627/627 
f 622/622/622 627/627/627 623/623/623 
f 623/623/623 627/627/627 628/628/628 
f 629/629/629 630/630/630 631/631/631 
f 630/630/630 629/629/629 632/632/632 
f 633/633/633 634/634/634 635/635/635 
f 636/636/636 634/634/634 633/633/633 
f 634/634/634 636/636/636 637/637/637 
f 636/636/636 638/638/638 637/637/637 
f 638/638/638 636/636/636 639/639/639 
f 640/640/640 638/638/638 639/639/639 
f 641/641/641 642/642/642 643/643/643 
f 641/641/641 644/644/644 642/642/642 
f 644/644/644 641/641/641 645/645/645 
f 646/646/646 644/644/644 645/645/645 
f 646/646/646 647/647/647 644/644/644 
f 646/646/646 648/648/648 647/647/647 
f 649/649/649 650/650/650 651/651/651 
f 652/652/652 651/651/651 650/650/650 
f 653/653/653 651/651/651 652/652/652 
f 654/654/654 653/653/653 652/652/652 
f 653/653/653 654/654/654 655/655/655 
f 656/656/656 657/657/657 658/658/658 
f 658/658/658 659/659/659 656/656/656 
f 660/660/660 657/657/657 656/656/656 
f 660/660/660 661/661/661 657/657/657 
f 662/662/662 663/663/663 664/664/664 
f 663/663/663 662/662/662 665/665/665 
f 664/664/664 666/666/666 662/662/662 
f 666/666/666 664/664/664 667/667/667 
f 668/668/668 669/669/669 670/670/670 
f 670/670/670 671/671/671 668/668/668 
f 668/668/668 671/671/671 672/672/672 
f 673/673/673 668/668/668 672/672/672 
f 668/668/668 674/674/674 669/669/669 
f 668/668/668 673/673/673 674/674/674 
f 675/675/675 669/669/669 674/674/674 
f 676/676/676 674/674/674 673/673/673 
f 677/677/677 675/675/675 674/674/674 
f 674/674/674 676/676/676 677/677/677 
f 678/678/678 675/675/675 677/677/677 
f 679/679/679 677/677/677 676/676/676 
f 680/680/680 678/678/678 677/677/677 
f 677/677/677 679/679/679 680/680/680 
f 681/681/681 682/682/682 683/683/683 
f 681/681/681 684/684/684 682/682/682 
f 684/684/684 681/681/681 685/685/685 
f 684/684/684 685/685/685 686/686/686 
f 686/686/686 687/687/687 684/684/684 
f 686/686/686 688/688/688 687/687/687 
f 689/689/689 690/690/690 691/691/691 
f 692/692/692 690/690/690 689/689/689 
f 690/690/690 692/692/692 693/693/693 
f 692/692/692 694/694/694 693/693/693 
f 694/694/694 692/692/692 695/695/695 
f 696/696/696 694/694/694 695/695/695 
f 697/697/697 698/698/698 699/699/699 
f 698/698/698 697/697/697 700/700/700 
f 700/700/700 701/701/701 698/698/698 
f 701/701/701 700/700/700 702/702/702 
f 703/703/703 704/704/704 705/705/705 
f 703/703/703 705/705/705 706/706/706 
f 706/706/706 705/705/705 707/707/707 
f 706/706/706 707/707/707 708/708/708 
f 709/709/709 710/710/710 711/711/711 
f 710/710/710 709/709/709 712/712/712 
f 711/711/711 713/713/713 709/709/709 
f 713/713/713 711/711/711 714/714/714 
f 715/715/715 716/716/716 717/717/717 
f 716/716/716 715/715/715 718/718/718 
f 719/719/719 718/718/718 715/715/715 
f 718/718/718 719/719/719 720/720/720 
f 721/721/721 722/722/722 723/723/723 
f 722/722/722 721/721/721 724/724/724 
f 725/725/725 726/726/726 727/727/727 
f 726/726/726 725/725/725 728/728/728 
f 727/727/727 729/729/729 725/725/725 
f 729/729/729 727/727/727 730/730/730 
f 731/731/731 732/732/732 733/733/733 
f 732/732/732 731/731/731 734/734/734 
f 735/735/735 734/734/734 731/731/731 
f 734/734/734 735/735/735 736/736/736 
f 737/737/737 738/738/738 739/739/739 
f 737/737/737 739/739/739 740/740/740 
f 740/740/740 741/741/741 737/737/737 
f 737/737/737 741/741/741 742/742/742 
f 743/743/743 737/737/737 742/742/742 
f 737/737/737 743/743/743 738/738/738 
f 744/744/744 739/739/739 738/738/738 
f 745/745/745 738/738/738 743/743/743 
f 746/746/746 744/744/744 738/738/738 
f 738/738/738 745/745/745 746/746/746 
f 747/747/747 744/744/744 746/746/746 
f 748/748/748 746/746/746 745/745/745 
f 749/749/749 747/747/747 746/746/746 
f 746/746/746 748/748/748 749/749/749 
f 750/750/750 751/751/751 752/752/752 
f 753/753/753 752/752/752 751/751/751 
f 754/754/754 752/752/752 753/753/753 
f 753/753/753 755/755/755 754/754/754 
f 755/755/755 753/753/753 756/756/756 
f 757/757/757 758/758/758 759/759/759 
f 757/757/757 759/759/759 760/760/760 
f 760/760/760 759/759/759 761/761/761 
f 760/760/760 761/761/761 762/762/762 
f 763/763/763 764/764/764 765/765/765 
f 764/764/764 763/763/763 766/766/766 
f 766/766/766 767/767/767 764/764/764 
f 767/767/767 766/766/766 768/768/768 
f 769/769/769 770/770/770 771/771/771 
f 770/770/770 772/772/772 771/771/771 
f 770/770/770 773/773/773 772/772/772 
f 773/773/773 774/774/774 772/772/772 
f 774/774/774 773/773/773 775/775/775 
f 775/775/775 776/776/776 774/774/774 
f 776/776/776 775/775/775 777/777/777 
f 777/777/777 778/778/778 776/776/776 
f 778/778/778 777/777/777 779/779/779 
f 779/779/779 780/780/780 778/778/778 
f 780/780/780 779/779/779 781/781/781 
f 781/781/781 782/782/782 780/780/780 
f 783/783/783 784/784/784 785/785/785 
f 784/784/784 786/786/786 785/785/785 
f 787/787/787 785/785/785 786/786/786 
f 788/788/788 787/787/787 786/786/786 
f 787/787/787 788/788/788 789/789/789 
f 790/790/790 789/789/789 788/788/788 
f 789/789/789 790/790/790 791/791/791 
f 792/792/792 791/791/791 790/790/790 
f 791/791/791 792/792/792 793/793/793 
f 794/794/794 793/793/793 792/792/792 
f 793/793/793 794/794/794 795/795/795 
f 795/795/795 794/794/794 796/796/796 
f 797/797/797 798/798/798 799/799/799 
f 798/798/798 800/800/800 799/799/799 
f 799/799/799 800/800/800 801/801/801 
f 800/800/800 802/802/802 801/801/801 
f 802/802/802 803/803/803 801/801/801 
f 801/801/801 803/803/803 804/804/804 
f 805/805/805 801/801/801 804/804/804 
f 806/806/806 805/805/805 804/804/804 
f 804/804/804 803/803/803 807/807/807 
f 808/808/808 807/807/807 803/803/803 
f 809/809/809 807/807/807 808/808/808 
f 810/810/810 807/807/807 809/809/809 
f 811/811/811 807/807/807 810/810/810 
f 812/812/812 811/811/811 810/810/810 
f 813/813/813 809/809/809 808/808/808 
f 814/814/814 813/813/813 808/808/808 
f 815/815/815 814/814/814 808/808/808 
f 816/816/816 813/813/813 814/814/814 
f 817/817/817 813/813/813 816/816/816 
f 818/818/818 817/817/817 816/816/816 
f 819/819/819 817/817/817 818/818/818 
f 820/820/820 821/821/821 819/819/819 
f 821/821/821 817/817/817 819/819/819 
f 822/822/822 817/817/817 821/821/821 
f 823/823/823 817/817/817 822/822/822 
f 824/824/824 817/817/817 823/823/823 
f 825/825/825 824/824/824 823/823/823 
f 826/826/826 817/817/817 824/824/824 
f 827/827/827 817/817/817 826/826/826 
f 828/828/828 827/827/827 826/826/826 
f 829/829/829 828/828/828 826/826/826 
f 830/830/830 829/829/829 826/826/826 
f 831/831/831 830/830/830 826/826/826 
f 832/832/832 830/830/830 831/831/831 
f 833/833/833 830/830/830 832/832/832 
f 834/834/834 835/835/835 836/836/836 
f 835/835/835 837/837/837 836/836/836 
f 836/836/836 838/838/838 834/834/834 
f 838/838/838 839/839/839 834/834/834 
f 834/834/834 839/839/839 840/840/840 
f 841/841/841 834/834/834 840/840/840 
f 834/834/834 841/841/841 835/835/835 
f 841/841/841 842/842/842 835/835/835 
f 837/837/837 835/835/835 842/842/842 
f 842/842/842 841/841/841 843/843/843 
f 844/844/844 837/837/837 842/842/842 
f 843/843/843 844/844/844 842/842/842 
f 837/837/837 844/844/844 845/845/845 
f 844/844/844 843/843/843 846/846/846 
f 847/847/847 848/848/848 849/849/849 
f 849/849/849 848/848/848 850/850/850 
f 848/848/848 851/851/851 850/850/850 
f 850/850/850 851/851/851 852/852/852 
f 852/852/852 851/851/851 853/853/853 
f 851/851/851 854/854/854 853/853/853 
f 855/855/855 854/854/854 851/851/851 
f 856/856/856 854/854/854 855/855/855 
f 854/854/854 857/857/857 853/853/853 
f 858/858/858 853/853/853 857/857/857 
f 859/859/859 858/858/858 857/857/857 
f 860/860/860 859/859/859 857/857/857 
f 861/861/861 860/860/860 857/857/857 
f 862/862/862 860/860/860 861/861/861 
f 863/863/863 858/858/858 859/859/859 
f 864/864/864 858/858/858 863/863/863 
f 865/865/865 858/858/858 864/864/864 
f 866/866/866 864/864/864 863/863/863 
f 867/867/867 866/866/866 863/863/863 
f 868/868/868 866/866/866 867/867/867 
f 869/869/869 868/868/868 867/867/867 
f 870/870/870 869/869/869 871/871/871 
f 871/871/871 869/869/869 867/867/867 
f 872/872/872 871/871/871 867/867/867 
f 873/873/873 872/872/872 867/867/867 
f 874/874/874 873/873/873 867/867/867 
f 875/875/875 873/873/873 874/874/874 
f 876/876/876 874/874/874 867/867/867 
f 877/877/877 876/876/876 867/867/867 
f 878/878/878 876/876/876 877/877/877 
f 879/879/879 876/876/876 878/878/878 
f 880/880/880 876/876/876 879/879/879 
f 881/881/881 876/876/876 880/880/880 
f 882/882/882 881/881/881 880/880/880 
f 883/883/883 882/882/882 880/880/880 
f 884/884/884 885/885/885 886/886/886 
f 887/887/887 885/885/885 884/884/884 
f 885/885/885 887/887/887 888/888/888 
f 887/887/887 889/889/889 888/888/888 
f 889/889/889 887/887/887 890/890/890 
f 891/891/891 889/889/889 890/890/890 
f 891/891/891 890/890/890 892/892/892 
f 893/893/893 891/891/891 892/892/892 
f 893/893/893 892/892/892 894/894/894 
f 893/893/893 894/894/894 895/895/895 
f 893/893/893 895/895/895 896/896/896 
f 896/896/896 897/897/897 893/893/893 
f 898/898/898 897/897/897 896/896/896 
f 899/899/899 900/900/900 901/901/901 
f 901/901/901 902/902/902 899/899/899 
f 902/902/902 901/901/901 903/903/903 
f 902/902/902 903/903/903 904/904/904 
f 904/904/904 905/905/905 902/902/902 
f 906/906/906 905/905/905 904/904/904 
f 906/906/906 907/907/907 905/905/905 
f 908/908/908 907/907/907 906/906/906 
f 908/908/908 909/909/909 907/907/907 
f 908/908/908 910/910/910 909/909/909 
f 908/908/908 911/911/911 910/910/910 
f 911/911/911 908/908/908 912/912/912 
f 911/911/911 912/912/912 913/913/913 
f 914/914/914 915/915/915 916/916/916 
f 916/916/916 917/917/917 914/914/914 
f 915/915/915 914/914/914 918/918/918 
f 919/919/919 915/915/915 918/918/918 
f 917/917/917 916/916/916 920/920/920 
f 917/917/917 920/920/920 921/921/921 
f 915/915/915 558/558/558 916/916/916 
f 916/916/916 558/558/558 920/920/920 
f 915/915/915 919/919/919 922/922/922 
f 922/922/922 919/919/919 923/923/923 
f 921/921/921 920/920/920 924/924/924 
f 920/920/920 558/558/558 924/924/924 
f 921/921/921 924/924/924 925/925/925 
f 925/925/925 924/924/924 926/926/926 
f 924/924/924 558/558/558 926/926/926 
f 560/560/560 925/925/925 926/926/926 
f 926/926/926 558/558/558 560/560/560 
f 925/925/925 560/560/560 567/567/567 
f 922/922/922 923/923/923 927/927/927 
f 927/927/927 923/923/923 928/928/928 
f 915/915/915 922/922/922 929/929/929 
f 922/922/922 927/927/927 929/929/929 
f 915/915/915 929/929/929 558/558/558 
f 928/928/928 930/930/930 927/927/927 
f 927/927/927 930/930/930 929/929/929 
f 928/928/928 931/931/931 930/930/930 
f 930/930/930 932/932/932 929/929/929 
f 931/931/931 932/932/932 930/930/930 
f 931/931/931 933/933/933 932/932/932 
f 932/932/932 933/933/933 929/929/929 
f 933/933/933 931/931/931 934/934/934 
f 935/935/935 558/558/558 929/929/929 
f 929/929/929 933/933/933 936/936/936 
f 937/937/937 938/938/938 936/936/936 
f 937/937/937 936/936/936 939/939/939 
f 939/939/939 936/936/936 940/940/940 
f 933/933/933 940/940/940 936/936/936 
f 939/939/939 940/940/940 941/941/941 
f 942/942/942 940/940/940 933/933/933 
f 941/941/941 940/940/940 942/942/942 
f 934/934/934 942/942/942 933/933/933 
f 941/941/941 942/942/942 943/943/943 
f 942/942/942 934/934/934 943/943/943 
f 944/944/944 935/935/935 945/945/945 
f 935/935/935 944/944/944 946/946/946 
f 946/946/946 947/947/947 935/935/935 
f 947/947/947 946/946/946 948/948/948 
f 947/947/947 949/949/949 935/935/935 
f 935/935/935 949/949/949 558/558/558 
f 948/948/948 950/950/950 947/947/947 
f 950/950/950 948/948/948 951/951/951 
f 952/952/952 950/950/950 951/951/951 
f 953/953/953 947/947/947 950/950/950 
f 950/950/950 952/952/952 953/953/953 
f 949/949/949 947/947/947 953/953/953 
f 954/954/954 953/953/953 952/952/952 
f 953/953/953 954/954/954 949/949/949 
f 955/955/955 949/949/949 954/954/954 
f 949/949/949 955/955/955 956/956/956 
f 957/957/957 958/958/958 959/959/959 
f 960/960/960 958/958/958 957/957/957 
f 958/958/958 960/960/960 961/961/961 
f 960/960/960 962/962/962 961/961/961 
f 963/963/963 962/962/962 960/960/960 
f 963/963/963 964/964/964 962/962/962 
f 965/965/965 966/966/966 967/967/967 
f 967/967/967 968/968/968 965/965/965 
f 968/968/968 967/967/967 969/969/969 
f 969/969/969 970/970/970 968/968/968 
f 970/970/970 971/971/971 968/968/968 
f 971/971/971 970/970/970 972/972/972 
f 973/973/973 974/974/974 975/975/975 
f 976/976/976 974/974/974 973/973/973 
f 974/974/974 976/976/976 977/977/977 
f 978/978/978 977/977/977 976/976/976 
f 979/979/979 978/978/978 976/976/976 
f 979/979/979 980/980/980 978/978/978 
f 981/981/981 982/982/982 983/983/983 
f 983/983/983 984/984/984 981/981/981 
f 984/984/984 983/983/983 985/985/985 
f 985/985/985 986/986/986 984/984/984 
f 987/987/987 984/984/984 986/986/986 
f 987/987/987 986/986/986 988/988/988 
f 989/989/989 990/990/990 991/991/991 
f 992/992/992 991/991/991 990/990/990 
f 990/990/990 993/993/993 992/992/992 
f 993/993/993 994/994/994 992/992/992 
f 994/994/994 993/993/993 995/995/995 
f 995/995/995 996/996/996 994/994/994 
f 996/996/996 995/995/995 997/997/997 
f 998/998/998 999/999/999 1000/1000/1000 
f 999/999/999 1001/1001/1001 1000/1000/1000 
f 1002/1002/1002 1000/1000/1000 1001/1001/1001 
f 1003/1003/1003 1002/1002/1002 1001/1001/1001 
f 1002/1002/1002 1003/1003/1003 1004/1004/1004 
f 1005/1005/1005 1004/1004/1004 1003/1003/1003 
f 1004/1004/1004 1005/1005/1005 1006/1006/1006 
f 1007/1007/1007 1008/1008/1008 1009/1009/1009 
f 1010/1010/1010 1009/1009/1009 1008/1008/1008 
f 1008/1008/1008 1011/1011/1011 1010/1010/1010 
f 1011/1011/1011 1012/1012/1012 1010/1010/1010 
f 1012/1012/1012 1011/1011/1011 1013/1013/1013 
f 1013/1013/1013 1014/1014/1014 1012/1012/1012 
f 1014/1014/1014 1013/1013/1013 1015/1015/1015 
f 1016/1016/1016 1017/1017/1017 1018/1018/1018 
f 1017/1017/1017 1019/1019/1019 1018/1018/1018 
f 1018/1018/1018 1019/1019/1019 1020/1020/1020 
f 1021/1021/1021 1020/1020/1020 1019/1019/1019 
f 1020/1020/1020 1021/1021/1021 1022/1022/1022 
f 1023/1023/1023 1022/1022/1022 1021/1021/1021 
f 1022/1022/1022 1023/1023/1023 1024/1024/1024 
f 1025/1025/1025 1026/1026/1026 1027/1027/1027 
f 1027/1027/1027 1026/1026/1026 1028/1028/1028 
f 1028/1028/1028 1026/1026/1026 1029/1029/1029 
f 1030/1030/1030 1028/1028/1028 1029/1029/1029 
f 1029/1029/1029 1026/1026/1026 1031/1031/1031 
f 1032/1032/1032 1030/1030/1030 1029/1029/1029 
f 1033/1033/1033 1030/1030/1030 1032/1032/1032 
f 1034/1034/1034 1029/1029/1029 1031/1031/1031 
f 1035/1035/1035 1034/1034/1034 1031/1031/1031 
f 1036/1036/1036 1035/1035/1035 1031/1031/1031 
f 1037/1037/1037 1038/1038/1038 1039/1039/1039 
f 1038/1038/1038 1040/1040/1040 1039/1039/1039 
f 1040/1040/1040 1041/1041/1041 1039/1039/1039 
f 1042/1042/1042 1041/1041/1041 1040/1040/1040 
f 1041/1041/1041 1043/1043/1043 1039/1039/1039 
f 1044/1044/1044 1041/1041/1041 1042/1042/1042 
f 1045/1045/1045 1044/1044/1044 1042/1042/1042 
f 1046/1046/1046 1043/1043/1043 1041/1041/1041 
f 1047/1047/1047 1043/1043/1043 1046/1046/1046 
f 1048/1048/1048 1043/1043/1043 1047/1047/1047 
f 1049/1049/1049 1050/1050/1050 1051/1051/1051 
f 1050/1050/1050 1049/1049/1049 1052/1052/1052 
f 1052/1052/1052 1053/1053/1053 1050/1050/1050 
f 1051/1051/1051 1054/1054/1054 1049/1049/1049 
f 1054/1054/1054 1051/1051/1051 1055/1055/1055 
f 1049/1049/1049 1054/1054/1054 1056/1056/1056 
f 1056/1056/1056 1054/1054/1054 1057/1057/1057 
f 1058/1058/1058 1059/1059/1059 1060/1060/1060 
f 1058/1058/1058 1060/1060/1060 1061/1061/1061 
f 1061/1061/1061 1060/1060/1060 1062/1062/1062 
f 1063/1063/1063 1059/1059/1059 1058/1058/1058 
f 1059/1059/1059 1063/1063/1063 1064/1064/1064 
f 1065/1065/1065 1063/1063/1063 1058/1058/1058 
f 1063/1063/1063 1065/1065/1065 1066/1066/1066 

