# This file is brought to you by Roblox Corporation
# Generated by Roblox Studio

mtllib bugcat.mtl

g Pet1

v -2.06404 0.135242 -0.312677 
v -2.06103 0.289498 -0.31413 
v -2.06403 0.140923 -0.48437 
v -2.06104 0.293626 -0.48589 
v 1.98682 0.387847 -0.00623418 
v 1.98679 0.393053 -0.261984 
v 1.98896 0.610904 -0.0066227 
v 1.99084 0.618753 -0.262146 
v -1.98429 0.599539 0.806076 
v -1.9806 0.788255 0.804298 
v -1.98428 0.606488 0.596026 
v -1.98062 0.793307 0.594167 
v 1.93273 0.911971 0.646915 
v 1.93252 0.78952 0.64582 
v 1.93149 0.912144 0.501352 
v 1.93031 0.786017 0.499061 
v 1.82155 -0.954677 0.466176 
v 1.82152 -0.949472 0.210426 
v 1.8237 -0.73162 0.465787 
v 1.82558 -0.723772 0.210264 
v -1.85218 -0.986612 1.02697 
v -1.8546 -0.854171 1.02829 
v -1.85461 -0.857753 0.879322 
v -1.85217 -0.992051 0.878062 
v -1.85632 0.127326 -0.301948 
v -1.85466 0.300956 -0.302248 
v -1.85634 0.132046 -0.500243 
v -1.8532 0.307042 -0.500368 
v 0.523049 0.850551 -1.55702 
v 0.285078 0.850551 -1.55702 
v 0.521521 1.02161 -1.56166 
v 0.284499 1.02069 -1.56235 
v 0.28434 0.832881 -1.37912 
v 0.535012 1.00888 -1.34879 
v 0.536903 0.832881 -1.37912 
v 0.283753 1.00789 -1.34938 
v -1.72101 0.582581 0.827331 
v -1.71884 0.809454 0.826937 
v -1.72105 0.588748 0.568229 
v -1.71694 0.817406 0.568065 
v 1.67677 0.36284 0.017438 
v 1.67679 0.373631 -0.277947 
v 1.68196 0.629244 0.014939 
v 1.68193 0.636349 -0.280562 
v -0.284688 0.280801 -1.37209 
v 0.286309 0.832891 -1.37944 
v 0.288354 0.282443 -1.36993 
v -0.286732 0.831256 -1.3816 
v 1.51151 -0.979685 0.489848 
v 1.51152 -0.968894 0.194463 
v 1.51669 -0.713281 0.487349 
v 1.51666 -0.706176 0.191848 
v -0.417647 0.162005 -1.36037 
v -0.299523 0.265096 -1.36234 
v -0.298515 0.157652 -1.36036 
v -0.418701 0.267961 -1.36233 
v -1.53889 0.368447 1.09871 
v -1.53367 0.556951 1.09654 
v -1.53888 0.375388 0.842953 
v -1.5337 0.561996 0.840688 
v -1.56421 -0.336969 0.942266 
v -1.55683 -0.0968386 0.917861 
v -1.56257 -0.339731 0.686637 
v -1.55525 -0.114292 0.663494 
v 1.42605 1.14302 -0.0501708 
v 1.42603 1.14652 -0.22186 
v 1.42749 1.29277 -0.050431 
v 1.42875 1.29803 -0.221969 
v 0.0924046 -1.48054 1.0596 
v 0.486802 -1.48054 0.604182 
v 0.527252 -1.48054 1.01699 
v 0.0519549 -1.48054 0.646791 
v -0.548491 -1.48054 1.02303 
v -0.0770834 -1.48054 0.64789 
v -0.113224 -1.48054 1.0611 
v -0.512351 -1.48054 0.60982 
v -0.518027 -1.48054 0.432728 
v -0.046619 -1.48054 0.0575913 
v -0.0827593 -1.48054 0.470798 
v -0.481887 -1.48054 0.0195212 
v 0.0690609 -1.48054 0.46912 
v 0.455673 -1.48054 0.00707507 
v 0.503123 -1.48054 0.419137 
v 0.0216107 -1.48054 0.0570588 
v -0.597806 0.883434 -1.08637 
v -0.0756393 0.884655 -1.08503 
v -0.596531 0.619064 -1.13023 
v -0.0722748 0.619064 -1.13023 
v 1.38787 -0.0403313 0.919902 
v 1.38684 -0.170936 0.770947 
v 1.38675 -0.0395266 0.768812 
v 1.38919 -0.172772 0.922247 
v 0.232594 1.34559 -0.0617322 
v 0.0652303 1.3473 -0.208287 
v 0.0652236 1.34186 -0.0593787 
v 0.232574 1.34913 -0.210638 
v -1.88278 -0.360874 1.58322 
v -1.78302 -0.281615 1.58322 
v -1.78302 -0.245432 1.58322 
v -1.63987 -0.360874 1.58322 
v -1.63987 -0.281615 1.58322 
v -1.78302 -0.16893 1.58322 
v -1.88278 0.0605759 1.58322 
v -1.63987 -0.16893 1.58322 
v -1.63987 -0.245432 1.58322 
v -1.53794 -0.16893 1.58322 
v -1.63987 -0.092428 1.58322 
v -1.78302 -0.0159261 1.58322 
v -1.78302 0.066434 1.58322 
v -1.78302 0.137078 1.58322 
v -1.63987 0.0682261 1.58322 
v -1.53794 0.247878 1.58322 
v -1.63987 0.137078 1.58322 
v -1.63987 0.173261 1.58322 
v -1.78302 0.247878 1.58322 
v -1.78302 0.173261 1.58322 
v -1.39997 -0.533003 0.330727 
v -1.38944 -0.257518 0.319272 
v -1.39762 -0.520332 -0.0346717 
v -1.38718 -0.261688 -0.0457552 
v 0.232042 -1.30628 -1.15122 
v 0.331808 -1.19084 -1.15122 
v 0.331808 -1.22702 -1.15122 
v 0.474951 -1.30628 -1.15121 
v 0.474951 -1.22702 -1.15121 
v 0.331808 -1.11433 -1.15122 
v 0.232042 -0.884829 -1.15122 
v 0.474951 -1.11433 -1.15121 
v 0.474951 -1.19084 -1.15121 
v 0.576886 -1.11433 -1.15121 
v 0.474951 -1.03783 -1.15121 
v 0.331808 -0.961331 -1.15122 
v 0.331808 -0.878971 -1.15122 
v 0.331808 -0.808327 -1.15122 
v 0.474951 -0.877179 -1.15121 
v 0.576886 -0.697526 -1.15121 
v 0.474951 -0.808327 -1.15121 
v 0.474951 -0.772144 -1.15121 
v 0.331808 -0.697526 -1.15122 
v 0.331808 -0.772144 -1.15122 
v 1.42749 1.29277 -0.050431 
v 1.23607 1.2975 -0.221355 
v 1.23609 1.29337 -0.0495948 
v 1.42875 1.29803 -0.221969 
v 1.20457 0.227607 -1.14727 
v 1.13957 0.145798 -1.14727 
v 1.1099 0.145798 -1.14727 
v 1.20457 0.0284198 -1.14727 
v 1.13957 0.0284198 -1.14727 
v 1.04742 0.227607 -1.14727 
v 1.04742 0.0284198 -1.14727 
v 1.1099 0.0284198 -1.14727 
v 1.04742 -0.0551673 -1.14727 
v 0.86706 0.0284198 -1.14727 
v 0.796176 -0.0551677 -1.14727 
v 0.796243 0.145798 -1.14727 
v 0.86706 0.145798 -1.14727 
v -1.04441 0.295669 1.42593 
v -0.620546 0.00636068 1.42821 
v -0.614395 0.290309 1.42732 
v -1.05032 0.00224322 1.42751 
v 1.21791 1.12623 -0.0342783 
v 1.21792 1.13348 -0.232576 
v 1.22139 1.30508 -0.0359568 
v 1.22137 1.30985 -0.234332 
v -0.582715 0.548498 -0.866929 
v -0.0628826 0.795598 -0.772115 
v -0.0589624 0.548498 -0.866928 
v -0.583932 0.794329 -0.773254 
v 1.14327 -1.15539 0.734299 
v 1.14321 -1.13775 0.479508 
v 1.14672 -0.92072 0.733912 
v 1.14975 -0.912901 0.479346 
v -0.871369 -1.22354 1.38791 
v -0.0140692 -1.25078 1.38791 
v -0.904511 -0.437894 1.38791 
v -0.0139402 -0.433903 1.38729 
v -0.013827 0.284948 1.38674 
v -0.870461 0.377176 1.38353 
v -0.0138112 0.382973 1.38667 
v -0.013827 0.284948 1.38674 
v 0.842839 0.334928 1.38981 
v 0.869449 -0.437894 1.38791 
v 0.843236 -1.22354 1.38791 
v -0.0139402 -0.433903 1.38729 
v 0.819424 0.522466 1.38336 
v 0.560445 0.322291 1.38317 
v 0.838196 0.308116 1.38317 
v 0.759514 0.729451 1.38336 
v 0.593099 0.945698 1.38336 
v 0.560445 0.322291 1.38317 
v 0.323972 0.547756 1.38336 
v 0.282714 0.337111 1.38317 
v 0.405095 0.747533 1.38336 
v 0.593099 0.945698 1.38336 
v -0.338069 0.566716 1.37888 
v -0.583759 0.350431 1.3787 
v -0.305628 0.352808 1.3787 
v -0.834124 0.560356 1.37888 
v -0.583759 0.350431 1.3787 
v -0.861866 0.347506 1.3787 
v -0.590924 0.974656 1.37888 
v -0.76591 0.764903 1.37888 
v -0.411057 0.769448 1.37888 
v -1.02212 0.557543 1.37888 
v -0.526062 0.563903 1.37888 
v -0.953902 0.762091 1.37888 
v -0.59905 0.766636 1.37888 
v -0.0140692 -1.26386 1.00179 
v 0.835736 -1.26137 1.1138 
v -0.0140692 -1.25078 1.38791 
v 0.843236 -1.22354 1.38791 
v -0.871369 -1.22354 1.38791 
v 0.828566 -1.27243 0.851521 
v -0.863539 -1.2619 0.895865 
v -0.0140691 -1.27732 0.632336 
v 0.836006 -1.23489 0.15381 
v -0.856039 -1.27348 0.425054 
v -0.014069 -1.23489 0.0796218 
v 0.843237 -1.13805 -0.3267 
v -0.864139 -1.23489 0.00543389 
v -0.014069 -1.16113 -0.3267 
v -0.871368 -1.13805 -0.3267 
v 1.44079 1.1312 -0.0374125 
v 1.21792 1.13348 -0.232576 
v 1.21791 1.12623 -0.0342783 
v 1.44077 1.13592 -0.235707 
v -1.17961 0.345635 1.12196 
v -1.17674 0.583924 1.12149 
v -1.17966 0.352113 0.811811 
v -1.17422 0.592276 0.811614 
v -1.16199 0.920906 0.365635 
v -1.16309 0.790338 0.216676 
v -1.16074 0.786608 0.367998 
v -1.16331 0.920723 0.215547 
v 1.10388 -0.444482 0.0408604 
v 1.10797 -0.712735 -0.430428 
v 1.10082 -0.416279 -0.430428 
v 1.1077 -0.760644 0.0445489 
v 1.14327 -1.15539 0.734299 
v 0.680354 -1.14865 0.496917 
v 1.14321 -1.13775 0.479508 
v 0.680336 -1.16952 0.751712 
v -1.45421 0.0373204 -0.849564 
v -1.37495 0.137087 -0.849564 
v -1.19952 0.137087 -0.849564 
v -1.45421 0.28023 -0.849564 
v -1.37495 0.28023 -0.849564 
v -1.03276 0.0373204 -0.849564 
v -1.10926 0.137087 -0.849564 
v -1.12302 0.28023 -0.849564 
v -1.0269 0.137087 -0.849564 
v -0.956255 0.137087 -0.849564 
v -1.02511 0.28023 -0.849564 
v -1.12274 0.382165 -0.849564 
v -0.956871 0.382165 -0.849564 
v 1.07914 -0.997021 -0.848685 
v 1.14493 -0.914211 -0.848685 
v 1.29053 -0.914211 -0.848685 
v 1.07914 -0.795398 -0.848685 
v 1.14493 -0.795398 -0.848685 
v 1.42896 -0.997021 -0.848685 
v 1.36546 -0.914211 -0.848685 
v 1.35403 -0.795398 -0.848685 
v 1.43382 -0.914211 -0.848685 
v 1.49246 -0.914211 -0.848685 
v 1.43531 -0.795398 -0.848685 
v 1.35427 -0.710788 -0.848685 
v 1.49194 -0.710788 -0.848685 
v -1.06935 -0.339292 0.944797 
v -1.06526 -0.0729713 0.919663 
v -1.06756 -0.346121 0.653741 
v -1.05996 -0.0909136 0.629918 
v -1.05032 0.00224322 1.42751 
v -1.03572 0.235321 0.946886 
v -1.04194 -0.0523718 0.947526 
v -1.04441 0.295669 1.42593 
v 0.95536 0.169046 0.332679 
v 0.955318 0.190355 -0.0373938 
v 0.958093 0.452662 0.332118 
v 0.960491 0.462112 -0.0376286 
v 0.46981 0.0573428 -0.743815 
v 0.23184 0.0573428 -0.743815 
v 0.468282 0.228407 -0.748463 
v 0.231261 0.227479 -0.749152 
v 1.82155 -0.954677 0.466176 
v 1.5341 -0.952032 0.213443 
v 1.82152 -0.949472 0.210426 
v 1.53409 -0.960493 0.469197 
v -0.568623 -0.935485 -0.227511 
v -0.927649 -0.909335 -0.530879 
v -0.565986 -0.904091 -0.551035 
v -0.930518 -0.945896 -0.207404 
v 1.40583 -1.25023 1.10461 
v 1.47615 -1.19436 1.10461 
v 1.47615 -1.16886 1.10461 
v 1.57703 -1.25023 1.10461 
v 1.57703 -1.19436 1.10461 
v 1.47615 -1.11494 1.10461 
v 1.40583 -0.953183 1.10461 
v 1.57703 -1.11494 1.10461 
v 1.57703 -1.16886 1.10461 
v 1.64888 -1.11494 1.10461 
v 1.57703 -1.06102 1.10461 
v 1.47615 -1.0071 1.10461 
v 1.47615 -0.949054 1.10461 
v 1.47615 -0.899264 1.10461 
v 1.57703 -0.947791 1.10461 
v 1.64888 -0.82117 1.10461 
v 1.57703 -0.899264 1.10461 
v 1.57703 -0.873761 1.10461 
v 1.47615 -0.82117 1.10461 
v 1.47615 -0.873761 1.10461 
v 0.536903 0.832881 -1.37912 
v 0.549048 0.831274 -1.57673 
v 0.28434 0.832881 -1.37912 
v 0.259247 0.831274 -1.57673 
v -1.53367 0.556951 1.09654 
v -1.20499 0.373218 1.09568 
v -1.2025 0.556207 1.0953 
v -1.53889 0.368447 1.09871 
v -0.930518 -0.945896 -0.207404 
v -0.91173 -0.561328 -0.20614 
v -0.927649 -0.909335 -0.530879 
v -0.909708 -0.548269 -0.529985 
v 1.16432 -0.911564 0.742908 
v 0.670237 -0.912974 0.485476 
v 1.16758 -0.903151 0.468998 
v 0.670279 -0.919568 0.759741 
v -1.74644 0.787511 0.803276 
v -1.98062 0.793307 0.594167 
v -1.9806 0.788255 0.804298 
v -1.74489 0.793957 0.593415 
v 0.835736 -1.26137 1.1138 
v 0.869449 -0.437894 1.38791 
v 0.843236 -1.22354 1.38791 
v 0.828566 -0.486787 0.851521 
v 0.828566 -1.27243 0.851521 
v 0.836006 -1.23489 0.15381 
v 0.829234 0.266461 0.849606 
v 0.842839 0.334928 1.38981 
v 0.817039 -0.416279 -0.3267 
v 0.843237 -1.13805 -0.3267 
v 0.843229 0.302596 -0.326872 
v 0.511524 0.996394 -1.36984 
v 0.521521 1.02161 -1.56166 
v 0.305202 0.995581 -1.37033 
v 0.284499 1.02069 -1.56235 
v -0.856039 -0.487912 0.425045 
v -0.863539 -1.2619 0.895865 
v -0.904511 -0.437894 1.38791 
v -0.871369 -1.22354 1.38791 
v -0.856039 -1.27348 0.425054 
v -0.864139 -1.23489 0.00543389 
v -0.856309 0.258728 0.425948 
v -0.870461 0.377176 1.38353 
v -0.844893 -0.416279 -0.3267 
v -0.871368 -1.13805 -0.3267 
v -0.871376 0.303713 -0.326805 
v -1.8546 -0.854171 1.02829 
v -2.0096 -0.857936 0.880641 
v -1.85461 -0.857753 0.879322 
v -2.01063 -0.853366 1.02942 
v -1.30964 0.792048 0.367992 
v -1.16309 0.790338 0.216676 
v -1.31199 0.793882 0.216693 
v -1.16074 0.786608 0.367998 
v -0.926821 0.752211 -0.613095 
v -0.856505 0.833576 -0.613095 
v -0.856505 0.808073 -0.613095 
v -0.755617 0.752211 -0.613095 
v -0.755617 0.808073 -0.613095 
v -0.856505 0.887495 -0.613095 
v -0.926821 1.04925 -0.613095 
v -0.755617 0.887495 -0.613095 
v -0.755617 0.833576 -0.613095 
v -0.683772 0.887495 -0.613095 
v -0.755617 0.941414 -0.613095 
v -0.856505 0.995334 -0.613095 
v -0.856505 1.05338 -0.613095 
v -0.856505 1.10317 -0.613095 
v -0.755617 1.05464 -0.613095 
v -0.683772 1.18127 -0.613095 
v -0.755617 1.10317 -0.613095 
v -0.755617 1.12867 -0.613095 
v -0.856505 1.18127 -0.613095 
v -0.856505 1.12867 -0.613095 
v -0.130978 0.715699 0.771532 
v -0.416119 0.722756 0.516923 
v -0.416095 0.716605 0.772777 
v -0.129097 0.723548 0.516008 
v 1.93252 0.78952 0.64582 
v 2.07016 0.791125 0.499067 
v 1.93031 0.786017 0.499061 
v 2.07236 0.792849 0.645803 
v 0.231101 0.0396727 -0.565915 
v 0.481773 0.215674 -0.535587 
v 0.483664 0.0396727 -0.565915 
v 0.230514 0.214684 -0.536175 
v -0.565986 -0.904091 -0.551035 
v -0.909708 -0.548269 -0.529985 
v -0.548652 -0.545846 -0.54751 
v -0.927649 -0.909335 -0.530879 
v 0.555813 -0.760644 0.0445489 
v 1.10797 -0.712735 -0.430428 
v 1.1077 -0.760644 0.0445489 
v 0.548483 -0.727341 -0.43047 
v -0.588451 0.2418 0.920276 
v -1.05863 0.248193 0.919871 
v -0.595712 -0.0740213 0.921267 
v -1.06555 -0.0717938 0.920583 
v 0.662502 -1.17927 0.76206 
v 0.662521 -1.15681 0.487904 
v 0.670279 -0.919568 0.759741 
v 0.670237 -0.912974 0.485476 
v -1.87108 0.142641 -0.486395 
v -2.06104 0.293626 -0.48589 
v -1.86836 0.294158 -0.486504 
v -2.06403 0.140923 -0.48437 
v -1.72101 0.582581 0.827331 
v -2.01223 0.585555 0.572321 
v -2.01224 0.57609 0.831426 
v -1.72105 0.588748 0.568229 
v 0.490069 -1.33298 0.988029 
v 0.123259 -1.33298 1.02397 
v 0.0924046 -1.48054 1.0596 
v 0.527252 -1.48054 1.01699 
v 0.48196 -1.16718 0.981713 
v 0.129987 -1.16718 1.0162 
v -0.771359 0.536784 0.970644 
v -0.642231 0.738386 1.23468 
v -0.774709 0.712282 1.102 
v -0.585953 0.552665 1.16113 
v -0.511613 -1.33298 0.99368 
v -0.113224 -1.48054 1.0611 
v -0.144448 -1.33298 1.02579 
v -0.548491 -1.48054 1.02303 
v -0.50357 -1.16718 0.98728 
v -0.151257 -1.16718 1.01809 
v -1.55683 -0.0968386 0.917861 
v -1.10117 -0.324503 0.926567 
v -1.09758 -0.0908768 0.904519 
v -1.56421 -0.336969 0.942266 
v -1.85461 -0.857753 0.879322 
v -2.0096 -0.857936 0.880641 
v -2.00844 -0.988321 0.880415 
v -1.85217 -0.992051 0.878062 
v -0.703955 -0.530576 0.327351 
v -0.698335 -0.235523 0.317745 
v -0.70148 -0.520699 -0.0749226 
v -0.69101 -0.237976 -0.0837651 
v 1.98896 0.610904 -0.0066227 
v 1.70382 0.617962 -0.261231 
v 1.70385 0.611811 -0.00537775 
v 1.99084 0.618753 -0.262146 
v 1.84599 -0.713645 0.484732 
v 1.51666 -0.706176 0.191848 
v 1.84816 -0.70458 0.189613 
v 1.51669 -0.713281 0.487349 
v -1.2025 0.556207 1.0953 
v -1.5337 0.561996 0.840688 
v -1.53367 0.556951 1.09654 
v -1.20032 0.562645 0.839774 
v 1.10797 -0.712735 -0.430428 
v 0.548483 -0.727341 -0.43047 
v 0.548482 -0.430779 -0.4305 
v 1.10082 -0.416279 -0.430428 
v -0.562763 0.771202 1.41189 
v -0.642231 0.738386 1.23468 
v -0.474644 0.568185 1.41189 
v -0.585953 0.552665 1.16113 
v -1.559 0.590804 0.813962 
v -1.17966 0.352113 0.811811 
v -1.17422 0.592276 0.811614 
v -1.56497 0.348759 0.816708 
v -1.9806 0.788255 0.804298 
v -1.7482 0.604315 0.803595 
v -1.74644 0.787511 0.803276 
v -1.98429 0.599539 0.806076 
v -0.774602 0.714766 1.12088 
v -0.886224 0.734911 1.23135 
v -0.664872 0.737746 1.23135 
v -0.59905 0.766636 1.37888 
v -0.953902 0.762091 1.37888 
v 0.564571 0.131783 0.383709 
v 0.564587 0.160294 -0.0345254 
v 0.571039 0.46145 0.38017 
v 0.571004 0.46982 -0.0382285 
v -0.416095 0.716605 0.772777 
v -0.133121 0.492642 0.77192 
v -0.130978 0.715699 0.771532 
v -0.420583 0.486826 0.774941 
v 0.687564 -0.928158 0.749556 
v 1.14327 -1.15539 0.734299 
v 1.14672 -0.92072 0.733912 
v 0.680336 -1.16952 0.751712 
v 1.38675 -0.0395266 0.768812 
v 1.38684 -0.170936 0.770947 
v 1.53552 -0.0440963 0.769802 
v 1.53575 -0.174482 0.77093 
v -1.07353 0.558883 1.41189 
v -0.474644 0.568185 1.41189 
v -0.959533 0.54739 1.16113 
v -0.585953 0.552665 1.16113 
v -0.588451 0.2418 0.920276 
v -0.596847 -0.00646877 1.45523 
v -0.590006 0.309353 1.45423 
v -0.595712 -0.0740213 0.921267 
v -0.739698 0.550238 1.17012 
v -0.430265 0.554198 1.17012 
v -0.583835 0.540901 1.01153 
v -0.338069 0.566716 1.37888 
v -0.834124 0.560356 1.37888 
v -0.11116 0.475034 0.790924 
v -0.443154 0.478426 0.500208 
v -0.443167 0.467635 0.795593 
v -0.111199 0.482065 0.495544 
v 0.519436 -0.427512 0.0684231 
v 0.523703 -0.780939 0.0725461 
v 0.515509 -0.743712 -0.458465 
v 0.515509 -0.412192 -0.458498 
v -0.771359 0.536784 0.970644 
v -0.959533 0.54739 1.16113 
v -0.585953 0.552665 1.16113 
v -0.014069 -1.16113 -0.3267 
v -0.844893 -0.416279 -0.3267 
v -0.0140712 0.284828 -0.326842 
v -0.871376 0.303713 -0.326805 
v -0.871368 -1.13805 -0.3267 
v 0.817039 -0.416279 -0.3267 
v 0.843229 0.302596 -0.326872 
v 0.843237 -1.13805 -0.3267 
v -2.0792 0.122359 -0.298814 
v -2.07572 0.301201 -0.300492 
v -1.85632 0.127326 -0.301948 
v -1.85466 0.300956 -0.302248 
v 0.28434 0.832881 -1.37912 
v 0.258542 1.03847 -1.58323 
v 0.283753 1.00789 -1.34938 
v 0.259247 0.831274 -1.57673 
v -0.526748 -0.535397 -0.202402 
v -0.933806 -0.520278 -0.551592 
v -0.521606 -0.517511 -0.571599 
v -0.936115 -0.535187 -0.181872 
v 0.958093 0.452662 0.332118 
v 0.594449 0.451077 -0.0153852 
v 0.59448 0.443671 0.35484 
v 0.960491 0.462112 -0.0376286 
v -0.0976654 0.786973 -0.796531 
v -0.0756393 0.884655 -1.08503 
v -0.552198 0.785866 -0.797525 
v -0.597806 0.883434 -1.08637 
v -0.544406 -0.962345 -0.20627 
v -0.526748 -0.535397 -0.202402 
v -0.541395 -0.926504 -0.575623 
v -0.521606 -0.517511 -0.571599 
v 0.513076 0.85187 -1.39475 
v 0.521521 1.02161 -1.56166 
v 0.511524 0.996394 -1.36984 
v 0.523049 0.850551 -1.55702 
v -0.736934 -0.517888 0.309521 
v -1.39762 -0.520332 -0.0346717 
v -0.734686 -0.508919 -0.0557586 
v -1.39997 -0.533003 0.330727 
v 0.459837 0.0586628 -0.581547 
v 0.468282 0.228407 -0.748463 
v 0.458285 0.203185 -0.556644 
v 0.46981 0.0573428 -0.743815 
v 1.98679 0.393053 -0.261984 
v 1.70382 0.617962 -0.261231 
v 1.99084 0.618753 -0.262146 
v 1.69937 0.390493 -0.258967 
v -1.17961 0.345635 1.12196 
v -1.56497 0.348759 0.816708 
v -1.56498 0.338817 1.12686 
v -1.17966 0.352113 0.811811 
v 0.517678 0.838583 0.622819 
v 0.617444 0.917841 0.622819 
v 0.617444 0.954025 0.622819 
v 0.760587 0.838583 0.622819 
v 0.760587 0.917841 0.622819 
v 0.517678 1.03022 0.622819 
v 0.760587 1.03022 0.622819 
v 0.760587 0.954025 0.622819 
v 0.862522 1.03022 0.622819 
v 0.760587 1.25017 0.622819 
v 0.862522 1.33662 0.622819 
v 0.617444 1.33653 0.622819 
v 0.617444 1.25017 0.622819 
v -0.957565 -0.974231 -0.183315 
v -0.936115 -0.535187 -0.181872 
v -0.544406 -0.962345 -0.20627 
v -0.526748 -0.535397 -0.202402 
v -0.420583 0.486826 0.774941 
v -0.416095 0.716605 0.772777 
v -0.420571 0.495288 0.519188 
v -0.416119 0.722756 0.516923 
v 1.42603 1.14652 -0.22186 
v 1.23607 1.2975 -0.221355 
v 1.42875 1.29803 -0.221969 
v 1.23308 1.1448 -0.219834 
v -1.58697 -0.099663 0.644909 
v -1.06756 -0.346121 0.653741 
v -1.05996 -0.0909136 0.629918 
v -1.59531 -0.35665 0.67129 
v -0.582715 0.548498 -0.866929 
v -0.0589624 0.548498 -0.866928 
v -0.0337766 0.603118 -1.15464 
v -0.634752 0.603118 -1.15465 
v 0.519436 -0.427512 0.0684231 
v 1.13295 -0.395984 -0.458417 
v 1.13637 -0.427512 0.0684232 
v 0.515509 -0.412192 -0.458498 
v 2.00878 0.37024 0.0127701 
v 1.67679 0.373631 -0.277947 
v 1.67677 0.36284 0.017438 
v 2.00874 0.377271 -0.28261 
v -2.00772 0.816006 0.570027 
v -1.72105 0.588748 0.568229 
v -1.71694 0.817406 0.568065 
v -2.01223 0.585555 0.572321 
v 0.231101 0.0396727 -0.565915 
v 0.205303 0.245258 -0.770024 
v 0.230514 0.214684 -0.536175 
v 0.206008 0.0380654 -0.763526 
v -0.870461 0.377176 1.38353 
v -0.0138112 0.382973 1.38667 
v -0.0139244 0.261803 0.630875 
v -0.856309 0.258728 0.425948 
v 0.829234 0.266461 0.849606 
v 0.842839 0.334928 1.38981 
v 0.843229 0.302596 -0.326872 
v -0.0140712 0.284828 -0.326842 
v -0.871376 0.303713 -0.326805 
v -1.86962 0.288889 -0.314966 
v -2.06104 0.293626 -0.48589 
v -2.06103 0.289498 -0.31413 
v -1.86836 0.294158 -0.486504 
v -0.597806 0.883434 -1.08637 
v -0.551138 0.571417 -0.879241 
v -0.552198 0.785866 -0.797525 
v -0.596531 0.619064 -1.13023 
v 0.670237 -0.912974 0.485476 
v 1.16055 -1.14509 0.469172 
v 1.16758 -0.903151 0.468998 
v 0.662521 -1.15681 0.487904 
v -0.438011 0.741142 0.497592 
v -0.111199 0.482065 0.495544 
v -0.106513 0.742739 0.495357 
v -0.443154 0.478426 0.500208 
v 0.425427 -1.33298 0.0432213 
v 0.465453 -1.33298 0.390811 
v 0.503123 -1.48054 0.419137 
v 0.455673 -1.48054 0.00707507 
v 0.418832 -1.16718 0.0511046 
v 0.457238 -1.16718 0.384634 
v -0.734686 -0.508919 -0.0557586 
v -1.38718 -0.261688 -0.0457552 
v -0.725179 -0.252195 -0.0637881 
v -1.39762 -0.520332 -0.0346717 
v 2.07139 0.915507 0.50134 
v 1.93149 0.912144 0.501352 
v 2.07016 0.791125 0.499067 
v 1.93031 0.786017 0.499061 
v 1.73436 -0.385053 0.477297 
v 1.83412 -0.305794 0.477297 
v 1.83412 -0.130371 0.477297 
v 1.97727 -0.385053 0.477297 
v 1.97727 -0.305794 0.477297 
v 1.73436 0.0363965 0.477297 
v 1.83412 -0.0401054 0.477297 
v 1.97727 -0.0538689 0.477297 
v 1.83412 0.0422548 0.477297 
v 1.83412 0.112898 0.477297 
v 1.97727 0.0440467 0.477297 
v 2.0792 -0.053582 0.477297 
v 2.0792 0.112282 0.477297 
v 1.53858 -0.730714 0.467032 
v 1.82155 -0.954677 0.466176 
v 1.8237 -0.73162 0.465787 
v 1.53409 -0.960493 0.469197 
v 0.455948 -1.33298 0.63981 
v 0.490069 -1.33298 0.988029 
v 0.527252 -1.48054 1.01699 
v 0.486802 -1.48054 0.604182 
v 0.449219 -1.16718 0.64758 
v 0.48196 -1.16718 0.981713 
v -0.518027 -1.48054 0.432728 
v -0.450663 -1.33298 0.0548252 
v -0.481887 -1.48054 0.0195212 
v -0.481149 -1.33298 0.403382 
v -0.443853 -1.16718 0.0625247 
v -0.473106 -1.16718 0.396981 
v -1.10117 -0.324503 0.926567 
v -1.56257 -0.339731 0.686637 
v -1.0996 -0.330494 0.671242 
v -1.56421 -0.336969 0.942266 
v -0.299523 0.265096 -1.36234 
v -0.300398 0.160636 -1.48684 
v -0.298515 0.157652 -1.36036 
v -0.300579 0.264949 -1.48778 
v 0.0652236 1.34186 -0.0593787 
v 0.0678366 1.47616 -0.0606387 
v 0.232594 1.34559 -0.0617322 
v 0.233842 1.47597 -0.0619587 
v -0.548491 -1.48054 1.02303 
v -0.481127 -1.33298 0.645124 
v -0.512351 -1.48054 0.60982 
v -0.511613 -1.33298 0.99368 
v -0.474318 -1.16718 0.652823 
v -0.50357 -1.16718 0.98728 
v 1.21791 1.12623 -0.0342783 
v 1.22139 1.30508 -0.0359568 
v 1.44079 1.1312 -0.0374125 
v 1.44246 1.30483 -0.0377133 
v 0.59448 0.443671 0.35484 
v 0.95536 0.169046 0.332679 
v 0.958093 0.452662 0.332118 
v 0.588756 0.151962 0.357971 
v -1.85632 0.127326 -0.301948 
v -2.07919 0.129602 -0.497111 
v -2.0792 0.122359 -0.298814 
v -1.85634 0.132046 -0.500243 
v -0.614395 0.290309 1.42732 
v -1.03572 0.235321 0.946886 
v -1.04441 0.295669 1.42593 
v -0.612997 0.229573 0.94725 
v -0.417647 0.162005 -1.36037 
v -0.300398 0.160636 -1.48684 
v -0.419528 0.163472 -1.48683 
v -0.298515 0.157652 -1.36036 
v 0.978878 0.15109 0.355127 
v 0.564587 0.160294 -0.0345254 
v 0.564571 0.131783 0.383709 
v 0.97883 0.175172 -0.0631019 
v -1.42005 -0.248429 -0.0639059 
v -0.698335 -0.235523 0.317745 
v -1.42254 -0.243837 0.33809 
v -0.69101 -0.237976 -0.0837651 
v 0.955318 0.190355 -0.0373938 
v 0.594449 0.451077 -0.0153852 
v 0.960491 0.462112 -0.0376286 
v 0.58877 0.17719 -0.0121076 
v 1.67677 0.36284 0.017438 
v 1.68196 0.629244 0.014939 
v 2.00878 0.37024 0.0127701 
v 2.01126 0.62888 0.0123216 
v 0.458285 0.203185 -0.556644 
v 0.468282 0.228407 -0.748463 
v 0.251963 0.202373 -0.557127 
v 0.231261 0.227479 -0.749152 
v 0.523703 -0.780939 0.0725461 
v 1.13637 -0.427512 0.0684232 
v 1.14064 -0.780939 0.0725461 
v 0.519436 -0.427512 0.0684231 
v 0.208954 0.644543 -0.82374 
v -0.286732 0.831256 -1.3816 
v -0.217571 0.643223 -0.824925 
v 0.286309 0.832891 -1.37944 
v 0.151872 0.263461 -0.3033 
v -0.168759 0.262411 -0.303937 
v -0.0376338 0.907574 -1.10283 
v -0.0589624 0.548498 -0.866928 
v -0.0628826 0.795598 -0.772115 
v -0.0337766 0.603118 -1.15464 
v 0.210348 0.286501 -0.960172 
v -0.216177 0.285181 -0.961357 
v -0.284688 0.280801 -1.37209 
v 0.288354 0.282443 -1.36993 
v 0.151243 -0.117052 -0.30474 
v -0.169389 -0.118094 -0.305377 
v 0.210348 0.286501 -0.960172 
v 0.286309 0.832891 -1.37944 
v 0.208954 0.644543 -0.82374 
v 0.288354 0.282443 -1.36993 
v 0.151872 0.263461 -0.3033 
v 0.151243 -0.117052 -0.30474 
v 0.483664 0.0396727 -0.565915 
v 0.495809 0.0380654 -0.763526 
v 0.231101 0.0396727 -0.565915 
v 0.206008 0.0380654 -0.763526 
v -0.11116 0.475034 0.790924 
v -0.108685 0.733675 0.790476 
v -0.111199 0.482065 0.495544 
v -0.106513 0.742739 0.495357 
v 0.465453 -1.33298 0.390811 
v 0.0993062 -1.33298 0.432975 
v 0.0690609 -1.48054 0.46912 
v 0.503123 -1.48054 0.419137 
v 0.457238 -1.16718 0.384634 
v 0.105902 -1.16718 0.425091 
v -0.481149 -1.33298 0.403382 
v -0.0827593 -1.48054 0.470798 
v -0.113983 -1.33298 0.435494 
v -0.518027 -1.48054 0.432728 
v -0.473106 -1.16718 0.396981 
v -0.120793 -1.16718 0.427796 
v -1.04194 -0.0523718 0.947526 
v -0.620546 0.00636068 1.42821 
v -1.05032 0.00224322 1.42751 
v -0.619525 -0.0543743 0.948142 
v -0.216177 0.285181 -0.961357 
v -0.286732 0.831256 -1.3816 
v -0.284688 0.280801 -1.37209 
v -0.217571 0.643223 -0.824925 
v -0.168759 0.262411 -0.303937 
v -0.169389 -0.118094 -0.305377 
v -1.38944 -0.257518 0.319272 
v -0.736934 -0.517888 0.309521 
v -0.731831 -0.249968 0.3008 
v -1.39997 -0.533003 0.330727 
v 0.0652236 1.34186 -0.0593787 
v 0.0652303 1.3473 -0.208287 
v 0.0678366 1.47616 -0.0606387 
v 0.0678223 1.47974 -0.209605 
v -1.58697 -0.099663 0.644909 
v -1.06526 -0.0729713 0.919663 
v -1.58877 -0.079767 0.934871 
v -1.05996 -0.0909136 0.629918 
v -1.31209 0.925292 0.214557 
v -1.31199 0.793882 0.216693 
v -1.16331 0.920723 0.215547 
v -1.16309 0.790338 0.216676 
v 1.51666 -0.706176 0.191848 
v 1.84348 -0.965254 0.1898 
v 1.84816 -0.70458 0.189613 
v 1.51152 -0.968894 0.194463 
v -1.28721 -0.939887 0.203748 
v -1.36647 -0.840121 0.203748 
v -1.40265 -0.840121 0.203748 
v -1.28721 -0.696978 0.203748 
v -1.36647 -0.696978 0.203748 
v -1.47884 -0.939887 0.203748 
v -1.47884 -0.696978 0.203748 
v -1.40265 -0.696978 0.203748 
v -1.47884 -0.595043 0.203748 
v -1.6988 -0.696978 0.203748 
v -1.78524 -0.595042 0.203748 
v -1.78516 -0.840121 0.203748 
v -1.6988 -0.840121 0.203748 
v -1.28721 -0.939887 0.193407 
v -1.40265 -0.840121 0.193407 
v -1.36647 -0.840121 0.193407 
v -1.28721 -0.696978 0.193407 
v -1.36647 -0.696978 0.193407 
v -1.47884 -0.939887 0.193407 
v -1.47884 -0.696978 0.193407 
v -1.40265 -0.696978 0.193407 
v -1.47884 -0.595043 0.193407 
v -1.6988 -0.696978 0.193407 
v -1.78524 -0.595042 0.193407 
v -1.78516 -0.840121 0.193407 
v -1.6988 -0.840121 0.193407 
v 1.82152 -0.949472 0.210426 
v 1.53856 -0.724562 0.211179 
v 1.82558 -0.723772 0.210264 
v 1.5341 -0.952032 0.213443 
v -0.590924 0.974656 1.37888 
v -0.698231 0.737723 1.23135 
v -0.76591 0.764903 1.37888 
v -0.586609 0.717578 1.12088 
v -0.476879 0.740558 1.23135 
v -0.411057 0.769448 1.37888 
v -0.481887 -1.48054 0.0195212 
v -0.0834973 -1.33298 0.0869387 
v -0.046619 -1.48054 0.0575913 
v -0.450663 -1.33298 0.0548252 
v -0.0915403 -1.16718 0.0933385 
v -0.443853 -1.16718 0.0625247 
v 1.38787 -0.0403313 0.919902 
v 1.53552 -0.0440963 0.769802 
v 1.53684 -0.0439133 0.91989 
v 1.38675 -0.0395266 0.768812 
v 0.455673 -1.48054 0.00707507 
v 0.0216107 -1.48054 0.0570588 
v 0.0592795 -1.33298 0.085384 
v 0.425427 -1.33298 0.0432213 
v 0.067495 -1.16718 0.0915618 
v 0.418832 -1.16718 0.0511046 
v 1.38919 -0.172772 0.922247 
v 1.53575 -0.174482 0.77093 
v 1.38684 -0.170936 0.770947 
v 1.5381 -0.178211 0.922252 
v -1.09758 -0.0908768 0.904519 
v -1.55525 -0.114292 0.663494 
v -1.55683 -0.0968386 0.917861 
v -1.09294 -0.106617 0.650344 
v -0.703955 -0.530576 0.327351 
v -1.43414 -0.547223 0.350704 
v -1.42254 -0.243837 0.33809 
v -0.698335 -0.235523 0.317745 
v -1.07487 -0.0110476 1.45444 
v -0.596847 -0.00646877 1.45523 
v -1.06555 -0.0717938 0.920583 
v -0.595712 -0.0740213 0.921267 
v -0.133121 0.492642 0.77192 
v -0.133154 0.497848 0.516171 
v -0.130978 0.715699 0.771532 
v -0.129097 0.723548 0.516008 
v 0.459837 0.0586628 -0.581547 
v 0.252444 0.0586628 -0.581547 
v 0.46981 0.0573428 -0.743815 
v 0.23184 0.0573428 -0.743815 
v -0.0756393 0.884655 -1.08503 
v -0.0942454 0.571417 -0.879241 
v -0.0722748 0.619064 -1.13023 
v -0.0976654 0.786973 -0.796531 
v 1.10388 -0.444482 0.0408604 
v 0.555813 -0.760644 0.0445489 
v 1.1077 -0.760644 0.0445489 
v 0.551996 -0.444482 0.0408604 
v 0.481773 0.215674 -0.535587 
v 0.230514 0.214684 -0.536175 
v 0.493949 0.246388 -0.769185 
v 0.205303 0.245258 -0.770024 
v -1.30964 0.792048 0.367992 
v -1.16199 0.920906 0.365635 
v -1.16074 0.786608 0.367998 
v -1.31096 0.924487 0.365648 
v -0.731831 -0.249968 0.3008 
v -1.38718 -0.261688 -0.0457552 
v -1.38944 -0.257518 0.319272 
v -0.725179 -0.252195 -0.0637881 
v 1.70385 0.611811 -0.00537775 
v 1.98682 0.387847 -0.00623418 
v 1.98896 0.610904 -0.0066227 
v 1.69936 0.382032 -0.00321321 
v 0.571004 0.46982 -0.0382285 
v 0.97883 0.175172 -0.0631019 
v 0.984677 0.48229 -0.0633666 
v 0.564587 0.160294 -0.0345254 
v 0.95536 0.169046 0.332679 
v 0.58877 0.17719 -0.0121076 
v 0.955318 0.190355 -0.0373938 
v 0.588756 0.151962 0.357971 
v -0.590006 0.309353 1.45423 
v -1.05863 0.248193 0.919871 
v -0.588451 0.2418 0.920276 
v -1.0683 0.315316 1.45269 
v -1.87106 0.139147 -0.314705 
v -2.06403 0.140923 -0.48437 
v -1.87108 0.142641 -0.486395 
v -2.06404 0.135242 -0.312677 
v -0.144448 -1.33298 1.02579 
v -0.0770834 -1.48054 0.64789 
v -0.113962 -1.33298 0.677237 
v -0.113224 -1.48054 1.0611 
v -0.151257 -1.16718 1.01809 
v -0.122005 -1.16718 0.683637 
v -0.90947 0.735166 1.23468 
v -0.771359 0.536784 0.970644 
v -0.774709 0.712282 1.102 
v -0.959533 0.54739 1.16113 
v 0.564571 0.131783 0.383709 
v 0.571039 0.46145 0.38017 
v 0.978878 0.15109 0.355127 
v 0.981967 0.471611 0.354492 
v 1.23609 1.29337 -0.0495948 
v 1.42605 1.14302 -0.0501708 
v 1.42749 1.29277 -0.050431 
v 1.23307 1.13912 -0.0481421 
v -0.113983 -1.33298 0.435494 
v -0.046619 -1.48054 0.0575913 
v -0.0834973 -1.33298 0.0869387 
v -0.0827593 -1.48054 0.470798 
v -0.120793 -1.16718 0.427796 
v -0.0915403 -1.16718 0.0933385 
v 0.123259 -1.33298 1.02397 
v 0.0519549 -1.48054 0.646791 
v 0.0924046 -1.48054 1.0596 
v 0.0891376 -1.33298 0.675753 
v 0.129987 -1.16718 1.0162 
v 0.0972466 -1.16718 0.682068 
v 0.232594 1.34559 -0.0617322 
v 0.233842 1.47597 -0.0619587 
v 0.232574 1.34913 -0.210638 
v 0.234936 1.48054 -0.210732 
v 0.0993062 -1.33298 0.432975 
v 0.0216107 -1.48054 0.0570588 
v 0.0690609 -1.48054 0.46912 
v 0.0592795 -1.33298 0.085384 
v 0.105902 -1.16718 0.425091 
v 0.067495 -1.16718 0.0915618 
v -1.06935 -0.339292 0.944797 
v -1.59531 -0.35665 0.67129 
v -1.59719 -0.353502 0.962692 
v -1.06756 -0.346121 0.653741 
v 1.73436 -0.385053 0.466956 
v 1.83412 -0.130371 0.466956 
v 1.83412 -0.305794 0.466956 
v 1.97727 -0.385053 0.466956 
v 1.97727 -0.305794 0.466956 
v 1.73436 0.0363965 0.466956 
v 1.83412 -0.0401054 0.466956 
v 1.97727 -0.0538689 0.466956 
v 1.83412 0.0422548 0.466956 
v 1.83412 0.112898 0.466956 
v 1.97727 0.0440467 0.466956 
v 2.0792 -0.053582 0.466956 
v 2.0792 0.112282 0.466956 
v 1.51151 -0.979685 0.489848 
v 1.51669 -0.713281 0.487349 
v 1.84351 -0.972285 0.48518 
v 1.84599 -0.713645 0.484732 
v -1.42005 -0.248429 -0.0639059 
v -0.70148 -0.520699 -0.0749226 
v -0.69101 -0.237976 -0.0837651 
v -1.43155 -0.533268 -0.0517005 
v -0.418701 0.267961 -1.36233 
v -0.300579 0.264949 -1.48778 
v -0.299523 0.265096 -1.36234 
v -0.419604 0.268605 -1.48861 
v 1.14321 -1.13775 0.479508 
v 0.687525 -0.922031 0.494661 
v 1.14975 -0.912901 0.479346 
v 0.680354 -1.14865 0.496917 
v -0.133154 0.497848 0.516171 
v -0.416119 0.722756 0.516923 
v -0.129097 0.723548 0.516008 
v -0.420571 0.495288 0.519188 
v -1.85466 0.300956 -0.302248 
v -2.07574 0.30597 -0.498867 
v -1.8532 0.307042 -0.500368 
v -2.07572 0.301201 -0.300492 
v -0.636213 0.906175 -1.10437 
v -0.582715 0.548498 -0.866929 
v -0.634752 0.603118 -1.15465 
v -0.583932 0.794329 -0.773254 
v 0.252444 0.0586628 -0.581547 
v 0.251963 0.202373 -0.557127 
v 0.231261 0.227479 -0.749152 
v 0.23184 0.0573428 -0.743815 
v -0.418701 0.267961 -1.36233 
v -0.419528 0.163472 -1.48683 
v -0.419604 0.268605 -1.48861 
v -0.417647 0.162005 -1.36037 
v -1.74822 0.60859 0.593548 
v -1.98062 0.793307 0.594167 
v -1.74489 0.793957 0.593415 
v -1.98428 0.606488 0.596026 
v 0.0678223 1.47974 -0.209605 
v 0.232574 1.34913 -0.210638 
v 0.234936 1.48054 -0.210732 
v 0.0652303 1.3473 -0.208287 
v 0.551996 -0.444482 0.0408604 
v 1.10082 -0.416279 -0.430428 
v 0.548482 -0.430779 -0.4305 
v 1.10388 -0.444482 0.0408604 
v 1.98682 0.387847 -0.00623418 
v 1.69937 0.390493 -0.258967 
v 1.98679 0.393053 -0.261984 
v 1.69936 0.382032 -0.00321321 
v 1.22137 1.30985 -0.234332 
v 1.44077 1.13592 -0.235707 
v 1.44391 1.31092 -0.235833 
v 1.21792 1.13348 -0.232576 
v -1.0996 -0.330494 0.671242 
v -1.55525 -0.114292 0.663494 
v -1.09294 -0.106617 0.650344 
v -1.56257 -0.339731 0.686637 
v -0.596531 0.619064 -1.13023 
v -0.0722748 0.619064 -1.13023 
v -0.551138 0.571417 -0.879241 
v -0.0942454 0.571417 -0.879241 
v 0.517678 0.838583 0.612478 
v 0.617444 0.954025 0.612478 
v 0.617444 0.917841 0.612478 
v 0.760587 0.838583 0.612478 
v 0.760587 0.917841 0.612478 
v 0.517678 1.03022 0.612478 
v 0.760587 1.03022 0.612478 
v 0.760587 0.954025 0.612478 
v 0.862522 1.03022 0.612478 
v 0.760587 1.25017 0.612478 
v 0.862522 1.33662 0.612478 
v 0.617444 1.33653 0.612478 
v 0.617444 1.25017 0.612478 
v -0.443167 0.467635 0.795593 
v -0.443154 0.478426 0.500208 
v -0.437983 0.734039 0.793093 
v -0.438011 0.741142 0.497592 
v 2.07236 0.792849 0.645803 
v 1.93252 0.78952 0.64582 
v 1.93273 0.911971 0.646915 
v 2.07245 0.916263 0.647875 
v -0.91173 -0.561328 -0.20614 
v -0.568623 -0.935485 -0.227511 
v -0.553157 -0.561513 -0.224123 
v -0.930518 -0.945896 -0.207404 
v 1.68193 0.636349 -0.280562 
v 2.00874 0.377271 -0.28261 
v 2.01343 0.637945 -0.282797 
v 1.67679 0.373631 -0.277947 
v -0.703955 -0.530576 0.327351 
v -1.43155 -0.533268 -0.0517005 
v -1.43414 -0.547223 0.350704 
v -0.70148 -0.520699 -0.0749226 
v -1.20499 0.373218 1.09568 
v -1.53888 0.375388 0.842953 
v -1.20503 0.377488 0.839936 
v -1.53889 0.368447 1.09871 
v -0.618258 0.551386 1.17012 
v -0.771828 0.538088 1.01153 
v -0.774602 0.714766 1.12088 
v -0.927691 0.547426 1.17012 
v -0.664872 0.737746 1.23135 
v -0.526062 0.563903 1.37888 
v -0.59905 0.766636 1.37888 
v -0.886224 0.734911 1.23135 
v -1.02212 0.557543 1.37888 
v -0.953902 0.762091 1.37888 
v 0.483664 0.0396727 -0.565915 
v 0.481773 0.215674 -0.535587 
v 0.493949 0.246388 -0.769185 
v 0.495809 0.0380654 -0.763526 
v 0.536903 0.832881 -1.37912 
v 0.535012 1.00888 -1.34879 
v 0.547188 1.0396 -1.58239 
v 0.549048 0.831274 -1.57673 
v -0.0628826 0.795598 -0.772115 
v -0.583932 0.794329 -0.773254 
v -0.0376338 0.907574 -1.10283 
v -0.636213 0.906175 -1.10437 
v -0.565986 -0.904091 -0.551035 
v -0.553157 -0.561513 -0.224123 
v -0.568623 -0.935485 -0.227511 
v -0.548652 -0.545846 -0.54751 
v 0.981967 0.471611 0.354492 
v 0.571004 0.46982 -0.0382285 
v 0.984677 0.48229 -0.0633666 
v 0.571039 0.46145 0.38017 
v 0.838196 0.308116 1.38317 
v 0.72662 0.515858 1.17459 
v 0.819424 0.522466 1.38336 
v 0.733339 0.277838 1.10418 
v 0.691985 0.704813 1.23582 
v 0.759514 0.729451 1.38336 
v 0.593099 0.945698 1.38336 
v 0.581012 0.688883 1.12536 
v 0.572514 0.512378 1.016 
v 0.560153 0.261676 0.906807 
v 0.386835 0.295613 1.10418 
v 0.417564 0.531638 1.17459 
v 0.282714 0.337111 1.38317 
v 0.323972 0.547756 1.38336 
v 0.470903 0.716101 1.23582 
v 0.405095 0.747533 1.38336 
v -0.553157 -0.561513 -0.224123 
v -0.909708 -0.548269 -0.529985 
v -0.91173 -0.561328 -0.20614 
v -0.548652 -0.545846 -0.54751 
v -2.06103 0.289498 -0.31413 
v -1.87106 0.139147 -0.314705 
v -1.86962 0.288889 -0.314966 
v -2.06404 0.135242 -0.312677 
v 0.305683 0.85187 -1.39475 
v 0.305202 0.995581 -1.37033 
v 0.284499 1.02069 -1.56235 
v 0.285078 0.850551 -1.55702 
v -0.526062 0.563903 1.37888 
v -1.02212 0.557543 1.37888 
v -0.927691 0.547426 1.17012 
v -0.618258 0.551386 1.17012 
v -0.771828 0.538088 1.01153 
v -0.133121 0.492642 0.77192 
v -0.420571 0.495288 0.519188 
v -0.133154 0.497848 0.516171 
v -0.420583 0.486826 0.774941 
v 0.551996 -0.444482 0.0408604 
v 0.548483 -0.727341 -0.43047 
v 0.555813 -0.760644 0.0445489 
v 0.548482 -0.430779 -0.4305 
v 1.16061 -1.16406 0.743324 
v 0.662502 -1.17927 0.76206 
v 0.670279 -0.919568 0.759741 
v 1.16432 -0.911564 0.742908 
v -0.620546 0.00636068 1.42821 
v -0.612997 0.229573 0.94725 
v -0.614395 0.290309 1.42732 
v -0.619525 -0.0543743 0.948142 
v -1.07353 0.558883 1.41189 
v -0.90947 0.735166 1.23468 
v -0.99118 0.766039 1.41189 
v -0.959533 0.54739 1.16113 
v -0.476879 0.740558 1.23135 
v -0.698231 0.737723 1.23135 
v -0.586609 0.717578 1.12088 
v -0.411057 0.769448 1.37888 
v -0.76591 0.764903 1.37888 
v -0.443167 0.467635 0.795593 
v -0.437983 0.734039 0.793093 
v -0.11116 0.475034 0.790924 
v -0.108685 0.733675 0.790476 
v -0.774709 0.712282 1.102 
v -0.642231 0.738386 1.23468 
v -0.90947 0.735166 1.23468 
v -0.562763 0.771202 1.41189 
v -0.90947 0.735166 1.23468 
v -0.642231 0.738386 1.23468 
v -0.99118 0.766039 1.41189 
v 0.588756 0.151962 0.357971 
v 0.59448 0.443671 0.35484 
v 0.58877 0.17719 -0.0121076 
v 0.594449 0.451077 -0.0153852 
v -2.01224 0.57609 0.831426 
v -2.0077 0.809773 0.829233 
v -1.72101 0.582581 0.827331 
v -1.71884 0.809454 0.826937 
v -1.20503 0.377488 0.839936 
v -1.5337 0.561996 0.840688 
v -1.20032 0.562645 0.839774 
v -1.53888 0.375388 0.842953 
v -0.512351 -1.48054 0.60982 
v -0.113962 -1.33298 0.677237 
v -0.0770834 -1.48054 0.64789 
v -0.481127 -1.33298 0.645124 
v -0.122005 -1.16718 0.683637 
v -0.474318 -1.16718 0.652823 
v 0.486802 -1.48054 0.604182 
v 0.0519549 -1.48054 0.646791 
v 0.0891376 -1.33298 0.675753 
v 0.455948 -1.33298 0.63981 
v 0.0972466 -1.16718 0.682068 
v 0.449219 -1.16718 0.64758 
v 0.515509 -0.412192 -0.458498 
v 1.14094 -0.727383 -0.458417 
v 1.13295 -0.395984 -0.458417 
v 0.515509 -0.743712 -0.458465 
v -1.17674 0.583924 1.12149 
v -1.559 0.590804 0.813962 
v -1.17422 0.592276 0.811614 
v -1.55897 0.58426 1.12424 
v 1.8237 -0.73162 0.465787 
v 1.53856 -0.724562 0.211179 
v 1.53858 -0.730714 0.467032 
v 1.82558 -0.723772 0.210264 
v 2.01126 0.62888 0.0123216 
v 1.68193 0.636349 -0.280562 
v 2.01343 0.637945 -0.282797 
v 1.68196 0.629244 0.014939 
v -1.06935 -0.339292 0.944797 
v -1.59719 -0.353502 0.962692 
v -1.58877 -0.079767 0.934871 
v -1.06526 -0.0729713 0.919663 
v -0.305628 0.352808 1.3787 
v -0.430265 0.554198 1.17012 
v -0.338069 0.566716 1.37888 
v -0.408375 0.317011 1.09971 
v -0.583835 0.540901 1.01153 
v -0.580237 0.291376 0.902333 
v -0.755357 0.313928 1.09971 
v -0.739698 0.550238 1.17012 
v -0.861866 0.347506 1.3787 
v -0.834124 0.560356 1.37888 
v -0.736934 -0.517888 0.309521 
v -0.734686 -0.508919 -0.0557586 
v -0.731831 -0.249968 0.3008 
v -0.725179 -0.252195 -0.0637881 
v -1.7482 0.604315 0.803595 
v -1.98428 0.606488 0.596026 
v -1.74822 0.60859 0.593548 
v -1.98429 0.599539 0.806076 
v -2.07574 0.30597 -0.498867 
v -1.85634 0.132046 -0.500243 
v -1.8532 0.307042 -0.500368 
v -2.07919 0.129602 -0.497111 
v 1.38919 -0.172772 0.922247 
v 1.53684 -0.0439133 0.91989 
v 1.5381 -0.178211 0.922252 
v 1.38787 -0.0403313 0.919902 
v 0.680336 -1.16952 0.751712 
v 0.687564 -0.928158 0.749556 
v 0.680354 -1.14865 0.496917 
v 0.687525 -0.922031 0.494661 
v 0.523703 -0.780939 0.0725461 
v 1.14064 -0.780939 0.0725461 
v 1.14094 -0.727383 -0.458417 
v 0.515509 -0.743712 -0.458465 
v -0.619525 -0.0543743 0.948142 
v -1.04194 -0.0523718 0.947526 
v -1.03572 0.235321 0.946886 
v -0.612997 0.229573 0.94725 
v 0.458285 0.203185 -0.556644 
v 0.252444 0.0586628 -0.581547 
v 0.459837 0.0586628 -0.581547 
v 0.251963 0.202373 -0.557127 
v -0.933806 -0.520278 -0.551592 
v -0.541395 -0.926504 -0.575623 
v -0.521606 -0.517511 -0.571599 
v -0.954289 -0.932491 -0.552612 
v -0.926821 0.752211 -0.60634 
v -0.856505 0.808073 -0.60634 
v -0.856505 0.833576 -0.60634 
v -0.755617 0.752211 -0.60634 
v -0.755617 0.808073 -0.60634 
v -0.856505 0.887495 -0.60634 
v -0.926821 1.04925 -0.60634 
v -0.755617 0.887495 -0.60634 
v -0.755617 0.833576 -0.60634 
v -0.683772 0.887495 -0.60634 
v -0.755617 0.941414 -0.60634 
v -0.856505 0.995334 -0.60634 
v -0.856505 1.05338 -0.60634 
v -0.856505 1.10317 -0.60634 
v -0.755617 1.05464 -0.60634 
v -0.683772 1.18127 -0.60634 
v -0.755617 1.10317 -0.60634 
v -0.755617 1.12867 -0.60634 
v -0.856505 1.18127 -0.60634 
v -0.856505 1.12867 -0.60634 
v -0.108685 0.733675 0.790476 
v -0.438011 0.741142 0.497592 
v -0.106513 0.742739 0.495357 
v -0.437983 0.734039 0.793093 
v -2.00842 -0.984776 1.02932 
v -1.8546 -0.854171 1.02829 
v -1.85218 -0.986612 1.02697 
v -2.01063 -0.853366 1.02942 
v 0.535012 1.00888 -1.34879 
v 0.283753 1.00789 -1.34938 
v 0.547188 1.0396 -1.58239 
v 0.258542 1.03847 -1.58323 
v 1.14672 -0.92072 0.733912 
v 0.687525 -0.922031 0.494661 
v 0.687564 -0.928158 0.749556 
v 1.14975 -0.912901 0.479346 
v -0.957565 -0.974231 -0.183315 
v -0.954289 -0.932491 -0.552612 
v -0.936115 -0.535187 -0.181872 
v -0.933806 -0.520278 -0.551592 
v -1.71884 0.809454 0.826937 
v -2.00772 0.816006 0.570027 
v -1.71694 0.817406 0.568065 
v -2.0077 0.809773 0.829233 
v 1.40583 -1.25023 1.09785 
v 1.47615 -1.16886 1.09785 
v 1.47615 -1.19436 1.09785 
v 1.57703 -1.25023 1.09785 
v 1.57703 -1.19436 1.09785 
v 1.47615 -1.11494 1.09785 
v 1.40583 -0.953183 1.09785 
v 1.57703 -1.11494 1.09785 
v 1.57703 -1.16886 1.09785 
v 1.64888 -1.11494 1.09785 
v 1.57703 -1.06102 1.09785 
v 1.47615 -1.0071 1.09785 
v 1.47615 -0.949054 1.09785 
v 1.47615 -0.899264 1.09785 
v 1.57703 -0.947791 1.09785 
v 1.64888 -0.82117 1.09785 
v 1.57703 -0.899264 1.09785 
v 1.57703 -0.873761 1.09785 
v 1.47615 -0.82117 1.09785 
v 1.47615 -0.873761 1.09785 
v 1.93273 0.911971 0.646915 
v 2.07139 0.915507 0.50134 
v 2.07245 0.916263 0.647875 
v 1.93149 0.912144 0.501352 
v -1.56498 0.338817 1.12686 
v -1.55897 0.58426 1.12424 
v -1.17961 0.345635 1.12196 
v -1.17674 0.583924 1.12149 
v 0.513076 0.85187 -1.39475 
v 0.305683 0.85187 -1.39475 
v 0.523049 0.850551 -1.55702 
v 0.285078 0.850551 -1.55702 
v -0.544406 -0.962345 -0.20627 
v -0.954289 -0.932491 -0.552612 
v -0.957565 -0.974231 -0.183315 
v -0.541395 -0.926504 -0.575623 
v 1.84351 -0.972285 0.48518 
v 1.51152 -0.968894 0.194463 
v 1.51151 -0.979685 0.489848 
v 1.84348 -0.965254 0.1898 
v -1.31096 0.924487 0.365648 
v -1.16331 0.920723 0.215547 
v -1.16199 0.920906 0.365635 
v -1.31209 0.925292 0.214557 
v 0.493949 0.246388 -0.769185 
v 0.205303 0.245258 -0.770024 
v 0.206008 0.0380654 -0.763526 
v 0.495809 0.0380654 -0.763526 
v -1.85218 -0.986612 1.02697 
v -2.00844 -0.988321 0.880415 
v -2.00842 -0.984776 1.02932 
v -1.85217 -0.992051 0.878062 
v 0.978878 0.15109 0.355127 
v 0.981967 0.471611 0.354492 
v 0.97883 0.175172 -0.0631019 
v 0.984677 0.48229 -0.0633666 
v -1.07487 -0.0110476 1.45444 
v -1.05863 0.248193 0.919871 
v -1.0683 0.315316 1.45269 
v -1.06555 -0.0717938 0.920583 
v 1.07914 -0.997021 -0.840102 
v 1.29053 -0.914211 -0.840102 
v 1.14493 -0.914211 -0.840102 
v 1.07914 -0.795398 -0.840102 
v 1.14493 -0.795398 -0.840102 
v 1.42896 -0.997021 -0.840102 
v 1.36546 -0.914211 -0.840102 
v 1.35403 -0.795398 -0.840102 
v 1.43382 -0.914211 -0.840102 
v 1.49246 -0.914211 -0.840102 
v 1.43531 -0.795398 -0.840102 
v 1.35427 -0.710788 -0.840102 
v 1.49194 -0.710788 -0.840102 
v -1.45421 0.0373204 -0.839224 
v -1.19952 0.137087 -0.839224 
v -1.37495 0.137087 -0.839224 
v -1.45421 0.28023 -0.839224 
v -1.37495 0.28023 -0.839224 
v -1.03276 0.0373204 -0.839224 
v -1.10926 0.137087 -0.839224 
v -1.12302 0.28023 -0.839224 
v -1.0269 0.137087 -0.839224 
v -0.956255 0.137087 -0.839223 
v -1.02511 0.28023 -0.839224 
v -1.12274 0.382165 -0.839224 
v -0.956871 0.382165 -0.839223 
v -1.10117 -0.324503 0.926567 
v -1.0996 -0.330494 0.671242 
v -1.09758 -0.0908768 0.904519 
v -1.09294 -0.106617 0.650344 
v 1.16061 -1.16406 0.743324 
v 0.662521 -1.15681 0.487904 
v 0.662502 -1.17927 0.76206 
v 1.16055 -1.14509 0.469172 
v 1.13637 -0.427512 0.0684232 
v 1.14094 -0.727383 -0.458417 
v 1.14064 -0.780939 0.0725461 
v 1.13295 -0.395984 -0.458417 
v 1.42605 1.14302 -0.0501708 
v 1.23308 1.1448 -0.219834 
v 1.42603 1.14652 -0.22186 
v 1.23307 1.13912 -0.0481421 
v -1.20499 0.373218 1.09568 
v -1.20503 0.377488 0.839936 
v -1.2025 0.556207 1.0953 
v -1.20032 0.562645 0.839774 
v 1.16061 -1.16406 0.743324 
v 1.16432 -0.911564 0.742908 
v 1.16055 -1.14509 0.469172 
v 1.16758 -0.903151 0.468998 
v -1.07353 0.558883 1.41189 
v -0.562763 0.771202 1.41189 
v -0.474644 0.568185 1.41189 
v -0.99118 0.766039 1.41189 
v -0.551138 0.571417 -0.879241 
v -0.0976654 0.786973 -0.796531 
v -0.552198 0.785866 -0.797525 
v -0.0942454 0.571417 -0.879241 
v 1.23307 1.13912 -0.0481421 
v 1.23609 1.29337 -0.0495948 
v 1.23308 1.1448 -0.219834 
v 1.23607 1.2975 -0.221355 
v -1.07487 -0.0110476 1.45444 
v -1.0683 0.315316 1.45269 
v -0.596847 -0.00646877 1.45523 
v -0.590006 0.309353 1.45423 
v -1.31096 0.924487 0.365648 
v -1.31199 0.793882 0.216693 
v -1.31209 0.925292 0.214557 
v -1.30964 0.792048 0.367992 
v 1.20457 0.227607 -1.13879 
v 1.1099 0.145798 -1.13879 
v 1.13957 0.145798 -1.13879 
v 1.20457 0.0284198 -1.13879 
v 1.13957 0.0284198 -1.13879 
v 1.04742 0.227607 -1.13879 
v 1.04742 0.0284198 -1.13879 
v 1.1099 0.0284198 -1.13879 
v 1.04742 -0.0551673 -1.13879 
v 0.86706 0.0284198 -1.13879 
v 0.796176 -0.0551677 -1.13879 
v 0.796243 0.145798 -1.13879 
v 0.86706 0.145798 -1.13879 
v 0.232042 -1.30628 -1.14163 
v 0.331808 -1.22702 -1.14163 
v 0.331808 -1.19084 -1.14163 
v 0.474951 -1.30628 -1.14163 
v 0.474951 -1.22702 -1.14163 
v 0.331808 -1.11433 -1.14163 
v 0.232042 -0.884829 -1.14163 
v 0.474951 -1.11433 -1.14163 
v 0.474951 -1.19084 -1.14163 
v 0.576886 -1.11433 -1.14163 
v 0.474951 -1.03783 -1.14163 
v 0.331808 -0.961331 -1.14163 
v 0.331808 -0.878971 -1.14163 
v 0.331808 -0.808327 -1.14163 
v 0.474951 -0.877179 -1.14163 
v 0.576886 -0.697526 -1.14163 
v 0.474951 -0.808327 -1.14163 
v 0.474951 -0.772144 -1.14163 
v 0.331808 -0.697526 -1.14163 
v 0.331808 -0.772144 -1.14163 
v 1.44246 1.30483 -0.0377133 
v 1.22137 1.30985 -0.234332 
v 1.44391 1.31092 -0.235833 
v 1.22139 1.30508 -0.0359568 
v -1.88278 -0.360874 1.57364 
v -1.78302 -0.245432 1.57364 
v -1.78302 -0.281615 1.57364 
v -1.63987 -0.360874 1.57364 
v -1.63987 -0.281615 1.57364 
v -1.78302 -0.16893 1.57364 
v -1.88278 0.0605759 1.57364 
v -1.63987 -0.16893 1.57364 
v -1.63987 -0.245432 1.57364 
v -1.53794 -0.16893 1.57364 
v -1.63987 -0.092428 1.57364 
v -1.78302 -0.0159261 1.57364 
v -1.78302 0.066434 1.57364 
v -1.78302 0.137078 1.57364 
v -1.63987 0.0682261 1.57364 
v -1.53794 0.247878 1.57364 
v -1.63987 0.137078 1.57364 
v -1.63987 0.173261 1.57364 
v -1.78302 0.247878 1.57364 
v -1.78302 0.173261 1.57364 
v -1.43414 -0.547223 0.350704 
v -1.43155 -0.533268 -0.0517005 
v -1.42254 -0.243837 0.33809 
v -1.42005 -0.248429 -0.0639059 
v -0.0376338 0.907574 -1.10283 
v -0.636213 0.906175 -1.10437 
v -0.634752 0.603118 -1.15465 
v -0.0337766 0.603118 -1.15464 
v 1.44079 1.1312 -0.0374125 
v 1.44246 1.30483 -0.0377133 
v 1.44077 1.13592 -0.235707 
v 1.44391 1.31092 -0.235833 
v 0.233842 1.47597 -0.0619587 
v 0.0678223 1.47974 -0.209605 
v 0.234936 1.48054 -0.210732 
v 0.0678366 1.47616 -0.0606387 
v -1.56498 0.338817 1.12686 
v -1.56497 0.348759 0.816708 
v -1.55897 0.58426 1.12424 
v -1.559 0.590804 0.813962 
v -1.59719 -0.353502 0.962692 
v -1.59531 -0.35665 0.67129 
v -1.58877 -0.079767 0.934871 
v -1.58697 -0.099663 0.644909 
v 1.53684 -0.0439133 0.91989 
v 1.53575 -0.174482 0.77093 
v 1.5381 -0.178211 0.922252 
v 1.53552 -0.0440963 0.769802 
v 1.53409 -0.960493 0.469197 
v 1.53858 -0.730714 0.467032 
v 1.5341 -0.952032 0.213443 
v 1.53856 -0.724562 0.211179 
v -0.419604 0.268605 -1.48861 
v -0.419528 0.163472 -1.48683 
v -0.300579 0.264949 -1.48778 
v -0.300398 0.160636 -1.48684 
v 1.69936 0.382032 -0.00321321 
v 1.70385 0.611811 -0.00537775 
v 1.69937 0.390493 -0.258967 
v 1.70382 0.617962 -0.261231 
v 0.511524 0.996394 -1.36984 
v 0.305683 0.85187 -1.39475 
v 0.513076 0.85187 -1.39475 
v 0.305202 0.995581 -1.37033 
v -1.7482 0.604315 0.803595 
v -1.74822 0.60859 0.593548 
v -1.74644 0.787511 0.803276 
v -1.74489 0.793957 0.593415 
v 0.547188 1.0396 -1.58239 
v 0.258542 1.03847 -1.58323 
v 0.259247 0.831274 -1.57673 
v 0.549048 0.831274 -1.57673 
v -1.87106 0.139147 -0.314705 
v -1.87108 0.142641 -0.486395 
v -1.86962 0.288889 -0.314966 
v -1.86836 0.294158 -0.486504 
v 1.84351 -0.972285 0.48518 
v 1.84599 -0.713645 0.484732 
v 1.84348 -0.965254 0.1898 
v 1.84816 -0.70458 0.189613 
v -2.00842 -0.984776 1.02932 
v -2.0096 -0.857936 0.880641 
v -2.01063 -0.853366 1.02942 
v -2.00844 -0.988321 0.880415 
v -2.01224 0.57609 0.831426 
v -2.01223 0.585555 0.572321 
v -2.0077 0.809773 0.829233 
v -2.00772 0.816006 0.570027 
v 2.00878 0.37024 0.0127701 
v 2.01126 0.62888 0.0123216 
v 2.00874 0.377271 -0.28261 
v 2.01343 0.637945 -0.282797 
v -2.0792 0.122359 -0.298814 
v -2.07919 0.129602 -0.497111 
v -2.07572 0.301201 -0.300492 
v -2.07574 0.30597 -0.498867 
v 2.07236 0.792849 0.645803 
v 2.07139 0.915507 0.50134 
v 2.07016 0.791125 0.499067 
v 2.07245 0.916263 0.647875 

vn -1 0.023622 0 
vn -1 0.023622 0 
vn -1 0.023622 0 
vn -1 0.023622 0 
vn 1 -0.015748 0 
vn 1 -0.015748 0 
vn 1 -0.015748 0 
vn 1 -0.015748 0 
vn -1 0.023622 0 
vn -1 0.023622 0 
vn -1 0.023622 0 
vn -1 0.023622 0 
vn 1 -0.00787402 -0.015748 
vn 1 -0.00787402 -0.015748 
vn 1 -0.00787402 -0.015748 
vn 1 -0.00787402 -0.015748 
vn 1 -0.015748 0 
vn 1 -0.015748 0 
vn 1 -0.015748 0 
vn 1 -0.015748 0 
vn -1 -0.015748 0 
vn -1 -0.015748 0 
vn -1 -0.015748 0 
vn -1 -0.015748 0 
vn -1 0.015748 0 
vn -1 0.015748 0 
vn -1 0.015748 0 
vn -1 0.015748 0 
vn 0 -0.0314961 -1 
vn 0 -0.0314961 -1 
vn 0 -0.0314961 -1 
vn 0 -0.0314961 -1 
vn 0 0.165354 -0.984252 
vn 0 0.165354 -0.984252 
vn 0 0.165354 -0.984252 
vn 0 0.165354 -0.984252 
vn -1 0.015748 0 
vn -1 0.015748 0 
vn -1 0.015748 0 
vn -1 0.015748 0 
vn 1 -0.015748 0 
vn 1 -0.015748 0 
vn 1 -0.015748 0 
vn 1 -0.015748 0 
vn 0 -0.015748 -1 
vn 0 -0.015748 -1 
vn 0 -0.015748 -1 
vn 0 -0.015748 -1 
vn 1 -0.015748 0 
vn 1 -0.015748 0 
vn 1 -0.015748 0 
vn 1 -0.015748 0 
vn 0 -0.015748 -1 
vn 0 -0.015748 -1 
vn 0 -0.015748 -1 
vn 0 -0.015748 -1 
vn -1 0.0551181 0 
vn -1 0.0551181 0 
vn -1 0.0551181 0 
vn -1 0.0551181 0 
vn -1 0.0314961 -0.00787402 
vn -1 0.0314961 -0.00787402 
vn -1 0.0314961 -0.00787402 
vn -1 0.0314961 -0.00787402 
vn 1 -0.015748 0 
vn 1 -0.015748 0 
vn 1 -0.015748 0 
vn 1 -0.015748 0 
vn 0 -1 0 
vn 0 -1 0 
vn 0 -1 0 
vn 0 -1 0 
vn 0 -1 0 
vn 0 -1 0 
vn 0 -1 0 
vn 0 -1 0 
vn 0 -1 0 
vn 0 -1 0 
vn 0 -1 0 
vn 0 -1 0 
vn 0 -1 0 
vn 0 -1 0 
vn 0 -1 0 
vn 0 -1 0 
vn 0 0.165354 -0.984252 
vn 0 0.165354 -0.984252 
vn 0 0.165354 -0.984252 
vn 0 0.165354 -0.984252 
vn 1 0.00787402 -0.00787402 
vn 1 0.00787402 -0.00787402 
vn 1 0.00787402 -0.00787402 
vn 1 0.00787402 -0.00787402 
vn -0.015748 1 0.0314961 
vn -0.015748 1 0.0314961 
vn -0.015748 1 0.0314961 
vn -0.015748 1 0.0314961 
vn 0 0 1 
vn 0 0 1 
vn 0 0 1 
vn 0 0 1 
vn 0 0 1 
vn 0 0 1 
vn 0 0 1 
vn 0 0 1 
vn 0 0 1 
vn 0 0 1 
vn 0 0 1 
vn 0 0 1 
vn 0 0 1 
vn 0 0 1 
vn 0 0 1 
vn 0 0 1 
vn 0 0 1 
vn 0 0 1 
vn 0 0 1 
vn 0 0 1 
vn -1 0.0393701 -0.00787402 
vn -1 0.0393701 -0.00787402 
vn -1 0.0393701 -0.00787402 
vn -1 0.0393701 -0.00787402 
vn 0 0 -1 
vn 0 0 -1 
vn 0 0 -1 
vn 0 0 -1 
vn 0 0 -1 
vn 0 0 -1 
vn 0 0 -1 
vn 0 0 -1 
vn 0 0 -1 
vn 0 0 -1 
vn 0 0 -1 
vn 0 0 -1 
vn 0 0 -1 
vn 0 0 -1 
vn 0 0 -1 
vn 0 0 -1 
vn 0 0 -1 
vn 0 0 -1 
vn 0 0 -1 
vn 0 0 -1 
vn 0 1 0.0314961 
vn 0 1 0.0314961 
vn 0 1 0.0314961 
vn 0 1 0.0314961 
vn 0 0 -1 
vn 0 0 -1 
vn 0 0 -1 
vn 0 0 -1 
vn 0 0 -1 
vn 0 0 -1 
vn 0 0 -1 
vn 0 0 -1 
vn 0 0 -1 
vn 0 0 -1 
vn 0 0 -1 
vn 0 0 -1 
vn 0 0 -1 
vn 0 0.00787402 1 
vn 0 0.00787402 1 
vn 0 0.00787402 1 
vn 0 0.00787402 1 
vn 1 -0.015748 0 
vn 1 -0.015748 0 
vn 1 -0.015748 0 
vn 1 -0.015748 0 
vn 0 0.354331 -0.937008 
vn 0 0.354331 -0.937008 
vn 0 0.354331 -0.937008 
vn 0 0.354331 -0.937008 
vn 1 -0.023622 0.00787402 
vn 1 -0.023622 0.00787402 
vn 1 -0.023622 0.00787402 
vn 1 -0.023622 0.00787402 
vn 0 0 1 
vn 0 0 1 
vn 0 0 1 
vn 0 0 1 
vn 0 0 1 
vn 0 0 1 
vn 0 0 1 
vn 0 0 1 
vn 0 0 1 
vn 0 0 1 
vn 0 0 1 
vn 0 0 1 
vn 0 0 1 
vn 0 0 1 
vn 0 0 1 
vn 0 0 1 
vn 0 0 1 
vn 0 0 1 
vn 0 0 1 
vn 0 0 1 
vn 0 0 1 
vn 0 0 1 
vn 0 0 1 
vn 0 0 1 
vn 0 0 1 
vn 0 0 1 
vn 0 0 1 
vn 0 0 1 
vn 0 0 1 
vn 0 0 1 
vn 0 0 1 
vn 0 0 1 
vn 0 0 1 
vn 0 0 1 
vn 0 0 1 
vn -0.00787402 -1 0.0472441 
vn 0.00787402 -1 0.0629921 
vn -0.00787402 -1 0.0629921 
vn 0.015748 -1 0.0787402 
vn -0.023622 -1 0.0551181 
vn 0.00787402 -1 -0.023622 
vn -0.015748 -1 0.0472441 
vn 0.00787402 -1 -0.0314961 
vn 0.015748 -0.992126 -0.110236 
vn 0 -1 -0.0393701 
vn 0.015748 -0.992126 -0.125984 
vn 0.023622 -0.984252 -0.188976 
vn 0.00787402 -0.992126 -0.149606 
vn 0.00787402 -0.976378 -0.204724 
vn 0 -0.976378 -0.228346 
vn -0.015748 1 0.0314961 
vn -0.015748 1 0.0314961 
vn -0.015748 1 0.0314961 
vn -0.015748 1 0.0314961 
vn -1 0.0393701 -0.00787402 
vn -1 0.0393701 -0.00787402 
vn -1 0.0393701 -0.00787402 
vn -1 0.0393701 -0.00787402 
vn -1 -0.00787402 0.015748 
vn -1 -0.00787402 0.015748 
vn -1 -0.00787402 0.015748 
vn -1 -0.00787402 0.015748 
vn 1 0.023622 0 
vn 1 0.023622 0 
vn 1 0 0 
vn 1 0.023622 0 
vn 0.023622 -1 -0.0787402 
vn 0.023622 -1 -0.0787402 
vn 0.023622 -1 -0.0787402 
vn 0.023622 -1 -0.0787402 
vn 0 0 -1 
vn 0 0 -1 
vn 0 0 -1 
vn 0 0 -1 
vn 0 0 -1 
vn 0 0 -1 
vn 0 0 -1 
vn 0 0 -1 
vn 0 0 -1 
vn 0 0 -1 
vn 0 0 -1 
vn 0 0 -1 
vn 0 0 -1 
vn 0 0 -1 
vn 0 0 -1 
vn 0 0 -1 
vn 0 0 -1 
vn 0 0 -1 
vn 0 0 -1 
vn 0 0 -1 
vn 0 0 -1 
vn 0 0 -1 
vn 0 0 -1 
vn 0 0 -1 
vn 0 0 -1 
vn 0 0 -1 
vn -1 0.023622 -0.015748 
vn -1 0.023622 -0.015748 
vn -1 0.023622 -0.015748 
vn -1 0.023622 -0.015748 
vn -1 0.023622 -0.023622 
vn -1 0.023622 -0.023622 
vn -1 0.023622 -0.023622 
vn -1 0.023622 -0.023622 
vn 1 -0.0314961 0.00787402 
vn 1 -0.0314961 0.00787402 
vn 1 -0.0314961 0.00787402 
vn 1 -0.0314961 0.00787402 
vn 0 -0.0314961 -1 
vn 0 -0.0314961 -1 
vn 0 -0.0314961 -1 
vn 0 -0.0314961 -1 
vn 0.015748 -1 -0.023622 
vn 0.015748 -1 -0.023622 
vn 0.015748 -1 -0.023622 
vn 0.015748 -1 -0.023622 
vn 0.015748 -0.992126 -0.102362 
vn 0.015748 -0.992126 -0.102362 
vn 0.015748 -0.992126 -0.102362 
vn 0.015748 -0.992126 -0.102362 
vn 0 0 1 
vn 0 0 1 
vn 0 0 1 
vn 0 0 1 
vn 0 0 1 
vn 0 0 1 
vn 0 0 1 
vn 0 0 1 
vn 0 0 1 
vn 0 0 1 
vn 0 0 1 
vn 0 0 1 
vn 0 0 1 
vn 0 0 1 
vn 0 0 1 
vn 0 0 1 
vn 0 0 1 
vn 0 0 1 
vn 0 0 1 
vn 0 0 1 
vn 0 1 -0.00787402 
vn 0 1 -0.00787402 
vn 0 1 -0.00787402 
vn 0 1 -0.00787402 
vn 0 0.00787402 1 
vn 0 0.00787402 1 
vn 0 0.00787402 1 
vn 0 0.00787402 1 
vn -1 0.0472441 0 
vn -1 0.0472441 0 
vn -1 0.0472441 0 
vn -1 0.0472441 0 
vn 0.015748 -1 -0.023622 
vn 0.015748 -1 -0.023622 
vn 0.015748 -1 -0.023622 
vn 0.015748 -1 -0.023622 
vn 0 1 0.0314961 
vn 0 1 0.0314961 
vn 0 1 0.0314961 
vn 0 1 0.0314961 
vn 1 -0.00787402 -0.0393701 
vn 1 0 -0.0551181 
vn 1 -0.023622 -0.0551181 
vn 1 0 -0.00787402 
vn 1 0 0 
vn 1 0.00787402 0.00787402 
vn 1 -0.00787402 -0.015748 
vn 1 0.015748 -0.0551181 
vn 1 0 0 
vn 1 0.023622 0 
vn 1 -0.015748 0 
vn -0.00787402 0.992126 0.133858 
vn -0.00787402 0.992126 0.133858 
vn -0.00787402 0.968504 0.251969 
vn -0.00787402 0.992126 0.133858 
vn -1 0 -0.015748 
vn -1 -0.015748 -0.023622 
vn -1 0 -0.0393701 
vn -1 -0.0314961 -0.0393701 
vn -1 0 0 
vn -1 0.015748 0.00787402 
vn -1 0.00787402 -0.023622 
vn -1 0.023622 -0.0314961 
vn -1 0 0 
vn -1 0.023622 0 
vn -1 -0.015748 0 
vn 0 -1 0.0314961 
vn 0 -1 0.0314961 
vn 0 -1 0.0314961 
vn 0 -1 0.0314961 
vn 0.0314961 1 0.015748 
vn 0.0314961 1 0.015748 
vn 0.0314961 1 0.015748 
vn 0.0314961 1 0.015748 
vn 0 0 -1 
vn 0 0 -1 
vn 0 0 -1 
vn 0 0 -1 
vn 0 0 -1 
vn 0 0 -1 
vn 0 0 -1 
vn 0 0 -1 
vn 0 0 -1 
vn 0 0 -1 
vn 0 0 -1 
vn 0 0 -1 
vn 0 0 -1 
vn 0 0 -1 
vn 0 0 -1 
vn 0 0 -1 
vn 0 0 -1 
vn 0 0 -1 
vn 0 0 -1 
vn 0 0 -1 
vn 0 1 0.0314961 
vn 0 1 0.0314961 
vn 0 1 0.0314961 
vn 0 1 0.0314961 
vn -0.0314961 1 -0.015748 
vn -0.0314961 1 -0.015748 
vn -0.0314961 1 -0.015748 
vn -0.0314961 1 -0.015748 
vn 0 0.165354 -0.984252 
vn 0 0.165354 -0.984252 
vn 0 0.165354 -0.984252 
vn 0 0.165354 -0.984252 
vn -0.0551181 0.00787402 -1 
vn -0.0551181 0.00787402 -1 
vn -0.0551181 0.00787402 -1 
vn -0.0551181 0.00787402 -1 
vn 0.00787402 -1 -0.0866142 
vn 0.00787402 -1 -0.0866142 
vn 0.00787402 -1 -0.0866142 
vn 0.00787402 -1 -0.0866142 
vn 0 0 1 
vn 0 0 1 
vn 0 0 1 
vn 0 0 1 
vn 1 -0.0314961 0 
vn 1 -0.0314961 0 
vn 1 -0.0314961 0 
vn 1 -0.0314961 0 
vn -0.00787402 -0.00787402 -1 
vn -0.00787402 -0.00787402 -1 
vn -0.00787402 -0.00787402 -1 
vn -0.00787402 -0.00787402 -1 
vn -0.015748 1 0.0314961 
vn -0.015748 1 0.0314961 
vn -0.015748 1 0.0314961 
vn -0.015748 1 0.0314961 
vn 0.0944882 0.133858 0.984252 
vn 0.0944882 0.133858 0.984252 
vn 0.0944882 0.212598 0.968504 
vn 0.0944882 0.212598 0.968504 
vn 0.0944882 0.0393701 0.992126 
vn 0.0944882 0.0393701 0.992126 
vn -0.598425 -0.464567 0.653543 
vn -0.598425 -0.464567 0.653543 
vn -0.598425 -0.464567 0.653543 
vn -0.598425 -0.464567 0.653543 
vn -0.0866142 0.133858 0.984252 
vn -0.0866142 0.212598 0.976378 
vn -0.0866142 0.133858 0.984252 
vn -0.0866142 0.212598 0.976378 
vn -0.0866142 0.0393701 0.992126 
vn -0.0866142 0.0393701 0.992126 
vn 0.0314961 0.0944882 0.992126 
vn 0.0314961 0.0944882 0.992126 
vn 0.0314961 0.0944882 0.992126 
vn 0.0314961 0.0944882 0.992126 
vn 0.015748 -0.00787402 1 
vn 0.015748 -0.00787402 1 
vn 0.015748 -0.00787402 1 
vn 0.015748 -0.00787402 1 
vn -1 0.0314961 -0.015748 
vn -1 0.0314961 -0.015748 
vn -1 0.0314961 -0.015748 
vn -1 0.0314961 -0.015748 
vn 0 1 0.0314961 
vn 0 1 0.0314961 
vn 0 1 0.0314961 
vn 0 1 0.0314961 
vn 0 -1 -0.0314961 
vn 0 -1 -0.0314961 
vn 0 -1 -0.0314961 
vn 0 -1 -0.0314961 
vn 0 1 0.023622 
vn 0 1 0.023622 
vn 0 1 0.023622 
vn 0 1 0.023622 
vn 0 0 -1 
vn 0 0 -1 
vn 0 0 -1 
vn 0 0 -1 
vn -0.826772 -0.385827 0.409449 
vn -0.826772 -0.385827 0.409449 
vn -0.826772 -0.385827 0.409449 
vn -0.826772 -0.385827 0.409449 
vn 0.00787402 0.00787402 1 
vn 0.00787402 0.00787402 1 
vn 0.00787402 0.00787402 1 
vn 0.00787402 0.00787402 1 
vn 0.00787402 0.00787402 1 
vn 0.00787402 0.00787402 1 
vn 0.00787402 0.00787402 1 
vn 0.00787402 0.00787402 1 
vn -0.015748 0.984252 -0.188976 
vn -0.015748 0.984252 -0.188976 
vn -0.015748 0.984252 -0.188976 
vn -0.015748 0.984252 -0.188976 
vn -0.015748 0.984252 -0.188976 
vn 1 -0.0393701 0 
vn 1 -0.0393701 0 
vn 1 -0.0393701 0 
vn 1 -0.0393701 0 
vn 0.00787402 0.00787402 1 
vn 0.00787402 0.00787402 1 
vn 0.00787402 0.00787402 1 
vn 0.00787402 0.00787402 1 
vn 0.0393701 0.00787402 1 
vn 0.0393701 0.00787402 1 
vn 0.0393701 0.00787402 1 
vn 0.0393701 0.00787402 1 
vn 0 0.015748 1 
vn 0 0.015748 1 
vn 0 0.015748 1 
vn 0 0.015748 1 
vn -0.015748 1 -0.0551181 
vn -0.015748 1 -0.0551181 
vn -0.015748 1 -0.0551181 
vn -0.015748 1 -0.0551181 
vn -1 0.023622 -0.00787402 
vn -1 0.023622 -0.00787402 
vn -1 0.023622 -0.00787402 
vn -1 0.023622 -0.00787402 
vn -0.015748 1 -0.0551181 
vn -0.015748 1 -0.0551181 
vn -0.015748 1 -0.0551181 
vn -0.015748 1 -0.0551181 
vn -0.015748 1 -0.0551181 
vn -0.015748 1 0.0314961 
vn -0.015748 1 0.0314961 
vn -0.015748 1 0.0314961 
vn -0.015748 1 0.0314961 
vn 1 0.00787402 -0.00787402 
vn 1 0.00787402 -0.00787402 
vn 1 0.00787402 -0.00787402 
vn 1 0.00787402 -0.00787402 
vn -0.015748 1 -0.0708661 
vn -0.015748 1 -0.0708661 
vn -0.015748 1 -0.0708661 
vn 0 0 -1 
vn 0 0 -1 
vn 0 0 -1 
vn 0 0 -1 
vn 0 0 -1 
vn 0 0 -1 
vn 0 0 -1 
vn 0 0 -1 
vn -0.00787402 -0.00787402 -1 
vn -0.00787402 -0.00787402 -1 
vn -0.00787402 -0.00787402 -1 
vn -0.00787402 -0.00787402 -1 
vn 0.992126 0.00787402 -0.11811 
vn 0.992126 0.00787402 -0.11811 
vn 0.992126 0.00787402 -0.11811 
vn 0.992126 0.00787402 -0.11811 
vn 0 -1 -0.0472441 
vn 0 -1 -0.0472441 
vn 0 -1 -0.0472441 
vn 0 -1 -0.0472441 
vn -0.015748 1 0.023622 
vn -0.015748 1 0.023622 
vn -0.015748 1 0.023622 
vn -0.015748 1 0.023622 
vn 0 0.944882 0.322835 
vn 0 0.944882 0.322835 
vn 0 0.897638 0.440945 
vn 0 0.944882 0.322835 
vn -1 0.0472441 -0.00787402 
vn -1 0.0472441 -0.00787402 
vn -1 0.0472441 -0.00787402 
vn -1 0.0472441 -0.00787402 
vn 1 0.00787402 0.0551181 
vn 1 0.00787402 0.0551181 
vn 1 0.00787402 0.0551181 
vn 1 0.00787402 0.0551181 
vn 0.015748 -1 -0.0314961 
vn 0.015748 -1 -0.0314961 
vn 0.015748 -1 -0.0314961 
vn 0.015748 -1 -0.0314961 
vn 1 0.00787402 0.0551181 
vn 1 0.00787402 0.0551181 
vn 1 0.00787402 0.0551181 
vn 1 0.00787402 0.0551181 
vn -0.00787402 -0.00787402 -1 
vn -0.00787402 -0.00787402 -1 
vn -0.00787402 -0.00787402 -1 
vn -0.00787402 -0.00787402 -1 
vn -0.00787402 1 0.023622 
vn -0.00787402 1 0.023622 
vn -0.00787402 1 0.023622 
vn -0.00787402 1 0.023622 
vn 0 0 1 
vn 0 0 1 
vn 0 0 1 
vn 0 0 1 
vn 0 0 1 
vn 0 0 1 
vn 0 0 1 
vn 0 0 1 
vn 0 0 1 
vn 0 0 1 
vn 0 0 1 
vn 0 0 1 
vn 0 0 1 
vn -0.0551181 0.00787402 -1 
vn -0.0551181 0.00787402 -1 
vn -0.0551181 0.00787402 -1 
vn -0.0551181 0.00787402 -1 
vn -1 0.023622 0 
vn -1 0.023622 0 
vn -1 0.023622 0 
vn -1 0.023622 0 
vn -0.00787402 -0.00787402 -1 
vn -0.00787402 -0.00787402 -1 
vn -0.00787402 -0.00787402 -1 
vn -0.00787402 -0.00787402 -1 
vn 0.0314961 0.0944882 0.992126 
vn 0.0314961 0.0944882 0.992126 
vn 0.0314961 0.0944882 0.992126 
vn 0.0314961 0.0944882 0.992126 
vn 0 0.984252 0.188976 
vn 0 0.984252 0.188976 
vn 0 0.984252 0.188976 
vn 0 0.984252 0.188976 
vn 0.015748 -1 -0.0472441 
vn 0.015748 -1 -0.0472441 
vn 0.015748 -1 -0.0472441 
vn 0.015748 -1 -0.0472441 
vn -0.015748 1 0.0314961 
vn -0.015748 1 0.0314961 
vn -0.015748 1 0.0314961 
vn -0.015748 1 0.0314961 
vn 0.00787402 0.00787402 1 
vn 0.00787402 0.00787402 1 
vn 0.00787402 0.00787402 1 
vn 0.00787402 0.00787402 1 
vn 0.992126 0.00787402 -0.11811 
vn 0.992126 0.00787402 -0.11811 
vn 0.992126 0.00787402 -0.11811 
vn 0.992126 0.00787402 -0.11811 
vn 0.015748 0.992126 -0.141732 
vn 0.023622 0.992126 -0.141732 
vn 0.00787402 1 -0.0472441 
vn 0.00787402 1 -0.0393701 
vn 0.00787402 1 -0.0551181 
vn 0.0472441 0.992126 -0.141732 
vn -0.015748 1 0.0314961 
vn -0.00787402 1 0.0314961 
vn 0.00787402 1 0.0393701 
vn 0 1 0.0314961 
vn 0 1 0.0314961 
vn 0 1 0.0314961 
vn 0 1 0.0314961 
vn -0.984252 -0.0472441 0.15748 
vn -0.984252 -0.0472441 0.15748 
vn -0.992126 -0.023622 0.133858 
vn -0.984252 -0.0472441 0.15748 
vn 0.0393701 0.00787402 1 
vn 0.0393701 0.00787402 1 
vn 0.0393701 0.00787402 1 
vn 0.0393701 0.00787402 1 
vn 0.00787402 0.00787402 1 
vn 0.00787402 0.00787402 1 
vn 0.00787402 0.00787402 1 
vn 0.00787402 0.00787402 1 
vn 0.984252 0.141732 -0.110236 
vn 0.984252 0.141732 -0.110236 
vn 0.968504 0.228346 -0.110236 
vn 0.968504 0.228346 -0.110236 
vn 0.992126 0.0472441 -0.110236 
vn 0.992126 0.0472441 -0.110236 
vn -0.0314961 -0.0393701 -1 
vn -0.0314961 -0.0393701 -1 
vn -0.0314961 -0.0393701 -1 
vn -0.0314961 -0.0393701 -1 
vn 0 -0.015748 1 
vn 0 -0.015748 1 
vn 0 -0.015748 1 
vn 0 -0.015748 1 
vn 0 0 1 
vn 0 0 1 
vn 0 0 1 
vn 0 0 1 
vn 0 0 1 
vn 0 0 1 
vn 0 0 1 
vn 0 0 1 
vn 0 0 1 
vn 0 0 1 
vn 0 0 1 
vn 0 0 1 
vn 0 0 1 
vn 0.00787402 0.00787402 1 
vn 0.00787402 0.00787402 1 
vn 0.00787402 0.00787402 1 
vn 0.00787402 0.00787402 1 
vn 0.984252 0.141732 -0.0944882 
vn 0.984252 0.141732 -0.0944882 
vn 0.968504 0.228346 -0.0944882 
vn 0.968504 0.228346 -0.0944882 
vn 0.992126 0.0472441 -0.0944882 
vn 0.992126 0.0472441 -0.0944882 
vn -0.968504 0.228346 -0.0866142 
vn -0.984252 0.141732 -0.0866142 
vn -0.968504 0.228346 -0.0866142 
vn -0.984252 0.141732 -0.0866142 
vn -0.992126 0.0472441 -0.0866142 
vn -0.992126 0.0472441 -0.0866142 
vn 0.023622 -1 0.015748 
vn 0.023622 -1 0.015748 
vn 0.023622 -1 0.015748 
vn 0.023622 -1 0.015748 
vn -1 -0.00787402 0.00787402 
vn -1 -0.00787402 0.00787402 
vn -1 -0.00787402 0.00787402 
vn -1 -0.00787402 0.00787402 
vn -0.00787402 -0.00787402 -1 
vn -0.00787402 -0.00787402 -1 
vn -0.00787402 -0.00787402 -1 
vn -0.00787402 -0.00787402 -1 
vn -0.968504 0.228346 -0.0866142 
vn -0.984252 0.141732 -0.0866142 
vn -0.968504 0.228346 -0.0866142 
vn -0.984252 0.141732 -0.0866142 
vn -0.992126 0.0472441 -0.0866142 
vn -0.992126 0.0472441 -0.0866142 
vn -0.00787402 -0.00787402 -1 
vn -0.00787402 -0.00787402 -1 
vn -0.00787402 -0.00787402 -1 
vn -0.00787402 -0.00787402 -1 
vn 0.0314961 0.00787402 1 
vn 0.0314961 0.00787402 1 
vn 0.0314961 0.00787402 1 
vn 0.0314961 0.00787402 1 
vn -0.015748 1 0.0314961 
vn -0.015748 1 0.0314961 
vn -0.015748 1 0.0314961 
vn -0.015748 1 0.0314961 
vn 0.015748 0.992126 -0.125984 
vn 0.015748 0.992126 -0.125984 
vn 0.015748 0.992126 -0.125984 
vn 0.015748 0.992126 -0.125984 
vn 0.0314961 1 0.015748 
vn 0.0314961 1 0.015748 
vn 0.0314961 1 0.015748 
vn 0.0314961 1 0.015748 
vn -0.015748 1 0.0629921 
vn -0.015748 1 0.0629921 
vn -0.015748 1 0.0629921 
vn -0.015748 1 0.0629921 
vn 0.015748 -1 0.00787402 
vn 0.015748 -1 0.00787402 
vn 0.015748 -1 0.00787402 
vn 0.015748 -1 0.00787402 
vn -0.0314961 -0.00787402 -1 
vn -0.0314961 -0.00787402 -1 
vn -0.0314961 -0.00787402 -1 
vn -0.0314961 -0.00787402 -1 
vn -0.00787402 -0.00787402 -1 
vn -0.00787402 -0.00787402 -1 
vn -0.00787402 -0.00787402 -1 
vn -0.00787402 -0.00787402 -1 
vn -0.00787402 0.992126 0.133858 
vn -0.00787402 0.992126 0.133858 
vn -0.00787402 0.968504 0.251969 
vn -0.00787402 0.992126 0.133858 
vn 0 -0.00787402 -1 
vn 0 -0.00787402 -1 
vn 0 -0.00787402 -1 
vn 0 -0.00787402 -1 
vn -0.00787402 0.897638 0.440945 
vn 0 0.944882 0.322835 
vn -0.00787402 0.897638 0.440945 
vn 0 0.944882 0.322835 
vn -0.00787402 0.811024 0.590551 
vn -0.00787402 0.811024 0.590551 
vn -1 0.00787402 -0.0787402 
vn -1 0.00787402 -0.0787402 
vn -1 0.00787402 -0.0787402 
vn -1 0.00787402 -0.0787402 
vn 0 -0.952756 -0.291339 
vn 0 -0.952756 -0.291339 
vn 0 -1 0.00787402 
vn 0 -1 0.00787402 
vn 0.00787402 -0.850394 -0.527559 
vn 0.00787402 -0.850394 -0.527559 
vn 0.992126 -0.015748 0.125984 
vn 0.984252 -0.015748 0.15748 
vn 0.992126 -0.015748 0.125984 
vn 0.984252 -0.015748 0.15748 
vn 0.992126 -0.015748 0.0866142 
vn 0.992126 -0.015748 0.0866142 
vn 0 1 -0.00787402 
vn 0 1 -0.00787402 
vn 0 1 -0.00787402 
vn 0 1 -0.00787402 
vn -1 0.015748 0 
vn -1 0.015748 0 
vn -1 0.015748 0 
vn -1 0.015748 0 
vn 0.110236 0.133858 0.984252 
vn 0.110236 0.133858 0.984252 
vn 0.110236 0.212598 0.968504 
vn 0.110236 0.212598 0.968504 
vn 0.110236 0.0393701 0.992126 
vn 0.110236 0.0393701 0.992126 
vn -0.0866142 0.133858 0.984252 
vn -0.0866142 0.212598 0.976378 
vn -0.0866142 0.133858 0.984252 
vn -0.0866142 0.212598 0.976378 
vn -0.0866142 0.0393701 0.992126 
vn -0.0866142 0.0393701 0.992126 
vn 0 -0.992126 0.11811 
vn 0 -0.992126 0.11811 
vn 0 -0.992126 0.11811 
vn 0 -0.992126 0.11811 
vn -0.992126 -0.015748 0.102362 
vn -0.992126 -0.023622 0.133858 
vn -0.992126 -0.023622 0.133858 
vn -0.992126 -0.015748 0.102362 
vn -1 -0.015748 0.0708661 
vn -1 -0.015748 0.0708661 
vn 0.0314961 0.0393701 1 
vn 0.0314961 0.0393701 1 
vn 0.0314961 0.0393701 1 
vn 0.0314961 0.0393701 1 
vn 1 -0.015748 0 
vn 1 -0.015748 0 
vn 1 -0.015748 0 
vn 1 -0.015748 0 
vn 0.015748 -1 0.0629921 
vn 0.015748 -1 0.0629921 
vn 0.015748 -1 0.0629921 
vn 0.015748 -1 0.0629921 
vn 0 0.015748 1 
vn 0 0.015748 1 
vn 0 0.015748 1 
vn 0 0.015748 1 
vn 0.00787402 0.00787402 1 
vn 0.00787402 0.00787402 1 
vn 0.00787402 0.00787402 1 
vn 0.00787402 0.00787402 1 
vn 0 0 1 
vn 0 0 1 
vn 0 0 1 
vn 0 0 1 
vn 0 0 1 
vn 0 0 1 
vn 0 0 1 
vn 0 0 1 
vn 0 0 1 
vn 0 0 1 
vn 0 0 1 
vn 0 0 1 
vn 0 0 1 
vn 0 0 -1 
vn 0 0 -1 
vn 0 0 -1 
vn 0 0 -1 
vn 0 0 -1 
vn 0 0 -1 
vn 0 0 -1 
vn 0 0 -1 
vn 0 0 -1 
vn 0 0 -1 
vn 0 0 -1 
vn 0 0 -1 
vn 0 0 -1 
vn -0.00787402 -0.00787402 -1 
vn -0.00787402 -0.00787402 -1 
vn -0.00787402 -0.00787402 -1 
vn -0.00787402 -0.00787402 -1 
vn -0.00787402 0.755906 -0.653543 
vn -0.685039 0.480315 -0.543307 
vn -0.787402 0.448819 -0.425197 
vn -0.00787402 0.614173 -0.787402 
vn 0.677165 0.496063 -0.543307 
vn 0.771654 0.472441 -0.425197 
vn 0.0866142 0.212598 -0.976378 
vn 0.0866142 0.133858 -0.984252 
vn 0.0866142 0.212598 -0.976378 
vn 0.0866142 0.133858 -0.984252 
vn 0.0866142 0.0393701 -0.992126 
vn 0.0866142 0.0393701 -0.992126 
vn -0.0314961 -1 0 
vn -0.0314961 -1 0 
vn -0.0314961 -1 0 
vn -0.0314961 -1 0 
vn -0.110236 0.212598 -0.968504 
vn -0.110236 0.212598 -0.968504 
vn -0.110236 0.133858 -0.984252 
vn -0.110236 0.133858 -0.984252 
vn -0.110236 0.0393701 -0.992126 
vn -0.110236 0.0393701 -0.992126 
vn 0.0314961 1 0.015748 
vn 0.0314961 1 0.015748 
vn 0.0314961 1 0.015748 
vn 0.0314961 1 0.015748 
vn -0.015748 1 -0.0629921 
vn -0.015748 1 -0.0629921 
vn -0.015748 1 -0.0629921 
vn -0.015748 1 -0.0629921 
vn -0.0314961 -0.0393701 -1 
vn -0.0314961 -0.0393701 -1 
vn -0.0314961 -0.0393701 -1 
vn -0.0314961 -0.0393701 -1 
vn 0 0.992126 -0.11811 
vn 0 0.992126 -0.11811 
vn 0 0.992126 -0.11811 
vn 0 0.992126 -0.11811 
vn 1 -0.015748 0 
vn 1 -0.015748 0 
vn 1 -0.015748 0 
vn 1 -0.015748 0 
vn 0 -1 0.00787402 
vn 0 -1 0.00787402 
vn 0 -1 0.00787402 
vn 0 -1 0.00787402 
vn 1 -0.00787402 0.0787402 
vn 1 -0.00787402 0.0787402 
vn 1 -0.00787402 0.0787402 
vn 1 -0.00787402 0.0787402 
vn 0 0.00787402 1 
vn 0 0.00787402 1 
vn 0 0.00787402 1 
vn 0 0.00787402 1 
vn 0.00787402 -0.992126 -0.133858 
vn 0.00787402 -0.992126 -0.133858 
vn 0.00787402 -0.992126 -0.133858 
vn 0.00787402 -0.992126 -0.133858 
vn 0 -0.015748 -1 
vn 0 -0.015748 -1 
vn 0 -0.015748 -1 
vn 0 -0.015748 -1 
vn -0.015748 1 -0.00787402 
vn -0.015748 1 -0.00787402 
vn -0.015748 1 -0.00787402 
vn -0.015748 1 -0.00787402 
vn 0.00787402 0.00787402 1 
vn 0.00787402 0.00787402 1 
vn 0.00787402 0.00787402 1 
vn 0.00787402 0.00787402 1 
vn 0.0314961 0.00787402 1 
vn 0.0314961 0.00787402 1 
vn 0.0314961 0.00787402 1 
vn 0.0314961 0.00787402 1 
vn 0.015748 -1 -0.0629921 
vn 0.015748 -1 -0.0629921 
vn 0.015748 -1 -0.0629921 
vn 0.015748 -1 -0.0629921 
vn -0.015748 -0.992126 0.125984 
vn -0.015748 -0.992126 0.125984 
vn -0.015748 -0.992126 0.125984 
vn -0.015748 -0.992126 0.125984 
vn 0.015748 -1 -0.023622 
vn 0.015748 -1 -0.023622 
vn 0.015748 -1 -0.023622 
vn 0.015748 -1 -0.023622 
vn 0.984252 0.141732 0.0866142 
vn 0.968504 0.228346 0.0866142 
vn 0.984252 0.141732 0.0866142 
vn 0.968504 0.228346 0.0866142 
vn 0.992126 0.0472441 0.0866142 
vn 0.992126 0.0472441 0.0866142 
vn 0.606299 -0.448819 0.653543 
vn 0.606299 -0.448819 0.653543 
vn 0.606299 -0.448819 0.653543 
vn 0.606299 -0.448819 0.653543 
vn -0.0314961 -0.00787402 -1 
vn -0.0314961 -0.00787402 -1 
vn -0.0314961 -0.00787402 -1 
vn -0.0314961 -0.00787402 -1 
vn 0.00787402 0.00787402 1 
vn 0.00787402 0.00787402 1 
vn 0.00787402 0.00787402 1 
vn 0.00787402 0.00787402 1 
vn 0.984252 0.141732 0.0866142 
vn 0.968504 0.228346 0.0866142 
vn 0.984252 0.141732 0.0866142 
vn 0.968504 0.228346 0.0866142 
vn 0.992126 0.0472441 0.0866142 
vn 0.992126 0.0472441 0.0866142 
vn -0.984252 0.141732 0.0944882 
vn -0.968504 0.228346 0.0944882 
vn -0.968504 0.228346 0.0944882 
vn -0.984252 0.141732 0.0944882 
vn -0.992126 0.0472441 0.0944882 
vn -0.992126 0.0472441 0.0944882 
vn -1 0.015748 0 
vn -1 0.015748 0 
vn -1 0.015748 0 
vn -1 0.015748 0 
vn -0.984252 0.141732 0.110236 
vn -0.968504 0.228346 0.110236 
vn -0.968504 0.228346 0.110236 
vn -0.984252 0.141732 0.110236 
vn -0.992126 0.0472441 0.110236 
vn -0.992126 0.0472441 0.110236 
vn -0.023622 1 -0.015748 
vn -0.023622 1 -0.015748 
vn -0.023622 1 -0.015748 
vn -0.023622 1 -0.015748 
vn 0 0 -1 
vn 0 0 -1 
vn 0 0 -1 
vn 0 0 -1 
vn 0 0 -1 
vn 0 0 -1 
vn 0 0 -1 
vn 0 0 -1 
vn 0 0 -1 
vn 0 0 -1 
vn 0 0 -1 
vn 0 0 -1 
vn 0 0 -1 
vn -0.00787402 -0.00787402 -1 
vn -0.00787402 -0.00787402 -1 
vn -0.00787402 -0.00787402 -1 
vn -0.00787402 -0.00787402 -1 
vn 0.0314961 0.0393701 1 
vn 0.0314961 0.0393701 1 
vn 0.0314961 0.0393701 1 
vn 0.0314961 0.0393701 1 
vn -0.0314961 -1 0 
vn -0.0314961 -1 0 
vn -0.0314961 -1 0 
vn -0.0314961 -1 0 
vn -0.0393701 -0.00787402 -1 
vn -0.0393701 -0.00787402 -1 
vn -0.0393701 -0.00787402 -1 
vn -0.0393701 -0.00787402 -1 
vn -0.00787402 -0.00787402 -1 
vn -0.00787402 -0.00787402 -1 
vn -0.00787402 -0.00787402 -1 
vn -0.00787402 -0.00787402 -1 
vn 0 -1 -0.0314961 
vn 0 -1 -0.0314961 
vn 0 -1 -0.0314961 
vn 0 -1 -0.0314961 
vn 0.984252 0.0472441 -0.15748 
vn 0.984252 0.0472441 -0.15748 
vn 0.984252 0.0472441 -0.15748 
vn 0.984252 0.0472441 -0.15748 
vn -0.992126 -0.00787402 0.11811 
vn -0.992126 0 0.0944882 
vn -0.992126 -0.00787402 0.11811 
vn -0.992126 -0.00787402 0.11811 
vn 1 0.00787402 -0.00787402 
vn 1 0.00787402 -0.00787402 
vn 1 0.00787402 -0.00787402 
vn 1 0.00787402 -0.00787402 
vn -0.00787402 -0.00787402 -1 
vn -0.00787402 -0.00787402 -1 
vn -0.00787402 -0.00787402 -1 
vn -0.00787402 -0.00787402 -1 
vn 0.00787402 0.00787402 1 
vn 0.00787402 0.00787402 1 
vn 0.00787402 0.00787402 1 
vn 0.00787402 0.00787402 1 
vn -0.00787402 1 0.0472441 
vn -0.00787402 1 0.0472441 
vn -0.00787402 1 0.0472441 
vn -0.00787402 1 0.0472441 
vn 0.015748 -1 -0.023622 
vn 0.015748 -1 -0.023622 
vn 0.015748 -1 -0.023622 
vn 0.015748 -1 -0.023622 
vn 0.00787402 0.00787402 1 
vn 0.00787402 0.00787402 1 
vn 0.00787402 0.00787402 1 
vn 0.00787402 0.00787402 1 
vn -0.0314961 -0.0944882 -0.992126 
vn -0.0314961 -0.0944882 -0.992126 
vn -0.0314961 -0.0944882 -0.992126 
vn -0.0314961 -0.0944882 -0.992126 
vn 0 -0.984252 -0.188976 
vn 0 -0.984252 -0.188976 
vn 0 -0.984252 -0.188976 
vn 0 -0.984252 -0.188976 
vn 0 0 -1 
vn 0 0 -1 
vn 0 0 -1 
vn 0 0 -1 
vn 0 0 -1 
vn 0 0 -1 
vn 0 0 -1 
vn 0 0 -1 
vn 0 0 -1 
vn 0 0 -1 
vn 0 0 -1 
vn 0 0 -1 
vn 0 0 -1 
vn 1 -0.015748 0 
vn 1 -0.015748 0 
vn 1 -0.015748 0 
vn 1 -0.015748 0 
vn 0 0.015748 -1 
vn 0 0.015748 -1 
vn 0 0.015748 -1 
vn 0 0.015748 -1 
vn 0.0551181 -0.00787402 1 
vn 0.0551181 -0.00787402 1 
vn 0.0551181 -0.00787402 1 
vn 0.0551181 -0.00787402 1 
vn 0.00787402 0.00787402 1 
vn 0.00787402 0.00787402 1 
vn 0.00787402 0.00787402 1 
vn 0.00787402 0.00787402 1 
vn -0.015748 1 0.0314961 
vn -0.015748 1 0.0314961 
vn -0.015748 1 0.0314961 
vn -0.015748 1 0.0314961 
vn 0.00787402 -1 -0.023622 
vn 0.00787402 -1 -0.023622 
vn 0.00787402 -1 -0.023622 
vn 0.00787402 -1 -0.023622 
vn 0.787402 0.299213 -0.543307 
vn 0 0.448819 -0.897638 
vn -0.00787402 0.614173 -0.787402 
vn -0.787402 0.283465 -0.551181 
vn 0.677165 0.496063 -0.543307 
vn 0.88189 0.251969 -0.401575 
vn 0.771654 0.472441 -0.425197 
vn -0.685039 0.480315 -0.543307 
vn -0.88189 0.228346 -0.409449 
vn -0.787402 0.448819 -0.425197 
vn -1 -0.00787402 -0.0551181 
vn -1 -0.00787402 -0.0551181 
vn -1 -0.00787402 -0.0551181 
vn -1 -0.00787402 -0.0551181 
vn -1 -0.00787402 -0.0551181 
vn -1 -0.00787402 -0.0551181 
vn -1 -0.00787402 -0.0551181 
vn -1 -0.00787402 -0.0551181 
vn 0 -0.944882 -0.322835 
vn 0 -0.944882 -0.322835 
vn 0 -0.944882 -0.322835 
vn 0 -0.944882 -0.322835 
vn 1 -0.0472441 0.00787402 
vn 1 -0.0472441 0.00787402 
vn 1 -0.0472441 0.00787402 
vn 1 -0.0472441 0.00787402 
vn 0.015748 -1 -0.023622 
vn 0.015748 -1 -0.023622 
vn 0.015748 -1 -0.023622 
vn 0.015748 -1 -0.023622 
vn 0.92126 0.110236 -0.377953 
vn 0.80315 0.251969 -0.543307 
vn 0.897638 0.188976 -0.401575 
vn 0.826772 0.173228 -0.535433 
vn 0.708661 0.456693 -0.543307 
vn 0.80315 0.417323 -0.425197 
vn 0.0393701 0.755906 -0.653543 
vn 0.0314961 0.614173 -0.787402 
vn 0.023622 0.440945 -0.897638 
vn 0.023622 0.377953 -0.929134 
vn -0.80315 0.259843 -0.535433 
vn -0.771654 0.330709 -0.551181 
vn -0.897638 0.204724 -0.385827 
vn -0.866142 0.283465 -0.409449 
vn -0.653543 0.519685 -0.543307 
vn -0.755906 0.496063 -0.425197 
vn 0 1 0.0472441 
vn 0 1 0.0472441 
vn 0 1 0.0472441 
vn 0 1 0.0472441 
vn 0.00787402 0.00787402 1 
vn 0.00787402 0.00787402 1 
vn 0.00787402 0.00787402 1 
vn 0.00787402 0.00787402 1 
vn -0.992126 -0.00787402 0.11811 
vn -0.992126 0 0.0944882 
vn -0.992126 -0.00787402 0.11811 
vn -0.992126 -0.00787402 0.11811 
vn 0.015748 -1 0.0551181 
vn 0.015748 -1 0.0551181 
vn 0.015748 -1 0.0551181 
vn 0.015748 -1 0.0551181 
vn 0.015748 -1 0.0708661 
vn 0.015748 -1 -0.023622 
vn 0.015748 -1 -0.023622 
vn 0.015748 -1 -0.023622 
vn 0.015748 -1 -0.023622 
vn -1 -0.00787402 0.015748 
vn -1 -0.00787402 0.015748 
vn -1 -0.00787402 0.015748 
vn -1 -0.00787402 0.015748 
vn -0.0393701 -0.00787402 -1 
vn -0.0393701 -0.00787402 -1 
vn -0.0393701 -0.00787402 -1 
vn -0.0393701 -0.00787402 -1 
vn 1 -0.023622 0.00787402 
vn 1 -0.023622 0.00787402 
vn 1 -0.023622 0.00787402 
vn 1 -0.023622 0.00787402 
vn 0.834646 -0.354331 0.417323 
vn 0.834646 -0.354331 0.417323 
vn 0.834646 -0.354331 0.417323 
vn 0.834646 -0.354331 0.417323 
vn 0.015748 -0.984252 0.188976 
vn 0.015748 -0.984252 0.188976 
vn 0.015748 -0.984252 0.188976 
vn 0.015748 -0.984252 0.188976 
vn 0.015748 -0.984252 0.188976 
vn -0.00787402 -0.00787402 -1 
vn -0.00787402 -0.00787402 -1 
vn -0.00787402 -0.00787402 -1 
vn -0.00787402 -0.00787402 -1 
vn 0.015748 -0.984252 0.181102 
vn 0.015748 -0.984252 0.181102 
vn 0.015748 -0.984252 0.181102 
vn 0.015748 -0.984252 0.181102 
vn 0.015748 -0.984252 0.181102 
vn 0.015748 -0.984252 0.181102 
vn 0.015748 -0.984252 0.181102 
vn -1 0.0393701 0 
vn -1 0.0393701 0 
vn -1 0.0393701 0 
vn -1 0.0393701 0 
vn -0.00787402 -0.00787402 -1 
vn -0.00787402 -0.00787402 -1 
vn -0.00787402 -0.00787402 -1 
vn -0.00787402 -0.00787402 -1 
vn 0 -0.00787402 -1 
vn 0 -0.00787402 -1 
vn 0 -0.00787402 -1 
vn 0 -0.00787402 -1 
vn 0.0866142 0.212598 -0.976378 
vn 0.0866142 0.133858 -0.984252 
vn 0.0866142 0.212598 -0.976378 
vn 0.0866142 0.133858 -0.984252 
vn 0.0866142 0.0393701 -0.992126 
vn 0.0866142 0.0393701 -0.992126 
vn -0.0944882 0.212598 -0.968504 
vn -0.0944882 0.212598 -0.968504 
vn -0.0944882 0.133858 -0.984252 
vn -0.0944882 0.133858 -0.984252 
vn -0.0944882 0.0393701 -0.992126 
vn -0.0944882 0.0393701 -0.992126 
vn 0 0 1 
vn 0 0 1 
vn 0 0 1 
vn 0 0 1 
vn 0 -1 -0.023622 
vn 0 -1 -0.023622 
vn 0 -1 -0.023622 
vn 0 -1 -0.023622 
vn 0 1 0.0314961 
vn 0 1 0.0314961 
vn 0 1 0.0314961 
vn 0 1 0.0314961 
vn 0 -1 -0.0314961 
vn 0 -1 -0.0314961 
vn 0 -1 -0.0314961 
vn 0 -1 -0.0314961 
vn -0.0314961 -0.0944882 -0.992126 
vn -0.0314961 -0.0944882 -0.992126 
vn -0.0314961 -0.0944882 -0.992126 
vn -0.0314961 -0.0944882 -0.992126 
vn 0.905512 0.165354 -0.377953 
vn 0.787402 0.299213 -0.543307 
vn 0.88189 0.251969 -0.401575 
vn 0.818898 0.228346 -0.535433 
vn 0 0.448819 -0.897638 
vn 0 0.377953 -0.929134 
vn -0.818898 0.212598 -0.535433 
vn -0.787402 0.283465 -0.551181 
vn -0.905512 0.149606 -0.385827 
vn -0.88189 0.228346 -0.409449 
vn 1 -0.0314961 0.015748 
vn 1 -0.0314961 0.015748 
vn 1 -0.0314961 0.015748 
vn 1 -0.0314961 0.015748 
vn 0.015748 -1 -0.023622 
vn 0.015748 -1 -0.023622 
vn 0.015748 -1 -0.023622 
vn 0.015748 -1 -0.023622 
vn 0.00787402 0.00787402 1 
vn 0.00787402 0.00787402 1 
vn 0.00787402 0.00787402 1 
vn 0.00787402 0.00787402 1 
vn 0 -0.015748 -1 
vn 0 -0.015748 -1 
vn 0 -0.015748 -1 
vn 0 -0.015748 -1 
vn -1 0.0314961 0 
vn -1 0.0314961 0 
vn -1 0.0314961 0 
vn -1 0.0314961 0 
vn -0.015748 1 0.0866142 
vn -0.015748 1 0.0866142 
vn -0.015748 1 0.0866142 
vn -0.015748 1 0.0866142 
vn 0 0 -1 
vn 0 0 -1 
vn 0 0 -1 
vn 0 0 -1 
vn 0 -0.165354 0.984252 
vn 0 -0.165354 0.984252 
vn 0 -0.165354 0.984252 
vn 0 -0.165354 0.984252 
vn 0.0551181 -0.00787402 1 
vn 0.0551181 -0.00787402 1 
vn 0.0551181 -0.00787402 1 
vn 0.0551181 -0.00787402 1 
vn 0 0 1 
vn 0 0 1 
vn 0 0 1 
vn 0 0 1 
vn 0 0 1 
vn 0 0 1 
vn 0 0 1 
vn 0 0 1 
vn 0 0 1 
vn 0 0 1 
vn 0 0 1 
vn 0 0 1 
vn 0 0 1 
vn 0 0 1 
vn 0 0 1 
vn 0 0 1 
vn 0 0 1 
vn 0 0 1 
vn 0 0 1 
vn 0 0 1 
vn 0 -1 -0.0314961 
vn 0 -1 -0.0314961 
vn 0 -1 -0.0314961 
vn 0 -1 -0.0314961 
vn -0.00787402 0.00787402 -1 
vn -0.00787402 0.00787402 -1 
vn -0.00787402 0.00787402 -1 
vn -0.00787402 0.00787402 -1 
vn 0.00787402 -0.992126 -0.133858 
vn 0.00787402 -0.992126 -0.133858 
vn 0.00787402 -0.992126 -0.133858 
vn 0.00787402 -0.992126 -0.133858 
vn -0.015748 1 0.023622 
vn -0.015748 1 0.023622 
vn -0.015748 1 0.023622 
vn -0.015748 1 0.023622 
vn 1 -0.0472441 0 
vn 1 -0.0472441 0 
vn 1 -0.0472441 0 
vn 1 -0.0472441 0 
vn 0 -1 -0.0314961 
vn 0 -1 -0.0314961 
vn 0 -1 -0.0314961 
vn 0 -1 -0.0314961 
vn 0 0 -1 
vn 0 0 -1 
vn 0 0 -1 
vn 0 0 -1 
vn 0 0 -1 
vn 0 0 -1 
vn 0 0 -1 
vn 0 0 -1 
vn 0 0 -1 
vn 0 0 -1 
vn 0 0 -1 
vn 0 0 -1 
vn 0 0 -1 
vn 0 0 -1 
vn 0 0 -1 
vn 0 0 -1 
vn 0 0 -1 
vn 0 0 -1 
vn 0 0 -1 
vn 0 0 -1 
vn 0.0314961 -1 0 
vn 0.0314961 -1 0 
vn 0.0314961 -1 0 
vn 0.0314961 -1 0 
vn -0.00787402 -0.00787402 -1 
vn -0.00787402 -0.00787402 -1 
vn -0.00787402 -0.00787402 -1 
vn -0.00787402 -0.00787402 -1 
vn 0 -1 0.00787402 
vn 0 -1 0.00787402 
vn 0 -1 0.00787402 
vn 0 -1 0.00787402 
vn -0.015748 0.992126 0.102362 
vn -0.015748 0.992126 0.102362 
vn -0.015748 0.992126 0.102362 
vn -0.015748 0.992126 0.102362 
vn -0.015748 1 0.0314961 
vn -0.015748 1 0.0314961 
vn -0.015748 1 0.0314961 
vn -0.015748 1 0.0314961 
vn -0.0314961 -1 0 
vn -0.0314961 -1 0 
vn -0.0314961 -1 0 
vn -0.0314961 -1 0 
vn 0 0.0314961 1 
vn 0 0.0314961 1 
vn 0 0.0314961 1 
vn 0 0.0314961 1 
vn 0.015748 1 -0.0314961 
vn 0.015748 1 -0.0314961 
vn 0.015748 1 -0.0314961 
vn 0.015748 1 -0.0314961 
vn -1 0.0314961 -0.00787402 
vn -1 0.0314961 -0.00787402 
vn -1 0.0314961 -0.00787402 
vn -1 0.0314961 -0.00787402 
vn 1 -0.023622 0.023622 
vn 1 -0.023622 0.023622 
vn 1 -0.023622 0.023622 
vn 1 -0.023622 0.023622 
vn 0 0 1 
vn 0 0 1 
vn 0 0 1 
vn 0 0 1 
vn 0 0 1 
vn 0 0 1 
vn 0 0 1 
vn 0 0 1 
vn 0 0 1 
vn 0 0 1 
vn 0 0 1 
vn 0 0 1 
vn 0 0 1 
vn 0 0 1 
vn 0 0 1 
vn 0 0 1 
vn 0 0 1 
vn 0 0 1 
vn 0 0 1 
vn 0 0 1 
vn 0 0 1 
vn 0 0 1 
vn 0 0 1 
vn 0 0 1 
vn 0 0 1 
vn 0 0 1 
vn 1 -0.023622 0.015748 
vn 1 -0.023622 0.015748 
vn 1 -0.023622 0.015748 
vn 1 -0.023622 0.015748 
vn -0.023622 1 0.0787402 
vn -0.023622 1 0.0787402 
vn -0.023622 1 0.0787402 
vn -0.023622 1 0.0787402 
vn -1 -0.015748 0 
vn -1 -0.015748 0 
vn -1 -0.015748 0 
vn -1 -0.015748 0 
vn 0.015748 -1 -0.023622 
vn 0.015748 -1 -0.023622 
vn 0.015748 -1 -0.023622 
vn 0.015748 -1 -0.023622 
vn 1 -0.0393701 0.00787402 
vn 1 -0.0393701 0.00787402 
vn 1 -0.0393701 0.00787402 
vn 1 -0.0393701 0.00787402 
vn -1 0.023622 -0.00787402 
vn -1 0.023622 -0.00787402 
vn -1 0.023622 -0.00787402 
vn -1 0.023622 -0.00787402 
vn 0 0 -1 
vn 0 0 -1 
vn 0 0 -1 
vn 0 0 -1 
vn 0 -0.354331 0.937008 
vn 0 -0.354331 0.937008 
vn 0 -0.354331 0.937008 
vn 0 -0.354331 0.937008 
vn -1 0.023622 0 
vn -1 0.023622 0 
vn -1 0.023622 0 
vn -1 0.023622 0 
vn 0 -0.00787402 -1 
vn 0 -0.00787402 -1 
vn 0 -0.00787402 -1 
vn 0 -0.00787402 -1 
vn 1 0.00787402 -0.00787402 
vn 1 0.00787402 -0.00787402 
vn 1 0.00787402 -0.00787402 
vn 1 0.00787402 -0.00787402 
vn 0 0 1 
vn 0 0 1 
vn 0 0 1 
vn 0 0 1 
vn 0 0 1 
vn 0 0 1 
vn 0 0 1 
vn 0 0 1 
vn 0 0 1 
vn 0 0 1 
vn 0 0 1 
vn 0 0 1 
vn 0 0 1 
vn 0 0 1 
vn 0 0 1 
vn 0 0 1 
vn 0 0 1 
vn 0 0 1 
vn 0 0 1 
vn 0 0 1 
vn 0 0 1 
vn 0 0 1 
vn 0 0 1 
vn 0 0 1 
vn 0 0 1 
vn 0 0 1 
vn 0 0 1 
vn 0 0 1 
vn 0 0 1 
vn 0 0 1 
vn 0 0 1 
vn 0 0 1 
vn 0 0 1 
vn 0 -1 -0.0314961 
vn 0 -1 -0.0314961 
vn 0 -1 -0.0314961 
vn 0 -1 -0.0314961 
vn 0 0 -1 
vn 0 0 -1 
vn 0 0 -1 
vn 0 0 -1 
vn 0 0 -1 
vn 0 0 -1 
vn 0 0 -1 
vn 0 0 -1 
vn 0 0 -1 
vn 0 0 -1 
vn 0 0 -1 
vn 0 0 -1 
vn 0 0 -1 
vn 0 0 -1 
vn 0 0 -1 
vn 0 0 -1 
vn 0 0 -1 
vn 0 0 -1 
vn 0 0 -1 
vn 0 0 -1 
vn 1 -0.0393701 0.00787402 
vn 1 -0.0393701 0.00787402 
vn 1 -0.0393701 0.00787402 
vn 1 -0.0393701 0.00787402 
vn 0 -0.165354 0.984252 
vn 0 -0.165354 0.984252 
vn 0 -0.165354 0.984252 
vn 0 -0.165354 0.984252 
vn -1 0.015748 0 
vn -1 0.015748 0 
vn -1 0.015748 0 
vn -1 0.015748 0 
vn 0 -1 -0.0314961 
vn 0 -1 -0.0314961 
vn 0 -1 -0.0314961 
vn 0 -1 -0.0314961 
vn 1 -0.0472441 0 
vn 1 -0.0472441 0 
vn 1 -0.0472441 0 
vn 1 -0.0472441 0 
vn 1 -0.0314961 0.00787402 
vn 1 -0.0314961 0.00787402 
vn 1 -0.0314961 0.00787402 
vn 1 -0.0314961 0.00787402 
vn -1 -0.00787402 0.015748 
vn -1 -0.00787402 0.015748 
vn -1 -0.00787402 0.015748 
vn -1 -0.00787402 0.015748 
vn -1 0.023622 0 
vn -1 0.023622 0 
vn -1 0.023622 0 
vn -1 0.023622 0 
vn 0 0.015748 1 
vn 0 0.015748 1 
vn 0 0.015748 1 
vn 0 0.015748 1 
vn -1 0.023622 0 
vn -1 0.023622 0 
vn -1 0.023622 0 
vn -1 0.023622 0 
vn 0 -0.165354 0.984252 
vn 0 -0.165354 0.984252 
vn 0 -0.165354 0.984252 
vn 0 -0.165354 0.984252 
vn 1 -0.015748 0 
vn 1 -0.015748 0 
vn 1 -0.015748 0 
vn 1 -0.015748 0 
vn 0 0.0314961 1 
vn 0 0.0314961 1 
vn 0 0.0314961 1 
vn 0 0.0314961 1 
vn 1 -0.015748 0 
vn 1 -0.015748 0 
vn 1 -0.015748 0 
vn 1 -0.015748 0 
vn -1 0.015748 0 
vn -1 0.015748 0 
vn -1 0.015748 0 
vn -1 0.015748 0 
vn 1 0.015748 0 
vn 1 0.015748 0 
vn 1 0.015748 0 
vn 1 0.015748 0 
vn 1 -0.015748 0 
vn 1 -0.015748 0 
vn 1 -0.015748 0 
vn 1 -0.015748 0 
vn -1 0.015748 0 
vn -1 0.015748 0 
vn -1 0.015748 0 
vn -1 0.015748 0 
vn 1 -0.015748 0 
vn 1 -0.015748 0 
vn 1 -0.015748 0 
vn 1 -0.015748 0 
vn -1 0.00787402 0.00787402 
vn -1 0.00787402 0.00787402 
vn -1 0.00787402 0.00787402 
vn -1 0.00787402 0.00787402 

vt 0.606496 0.957285 
vt 0.560148 0.954323 
vt 0.605152 0.908099 
vt 0.561607 0.905291 
vt 0.541394 0.886816 
vt 0.632361 0.893235 
vt 0.540983 0.97078 
vt 0.632129 0.973694 
vt 0.606496 0.957285 
vt 0.560148 0.954323 
vt 0.605152 0.908099 
vt 0.561607 0.905291 
vt 0.970371 0.79229 
vt 0.963104 0.79377 
vt 0.972828 0.806599 
vt 0.965375 0.808238 
vt 0.541394 0.886816 
vt 0.632361 0.893235 
vt 0.540983 0.97078 
vt 0.632129 0.973694 
vt 0.982777 0.879245 
vt 0.964571 0.878071 
vt 0.963961 0.89857 
vt 0.983339 0.899808 
vt 0.963766 0.878761 
vt 0.963673 0.897697 
vt 0.984281 0.880208 
vt 0.984229 0.898354 
vt 0.735752 0.74913 
vt 0.73194 0.702732 
vt 0.76603 0.746343 
vt 0.762073 0.700143 
vt 0.982232 0.782718 
vt 0.962948 0.804933 
vt 0.978745 0.807357 
vt 0.966512 0.780435 
vt 0.963766 0.878761 
vt 0.963673 0.897697 
vt 0.984281 0.880208 
vt 0.984229 0.898354 
vt 0.983339 0.899808 
vt 0.982777 0.879245 
vt 0.963961 0.89857 
vt 0.964571 0.878071 
vt 0.694799 0.77681 
vt 0.80555 0.670931 
vt 0.806007 0.776371 
vt 0.694008 0.671569 
vt 0.983339 0.899808 
vt 0.982777 0.879245 
vt 0.963961 0.89857 
vt 0.964571 0.878071 
vt 0.982777 0.879245 
vt 0.963961 0.89857 
vt 0.983339 0.899808 
vt 0.964571 0.878071 
vt 0.606496 0.957285 
vt 0.560148 0.954323 
vt 0.605152 0.908099 
vt 0.561607 0.905291 
vt 0.606496 0.957285 
vt 0.560148 0.954323 
vt 0.605152 0.908099 
vt 0.561607 0.905291 
vt 0.541394 0.886816 
vt 0.632361 0.893235 
vt 0.540983 0.97078 
vt 0.632129 0.973694 
vt 0.861786 0.907266 
vt 0.773438 0.831123 
vt 0.853924 0.824184 
vt 0.781533 0.916701 
vt 0.853924 0.824184 
vt 0.781533 0.916701 
vt 0.861786 0.907266 
vt 0.773461 0.831318 
vt 0.773438 0.831123 
vt 0.861786 0.907266 
vt 0.781533 0.916701 
vt 0.853924 0.824184 
vt 0.781533 0.916701 
vt 0.853924 0.824184 
vt 0.773438 0.831123 
vt 0.861786 0.907266 
vt 0.762073 0.700143 
vt 0.76603 0.746343 
vt 0.73194 0.702732 
vt 0.735752 0.74913 
vt 0.959184 0.81116 
vt 0.976203 0.786273 
vt 0.962991 0.783774 
vt 0.972493 0.813717 
vt 0.98771 0.873476 
vt 0.970528 0.897077 
vt 0.984698 0.899307 
vt 0.973552 0.871257 
vt 0.959724 0.765667 
vt 0.966929 0.772852 
vt 0.966929 0.776155 
vt 0.977311 0.765616 
vt 0.977311 0.772852 
vt 0.966929 0.783139 
vt 0.959693 0.804091 
vt 0.977311 0.783139 
vt 0.977311 0.776155 
vt 0.984703 0.783139 
vt 0.977311 0.790123 
vt 0.966929 0.797107 
vt 0.966929 0.804626 
vt 0.966929 0.811075 
vt 0.977311 0.804789 
vt 0.984673 0.82164 
vt 0.977311 0.811075 
vt 0.977311 0.814378 
vt 0.966929 0.82169 
vt 0.966929 0.814378 
vt 0.606496 0.957285 
vt 0.560148 0.954323 
vt 0.605152 0.908099 
vt 0.561607 0.905291 
vt 0.959724 0.765667 
vt 0.966929 0.776155 
vt 0.966929 0.772852 
vt 0.977311 0.765616 
vt 0.977311 0.772852 
vt 0.966929 0.783139 
vt 0.959693 0.804091 
vt 0.977311 0.783139 
vt 0.977311 0.776155 
vt 0.984703 0.783139 
vt 0.977311 0.790123 
vt 0.966929 0.797107 
vt 0.966929 0.804626 
vt 0.966929 0.811075 
vt 0.977311 0.804789 
vt 0.984673 0.82164 
vt 0.977311 0.811075 
vt 0.977311 0.814378 
vt 0.966929 0.82169 
vt 0.966929 0.814378 
vt 0.152688 0.65901 
vt 0.069496 0.489753 
vt 0.162096 0.491107 
vt 0.060158 0.658338 
vt 0.959724 0.765667 
vt 0.966929 0.772852 
vt 0.966929 0.776155 
vt 0.977311 0.765616 
vt 0.977311 0.772852 
vt 0.959715 0.783097 
vt 0.977316 0.783166 
vt 0.977311 0.776155 
vt 0.984703 0.783139 
vt 0.977311 0.804789 
vt 0.98468 0.811697 
vt 0.966929 0.811075 
vt 0.966929 0.804626 
vt 0.011861 0.970931 
vt 0.094153 0.915598 
vt 0.094988 0.970465 
vt 0.009893 0.914255 
vt 0.983339 0.899808 
vt 0.982777 0.879245 
vt 0.963961 0.89857 
vt 0.964571 0.878071 
vt 0.982232 0.782718 
vt 0.962948 0.804933 
vt 0.978745 0.807357 
vt 0.966512 0.780435 
vt 0.541394 0.886816 
vt 0.632361 0.893235 
vt 0.540983 0.97078 
vt 0.632129 0.973694 
vt 0.014233 0.677588 
vt 0.179778 0.673126 
vt 0.006941 0.829242 
vt 0.178909 0.830994 
vt 0.178116 0.969998 
vt 0.012408 0.986674 
vt 0.17801 0.988948 
vt 0.178116 0.969998 
vt 0.34442 0.979749 
vt 0.34788 0.831169 
vt 0.346049 0.680053 
vt 0.178909 0.830994 
vt 0.543251 0.577363 
vt 0.494748 0.536912 
vt 0.548505 0.536205 
vt 0.529812 0.61777 
vt 0.49645 0.65757 
vt 0.494748 0.536912 
vt 0.44755 0.579554 
vt 0.440987 0.537512 
vt 0.462113 0.618577 
vt 0.49645 0.65757 
vt 0.44755 0.579554 
vt 0.494748 0.536912 
vt 0.440987 0.537512 
vt 0.543251 0.577363 
vt 0.494748 0.536912 
vt 0.548505 0.536205 
vt 0.49645 0.65757 
vt 0.529812 0.61777 
vt 0.462113 0.618577 
vt 0.543251 0.577363 
vt 0.44755 0.579554 
vt 0.529812 0.61777 
vt 0.462113 0.618577 
vt 0.446358 0.183287 
vt 0.425227 0.34988 
vt 0.37072 0.183478 
vt 0.371095 0.351656 
vt 0.370517 0.015319 
vt 0.47667 0.348276 
vt 0.467107 0.016848 
vt 0.518679 0.183061 
vt 0.613751 0.349159 
vt 0.559311 0.018068 
vt 0.626817 0.182752 
vt 0.710056 0.349963 
vt 0.64196 0.016368 
vt 0.707272 0.182523 
vt 0.709917 0.015226 
vt 0.98771 0.873476 
vt 0.970528 0.897077 
vt 0.984698 0.899307 
vt 0.973552 0.871257 
vt 0.963766 0.878761 
vt 0.963673 0.897697 
vt 0.984281 0.880208 
vt 0.984229 0.898354 
vt 0.972828 0.806599 
vt 0.963104 0.79377 
vt 0.965375 0.808238 
vt 0.970371 0.79229 
vt 0.587109 0.83043 
vt 0.677906 0.778607 
vt 0.677959 0.835995 
vt 0.586274 0.769291 
vt 0.953282 0.26742 
vt 0.912184 0.323869 
vt 0.919418 0.262111 
vt 0.946078 0.329203 
vt 0.959724 0.765667 
vt 0.966929 0.772852 
vt 0.966929 0.783139 
vt 0.977311 0.765616 
vt 0.977311 0.772852 
vt 0.959693 0.804091 
vt 0.966929 0.797107 
vt 0.977311 0.790123 
vt 0.966929 0.804626 
vt 0.966929 0.811075 
vt 0.977311 0.804789 
vt 0.984698 0.790232 
vt 0.984683 0.811259 
vt 0.959724 0.765667 
vt 0.966929 0.772852 
vt 0.966929 0.783139 
vt 0.977311 0.765616 
vt 0.977311 0.772852 
vt 0.959693 0.804091 
vt 0.966929 0.797107 
vt 0.977311 0.790123 
vt 0.966929 0.804626 
vt 0.966929 0.811075 
vt 0.977311 0.804789 
vt 0.984698 0.790232 
vt 0.984683 0.811259 
vt 0.963766 0.878761 
vt 0.963673 0.897697 
vt 0.984281 0.880208 
vt 0.984229 0.898354 
vt 0.359311 0.257166 
vt 0.265383 0.308493 
vt 0.263274 0.252131 
vt 0.361582 0.314186 
vt 0.541394 0.886816 
vt 0.632361 0.893235 
vt 0.540983 0.97078 
vt 0.632129 0.973694 
vt 0.735752 0.74913 
vt 0.73194 0.702732 
vt 0.76603 0.746343 
vt 0.762073 0.700143 
vt 0.953282 0.26742 
vt 0.912184 0.323869 
vt 0.919418 0.262111 
vt 0.946078 0.329203 
vt 0.953282 0.26742 
vt 0.912184 0.323869 
vt 0.919418 0.262111 
vt 0.946078 0.329203 
vt 0.959724 0.765667 
vt 0.966929 0.772852 
vt 0.966929 0.776155 
vt 0.977311 0.765616 
vt 0.977311 0.772852 
vt 0.966929 0.783139 
vt 0.959693 0.804091 
vt 0.977311 0.783139 
vt 0.977311 0.776155 
vt 0.984703 0.783139 
vt 0.977311 0.790123 
vt 0.966929 0.797107 
vt 0.966929 0.804626 
vt 0.966929 0.811075 
vt 0.977311 0.804789 
vt 0.984673 0.82164 
vt 0.977311 0.811075 
vt 0.977311 0.814378 
vt 0.966929 0.82169 
vt 0.966929 0.814378 
vt 0.971532 0.898399 
vt 0.985116 0.898029 
vt 0.969726 0.879405 
vt 0.983044 0.876235 
vt 0.079528 0.631527 
vt 0.036415 0.574642 
vt 0.068635 0.568079 
vt 0.046484 0.638794 
vt 0.606496 0.957285 
vt 0.560148 0.954323 
vt 0.605152 0.908099 
vt 0.561607 0.905291 
vt 0.985555 0.908034 
vt 0.966793 0.869862 
vt 0.964687 0.907883 
vt 0.987677 0.870168 
vt 0.152688 0.65901 
vt 0.069496 0.489753 
vt 0.162096 0.491107 
vt 0.060158 0.658338 
vt 0.399182 0.672452 
vt 0.34788 0.831169 
vt 0.346049 0.680053 
vt 0.450833 0.822082 
vt 0.449993 0.670323 
vt 0.585023 0.677583 
vt 0.449837 0.967866 
vt 0.34442 0.979749 
vt 0.677959 0.835995 
vt 0.677831 0.696274 
vt 0.677702 0.975151 
vt 0.768309 0.559366 
vt 0.769804 0.60754 
vt 0.710858 0.560654 
vt 0.703559 0.608698 
vt 0.165985 0.169129 
vt 0.254673 0.012641 
vt 0.355903 0.171636 
vt 0.351848 0.017046 
vt 0.162319 0.013066 
vt 0.080291 0.022033 
vt 0.169237 0.320271 
vt 0.362213 0.330025 
vt 0.018462 0.183941 
vt 0.014968 0.042101 
vt 0.017859 0.323063 
vt 0.966793 0.869862 
vt 0.985555 0.908034 
vt 0.987677 0.870168 
vt 0.964687 0.907883 
vt 0.970528 0.897077 
vt 0.98771 0.873476 
vt 0.973552 0.871257 
vt 0.984698 0.899307 
vt 0.959724 0.765667 
vt 0.966929 0.776155 
vt 0.966929 0.772852 
vt 0.977311 0.765616 
vt 0.977311 0.772852 
vt 0.966929 0.783139 
vt 0.959693 0.804091 
vt 0.977311 0.783139 
vt 0.977311 0.776155 
vt 0.984703 0.783139 
vt 0.977311 0.790123 
vt 0.966929 0.797107 
vt 0.966929 0.804626 
vt 0.966929 0.811075 
vt 0.977311 0.804789 
vt 0.984673 0.82164 
vt 0.977311 0.811075 
vt 0.977311 0.814378 
vt 0.966929 0.82169 
vt 0.966929 0.814378 
vt 0.152688 0.65901 
vt 0.069496 0.489753 
vt 0.162096 0.491107 
vt 0.060158 0.658338 
vt 0.98771 0.873476 
vt 0.970528 0.897077 
vt 0.984698 0.899307 
vt 0.973552 0.871257 
vt 0.982232 0.782718 
vt 0.962948 0.804933 
vt 0.978745 0.807357 
vt 0.966512 0.780435 
vt 0.082827 0.239798 
vt 0.042119 0.299324 
vt 0.051226 0.233821 
vt 0.073954 0.305441 
vt 0.968111 0.323327 
vt 0.913252 0.251801 
vt 0.95777 0.245894 
vt 0.923848 0.330297 
vt 0.990263 0.782936 
vt 0.957865 0.779967 
vt 0.988064 0.804682 
vt 0.955667 0.802002 
vt 0.983339 0.899808 
vt 0.982777 0.879245 
vt 0.963961 0.89857 
vt 0.964571 0.878071 
vt 0.082827 0.239798 
vt 0.042119 0.299324 
vt 0.051226 0.233821 
vt 0.073954 0.305441 
vt 0.98771 0.873476 
vt 0.970528 0.897077 
vt 0.984698 0.899307 
vt 0.973552 0.871257 
vt 0.883629 0.825596 
vt 0.890853 0.899816 
vt 0.861786 0.907266 
vt 0.853924 0.824184 
vt 0.915808 0.826043 
vt 0.922739 0.893294 
vt 0.966572 0.883506 
vt 0.97285 0.897238 
vt 0.966578 0.893223 
vt 0.976184 0.888064 
vt 0.883629 0.825596 
vt 0.861786 0.907266 
vt 0.890853 0.899816 
vt 0.853924 0.824184 
vt 0.915808 0.826043 
vt 0.922739 0.893294 
vt 0.079528 0.631527 
vt 0.036415 0.574642 
vt 0.068635 0.568079 
vt 0.046484 0.638794 
vt 0.972828 0.806599 
vt 0.970371 0.79229 
vt 0.963104 0.79377 
vt 0.965375 0.808238 
vt 0.963766 0.878761 
vt 0.963673 0.897697 
vt 0.984281 0.880208 
vt 0.984229 0.898354 
vt 0.152688 0.65901 
vt 0.069496 0.489753 
vt 0.162096 0.491107 
vt 0.060158 0.658338 
vt 0.985555 0.908034 
vt 0.966793 0.869862 
vt 0.964687 0.907883 
vt 0.987677 0.870168 
vt 0.152688 0.65901 
vt 0.069496 0.489753 
vt 0.162096 0.491107 
vt 0.060158 0.658338 
vt 0.793572 0.347197 
vt 0.791881 0.182442 
vt 0.849876 0.182499 
vt 0.851785 0.345268 
vt 0.978298 0.90266 
vt 0.97285 0.897238 
vt 0.985115 0.894294 
vt 0.976184 0.888064 
vt 0.959184 0.90954 
vt 0.976203 0.884654 
vt 0.962991 0.882155 
vt 0.972493 0.912097 
vt 0.079528 0.631527 
vt 0.036415 0.574642 
vt 0.068635 0.568079 
vt 0.046484 0.638794 
vt 0.079812 0.648393 
vt 0.050624 0.618494 
vt 0.109045 0.618886 
vt 0.126779 0.57937 
vt 0.033123 0.578741 
vt 0.983339 0.899808 
vt 0.982777 0.879245 
vt 0.963961 0.89857 
vt 0.964571 0.878071 
vt 0.079528 0.631527 
vt 0.036415 0.574642 
vt 0.068635 0.568079 
vt 0.046484 0.638794 
vt 0.079528 0.631527 
vt 0.036415 0.574642 
vt 0.068635 0.568079 
vt 0.046484 0.638794 
vt 0.984229 0.898354 
vt 0.984281 0.880208 
vt 0.963673 0.897697 
vt 0.963766 0.878761 
vt 0.966775 0.779271 
vt 0.966927 0.800488 
vt 0.975746 0.783239 
vt 0.975841 0.796474 
vt 0.962892 0.81005 
vt 0.985065 0.778432 
vt 0.964693 0.774856 
vt 0.983265 0.813625 
vt 0.039528 0.537945 
vt 0.091659 0.537812 
vt 0.065663 0.525483 
vt 0.115814 0.55466 
vt 0.09667 0.636637 
vt 0.98771 0.783582 
vt 0.970528 0.807183 
vt 0.984698 0.809413 
vt 0.973552 0.781363 
vt 0.970696 0.799371 
vt 0.989046 0.80275 
vt 0.991854 0.774788 
vt 0.974609 0.771824 
vt 0.982594 0.789851 
vt 0.975746 0.783239 
vt 0.975841 0.796474 
vt 0.707272 0.182523 
vt 0.851696 0.019612 
vt 0.989469 0.182357 
vt 0.992848 0.014168 
vt 0.709917 0.015226 
vt 0.851785 0.345268 
vt 0.992703 0.350493 
vt 0.710056 0.349963 
vt 0.966004 0.806037 
vt 0.973456 0.804399 
vt 0.963733 0.79157 
vt 0.970999 0.79009 
vt 0.962321 0.78196 
vt 0.970734 0.798374 
vt 0.972894 0.784157 
vt 0.958739 0.793643 
vt 0.985555 0.908034 
vt 0.966793 0.869862 
vt 0.964687 0.907883 
vt 0.987677 0.870168 
vt 0.152688 0.65901 
vt 0.069496 0.489753 
vt 0.162096 0.491107 
vt 0.060158 0.658338 
vt 0.768309 0.559366 
vt 0.769804 0.60754 
vt 0.710858 0.560654 
vt 0.703559 0.608698 
vt 0.963766 0.878761 
vt 0.963673 0.897697 
vt 0.984281 0.880208 
vt 0.984229 0.898354 
vt 0.859055 0.580821 
vt 0.820118 0.616024 
vt 0.827477 0.573969 
vt 0.857818 0.616634 
vt 0.953282 0.26742 
vt 0.912184 0.323869 
vt 0.919418 0.262111 
vt 0.946078 0.329203 
vt 0.859055 0.580821 
vt 0.820118 0.616024 
vt 0.827477 0.573969 
vt 0.857818 0.616634 
vt 0.082827 0.239798 
vt 0.042119 0.299324 
vt 0.051226 0.233821 
vt 0.073954 0.305441 
vt 0.98771 0.783582 
vt 0.970528 0.807183 
vt 0.984698 0.809413 
vt 0.973552 0.781363 
vt 0.959724 0.765667 
vt 0.966929 0.772852 
vt 0.966929 0.776155 
vt 0.977311 0.765616 
vt 0.977311 0.772852 
vt 0.959715 0.783097 
vt 0.977316 0.783166 
vt 0.977311 0.776155 
vt 0.984703 0.783139 
vt 0.977311 0.804789 
vt 0.98468 0.811697 
vt 0.966929 0.811075 
vt 0.966929 0.804626 
vt 0.961604 0.903475 
vt 0.969056 0.901836 
vt 0.959333 0.889007 
vt 0.966599 0.887527 
vt 0.606496 0.957285 
vt 0.560148 0.954323 
vt 0.605152 0.908099 
vt 0.561607 0.905291 
vt 0.082827 0.239798 
vt 0.042119 0.299324 
vt 0.051226 0.233821 
vt 0.073954 0.305441 
vt 0.959184 0.81116 
vt 0.976203 0.786273 
vt 0.962991 0.783774 
vt 0.972493 0.813717 
vt 0.969726 0.879405 
vt 0.971532 0.898399 
vt 0.985116 0.898029 
vt 0.983044 0.876235 
vt 0.96241 0.903078 
vt 0.976651 0.884229 
vt 0.965036 0.882623 
vt 0.974009 0.904702 
vt 0.98771 0.873476 
vt 0.970528 0.897077 
vt 0.984698 0.899307 
vt 0.973552 0.871257 
vt 0.959184 0.81116 
vt 0.976203 0.786273 
vt 0.962991 0.783774 
vt 0.972493 0.813717 
vt 0.962321 0.78196 
vt 0.970734 0.798374 
vt 0.972894 0.784157 
vt 0.958739 0.793643 
vt 0.362213 0.330025 
vt 0.356964 0.496741 
vt 0.205935 0.491441 
vt 0.169237 0.320271 
vt 0.245218 0.659681 
vt 0.352497 0.665405 
vt 0.013892 0.658002 
vt 0.017666 0.48936 
vt 0.017859 0.323063 
vt 0.152688 0.65901 
vt 0.069496 0.489753 
vt 0.162096 0.491107 
vt 0.060158 0.658338 
vt 0.703559 0.608698 
vt 0.675129 0.553232 
vt 0.710858 0.560654 
vt 0.663025 0.59271 
vt 0.959184 0.81116 
vt 0.976203 0.786273 
vt 0.962991 0.783774 
vt 0.972493 0.813717 
vt 0.959184 0.81116 
vt 0.976203 0.786273 
vt 0.962991 0.783774 
vt 0.972493 0.813717 
vt 0.883629 0.825596 
vt 0.893453 0.756873 
vt 0.865026 0.74839 
vt 0.853924 0.824184 
vt 0.915808 0.826043 
vt 0.924806 0.764905 
vt 0.082827 0.239798 
vt 0.042119 0.299324 
vt 0.051226 0.233821 
vt 0.073954 0.305441 
vt 0.964571 0.878071 
vt 0.963961 0.89857 
vt 0.982777 0.879245 
vt 0.983339 0.899808 
vt 0.959724 0.765667 
vt 0.966929 0.772852 
vt 0.966929 0.783139 
vt 0.977311 0.765616 
vt 0.977311 0.772852 
vt 0.959693 0.804091 
vt 0.966929 0.797107 
vt 0.977311 0.790123 
vt 0.966929 0.804626 
vt 0.966929 0.811075 
vt 0.977311 0.804789 
vt 0.984698 0.790232 
vt 0.984683 0.811259 
vt 0.079528 0.631527 
vt 0.036415 0.574642 
vt 0.068635 0.568079 
vt 0.046484 0.638794 
vt 0.893453 0.756873 
vt 0.883629 0.825596 
vt 0.853924 0.824184 
vt 0.865026 0.74839 
vt 0.924806 0.764905 
vt 0.915808 0.826043 
vt 0.865026 0.74839 
vt 0.883629 0.825596 
vt 0.853924 0.824184 
vt 0.893453 0.756873 
vt 0.915808 0.826043 
vt 0.924806 0.764905 
vt 0.953282 0.26742 
vt 0.912184 0.323869 
vt 0.919418 0.262111 
vt 0.946078 0.329203 
vt 0.972828 0.806599 
vt 0.963104 0.79377 
vt 0.965375 0.808238 
vt 0.970371 0.79229 
vt 0.965375 0.808238 
vt 0.972828 0.806599 
vt 0.963104 0.79377 
vt 0.970371 0.79229 
vt 0.853924 0.824184 
vt 0.893453 0.756873 
vt 0.865026 0.74839 
vt 0.883629 0.825596 
vt 0.924806 0.764905 
vt 0.915808 0.826043 
vt 0.966004 0.806037 
vt 0.973456 0.804399 
vt 0.963733 0.79157 
vt 0.970999 0.79009 
vt 0.079528 0.631527 
vt 0.036415 0.574642 
vt 0.068635 0.568079 
vt 0.046484 0.638794 
vt 0.98771 0.873476 
vt 0.970528 0.897077 
vt 0.984698 0.899307 
vt 0.973552 0.871257 
vt 0.076149 0.585499 
vt 0.032749 0.632253 
vt 0.033394 0.584226 
vt 0.074776 0.63361 
vt 0.970528 0.897077 
vt 0.98771 0.873476 
vt 0.973552 0.871257 
vt 0.984698 0.899307 
vt 0.98771 0.783582 
vt 0.970528 0.807183 
vt 0.984698 0.809413 
vt 0.973552 0.781363 
vt 0.966793 0.869862 
vt 0.985555 0.908034 
vt 0.987677 0.870168 
vt 0.964687 0.907883 
vt 0.082827 0.239798 
vt 0.042119 0.299324 
vt 0.051226 0.233821 
vt 0.073954 0.305441 
vt 0.965061 0.807923 
vt 0.972513 0.806285 
vt 0.96279 0.793456 
vt 0.970056 0.791975 
vt 0.768309 0.559366 
vt 0.769804 0.60754 
vt 0.710858 0.560654 
vt 0.703559 0.608698 
vt 0.953056 0.80788 
vt 0.973272 0.776108 
vt 0.96011 0.773182 
vt 0.966218 0.810806 
vt 0.792798 0.558536 
vt 0.694008 0.671569 
vt 0.710858 0.560654 
vt 0.80555 0.670931 
vt 0.777207 0.43815 
vt 0.713532 0.438839 
vt 0.966413 0.799173 
vt 0.982472 0.784655 
vt 0.969448 0.781828 
vt 0.981962 0.799425 
vt 0.864081 0.541551 
vt 0.940593 0.507729 
vt 0.990559 0.570139 
vt 0.896328 0.617978 
vt 0.829569 0.3891 
vt 0.887985 0.369312 
vt 0.864081 0.541551 
vt 0.80555 0.670931 
vt 0.792798 0.558536 
vt 0.896328 0.617978 
vt 0.777207 0.43815 
vt 0.829569 0.3891 
vt 0.971532 0.898399 
vt 0.985116 0.898029 
vt 0.969726 0.879405 
vt 0.983044 0.876235 
vt 0.963766 0.878761 
vt 0.963673 0.897697 
vt 0.984281 0.880208 
vt 0.984229 0.898354 
vt 0.893453 0.756873 
vt 0.922673 0.688559 
vt 0.89834 0.670578 
vt 0.865026 0.74839 
vt 0.924806 0.764905 
vt 0.951979 0.701513 
vt 0.893453 0.756873 
vt 0.89834 0.670578 
vt 0.922673 0.688559 
vt 0.865026 0.74839 
vt 0.924806 0.764905 
vt 0.951979 0.701513 
vt 0.966379 0.330149 
vt 0.923286 0.283347 
vt 0.965868 0.282269 
vt 0.92453 0.331287 
vt 0.639399 0.54581 
vt 0.694008 0.671569 
vt 0.600365 0.617174 
vt 0.710858 0.560654 
vt 0.713532 0.438839 
vt 0.653337 0.396418 
vt 0.079528 0.631527 
vt 0.036415 0.574642 
vt 0.068635 0.568079 
vt 0.046484 0.638794 
vt 0.983339 0.899808 
vt 0.982777 0.879245 
vt 0.963961 0.89857 
vt 0.964571 0.878071 
vt 0.966793 0.869862 
vt 0.985555 0.908034 
vt 0.987677 0.870168 
vt 0.964687 0.907883 
vt 0.984229 0.898354 
vt 0.984281 0.880208 
vt 0.963673 0.897697 
vt 0.963766 0.878761 
vt 0.959184 0.81116 
vt 0.976203 0.786273 
vt 0.962991 0.783774 
vt 0.972493 0.813717 
vt 0.959724 0.765667 
vt 0.966929 0.772852 
vt 0.966929 0.776155 
vt 0.977311 0.765616 
vt 0.977311 0.772852 
vt 0.959715 0.783097 
vt 0.977316 0.783166 
vt 0.977311 0.776155 
vt 0.984703 0.783139 
vt 0.977311 0.804789 
vt 0.98468 0.811697 
vt 0.966929 0.811075 
vt 0.966929 0.804626 
vt 0.959724 0.765667 
vt 0.966929 0.776155 
vt 0.966929 0.772852 
vt 0.977311 0.765616 
vt 0.977311 0.772852 
vt 0.959715 0.783097 
vt 0.977316 0.783166 
vt 0.977311 0.776155 
vt 0.984703 0.783139 
vt 0.977311 0.804789 
vt 0.98468 0.811697 
vt 0.966929 0.811075 
vt 0.966929 0.804626 
vt 0.082827 0.239798 
vt 0.042119 0.299324 
vt 0.051226 0.233821 
vt 0.073954 0.305441 
vt 0.497206 0.518865 
vt 0.47182 0.467406 
vt 0.449882 0.489335 
vt 0.497155 0.451124 
vt 0.522387 0.467274 
vt 0.544303 0.489086 
vt 0.853924 0.824184 
vt 0.890853 0.899816 
vt 0.861786 0.907266 
vt 0.883629 0.825596 
vt 0.922739 0.893294 
vt 0.915808 0.826043 
vt 0.966793 0.869862 
vt 0.985555 0.908034 
vt 0.987677 0.870168 
vt 0.964687 0.907883 
vt 0.853924 0.824184 
vt 0.861786 0.907266 
vt 0.890853 0.899816 
vt 0.883629 0.825596 
vt 0.922739 0.893294 
vt 0.915808 0.826043 
vt 0.970528 0.897077 
vt 0.98771 0.873476 
vt 0.973552 0.871257 
vt 0.984698 0.899307 
vt 0.152688 0.65901 
vt 0.069496 0.489753 
vt 0.162096 0.491107 
vt 0.060158 0.658338 
vt 0.959333 0.889007 
vt 0.961604 0.903475 
vt 0.969056 0.901836 
vt 0.966599 0.887527 
vt 0.985468 0.899379 
vt 0.98506 0.88326 
vt 0.967344 0.899572 
vt 0.966913 0.883731 
vt 0.541394 0.886816 
vt 0.632361 0.893235 
vt 0.540983 0.97078 
vt 0.632129 0.973694 
vt 0.733365 0.748634 
vt 0.728986 0.70258 
vt 0.766302 0.747737 
vt 0.761277 0.694893 
vt 0.820118 0.616024 
vt 0.859055 0.580821 
vt 0.857818 0.616634 
vt 0.827477 0.573969 
vt 0.089034 0.546087 
vt 0.034217 0.632238 
vt 0.053344 0.538153 
vt 0.069907 0.640172 
vt 0.989895 0.783776 
vt 0.972894 0.784157 
vt 0.990337 0.798031 
vt 0.970734 0.798374 
vt 0.982777 0.879245 
vt 0.963961 0.89857 
vt 0.983339 0.899808 
vt 0.964571 0.878071 
vt 0.152688 0.65901 
vt 0.069496 0.489753 
vt 0.162096 0.491107 
vt 0.060158 0.658338 
vt 0.079528 0.631527 
vt 0.036415 0.574642 
vt 0.068635 0.568079 
vt 0.046484 0.638794 
vt 0.959184 0.81116 
vt 0.976203 0.786273 
vt 0.962991 0.783774 
vt 0.972493 0.813717 
vt 0.953282 0.26742 
vt 0.912184 0.323869 
vt 0.919418 0.262111 
vt 0.946078 0.329203 
vt 0.986838 0.777773 
vt 0.961108 0.80549 
vt 0.986024 0.806295 
vt 0.961491 0.777018 
vt 0.953282 0.26742 
vt 0.912184 0.323869 
vt 0.919418 0.262111 
vt 0.946078 0.329203 
vt 0.890853 0.899816 
vt 0.888562 0.981814 
vt 0.913651 0.965507 
vt 0.861786 0.907266 
vt 0.922739 0.893294 
vt 0.943933 0.954116 
vt 0.969181 0.80043 
vt 0.975473 0.786666 
vt 0.975479 0.796383 
vt 0.965809 0.791273 
vt 0.96789 0.805723 
vt 0.975342 0.804085 
vt 0.965619 0.791255 
vt 0.972885 0.789775 
vt 0.079528 0.631527 
vt 0.036415 0.574642 
vt 0.068635 0.568079 
vt 0.046484 0.638794 
vt 0.913651 0.965507 
vt 0.861786 0.907266 
vt 0.890853 0.899816 
vt 0.888562 0.981814 
vt 0.943933 0.954116 
vt 0.922739 0.893294 
vt 0.890853 0.899816 
vt 0.888562 0.981814 
vt 0.861786 0.907266 
vt 0.913651 0.965507 
vt 0.922739 0.893294 
vt 0.943933 0.954116 
vt 0.963766 0.878761 
vt 0.963673 0.897697 
vt 0.984281 0.880208 
vt 0.984229 0.898354 
vt 0.913651 0.965507 
vt 0.861786 0.907266 
vt 0.888562 0.981814 
vt 0.890853 0.899816 
vt 0.943933 0.954116 
vt 0.922739 0.893294 
vt 0.98771 0.783582 
vt 0.970528 0.807183 
vt 0.984698 0.809413 
vt 0.973552 0.781363 
vt 0.959724 0.765667 
vt 0.966929 0.783139 
vt 0.966929 0.772852 
vt 0.977311 0.765616 
vt 0.977311 0.772852 
vt 0.959693 0.804091 
vt 0.966929 0.797107 
vt 0.977311 0.790123 
vt 0.966929 0.804626 
vt 0.966929 0.811075 
vt 0.977311 0.804789 
vt 0.984698 0.790232 
vt 0.984683 0.811259 
vt 0.967261 0.802266 
vt 0.974713 0.800627 
vt 0.96499 0.787798 
vt 0.972257 0.786318 
vt 0.959184 0.81116 
vt 0.976203 0.786273 
vt 0.962991 0.783774 
vt 0.972493 0.813717 
vt 0.966793 0.869862 
vt 0.985555 0.908034 
vt 0.987677 0.870168 
vt 0.964687 0.907883 
vt 0.082827 0.239798 
vt 0.042119 0.299324 
vt 0.051226 0.233821 
vt 0.073954 0.305441 
vt 0.082827 0.239798 
vt 0.042119 0.299324 
vt 0.051226 0.233821 
vt 0.073954 0.305441 
vt 0.985555 0.908034 
vt 0.966793 0.869862 
vt 0.964687 0.907883 
vt 0.987677 0.870168 
vt 0.970734 0.798374 
vt 0.962321 0.78196 
vt 0.958739 0.793643 
vt 0.972894 0.784157 
vt 0.675129 0.553232 
vt 0.710858 0.560654 
vt 0.703559 0.608698 
vt 0.663025 0.59271 
vt 0.959184 0.81116 
vt 0.976203 0.786273 
vt 0.962991 0.783774 
vt 0.972493 0.813717 
vt 0.082827 0.239798 
vt 0.042119 0.299324 
vt 0.051226 0.233821 
vt 0.073954 0.305441 
vt 0.959184 0.81116 
vt 0.976203 0.786273 
vt 0.962991 0.783774 
vt 0.972493 0.813717 
vt 0.05162 0.634637 
vt 0.105863 0.562842 
vt 0.095798 0.640825 
vt 0.061622 0.556723 
vt 0.953282 0.26742 
vt 0.912184 0.323869 
vt 0.919418 0.262111 
vt 0.946078 0.329203 
vt 0.959184 0.81116 
vt 0.976203 0.786273 
vt 0.962991 0.783774 
vt 0.972493 0.813717 
vt 0.082827 0.239798 
vt 0.042119 0.299324 
vt 0.051226 0.233821 
vt 0.073954 0.305441 
vt 0.761277 0.694893 
vt 0.766302 0.747737 
vt 0.728986 0.70258 
vt 0.733365 0.748634 
vt 0.959724 0.765667 
vt 0.966929 0.776155 
vt 0.966929 0.772852 
vt 0.977311 0.765616 
vt 0.977311 0.772852 
vt 0.959715 0.783097 
vt 0.977316 0.783166 
vt 0.977311 0.776155 
vt 0.984703 0.783139 
vt 0.977311 0.804789 
vt 0.98468 0.811697 
vt 0.966929 0.811075 
vt 0.966929 0.804626 
vt 0.983339 0.899808 
vt 0.982777 0.879245 
vt 0.963961 0.89857 
vt 0.964571 0.878071 
vt 0.984281 0.880208 
vt 0.963766 0.878761 
vt 0.963673 0.897697 
vt 0.984229 0.898354 
vt 0.079528 0.631527 
vt 0.036415 0.574642 
vt 0.068635 0.568079 
vt 0.046484 0.638794 
vt 0.959184 0.81116 
vt 0.976203 0.786273 
vt 0.962991 0.783774 
vt 0.972493 0.813717 
vt 0.98771 0.783582 
vt 0.970528 0.807183 
vt 0.984698 0.809413 
vt 0.973552 0.781363 
vt 0.953282 0.26742 
vt 0.912184 0.323869 
vt 0.919418 0.262111 
vt 0.946078 0.329203 
vt 0.535797 0.430371 
vt 0.497131 0.412034 
vt 0.497155 0.451124 
vt 0.458257 0.43057 
vt 0.522387 0.467274 
vt 0.571724 0.455431 
vt 0.544303 0.489086 
vt 0.47182 0.467406 
vt 0.422263 0.455822 
vt 0.449882 0.489335 
vt 0.982472 0.784655 
vt 0.969448 0.781828 
vt 0.966413 0.799173 
vt 0.981962 0.799425 
vt 0.982472 0.784655 
vt 0.969448 0.781828 
vt 0.966413 0.799173 
vt 0.981962 0.799425 
vt 0.989895 0.783776 
vt 0.972894 0.784157 
vt 0.990337 0.798031 
vt 0.970734 0.798374 
vt 0.632361 0.893235 
vt 0.540983 0.97078 
vt 0.541394 0.886816 
vt 0.632129 0.973694 
vt 0.985555 0.908034 
vt 0.966793 0.869862 
vt 0.964687 0.907883 
vt 0.987677 0.870168 
vt 0.399841 0.420923 
vt 0.458257 0.43057 
vt 0.422263 0.455822 
vt 0.447897 0.383976 
vt 0.47182 0.467406 
vt 0.449882 0.489335 
vt 0.497206 0.518865 
vt 0.497155 0.451124 
vt 0.497131 0.412034 
vt 0.497086 0.361612 
vt 0.546052 0.383503 
vt 0.535797 0.430371 
vt 0.594026 0.420557 
vt 0.571724 0.455431 
vt 0.522387 0.467274 
vt 0.544438 0.489297 
vt 0.152688 0.65901 
vt 0.069496 0.489753 
vt 0.162096 0.491107 
vt 0.060158 0.658338 
vt 0.079528 0.631527 
vt 0.036415 0.574642 
vt 0.068635 0.568079 
vt 0.046484 0.638794 
vt 0.675129 0.553232 
vt 0.710858 0.560654 
vt 0.703559 0.608698 
vt 0.663025 0.59271 
vt 0.90125 0.328388 
vt 0.900638 0.243035 
vt 0.936725 0.258999 
vt 0.937107 0.312241 
vt 0.964272 0.285596 
vt 0.953282 0.26742 
vt 0.912184 0.323869 
vt 0.919418 0.262111 
vt 0.946078 0.329203 
vt 0.265721 0.317176 
vt 0.323089 0.250518 
vt 0.315477 0.326339 
vt 0.27633 0.24248 
vt 0.959333 0.889007 
vt 0.961604 0.903475 
vt 0.969056 0.901836 
vt 0.966599 0.887527 
vt 0.073158 0.58661 
vt 0.035757 0.639944 
vt 0.038795 0.580579 
vt 0.070122 0.645975 
vt 0.956862 0.797551 
vt 0.969181 0.80043 
vt 0.963727 0.805882 
vt 0.965809 0.791273 
vt 0.952106 0.31534 
vt 0.951666 0.271023 
vt 0.974418 0.293092 
vt 0.922173 0.328889 
vt 0.921467 0.257844 
vt 0.961604 0.903475 
vt 0.969056 0.901836 
vt 0.959333 0.889007 
vt 0.966599 0.887527 
vt 0.972648 0.901129 
vt 0.979915 0.893794 
vt 0.965392 0.893697 
vt 0.984323 0.883971 
vt 0.965392 0.893697 
vt 0.979915 0.893794 
vt 0.961042 0.883815 
vt 0.606496 0.957285 
vt 0.560148 0.954323 
vt 0.605152 0.908099 
vt 0.561607 0.905291 
vt 0.966947 0.808552 
vt 0.974399 0.806913 
vt 0.964676 0.794084 
vt 0.971942 0.792604 
vt 0.082827 0.239798 
vt 0.042119 0.299324 
vt 0.051226 0.233821 
vt 0.073954 0.305441 
vt 0.865026 0.74839 
vt 0.922673 0.688559 
vt 0.89834 0.670578 
vt 0.893453 0.756873 
vt 0.951979 0.701513 
vt 0.924806 0.764905 
vt 0.865026 0.74839 
vt 0.89834 0.670578 
vt 0.922673 0.688559 
vt 0.893453 0.756873 
vt 0.951979 0.701513 
vt 0.924806 0.764905 
vt 0.980336 0.868452 
vt 0.965554 0.911691 
vt 0.980837 0.911184 
vt 0.965111 0.868437 
vt 0.985555 0.908034 
vt 0.966793 0.869862 
vt 0.964687 0.907883 
vt 0.987677 0.870168 
vt 0.152688 0.65901 
vt 0.069496 0.489753 
vt 0.162096 0.491107 
vt 0.060158 0.658338 
vt 0.985555 0.908034 
vt 0.966793 0.869862 
vt 0.964687 0.907883 
vt 0.987677 0.870168 
vt 0.959333 0.889007 
vt 0.961604 0.903475 
vt 0.969056 0.901836 
vt 0.966599 0.887527 
vt 0.594026 0.420557 
vt 0.535797 0.430371 
vt 0.571724 0.455431 
vt 0.546052 0.383503 
vt 0.497131 0.412034 
vt 0.497086 0.361612 
vt 0.447897 0.383976 
vt 0.458257 0.43057 
vt 0.399841 0.420923 
vt 0.422263 0.455822 
vt 0.541394 0.886816 
vt 0.632361 0.893235 
vt 0.540983 0.97078 
vt 0.632129 0.973694 
vt 0.953282 0.26742 
vt 0.912184 0.323869 
vt 0.919418 0.262111 
vt 0.946078 0.329203 
vt 0.959184 0.81116 
vt 0.976203 0.786273 
vt 0.962991 0.783774 
vt 0.972493 0.813717 
vt 0.982777 0.879245 
vt 0.963961 0.89857 
vt 0.983339 0.899808 
vt 0.964571 0.878071 
vt 0.606496 0.957285 
vt 0.560148 0.954323 
vt 0.605152 0.908099 
vt 0.561607 0.905291 
vt 0.984839 0.812061 
vt 0.981025 0.783504 
vt 0.964607 0.785682 
vt 0.968515 0.814631 
vt 0.341264 0.30209 
vt 0.286617 0.297569 
vt 0.290325 0.2604 
vt 0.344974 0.265409 
vt 0.719162 0.519808 
vt 0.76592 0.465943 
vt 0.757465 0.525685 
vt 0.727804 0.460407 
vt 0.959184 0.81116 
vt 0.976203 0.786273 
vt 0.962991 0.783774 
vt 0.972493 0.813717 
vt 0.959724 0.765667 
vt 0.966929 0.772852 
vt 0.966929 0.776155 
vt 0.977311 0.765616 
vt 0.977311 0.772852 
vt 0.966929 0.783139 
vt 0.959693 0.804091 
vt 0.977311 0.783139 
vt 0.977311 0.776155 
vt 0.984703 0.783139 
vt 0.977311 0.790123 
vt 0.966929 0.797107 
vt 0.966929 0.804626 
vt 0.966929 0.811075 
vt 0.977311 0.804789 
vt 0.984673 0.82164 
vt 0.977311 0.811075 
vt 0.977311 0.814378 
vt 0.966929 0.82169 
vt 0.966929 0.814378 
vt 0.985555 0.908034 
vt 0.966793 0.869862 
vt 0.964687 0.907883 
vt 0.987677 0.870168 
vt 0.976203 0.786273 
vt 0.959184 0.81116 
vt 0.972493 0.813717 
vt 0.962991 0.783774 
vt 0.989895 0.783776 
vt 0.972894 0.784157 
vt 0.990337 0.798031 
vt 0.970734 0.798374 
vt 0.152688 0.65901 
vt 0.069496 0.489753 
vt 0.162096 0.491107 
vt 0.060158 0.658338 
vt 0.983339 0.899808 
vt 0.982777 0.879245 
vt 0.963961 0.89857 
vt 0.964571 0.878071 
vt 0.985555 0.908034 
vt 0.966793 0.869862 
vt 0.964687 0.907883 
vt 0.987677 0.870168 
vt 0.959724 0.765667 
vt 0.966929 0.776155 
vt 0.966929 0.772852 
vt 0.977311 0.765616 
vt 0.977311 0.772852 
vt 0.966929 0.783139 
vt 0.959693 0.804091 
vt 0.977311 0.783139 
vt 0.977311 0.776155 
vt 0.984703 0.783139 
vt 0.977311 0.790123 
vt 0.966929 0.797107 
vt 0.966929 0.804626 
vt 0.966929 0.811075 
vt 0.977311 0.804789 
vt 0.984673 0.82164 
vt 0.977311 0.811075 
vt 0.977311 0.814378 
vt 0.966929 0.82169 
vt 0.966929 0.814378 
vt 0.985555 0.908034 
vt 0.966793 0.869862 
vt 0.964687 0.907883 
vt 0.987677 0.870168 
vt 0.961604 0.903475 
vt 0.969056 0.901836 
vt 0.959333 0.889007 
vt 0.966599 0.887527 
vt 0.733365 0.748634 
vt 0.728986 0.70258 
vt 0.766302 0.747737 
vt 0.761277 0.694893 
vt 0.98771 0.783582 
vt 0.970528 0.807183 
vt 0.984698 0.809413 
vt 0.973552 0.781363 
vt 0.98771 0.873476 
vt 0.970528 0.897077 
vt 0.984698 0.899307 
vt 0.973552 0.871257 
vt 0.966793 0.869862 
vt 0.985555 0.908034 
vt 0.987677 0.870168 
vt 0.964687 0.907883 
vt 0.985004 0.897454 
vt 0.983372 0.8784 
vt 0.970944 0.879468 
vt 0.972516 0.898604 
vt 0.970528 0.897077 
vt 0.98771 0.873476 
vt 0.973552 0.871257 
vt 0.984698 0.899307 
vt 0.963766 0.878761 
vt 0.963673 0.897697 
vt 0.984281 0.880208 
vt 0.984229 0.898354 
vt 0.984764 0.90834 
vt 0.965335 0.872786 
vt 0.96318 0.9092 
vt 0.98667 0.871987 
vt 0.959724 0.765667 
vt 0.966929 0.783139 
vt 0.966929 0.772852 
vt 0.977311 0.765616 
vt 0.977311 0.772852 
vt 0.959693 0.804091 
vt 0.966929 0.797107 
vt 0.977311 0.790123 
vt 0.966929 0.804626 
vt 0.966929 0.811075 
vt 0.977311 0.804789 
vt 0.984698 0.790232 
vt 0.984683 0.811259 
vt 0.959724 0.765667 
vt 0.966929 0.783139 
vt 0.966929 0.772852 
vt 0.977311 0.765616 
vt 0.977311 0.772852 
vt 0.959693 0.804091 
vt 0.966929 0.797107 
vt 0.977311 0.790123 
vt 0.966929 0.804626 
vt 0.966929 0.811075 
vt 0.977311 0.804789 
vt 0.984698 0.790232 
vt 0.984683 0.811259 
vt 0.541394 0.886816 
vt 0.632361 0.893235 
vt 0.540983 0.97078 
vt 0.632129 0.973694 
vt 0.98771 0.783582 
vt 0.970528 0.807183 
vt 0.984698 0.809413 
vt 0.973552 0.781363 
vt 0.965322 0.877262 
vt 0.97894 0.901092 
vt 0.981373 0.877034 
vt 0.963874 0.901114 
vt 0.953282 0.26742 
vt 0.912184 0.323869 
vt 0.919418 0.262111 
vt 0.946078 0.329203 
vt 0.541394 0.886816 
vt 0.632361 0.893235 
vt 0.540983 0.97078 
vt 0.632129 0.973694 
vt 0.963766 0.878761 
vt 0.963673 0.897697 
vt 0.984281 0.880208 
vt 0.984229 0.898354 
vt 0.985513 0.885797 
vt 0.965344 0.896043 
vt 0.961723 0.886342 
vt 0.982173 0.895842 
vt 0.76592 0.465943 
vt 0.719162 0.519808 
vt 0.727804 0.460407 
vt 0.757465 0.525685 
vt 0.606496 0.957285 
vt 0.560148 0.954323 
vt 0.605152 0.908099 
vt 0.561607 0.905291 
vt 0.984894 0.874295 
vt 0.96344 0.87504 
vt 0.984385 0.906191 
vt 0.963617 0.906507 
vt 0.959184 0.81116 
vt 0.976203 0.786273 
vt 0.962991 0.783774 
vt 0.972493 0.813717 
vt 0.959724 0.765667 
vt 0.966929 0.776155 
vt 0.966929 0.772852 
vt 0.977311 0.765616 
vt 0.977311 0.772852 
vt 0.959715 0.783097 
vt 0.977316 0.783166 
vt 0.977311 0.776155 
vt 0.984703 0.783139 
vt 0.977311 0.804789 
vt 0.98468 0.811697 
vt 0.966929 0.811075 
vt 0.966929 0.804626 
vt 0.959724 0.765667 
vt 0.966929 0.772852 
vt 0.966929 0.776155 
vt 0.977311 0.765616 
vt 0.977311 0.772852 
vt 0.966929 0.783139 
vt 0.959693 0.804091 
vt 0.977311 0.783139 
vt 0.977311 0.776155 
vt 0.984703 0.783139 
vt 0.977311 0.790123 
vt 0.966929 0.797107 
vt 0.966929 0.804626 
vt 0.966929 0.811075 
vt 0.977311 0.804789 
vt 0.984673 0.82164 
vt 0.977311 0.811075 
vt 0.977311 0.814378 
vt 0.966929 0.82169 
vt 0.966929 0.814378 
vt 0.985555 0.908034 
vt 0.966793 0.869862 
vt 0.964687 0.907883 
vt 0.987677 0.870168 
vt 0.959724 0.765667 
vt 0.966929 0.776155 
vt 0.966929 0.772852 
vt 0.977311 0.765616 
vt 0.977311 0.772852 
vt 0.966929 0.783139 
vt 0.959693 0.804091 
vt 0.977311 0.783139 
vt 0.977311 0.776155 
vt 0.984703 0.783139 
vt 0.977311 0.790123 
vt 0.966929 0.797107 
vt 0.966929 0.804626 
vt 0.966929 0.811075 
vt 0.977311 0.804789 
vt 0.984673 0.82164 
vt 0.977311 0.811075 
vt 0.977311 0.814378 
vt 0.966929 0.82169 
vt 0.966929 0.814378 
vt 0.983339 0.899808 
vt 0.982777 0.879245 
vt 0.963961 0.89857 
vt 0.964571 0.878071 
vt 0.985004 0.897454 
vt 0.983372 0.8784 
vt 0.970944 0.879468 
vt 0.972516 0.898604 
vt 0.963766 0.878761 
vt 0.963673 0.897697 
vt 0.984281 0.880208 
vt 0.984229 0.898354 
vt 0.985555 0.908034 
vt 0.966793 0.869862 
vt 0.964687 0.907883 
vt 0.987677 0.870168 
vt 0.983339 0.899808 
vt 0.982777 0.879245 
vt 0.963961 0.89857 
vt 0.964571 0.878071 
vt 0.983339 0.899808 
vt 0.982777 0.879245 
vt 0.963961 0.89857 
vt 0.964571 0.878071 
vt 0.972828 0.806599 
vt 0.963104 0.79377 
vt 0.965375 0.808238 
vt 0.970371 0.79229 
vt 0.606496 0.957285 
vt 0.560148 0.954323 
vt 0.605152 0.908099 
vt 0.561607 0.905291 
vt 0.984229 0.898354 
vt 0.984281 0.880208 
vt 0.963673 0.897697 
vt 0.963766 0.878761 
vt 0.606496 0.957285 
vt 0.560148 0.954323 
vt 0.605152 0.908099 
vt 0.561607 0.905291 
vt 0.719162 0.519808 
vt 0.76592 0.465943 
vt 0.757465 0.525685 
vt 0.727804 0.460407 
vt 0.541394 0.886816 
vt 0.632361 0.893235 
vt 0.540983 0.97078 
vt 0.632129 0.973694 
vt 0.985004 0.897454 
vt 0.983372 0.8784 
vt 0.970944 0.879468 
vt 0.972516 0.898604 
vt 0.541394 0.886816 
vt 0.632361 0.893235 
vt 0.540983 0.97078 
vt 0.632129 0.973694 
vt 0.963766 0.878761 
vt 0.963673 0.897697 
vt 0.984281 0.880208 
vt 0.984229 0.898354 
vt 0.984281 0.880208 
vt 0.963673 0.897697 
vt 0.984229 0.898354 
vt 0.963766 0.878761 
vt 0.983339 0.899808 
vt 0.982777 0.879245 
vt 0.963961 0.89857 
vt 0.964571 0.878071 
vt 0.963766 0.878761 
vt 0.963673 0.897697 
vt 0.984281 0.880208 
vt 0.984229 0.898354 
vt 0.983339 0.899808 
vt 0.982777 0.879245 
vt 0.963961 0.89857 
vt 0.964571 0.878071 
vt 0.976203 0.786273 
vt 0.959184 0.81116 
vt 0.972493 0.813717 
vt 0.962991 0.783774 

usemtl Pet1Mtl

f 1/1/1 2/2/2 3/3/3 
f 2/2/2 4/4/4 3/3/3 
f 5/5/5 6/6/6 7/7/7 
f 7/7/7 6/6/6 8/8/8 
f 9/9/9 10/10/10 11/11/11 
f 10/10/10 12/12/12 11/11/11 
f 13/13/13 14/14/14 15/15/15 
f 14/14/14 16/16/16 15/15/15 
f 17/17/17 18/18/18 19/19/19 
f 19/19/19 18/18/18 20/20/20 
f 21/21/21 22/22/22 23/23/23 
f 21/21/21 23/23/23 24/24/24 
f 25/25/25 26/26/26 27/27/27 
f 26/26/26 28/28/28 27/27/27 
f 29/29/29 30/30/30 31/31/31 
f 30/30/30 32/32/32 31/31/31 
f 33/33/33 34/34/34 35/35/35 
f 34/34/34 33/33/33 36/36/36 
f 37/37/37 38/38/38 39/39/39 
f 38/38/38 40/40/40 39/39/39 
f 41/41/41 42/42/42 43/43/43 
f 43/43/43 42/42/42 44/44/44 
f 45/45/45 46/46/46 47/47/47 
f 46/46/46 45/45/45 48/48/48 
f 49/49/49 50/50/50 51/51/51 
f 51/51/51 50/50/50 52/52/52 
f 53/53/53 54/54/54 55/55/55 
f 54/54/54 53/53/53 56/56/56 
f 57/57/57 58/58/58 59/59/59 
f 58/58/58 60/60/60 59/59/59 
f 61/61/61 62/62/62 63/63/63 
f 62/62/62 64/64/64 63/63/63 
f 65/65/65 66/66/66 67/67/67 
f 67/67/67 66/66/66 68/68/68 
f 69/69/69 70/70/70 71/71/71 
f 70/70/70 69/69/69 72/72/72 
f 73/73/73 74/74/74 75/75/75 
f 74/74/74 73/73/73 76/76/76 
f 77/77/77 78/78/78 79/79/79 
f 78/78/78 77/77/77 80/80/80 
f 81/81/81 82/82/82 83/83/83 
f 82/82/82 81/81/81 84/84/84 
f 85/85/85 86/86/86 87/87/87 
f 88/88/88 87/87/87 86/86/86 
f 89/89/89 90/90/90 91/91/91 
f 90/90/90 89/89/89 92/92/92 
f 93/93/93 94/94/94 95/95/95 
f 94/94/94 93/93/93 96/96/96 
f 97/97/97 98/98/98 99/99/99 
f 97/97/97 100/100/100 98/98/98 
f 101/101/101 98/98/98 100/100/100 
f 97/97/97 99/99/99 102/102/102 
f 102/102/102 103/103/103 97/97/97 
f 99/99/99 104/104/104 102/102/102 
f 104/104/104 99/99/99 105/105/105 
f 106/106/106 104/104/104 105/105/105 
f 106/106/106 107/107/107 104/104/104 
f 107/107/107 108/108/108 102/102/102 
f 103/103/103 102/102/102 108/108/108 
f 103/103/103 108/108/108 109/109/109 
f 103/103/103 109/109/109 110/110/110 
f 108/108/108 107/107/107 111/111/111 
f 106/106/106 111/111/111 107/107/107 
f 109/109/109 111/111/111 110/110/110 
f 111/111/111 106/106/106 112/112/112 
f 113/113/113 110/110/110 111/111/111 
f 113/113/113 111/111/111 112/112/112 
f 114/114/114 113/113/113 112/112/112 
f 112/112/112 115/115/115 114/114/114 
f 115/115/115 116/116/116 114/114/114 
f 117/117/117 118/118/118 119/119/119 
f 118/118/118 120/120/120 119/119/119 
f 121/121/121 122/122/122 123/123/123 
f 124/124/124 121/121/121 123/123/123 
f 124/124/124 123/123/123 125/125/125 
f 121/121/121 126/126/126 122/122/122 
f 127/127/127 126/126/126 121/121/121 
f 128/128/128 122/122/122 126/126/126 
f 122/122/122 128/128/128 129/129/129 
f 130/130/130 129/129/129 128/128/128 
f 130/130/130 128/128/128 131/131/131 
f 132/132/132 131/131/131 126/126/126 
f 126/126/126 127/127/127 132/132/132 
f 127/127/127 133/133/133 132/132/132 
f 127/127/127 134/134/134 133/133/133 
f 131/131/131 132/132/132 135/135/135 
f 135/135/135 130/130/130 131/131/131 
f 135/135/135 133/133/133 134/134/134 
f 130/130/130 135/135/135 136/136/136 
f 135/135/135 134/134/134 137/137/137 
f 137/137/137 136/136/136 135/135/135 
f 138/138/138 136/136/136 137/137/137 
f 139/139/139 136/136/136 138/138/138 
f 138/138/138 140/140/140 139/139/139 
f 141/141/141 142/142/142 143/143/143 
f 142/142/142 141/141/141 144/144/144 
f 145/145/145 146/146/146 147/147/147 
f 148/148/148 146/146/146 145/145/145 
f 148/148/148 149/149/149 146/146/146 
f 145/145/145 147/147/147 150/150/150 
f 151/151/151 150/150/150 147/147/147 
f 152/152/152 151/151/151 147/147/147 
f 153/153/153 151/151/151 152/152/152 
f 153/153/153 154/154/154 151/151/151 
f 154/154/154 153/153/153 155/155/155 
f 155/155/155 156/156/156 154/154/154 
f 154/154/154 156/156/156 157/157/157 
f 158/158/158 159/159/159 160/160/160 
f 159/159/159 158/158/158 161/161/161 
f 162/162/162 163/163/163 164/164/164 
f 164/164/164 163/163/163 165/165/165 
f 166/166/166 167/167/167 168/168/168 
f 167/167/167 166/166/166 169/169/169 
f 170/170/170 171/171/171 172/172/172 
f 172/172/172 171/171/171 173/173/173 
f 174/174/174 175/175/175 176/176/176 
f 177/177/177 176/176/176 175/175/175 
f 178/178/178 176/176/176 177/177/177 
f 176/176/176 178/178/178 179/179/179 
f 179/179/179 178/178/178 180/180/180 
f 181/181/181 182/182/182 180/180/180 
f 181/181/181 183/183/183 182/182/182 
f 175/175/175 184/184/184 183/183/183 
f 183/183/183 181/181/181 185/185/185 
f 175/175/175 183/183/183 185/185/185 
f 186/186/186 187/187/187 188/188/188 
f 189/189/189 187/187/187 186/186/186 
f 190/190/190 187/187/187 189/189/189 
f 191/191/191 192/192/192 193/193/193 
f 191/191/191 194/194/194 192/192/192 
f 191/191/191 195/195/195 194/194/194 
f 196/196/196 197/197/197 198/198/198 
f 197/197/197 196/196/196 199/199/199 
f 200/200/200 199/199/199 201/201/201 
f 202/202/202 203/203/203 204/204/204 
f 205/205/205 206/206/206 207/207/207 
f 207/207/207 206/206/206 208/208/208 
f 209/209/209 210/210/210 211/211/211 
f 212/212/212 211/211/211 210/210/210 
f 211/211/211 213/213/213 209/209/209 
f 210/210/210 209/209/209 214/214/214 
f 215/215/215 209/209/209 213/213/213 
f 216/216/216 214/214/214 209/209/209 
f 209/209/209 215/215/215 216/216/216 
f 214/214/214 216/216/216 217/217/217 
f 218/218/218 216/216/216 215/215/215 
f 216/216/216 219/219/219 217/217/217 
f 216/216/216 218/218/218 219/219/219 
f 217/217/217 219/219/219 220/220/220 
f 221/221/221 219/219/219 218/218/218 
f 222/222/222 220/220/220 219/219/219 
f 219/219/219 221/221/221 222/222/222 
f 223/223/223 222/222/222 221/221/221 
f 224/224/224 225/225/225 226/226/226 
f 225/225/225 224/224/224 227/227/227 
f 228/228/228 229/229/229 230/230/230 
f 229/229/229 231/231/231 230/230/230 
f 232/232/232 233/233/233 234/234/234 
f 233/233/233 232/232/232 235/235/235 
f 236/236/236 237/237/237 238/238/238 
f 237/237/237 236/236/236 239/239/239 
f 240/240/240 241/241/241 242/242/242 
f 241/241/241 240/240/240 243/243/243 
f 244/244/244 245/245/245 246/246/246 
f 244/244/244 247/247/247 245/245/245 
f 245/245/245 247/247/247 248/248/248 
f 249/249/249 244/244/244 246/246/246 
f 249/249/249 246/246/246 250/250/250 
f 251/251/251 250/250/250 246/246/246 
f 249/249/249 250/250/250 252/252/252 
f 249/249/249 252/252/252 253/253/253 
f 250/250/250 251/251/251 254/254/254 
f 254/254/254 253/253/253 252/252/252 
f 255/255/255 254/254/254 251/251/251 
f 256/256/256 253/253/253 254/254/254 
f 254/254/254 255/255/255 256/256/256 
f 257/257/257 258/258/258 259/259/259 
f 257/257/257 260/260/260 258/258/258 
f 258/258/258 260/260/260 261/261/261 
f 262/262/262 257/257/257 259/259/259 
f 262/262/262 259/259/259 263/263/263 
f 264/264/264 263/263/263 259/259/259 
f 262/262/262 263/263/263 265/265/265 
f 262/262/262 265/265/265 266/266/266 
f 263/263/263 264/264/264 267/267/267 
f 265/265/265 267/267/267 266/266/266 
f 268/268/268 267/267/267 264/264/264 
f 269/269/269 266/266/266 267/267/267 
f 267/267/267 268/268/268 269/269/269 
f 270/270/270 271/271/271 272/272/272 
f 271/271/271 273/273/273 272/272/272 
f 274/274/274 275/275/275 276/276/276 
f 275/275/275 274/274/274 277/277/277 
f 278/278/278 279/279/279 280/280/280 
f 280/280/280 279/279/279 281/281/281 
f 282/282/282 283/283/283 284/284/284 
f 283/283/283 285/285/285 284/284/284 
f 286/286/286 287/287/287 288/288/288 
f 287/287/287 286/286/286 289/289/289 
f 290/290/290 291/291/291 292/292/292 
f 291/291/291 290/290/290 293/293/293 
f 294/294/294 295/295/295 296/296/296 
f 294/294/294 297/297/297 295/295/295 
f 298/298/298 295/295/295 297/297/297 
f 294/294/294 296/296/296 299/299/299 
f 299/299/299 300/300/300 294/294/294 
f 301/301/301 299/299/299 296/296/296 
f 301/301/301 296/296/296 302/302/302 
f 303/303/303 301/301/301 302/302/302 
f 303/303/303 304/304/304 301/301/301 
f 304/304/304 305/305/305 299/299/299 
f 300/300/300 299/299/299 305/305/305 
f 300/300/300 305/305/305 306/306/306 
f 300/300/300 306/306/306 307/307/307 
f 305/305/305 304/304/304 308/308/308 
f 303/303/303 308/308/308 304/304/304 
f 306/306/306 308/308/308 307/307/307 
f 308/308/308 303/303/303 309/309/309 
f 310/310/310 307/307/307 308/308/308 
f 310/310/310 308/308/308 309/309/309 
f 311/311/311 310/310/310 309/309/309 
f 309/309/309 312/312/312 311/311/311 
f 312/312/312 313/313/313 311/311/311 
f 314/314/314 315/315/315 316/316/316 
f 316/316/316 315/315/315 317/317/317 
f 318/318/318 319/319/319 320/320/320 
f 319/319/319 318/318/318 321/321/321 
f 322/322/322 323/323/323 324/324/324 
f 323/323/323 325/325/325 324/324/324 
f 326/326/326 327/327/327 328/328/328 
f 327/327/327 326/326/326 329/329/329 
f 330/330/330 331/331/331 332/332/332 
f 331/331/331 330/330/330 333/333/333 
f 334/334/334 335/335/335 336/336/336 
f 335/335/335 334/334/334 337/337/337 
f 334/334/334 338/338/338 337/337/337 
f 339/339/339 337/337/337 338/338/338 
f 340/340/340 335/335/335 337/337/337 
f 335/335/335 340/340/340 341/341/341 
f 342/342/342 337/337/337 339/339/339 
f 340/340/340 337/337/337 342/342/342 
f 342/342/342 339/339/339 343/343/343 
f 340/340/340 342/342/342 344/344/344 
f 345/345/345 346/346/346 347/347/347 
f 347/347/347 346/346/346 348/348/348 
f 349/349/349 350/350/350 351/351/351 
f 352/352/352 351/351/351 350/350/350 
f 350/350/350 349/349/349 353/353/353 
f 354/354/354 353/353/353 349/349/349 
f 351/351/351 355/355/355 349/349/349 
f 355/355/355 351/351/351 356/356/356 
f 354/354/354 349/349/349 357/357/357 
f 355/355/355 357/357/357 349/349/349 
f 354/354/354 357/357/357 358/358/358 
f 357/357/357 355/355/355 359/359/359 
f 360/360/360 361/361/361 362/362/362 
f 361/361/361 360/360/360 363/363/363 
f 364/364/364 365/365/365 366/366/366 
f 365/365/365 364/364/364 367/367/367 
f 368/368/368 369/369/369 370/370/370 
f 371/371/371 368/368/368 370/370/370 
f 371/371/371 370/370/370 372/372/372 
f 368/368/368 373/373/373 369/369/369 
f 374/374/374 373/373/373 368/368/368 
f 375/375/375 369/369/369 373/373/373 
f 369/369/369 375/375/375 376/376/376 
f 377/377/377 376/376/376 375/375/375 
f 377/377/377 375/375/375 378/378/378 
f 379/379/379 378/378/378 373/373/373 
f 373/373/373 374/374/374 379/379/379 
f 374/374/374 380/380/380 379/379/379 
f 374/374/374 381/381/381 380/380/380 
f 378/378/378 379/379/379 382/382/382 
f 382/382/382 377/377/377 378/378/378 
f 382/382/382 380/380/380 381/381/381 
f 377/377/377 382/382/382 383/383/383 
f 382/382/382 381/381/381 384/384/384 
f 384/384/384 383/383/383 382/382/382 
f 385/385/385 383/383/383 384/384/384 
f 386/386/386 383/383/383 385/385/385 
f 385/385/385 387/387/387 386/386/386 
f 388/388/388 389/389/389 390/390/390 
f 389/389/389 388/388/388 391/391/391 
f 392/392/392 393/393/393 394/394/394 
f 393/393/393 392/392/392 395/395/395 
f 396/396/396 397/397/397 398/398/398 
f 397/397/397 396/396/396 399/399/399 
f 400/400/400 401/401/401 402/402/402 
f 401/401/401 400/400/400 403/403/403 
f 404/404/404 405/405/405 406/406/406 
f 405/405/405 404/404/404 407/407/407 
f 408/408/408 409/409/409 410/410/410 
f 409/409/409 411/411/411 410/410/410 
f 412/412/412 413/413/413 414/414/414 
f 414/414/414 413/413/413 415/415/415 
f 416/416/416 417/417/417 418/418/418 
f 417/417/417 416/416/416 419/419/419 
f 420/420/420 421/421/421 422/422/422 
f 421/421/421 420/420/420 423/423/423 
f 424/424/424 425/425/425 426/426/426 
f 426/426/426 427/427/427 424/424/424 
f 428/428/428 425/425/425 424/424/424 
f 428/428/428 429/429/429 425/425/425 
f 430/430/430 431/431/431 432/432/432 
f 431/431/431 430/430/430 433/433/433 
f 434/434/434 435/435/435 436/436/436 
f 435/435/435 434/434/434 437/437/437 
f 436/436/436 438/438/438 434/434/434 
f 438/438/438 436/436/436 439/439/439 
f 440/440/440 441/441/441 442/442/442 
f 441/441/441 440/440/440 443/443/443 
f 444/444/444 445/445/445 446/446/446 
f 444/444/444 446/446/446 447/447/447 
f 448/448/448 449/449/449 450/450/450 
f 449/449/449 451/451/451 450/450/450 
f 452/452/452 453/453/453 454/454/454 
f 453/453/453 452/452/452 455/455/455 
f 456/456/456 457/457/457 458/458/458 
f 457/457/457 456/456/456 459/459/459 
f 460/460/460 461/461/461 462/462/462 
f 461/461/461 460/460/460 463/463/463 
f 464/464/464 465/465/465 466/466/466 
f 464/464/464 466/466/466 467/467/467 
f 468/468/468 469/469/469 470/470/470 
f 470/470/470 469/469/469 471/471/471 
f 472/472/472 473/473/473 474/474/474 
f 473/473/473 472/472/472 475/475/475 
f 476/476/476 477/477/477 478/478/478 
f 477/477/477 476/476/476 479/479/479 
f 480/480/480 481/481/481 482/482/482 
f 481/481/481 483/483/483 482/482/482 
f 483/483/483 481/481/481 484/484/484 
f 485/485/485 486/486/486 487/487/487 
f 487/487/487 486/486/486 488/488/488 
f 489/489/489 490/490/490 491/491/491 
f 490/490/490 489/489/489 492/492/492 
f 493/493/493 494/494/494 495/495/495 
f 494/494/494 493/493/493 496/496/496 
f 497/497/497 498/498/498 499/499/499 
f 499/499/499 498/498/498 500/500/500 
f 501/501/501 502/502/502 503/503/503 
f 503/503/503 502/502/502 504/504/504 
f 505/505/505 506/506/506 507/507/507 
f 506/506/506 505/505/505 508/508/508 
f 509/509/509 510/510/510 511/511/511 
f 510/510/510 509/509/509 512/512/512 
f 513/513/513 512/512/512 509/509/509 
f 514/514/514 515/515/515 516/516/516 
f 515/515/515 514/514/514 517/517/517 
f 518/518/518 519/519/519 520/520/520 
f 518/518/518 520/520/520 521/521/521 
f 522/522/522 523/523/523 524/524/524 
f 525/525/525 526/526/526 527/527/527 
f 526/526/526 528/528/528 527/527/527 
f 526/526/526 525/525/525 529/529/529 
f 525/525/525 527/527/527 530/530/530 
f 530/530/530 527/527/527 531/531/531 
f 530/530/530 532/532/532 525/525/525 
f 533/533/533 534/534/534 535/535/535 
f 535/535/535 534/534/534 536/536/536 
f 537/537/537 538/538/538 539/539/539 
f 538/538/538 537/537/537 540/540/540 
f 541/541/541 542/542/542 543/543/543 
f 542/542/542 541/541/541 544/544/544 
f 545/545/545 546/546/546 547/547/547 
f 546/546/546 545/545/545 548/548/548 
f 549/549/549 550/550/550 551/551/551 
f 551/551/551 550/550/550 552/552/552 
f 553/553/553 554/554/554 555/555/555 
f 554/554/554 556/556/556 555/555/555 
f 557/557/557 558/558/558 559/559/559 
f 558/558/558 557/557/557 560/560/560 
f 561/561/561 562/562/562 563/563/563 
f 562/562/562 561/561/561 564/564/564 
f 565/565/565 566/566/566 567/567/567 
f 566/566/566 565/565/565 568/568/568 
f 569/569/569 570/570/570 571/571/571 
f 570/570/570 569/569/569 572/572/572 
f 573/573/573 574/574/574 575/575/575 
f 574/574/574 573/573/573 576/576/576 
f 577/577/577 578/578/578 579/579/579 
f 577/577/577 580/580/580 578/578/578 
f 581/581/581 578/578/578 580/580/580 
f 577/577/577 579/579/579 582/582/582 
f 579/579/579 583/583/583 582/582/582 
f 583/583/583 579/579/579 584/584/584 
f 585/585/585 583/583/583 584/584/584 
f 585/585/585 586/586/586 583/583/583 
f 586/586/586 585/585/585 587/587/587 
f 587/587/587 588/588/588 586/586/586 
f 588/588/588 589/589/589 586/586/586 
f 590/590/590 591/591/591 592/592/592 
f 592/592/592 591/591/591 593/593/593 
f 594/594/594 595/595/595 596/596/596 
f 595/595/595 597/597/597 596/596/596 
f 598/598/598 599/599/599 600/600/600 
f 599/599/599 598/598/598 601/601/601 
f 602/602/602 603/603/603 604/604/604 
f 603/603/603 602/602/602 605/605/605 
f 606/606/606 607/607/607 608/608/608 
f 606/606/606 608/608/608 609/609/609 
f 610/610/610 611/611/611 612/612/612 
f 611/611/611 610/610/610 613/613/613 
f 614/614/614 615/615/615 616/616/616 
f 615/615/615 614/614/614 617/617/617 
f 618/618/618 619/619/619 620/620/620 
f 619/619/619 618/618/618 621/621/621 
f 622/622/622 623/623/623 624/624/624 
f 623/623/623 622/622/622 625/625/625 
f 626/626/626 627/627/627 628/628/628 
f 626/626/626 628/628/628 629/629/629 
f 627/627/627 630/630/630 628/628/628 
f 627/627/627 631/631/631 630/630/630 
f 632/632/632 628/628/628 630/630/630 
f 628/628/628 632/632/632 633/633/633 
f 628/628/628 633/633/633 629/629/629 
f 629/629/629 633/633/633 634/634/634 
f 635/635/635 636/636/636 637/637/637 
f 636/636/636 635/635/635 638/638/638 
f 639/639/639 640/640/640 641/641/641 
f 640/640/640 639/639/639 642/642/642 
f 643/643/643 644/644/644 645/645/645 
f 644/644/644 643/643/643 646/646/646 
f 647/647/647 648/648/648 649/649/649 
f 648/648/648 647/647/647 650/650/650 
f 651/651/651 652/652/652 653/653/653 
f 653/653/653 654/654/654 651/651/651 
f 652/652/652 651/651/651 655/655/655 
f 655/655/655 656/656/656 652/652/652 
f 657/657/657 658/658/658 659/659/659 
f 658/658/658 657/657/657 660/660/660 
f 661/661/661 662/662/662 663/663/663 
f 662/662/662 664/664/664 663/663/663 
f 665/665/665 666/666/666 667/667/667 
f 665/665/665 668/668/668 666/666/666 
f 669/669/669 666/666/666 668/668/668 
f 667/667/667 670/670/670 665/665/665 
f 670/670/670 667/667/667 671/671/671 
f 672/672/672 671/671/671 667/667/667 
f 670/670/670 671/671/671 673/673/673 
f 670/670/670 673/673/673 674/674/674 
f 671/671/671 672/672/672 675/675/675 
f 673/673/673 675/675/675 674/674/674 
f 676/676/676 675/675/675 672/672/672 
f 677/677/677 674/674/674 675/675/675 
f 675/675/675 676/676/676 677/677/677 
f 678/678/678 679/679/679 680/680/680 
f 679/679/679 678/678/678 681/681/681 
f 682/682/682 683/683/683 684/684/684 
f 684/684/684 685/685/685 682/682/682 
f 683/683/683 682/682/682 686/686/686 
f 686/686/686 687/687/687 683/683/683 
f 688/688/688 689/689/689 690/690/690 
f 689/689/689 688/688/688 691/691/691 
f 691/691/691 692/692/692 689/689/689 
f 692/692/692 691/691/691 693/693/693 
f 694/694/694 695/695/695 696/696/696 
f 695/695/695 694/694/694 697/697/697 
f 698/698/698 699/699/699 700/700/700 
f 699/699/699 698/698/698 701/701/701 
f 702/702/702 703/703/703 704/704/704 
f 704/704/704 703/703/703 705/705/705 
f 706/706/706 707/707/707 708/708/708 
f 707/707/707 706/706/706 709/709/709 
f 709/709/709 710/710/710 707/707/707 
f 710/710/710 709/709/709 711/711/711 
f 712/712/712 713/713/713 714/714/714 
f 714/714/714 713/713/713 715/715/715 
f 716/716/716 717/717/717 718/718/718 
f 717/717/717 716/716/716 719/719/719 
f 720/720/720 721/721/721 722/722/722 
f 721/721/721 720/720/720 723/723/723 
f 724/724/724 725/725/725 726/726/726 
f 725/725/725 724/724/724 727/727/727 
f 728/728/728 729/729/729 730/730/730 
f 729/729/729 728/728/728 731/731/731 
f 732/732/732 733/733/733 734/734/734 
f 733/733/733 732/732/732 735/735/735 
f 736/736/736 737/737/737 738/738/738 
f 737/737/737 736/736/736 739/739/739 
f 740/740/740 741/741/741 742/742/742 
f 741/741/741 740/740/740 743/743/743 
f 744/744/744 745/745/745 746/746/746 
f 746/746/746 745/745/745 747/747/747 
f 748/748/748 749/749/749 750/750/750 
f 750/750/750 749/749/749 751/751/751 
f 752/752/752 753/753/753 754/754/754 
f 753/753/753 752/752/752 755/755/755 
f 756/756/756 757/757/757 758/758/758 
f 757/757/757 756/756/756 759/759/759 
f 758/758/758 760/760/760 756/756/756 
f 760/760/760 758/758/758 761/761/761 
f 762/762/762 763/763/763 764/764/764 
f 763/763/763 762/762/762 765/765/765 
f 766/766/766 767/767/767 768/768/768 
f 768/768/768 769/769/769 766/766/766 
f 770/770/770 767/767/767 766/766/766 
f 771/771/771 767/767/767 770/770/770 
f 772/772/772 773/773/773 774/774/774 
f 773/773/773 772/772/772 775/775/775 
f 774/774/774 776/776/776 772/772/772 
f 777/777/777 772/772/772 776/776/776 
f 778/778/778 779/779/779 780/780/780 
f 780/780/780 779/779/779 781/781/781 
f 782/782/782 783/783/783 784/784/784 
f 783/783/783 785/785/785 784/784/784 
f 786/786/786 787/787/787 788/788/788 
f 788/788/788 789/789/789 786/786/786 
f 790/790/790 787/787/787 786/786/786 
f 790/790/790 791/791/791 787/787/787 
f 792/792/792 793/793/793 794/794/794 
f 793/793/793 792/792/792 795/795/795 
f 794/794/794 796/796/796 792/792/792 
f 796/796/796 794/794/794 797/797/797 
f 798/798/798 799/799/799 800/800/800 
f 799/799/799 798/798/798 801/801/801 
f 802/802/802 803/803/803 804/804/804 
f 803/803/803 802/802/802 805/805/805 
f 802/802/802 806/806/806 805/805/805 
f 806/806/806 802/802/802 807/807/807 
f 808/808/808 809/809/809 810/810/810 
f 809/809/809 808/808/808 811/811/811 
f 812/812/812 813/813/813 814/814/814 
f 814/814/814 813/813/813 815/815/815 
f 816/816/816 817/817/817 818/818/818 
f 817/817/817 816/816/816 819/819/819 
f 820/820/820 821/821/821 822/822/822 
f 822/822/822 821/821/821 823/823/823 
f 824/824/824 825/825/825 826/826/826 
f 825/825/825 824/824/824 827/827/827 
f 828/828/828 829/829/829 830/830/830 
f 831/831/831 829/829/829 828/828/828 
f 831/831/831 832/832/832 829/829/829 
f 828/828/828 830/830/830 833/833/833 
f 834/834/834 833/833/833 830/830/830 
f 835/835/835 834/834/834 830/830/830 
f 836/836/836 834/834/834 835/835/835 
f 836/836/836 837/837/837 834/834/834 
f 837/837/837 836/836/836 838/838/838 
f 838/838/838 839/839/839 837/837/837 
f 837/837/837 839/839/839 840/840/840 
f 841/841/841 842/842/842 843/843/843 
f 844/844/844 841/841/841 843/843/843 
f 843/843/843 845/845/845 844/844/844 
f 841/841/841 846/846/846 842/842/842 
f 846/846/846 847/847/847 842/842/842 
f 842/842/842 847/847/847 848/848/848 
f 849/849/849 848/848/848 847/847/847 
f 850/850/850 849/849/849 847/847/847 
f 849/849/849 850/850/850 851/851/851 
f 852/852/852 851/851/851 850/850/850 
f 853/853/853 852/852/852 850/850/850 
f 854/854/854 855/855/855 856/856/856 
f 855/855/855 854/854/854 857/857/857 
f 858/858/858 859/859/859 860/860/860 
f 859/859/859 858/858/858 861/861/861 
f 858/858/858 862/862/862 861/861/861 
f 862/862/862 858/858/858 863/863/863 
f 864/864/864 865/865/865 866/866/866 
f 865/865/865 864/864/864 867/867/867 
f 867/867/867 868/868/868 865/865/865 
f 868/868/868 867/867/867 869/869/869 
f 870/870/870 871/871/871 872/872/872 
f 871/871/871 870/870/870 873/873/873 
f 874/874/874 875/875/875 876/876/876 
f 874/874/874 876/876/876 877/877/877 
f 877/877/877 876/876/876 878/878/878 
f 877/877/877 878/878/878 879/879/879 
f 880/880/880 881/881/881 882/882/882 
f 881/881/881 880/880/880 883/883/883 
f 884/884/884 885/885/885 886/886/886 
f 885/885/885 884/884/884 887/887/887 
f 888/888/888 889/889/889 890/890/890 
f 888/888/888 890/890/890 891/891/891 
f 892/892/892 893/893/893 894/894/894 
f 893/893/893 895/895/895 894/894/894 
f 896/896/896 897/897/897 898/898/898 
f 898/898/898 897/897/897 899/899/899 
f 900/900/900 901/901/901 902/902/902 
f 901/901/901 903/903/903 902/902/902 
f 904/904/904 905/905/905 906/906/906 
f 905/905/905 904/904/904 907/907/907 
f 908/908/908 909/909/909 910/910/910 
f 909/909/909 908/908/908 911/911/911 
f 912/912/912 913/913/913 914/914/914 
f 913/913/913 915/915/915 914/914/914 
f 916/916/916 917/917/917 918/918/918 
f 917/917/917 916/916/916 919/919/919 
f 920/920/920 921/921/921 922/922/922 
f 921/921/921 920/920/920 923/923/923 
f 924/924/924 925/925/925 926/926/926 
f 925/925/925 924/924/924 927/927/927 
f 928/928/928 929/929/929 930/930/930 
f 929/929/929 928/928/928 931/931/931 
f 932/932/932 933/933/933 934/934/934 
f 933/933/933 932/932/932 935/935/935 
f 936/936/936 937/937/937 938/938/938 
f 937/937/937 936/936/936 939/939/939 
f 940/940/940 941/941/941 942/942/942 
f 941/941/941 940/940/940 943/943/943 
f 944/944/944 945/945/945 946/946/946 
f 945/945/945 944/944/944 947/947/947 
f 946/946/946 948/948/948 944/944/944 
f 948/948/948 946/946/946 949/949/949 
f 950/950/950 951/951/951 952/952/952 
f 951/951/951 950/950/950 953/953/953 
f 954/954/954 955/955/955 956/956/956 
f 956/956/956 955/955/955 957/957/957 
f 958/958/958 959/959/959 960/960/960 
f 959/959/959 958/958/958 961/961/961 
f 962/962/962 963/963/963 964/964/964 
f 963/963/963 962/962/962 965/965/965 
f 964/964/964 966/966/966 962/962/962 
f 966/966/966 964/964/964 967/967/967 
f 968/968/968 969/969/969 970/970/970 
f 969/969/969 968/968/968 971/971/971 
f 972/972/972 971/971/971 968/968/968 
f 971/971/971 972/972/972 973/973/973 
f 974/974/974 975/975/975 976/976/976 
f 975/975/975 977/977/977 976/976/976 
f 978/978/978 979/979/979 980/980/980 
f 979/979/979 978/978/978 981/981/981 
f 982/982/982 981/981/981 978/978/978 
f 981/981/981 982/982/982 983/983/983 
f 984/984/984 985/985/985 986/986/986 
f 985/985/985 984/984/984 987/987/987 
f 988/988/988 989/989/989 990/990/990 
f 991/991/991 988/988/988 990/990/990 
f 991/991/991 990/990/990 992/992/992 
f 993/993/993 989/989/989 988/988/988 
f 989/989/989 993/993/993 994/994/994 
f 994/994/994 995/995/995 989/989/989 
f 993/993/993 996/996/996 994/994/994 
f 993/993/993 997/997/997 996/996/996 
f 995/995/995 994/994/994 998/998/998 
f 998/998/998 996/996/996 997/997/997 
f 998/998/998 999/999/999 995/995/995 
f 997/997/997 1000/1000/1000 998/998/998 
f 999/999/999 998/998/998 1000/1000/1000 
f 1001/1001/1001 1002/1002/1002 1003/1003/1003 
f 1003/1003/1003 1002/1002/1002 1004/1004/1004 
f 1005/1005/1005 1006/1006/1006 1007/1007/1007 
f 1006/1006/1006 1005/1005/1005 1008/1008/1008 
f 1009/1009/1009 1010/1010/1010 1011/1011/1011 
f 1010/1010/1010 1009/1009/1009 1012/1012/1012 
f 1013/1013/1013 1014/1014/1014 1015/1015/1015 
f 1014/1014/1014 1013/1013/1013 1016/1016/1016 
f 1017/1017/1017 1018/1018/1018 1019/1019/1019 
f 1018/1018/1018 1017/1017/1017 1020/1020/1020 
f 1021/1021/1021 1022/1022/1022 1023/1023/1023 
f 1022/1022/1022 1021/1021/1021 1024/1024/1024 
f 1025/1025/1025 1026/1026/1026 1027/1027/1027 
f 1026/1026/1026 1025/1025/1025 1028/1028/1028 
f 1029/1029/1029 1030/1030/1030 1031/1031/1031 
f 1029/1029/1029 1031/1031/1031 1032/1032/1032 
f 1033/1033/1033 1034/1034/1034 1035/1035/1035 
f 1034/1034/1034 1033/1033/1033 1036/1036/1036 
f 1037/1037/1037 1038/1038/1038 1039/1039/1039 
f 1038/1038/1038 1037/1037/1037 1040/1040/1040 
f 1041/1041/1041 1042/1042/1042 1043/1043/1043 
f 1042/1042/1042 1041/1041/1041 1044/1044/1044 
f 1045/1045/1045 1046/1046/1046 1047/1047/1047 
f 1046/1046/1046 1045/1045/1045 1048/1048/1048 
f 1049/1049/1049 1050/1050/1050 1051/1051/1051 
f 1050/1050/1050 1049/1049/1049 1052/1052/1052 
f 1053/1053/1053 1054/1054/1054 1055/1055/1055 
f 1054/1054/1054 1053/1053/1053 1056/1056/1056 
f 1057/1057/1057 1058/1058/1058 1059/1059/1059 
f 1058/1058/1058 1057/1057/1057 1060/1060/1060 
f 1061/1061/1061 1062/1062/1062 1063/1063/1063 
f 1064/1064/1064 1063/1063/1063 1062/1062/1062 
f 1065/1065/1065 1066/1066/1066 1067/1067/1067 
f 1068/1068/1068 1065/1065/1065 1067/1067/1067 
f 1068/1068/1068 1067/1067/1067 1069/1069/1069 
f 1065/1065/1065 1070/1070/1070 1066/1066/1066 
f 1071/1071/1071 1066/1066/1066 1070/1070/1070 
f 1066/1066/1066 1071/1071/1071 1072/1072/1072 
f 1073/1073/1073 1072/1072/1072 1071/1071/1071 
f 1074/1074/1074 1073/1073/1073 1071/1071/1071 
f 1073/1073/1073 1074/1074/1074 1075/1075/1075 
f 1076/1076/1076 1075/1075/1075 1074/1074/1074 
f 1074/1074/1074 1077/1077/1077 1076/1076/1076 
f 1078/1078/1078 1079/1079/1079 1080/1080/1080 
f 1080/1080/1080 1079/1079/1079 1081/1081/1081 
f 1082/1082/1082 1083/1083/1083 1084/1084/1084 
f 1082/1082/1082 1084/1084/1084 1085/1085/1085 
f 1086/1086/1086 1087/1087/1087 1088/1088/1088 
f 1087/1087/1087 1086/1086/1086 1089/1089/1089 
f 1090/1090/1090 1091/1091/1091 1092/1092/1092 
f 1091/1091/1091 1090/1090/1090 1093/1093/1093 
f 1094/1094/1094 1095/1095/1095 1096/1096/1096 
f 1095/1095/1095 1094/1094/1094 1097/1097/1097 
f 1098/1098/1098 1099/1099/1099 1100/1100/1100 
f 1099/1099/1099 1098/1098/1098 1101/1101/1101 
f 1102/1102/1102 1103/1103/1103 1104/1104/1104 
f 1103/1103/1103 1105/1105/1105 1104/1104/1104 
f 1102/1102/1102 1104/1104/1104 1106/1106/1106 
f 1107/1107/1107 1102/1102/1102 1106/1106/1106 
f 1108/1108/1108 1107/1107/1107 1106/1106/1106 
f 1105/1105/1105 1109/1109/1109 1104/1104/1104 
f 1110/1110/1110 1109/1109/1109 1105/1105/1105 
f 1110/1110/1110 1111/1111/1111 1109/1109/1109 
f 1112/1112/1112 1113/1113/1113 1114/1114/1114 
f 1112/1112/1112 1114/1114/1114 1115/1115/1115 
f 1116/1116/1116 1117/1117/1117 1118/1118/1118 
f 1116/1116/1116 1118/1118/1118 1119/1119/1119 
f 1120/1120/1120 1121/1121/1121 1122/1122/1122 
f 1121/1121/1121 1123/1123/1123 1122/1122/1122 
f 1124/1124/1124 1125/1125/1125 1126/1126/1126 
f 1125/1125/1125 1124/1124/1124 1127/1127/1127 
f 1128/1128/1128 1129/1129/1129 1130/1130/1130 
f 1129/1129/1129 1128/1128/1128 1131/1131/1131 
f 1132/1132/1132 1133/1133/1133 1134/1134/1134 
f 1133/1133/1133 1132/1132/1132 1135/1135/1135 
f 1134/1134/1134 1133/1133/1133 1136/1136/1136 
f 1137/1137/1137 1134/1134/1134 1136/1136/1136 
f 1136/1136/1136 1138/1138/1138 1137/1137/1137 
f 1133/1133/1133 1139/1139/1139 1136/1136/1136 
f 1138/1138/1138 1136/1136/1136 1139/1139/1139 
f 1135/1135/1135 1140/1140/1140 1133/1133/1133 
f 1133/1133/1133 1140/1140/1140 1139/1139/1139 
f 1140/1140/1140 1135/1135/1135 1141/1141/1141 
f 1142/1142/1142 1140/1140/1140 1141/1141/1141 
f 1142/1142/1142 1143/1143/1143 1140/1140/1140 
f 1140/1140/1140 1143/1143/1143 1139/1139/1139 
f 1143/1143/1143 1142/1142/1142 1144/1144/1144 
f 1144/1144/1144 1145/1145/1145 1143/1143/1143 
f 1143/1143/1143 1146/1146/1146 1139/1139/1139 
f 1145/1145/1145 1146/1146/1146 1143/1143/1143 
f 1146/1146/1146 1138/1138/1138 1139/1139/1139 
f 1145/1145/1145 1147/1147/1147 1146/1146/1146 
f 1138/1138/1138 1146/1146/1146 1147/1147/1147 
f 1148/1148/1148 1149/1149/1149 1150/1150/1150 
f 1149/1149/1149 1148/1148/1148 1151/1151/1151 
f 1152/1152/1152 1153/1153/1153 1154/1154/1154 
f 1153/1153/1153 1152/1152/1152 1155/1155/1155 
f 1156/1156/1156 1157/1157/1157 1158/1158/1158 
f 1156/1156/1156 1158/1158/1158 1159/1159/1159 
f 1160/1160/1160 1161/1161/1161 1162/1162/1162 
f 1160/1160/1160 1162/1162/1162 1163/1163/1163 
f 1164/1164/1164 1163/1163/1163 1162/1162/1162 
f 1165/1165/1165 1166/1166/1166 1167/1167/1167 
f 1166/1166/1166 1165/1165/1165 1168/1168/1168 
f 1169/1169/1169 1170/1170/1170 1171/1171/1171 
f 1170/1170/1170 1169/1169/1169 1172/1172/1172 
f 1173/1173/1173 1174/1174/1174 1175/1175/1175 
f 1173/1173/1173 1175/1175/1175 1176/1176/1176 
f 1177/1177/1177 1178/1178/1178 1179/1179/1179 
f 1178/1178/1178 1177/1177/1177 1180/1180/1180 
f 1181/1181/1181 1182/1182/1182 1183/1183/1183 
f 1182/1182/1182 1181/1181/1181 1184/1184/1184 
f 1185/1185/1185 1186/1186/1186 1187/1187/1187 
f 1188/1188/1188 1186/1186/1186 1185/1185/1185 
f 1186/1186/1186 1188/1188/1188 1189/1189/1189 
f 1190/1190/1190 1191/1191/1191 1192/1192/1192 
f 1192/1192/1192 1191/1191/1191 1193/1193/1193 
f 1194/1194/1194 1195/1195/1195 1196/1196/1196 
f 1197/1197/1197 1198/1198/1198 1199/1199/1199 
f 1198/1198/1198 1197/1197/1197 1200/1200/1200 
f 1201/1201/1201 1202/1202/1202 1203/1203/1203 
f 1202/1202/1202 1204/1204/1204 1203/1203/1203 
f 1205/1205/1205 1206/1206/1206 1207/1207/1207 
f 1207/1207/1207 1206/1206/1206 1208/1208/1208 
f 1209/1209/1209 1210/1210/1210 1211/1211/1211 
f 1210/1210/1210 1209/1209/1209 1212/1212/1212 
f 1213/1213/1213 1214/1214/1214 1215/1215/1215 
f 1214/1214/1214 1213/1213/1213 1216/1216/1216 
f 1216/1216/1216 1217/1217/1217 1214/1214/1214 
f 1217/1217/1217 1216/1216/1216 1218/1218/1218 
f 1219/1219/1219 1220/1220/1220 1221/1221/1221 
f 1219/1219/1219 1221/1221/1221 1222/1222/1222 
f 1222/1222/1222 1221/1221/1221 1223/1223/1223 
f 1222/1222/1222 1223/1223/1223 1224/1224/1224 
f 1225/1225/1225 1226/1226/1226 1227/1227/1227 
f 1226/1226/1226 1225/1225/1225 1228/1228/1228 
f 1229/1229/1229 1230/1230/1230 1231/1231/1231 
f 1230/1230/1230 1229/1229/1229 1232/1232/1232 
f 1233/1233/1233 1234/1234/1234 1235/1235/1235 
f 1234/1234/1234 1233/1233/1233 1236/1236/1236 
f 1237/1237/1237 1238/1238/1238 1239/1239/1239 
f 1238/1238/1238 1237/1237/1237 1240/1240/1240 
f 1241/1241/1241 1242/1242/1242 1243/1243/1243 
f 1241/1241/1241 1243/1243/1243 1244/1244/1244 
f 1245/1245/1245 1246/1246/1246 1247/1247/1247 
f 1246/1246/1246 1245/1245/1245 1248/1248/1248 
f 1248/1248/1248 1249/1249/1249 1246/1246/1246 
f 1249/1249/1249 1248/1248/1248 1250/1250/1250 
f 1251/1251/1251 1249/1249/1249 1250/1250/1250 
f 1251/1251/1251 1252/1252/1252 1249/1249/1249 
f 1253/1253/1253 1252/1252/1252 1251/1251/1251 
f 1253/1253/1253 1254/1254/1254 1252/1252/1252 
f 1255/1255/1255 1256/1256/1256 1257/1257/1257 
f 1257/1257/1257 1256/1256/1256 1258/1258/1258 
f 1259/1259/1259 1260/1260/1260 1261/1261/1261 
f 1260/1260/1260 1259/1259/1259 1262/1262/1262 
f 1263/1263/1263 1264/1264/1264 1265/1265/1265 
f 1264/1264/1264 1263/1263/1263 1266/1266/1266 
f 1267/1267/1267 1268/1268/1268 1269/1269/1269 
f 1268/1268/1268 1267/1267/1267 1270/1270/1270 
f 1271/1271/1271 1272/1272/1272 1273/1273/1273 
f 1272/1272/1272 1274/1274/1274 1273/1273/1273 
f 1275/1275/1275 1276/1276/1276 1277/1277/1277 
f 1275/1275/1275 1277/1277/1277 1278/1278/1278 
f 1279/1279/1279 1280/1280/1280 1281/1281/1281 
f 1279/1279/1279 1281/1281/1281 1282/1282/1282 
f 1283/1283/1283 1284/1284/1284 1285/1285/1285 
f 1284/1284/1284 1283/1283/1283 1286/1286/1286 
f 1287/1287/1287 1288/1288/1288 1289/1289/1289 
f 1288/1288/1288 1287/1287/1287 1290/1290/1290 
f 1291/1291/1291 1292/1292/1292 1293/1293/1293 
f 1291/1291/1291 1294/1294/1294 1292/1292/1292 
f 1295/1295/1295 1292/1292/1292 1294/1294/1294 
f 1291/1291/1291 1293/1293/1293 1296/1296/1296 
f 1296/1296/1296 1297/1297/1297 1291/1291/1291 
f 1298/1298/1298 1296/1296/1296 1293/1293/1293 
f 1298/1298/1298 1293/1293/1293 1299/1299/1299 
f 1300/1300/1300 1298/1298/1298 1299/1299/1299 
f 1300/1300/1300 1301/1301/1301 1298/1298/1298 
f 1301/1301/1301 1302/1302/1302 1296/1296/1296 
f 1297/1297/1297 1296/1296/1296 1302/1302/1302 
f 1297/1297/1297 1302/1302/1302 1303/1303/1303 
f 1297/1297/1297 1303/1303/1303 1304/1304/1304 
f 1302/1302/1302 1301/1301/1301 1305/1305/1305 
f 1300/1300/1300 1305/1305/1305 1301/1301/1301 
f 1303/1303/1303 1305/1305/1305 1304/1304/1304 
f 1305/1305/1305 1300/1300/1300 1306/1306/1306 
f 1307/1307/1307 1304/1304/1304 1305/1305/1305 
f 1307/1307/1307 1305/1305/1305 1306/1306/1306 
f 1308/1308/1308 1307/1307/1307 1306/1306/1306 
f 1306/1306/1306 1309/1309/1309 1308/1308/1308 
f 1309/1309/1309 1310/1310/1310 1308/1308/1308 
f 1311/1311/1311 1312/1312/1312 1313/1313/1313 
f 1312/1312/1312 1311/1311/1311 1314/1314/1314 
f 1315/1315/1315 1316/1316/1316 1317/1317/1317 
f 1316/1316/1316 1315/1315/1315 1318/1318/1318 
f 1319/1319/1319 1320/1320/1320 1321/1321/1321 
f 1320/1320/1320 1322/1322/1322 1321/1321/1321 
f 1323/1323/1323 1324/1324/1324 1325/1325/1325 
f 1324/1324/1324 1323/1323/1323 1326/1326/1326 
f 1327/1327/1327 1328/1328/1328 1329/1329/1329 
f 1329/1329/1329 1328/1328/1328 1330/1330/1330 
f 1331/1331/1331 1332/1332/1332 1333/1333/1333 
f 1332/1332/1332 1331/1331/1331 1334/1334/1334 
f 1335/1335/1335 1336/1336/1336 1337/1337/1337 
f 1338/1338/1338 1335/1335/1335 1337/1337/1337 
f 1338/1338/1338 1337/1337/1337 1339/1339/1339 
f 1335/1335/1335 1340/1340/1340 1336/1336/1336 
f 1341/1341/1341 1340/1340/1340 1335/1335/1335 
f 1342/1342/1342 1336/1336/1336 1340/1340/1340 
f 1336/1336/1336 1342/1342/1342 1343/1343/1343 
f 1344/1344/1344 1343/1343/1343 1342/1342/1342 
f 1344/1344/1344 1342/1342/1342 1345/1345/1345 
f 1346/1346/1346 1345/1345/1345 1340/1340/1340 
f 1340/1340/1340 1341/1341/1341 1346/1346/1346 
f 1341/1341/1341 1347/1347/1347 1346/1346/1346 
f 1341/1341/1341 1348/1348/1348 1347/1347/1347 
f 1345/1345/1345 1346/1346/1346 1349/1349/1349 
f 1349/1349/1349 1344/1344/1344 1345/1345/1345 
f 1349/1349/1349 1347/1347/1347 1348/1348/1348 
f 1344/1344/1344 1349/1349/1349 1350/1350/1350 
f 1349/1349/1349 1348/1348/1348 1351/1351/1351 
f 1351/1351/1351 1350/1350/1350 1349/1349/1349 
f 1352/1352/1352 1350/1350/1350 1351/1351/1351 
f 1353/1353/1353 1350/1350/1350 1352/1352/1352 
f 1352/1352/1352 1354/1354/1354 1353/1353/1353 
f 1355/1355/1355 1356/1356/1356 1357/1357/1357 
f 1356/1356/1356 1355/1355/1355 1358/1358/1358 
f 1359/1359/1359 1360/1360/1360 1361/1361/1361 
f 1361/1361/1361 1360/1360/1360 1362/1362/1362 
f 1363/1363/1363 1364/1364/1364 1365/1365/1365 
f 1364/1364/1364 1366/1366/1366 1365/1365/1365 
f 1367/1367/1367 1368/1368/1368 1369/1369/1369 
f 1368/1368/1368 1367/1367/1367 1370/1370/1370 
f 1371/1371/1371 1372/1372/1372 1373/1373/1373 
f 1372/1372/1372 1371/1371/1371 1374/1374/1374 
f 1375/1375/1375 1376/1376/1376 1377/1377/1377 
f 1376/1376/1376 1375/1375/1375 1378/1378/1378 
f 1379/1379/1379 1380/1380/1380 1381/1381/1381 
f 1379/1379/1379 1381/1381/1381 1382/1382/1382 
f 1383/1383/1383 1384/1384/1384 1385/1385/1385 
f 1384/1384/1384 1383/1383/1383 1386/1386/1386 
f 1387/1387/1387 1388/1388/1388 1389/1389/1389 
f 1388/1388/1388 1390/1390/1390 1389/1389/1389 
f 1391/1391/1391 1392/1392/1392 1393/1393/1393 
f 1392/1392/1392 1391/1391/1391 1394/1394/1394 
f 1395/1395/1395 1396/1396/1396 1397/1397/1397 
f 1398/1398/1398 1395/1395/1395 1397/1397/1397 
f 1398/1398/1398 1397/1397/1397 1399/1399/1399 
f 1400/1400/1400 1396/1396/1396 1395/1395/1395 
f 1396/1396/1396 1400/1400/1400 1401/1401/1401 
f 1401/1401/1401 1402/1402/1402 1396/1396/1396 
f 1400/1400/1400 1403/1403/1403 1401/1401/1401 
f 1400/1400/1400 1404/1404/1404 1403/1403/1403 
f 1402/1402/1402 1401/1401/1401 1405/1405/1405 
f 1404/1404/1404 1405/1405/1405 1403/1403/1403 
f 1405/1405/1405 1406/1406/1406 1402/1402/1402 
f 1404/1404/1404 1407/1407/1407 1405/1405/1405 
f 1406/1406/1406 1405/1405/1405 1407/1407/1407 
f 1408/1408/1408 1409/1409/1409 1410/1410/1410 
f 1411/1411/1411 1408/1408/1408 1410/1410/1410 
f 1411/1411/1411 1410/1410/1410 1412/1412/1412 
f 1413/1413/1413 1409/1409/1409 1408/1408/1408 
f 1409/1409/1409 1413/1413/1413 1414/1414/1414 
f 1414/1414/1414 1415/1415/1415 1409/1409/1409 
f 1413/1413/1413 1416/1416/1416 1414/1414/1414 
f 1413/1413/1413 1417/1417/1417 1416/1416/1416 
f 1415/1415/1415 1414/1414/1414 1418/1418/1418 
f 1417/1417/1417 1418/1418/1418 1416/1416/1416 
f 1418/1418/1418 1419/1419/1419 1415/1415/1415 
f 1417/1417/1417 1420/1420/1420 1418/1418/1418 
f 1419/1419/1419 1418/1418/1418 1420/1420/1420 
f 1421/1421/1421 1422/1422/1422 1423/1423/1423 
f 1423/1423/1423 1422/1422/1422 1424/1424/1424 
f 1425/1425/1425 1426/1426/1426 1427/1427/1427 
f 1426/1426/1426 1425/1425/1425 1428/1428/1428 
f 1429/1429/1429 1430/1430/1430 1431/1431/1431 
f 1430/1430/1430 1429/1429/1429 1432/1432/1432 
f 1433/1433/1433 1434/1434/1434 1435/1435/1435 
f 1434/1434/1434 1433/1433/1433 1436/1436/1436 
f 1437/1437/1437 1438/1438/1438 1439/1439/1439 
f 1439/1439/1439 1438/1438/1438 1440/1440/1440 
f 1441/1441/1441 1442/1442/1442 1443/1443/1443 
f 1442/1442/1442 1444/1444/1444 1443/1443/1443 
f 1445/1445/1445 1446/1446/1446 1447/1447/1447 
f 1446/1446/1446 1445/1445/1445 1448/1448/1448 
f 1449/1449/1449 1450/1450/1450 1451/1451/1451 
f 1450/1450/1450 1449/1449/1449 1452/1452/1452 
f 1453/1453/1453 1454/1454/1454 1455/1455/1455 
f 1454/1454/1454 1456/1456/1456 1455/1455/1455 
f 1457/1457/1457 1458/1458/1458 1459/1459/1459 
f 1459/1459/1459 1458/1458/1458 1460/1460/1460 
f 1461/1461/1461 1462/1462/1462 1463/1463/1463 
f 1462/1462/1462 1461/1461/1461 1464/1464/1464 
f 1465/1465/1465 1466/1466/1466 1467/1467/1467 
f 1468/1468/1468 1465/1465/1465 1467/1467/1467 
f 1467/1467/1467 1469/1469/1469 1468/1468/1468 
f 1465/1465/1465 1470/1470/1470 1466/1466/1466 
f 1470/1470/1470 1471/1471/1471 1466/1466/1466 
f 1466/1466/1466 1471/1471/1471 1472/1472/1472 
f 1473/1473/1473 1472/1472/1472 1471/1471/1471 
f 1474/1474/1474 1473/1473/1473 1471/1471/1471 
f 1473/1473/1473 1474/1474/1474 1475/1475/1475 
f 1476/1476/1476 1475/1475/1475 1474/1474/1474 
f 1477/1477/1477 1476/1476/1476 1474/1474/1474 
f 1478/1478/1478 1479/1479/1479 1480/1480/1480 
f 1478/1478/1478 1481/1481/1481 1479/1479/1479 
f 1482/1482/1482 1479/1479/1479 1481/1481/1481 
f 1478/1478/1478 1480/1480/1480 1483/1483/1483 
f 1483/1483/1483 1484/1484/1484 1478/1478/1478 
f 1485/1485/1485 1483/1483/1483 1480/1480/1480 
f 1485/1485/1485 1480/1480/1480 1486/1486/1486 
f 1487/1487/1487 1485/1485/1485 1486/1486/1486 
f 1487/1487/1487 1488/1488/1488 1485/1485/1485 
f 1488/1488/1488 1489/1489/1489 1483/1483/1483 
f 1484/1484/1484 1483/1483/1483 1489/1489/1489 
f 1484/1484/1484 1489/1489/1489 1490/1490/1490 
f 1484/1484/1484 1490/1490/1490 1491/1491/1491 
f 1489/1489/1489 1488/1488/1488 1492/1492/1492 
f 1487/1487/1487 1492/1492/1492 1488/1488/1488 
f 1490/1490/1490 1492/1492/1492 1491/1491/1491 
f 1492/1492/1492 1487/1487/1487 1493/1493/1493 
f 1494/1494/1494 1491/1491/1491 1492/1492/1492 
f 1494/1494/1494 1492/1492/1492 1493/1493/1493 
f 1495/1495/1495 1494/1494/1494 1493/1493/1493 
f 1493/1493/1493 1496/1496/1496 1495/1495/1495 
f 1496/1496/1496 1497/1497/1497 1495/1495/1495 
f 1498/1498/1498 1499/1499/1499 1500/1500/1500 
f 1499/1499/1499 1498/1498/1498 1501/1501/1501 
f 1502/1502/1502 1503/1503/1503 1504/1504/1504 
f 1505/1505/1505 1502/1502/1502 1504/1504/1504 
f 1505/1505/1505 1504/1504/1504 1506/1506/1506 
f 1502/1502/1502 1507/1507/1507 1503/1503/1503 
f 1508/1508/1508 1507/1507/1507 1502/1502/1502 
f 1509/1509/1509 1503/1503/1503 1507/1507/1507 
f 1503/1503/1503 1509/1509/1509 1510/1510/1510 
f 1511/1511/1511 1510/1510/1510 1509/1509/1509 
f 1511/1511/1511 1509/1509/1509 1512/1512/1512 
f 1513/1513/1513 1512/1512/1512 1507/1507/1507 
f 1507/1507/1507 1508/1508/1508 1513/1513/1513 
f 1508/1508/1508 1514/1514/1514 1513/1513/1513 
f 1508/1508/1508 1515/1515/1515 1514/1514/1514 
f 1512/1512/1512 1513/1513/1513 1516/1516/1516 
f 1516/1516/1516 1511/1511/1511 1512/1512/1512 
f 1516/1516/1516 1514/1514/1514 1515/1515/1515 
f 1511/1511/1511 1516/1516/1516 1517/1517/1517 
f 1516/1516/1516 1515/1515/1515 1518/1518/1518 
f 1518/1518/1518 1517/1517/1517 1516/1516/1516 
f 1519/1519/1519 1517/1517/1517 1518/1518/1518 
f 1520/1520/1520 1517/1517/1517 1519/1519/1519 
f 1519/1519/1519 1521/1521/1521 1520/1520/1520 
f 1522/1522/1522 1523/1523/1523 1524/1524/1524 
f 1524/1524/1524 1523/1523/1523 1525/1525/1525 
f 1526/1526/1526 1527/1527/1527 1528/1528/1528 
f 1526/1526/1526 1528/1528/1528 1529/1529/1529 
f 1530/1530/1530 1531/1531/1531 1532/1532/1532 
f 1531/1531/1531 1533/1533/1533 1532/1532/1532 
f 1534/1534/1534 1535/1535/1535 1536/1536/1536 
f 1535/1535/1535 1534/1534/1534 1537/1537/1537 
f 1538/1538/1538 1539/1539/1539 1540/1540/1540 
f 1540/1540/1540 1539/1539/1539 1541/1541/1541 
f 1542/1542/1542 1543/1543/1543 1544/1544/1544 
f 1544/1544/1544 1543/1543/1543 1545/1545/1545 
f 1546/1546/1546 1547/1547/1547 1548/1548/1548 
f 1547/1547/1547 1546/1546/1546 1549/1549/1549 
f 1550/1550/1550 1551/1551/1551 1552/1552/1552 
f 1551/1551/1551 1553/1553/1553 1552/1552/1552 
f 1554/1554/1554 1555/1555/1555 1556/1556/1556 
f 1556/1556/1556 1555/1555/1555 1557/1557/1557 
f 1558/1558/1558 1559/1559/1559 1560/1560/1560 
f 1559/1559/1559 1561/1561/1561 1560/1560/1560 
f 1562/1562/1562 1563/1563/1563 1564/1564/1564 
f 1563/1563/1563 1562/1562/1562 1565/1565/1565 
f 1566/1566/1566 1567/1567/1567 1568/1568/1568 
f 1568/1568/1568 1567/1567/1567 1569/1569/1569 
f 1570/1570/1570 1571/1571/1571 1572/1572/1572 
f 1570/1570/1570 1572/1572/1572 1573/1573/1573 
f 1574/1574/1574 1575/1575/1575 1576/1576/1576 
f 1576/1576/1576 1575/1575/1575 1577/1577/1577 
f 1578/1578/1578 1579/1579/1579 1580/1580/1580 
f 1579/1579/1579 1581/1581/1581 1580/1580/1580 
f 1582/1582/1582 1583/1583/1583 1584/1584/1584 
f 1583/1583/1583 1582/1582/1582 1585/1585/1585 
f 1586/1586/1586 1587/1587/1587 1588/1588/1588 
f 1588/1588/1588 1587/1587/1587 1589/1589/1589 
f 1590/1590/1590 1591/1591/1591 1592/1592/1592 
f 1591/1591/1591 1593/1593/1593 1592/1592/1592 
f 1594/1594/1594 1595/1595/1595 1596/1596/1596 
f 1596/1596/1596 1595/1595/1595 1597/1597/1597 
f 1598/1598/1598 1599/1599/1599 1600/1600/1600 
f 1599/1599/1599 1598/1598/1598 1601/1601/1601 

