# This file is brought to you by Roblox Corporation
# Generated by Roblox Studio

mtllib helldevilpet.mtl

g Pet1

v 0.109936 -1.29855 0.976973 
v 0.504333 -1.29855 0.521557 
v 0.544783 -1.29855 0.934364 
v 0.0694859 -1.29855 0.564166 
v -0.53096 -1.29855 0.940402 
v -0.0595523 -1.29855 0.565264 
v -0.0956926 -1.29855 0.978472 
v -0.49482 -1.29855 0.527194 
v -0.500496 -1.29855 0.350103 
v -0.029088 -1.29855 -0.0250343 
v -0.0652283 -1.29855 0.388173 
v -0.464356 -1.29855 -0.0631044 
v 0.0865919 -1.29855 0.386494 
v 0.473203 -1.29855 -0.0755505 
v 0.520654 -1.29855 0.336512 
v 0.0391418 -1.29855 -0.0255668 
v 0.0143319 0.639731 -1.30404 
v 0.0788469 0.549598 -1.27675 
v -0.0498321 0.549325 -1.27697 
v -0.0819941 0.518092 -1.29851 
v 0.0788469 0.549598 -1.27675 
v 0.112432 0.518371 -1.29815 
v -0.0498321 0.549325 -1.27697 
v -0.0558493 0.630894 -1.20853 
v -0.0899845 0.665654 -1.17691 
v 0.0837339 0.631228 -1.20825 
v 0.118692 0.666015 -1.17642 
v 0.112432 0.518371 -1.29815 
v 0.0788469 0.549598 -1.27675 
v -0.88698 -0.255902 1.30404 
v -0.853838 -1.04155 1.30404 
v 0.0034618 -1.06879 1.30404 
v 0.0037198 0.564965 1.30404 
v -0.85293 0.559168 1.30404 
v 0.88698 -0.255902 1.30404 
v 0.86037 0.51692 1.30404 
v 0.860767 -1.04155 1.30404 
v -0.165086 0.574603 -0.941986 
v 0.191115 0.575478 -0.941214 
v 0.137797 0.538403 -0.973616 
v 0.136862 0.369948 -1.07917 
v 0.189861 0.308062 -1.10012 
v -0.112536 0.537758 -0.974021 
v -0.109703 0.369338 -1.07955 
v -0.161042 0.307263 -1.10078 
v 0.136862 0.369948 -1.07917 
v 0.189861 0.308062 -1.10012 
v 0.140585 0.436706 -1.23137 
v -0.111042 0.436305 -1.23181 
v -0.0819941 0.518092 -1.29851 
v 0.112432 0.518371 -1.29815 
v -0.271216 0.986572 1.08902 
v -0.873241 0.796446 1.19416 
v -0.242483 0.796446 1.19416 
v -0.844509 0.986572 1.08902 
v -0.351379 1.06914 0.984756 
v -0.833408 0.516244 1.2882 
v -0.282316 0.516244 1.28819 
v -0.764346 1.06914 0.984757 
v 0.361444 1.05391 0.984756 
v 0.843473 0.50101 1.2882 
v 0.774412 1.05391 0.984757 
v 0.292382 0.50101 1.28819 
v 0.795257 1.17485 0.792848 
v 0.364612 1.24612 0.648677 
v 0.340597 1.17485 0.792848 
v 0.771243 1.24612 0.648677 
v -0.351178 1.24516 0.637485 
v -0.741957 1.29855 0.492796 
v -0.764546 1.24516 0.637485 
v -0.373767 1.29855 0.492796 
v -0.351379 1.06914 0.984756 
v -0.689929 1.27654 0.464228 
v -0.764346 1.06914 0.984757 
v -0.425796 1.27654 0.464228 
v 0.361444 1.05391 0.984756 
v 0.774412 1.05391 0.984757 
v 0.699995 1.26131 0.464228 
v 0.435862 1.26131 0.464228 
v 0.0143319 0.639731 -1.30404 
v 0.0837339 0.631228 -1.20825 
v 0.0788469 0.549598 -1.27675 
v 0.0143319 0.639731 -1.30404 
v -0.0498321 0.549325 -1.27697 
v -0.0558493 0.630894 -1.20853 
v 0.136862 0.369948 -1.07917 
v -0.109703 0.369338 -1.07955 
v -0.0742392 0.475951 -1.19649 
v 0.102502 0.476347 -1.19619 
v -0.872857 0.59446 0.614249 
v -0.873241 0.796446 1.19416 
v -0.832387 0.788269 0.582667 
v -0.844509 0.986572 1.08902 
v -0.88698 -0.255902 1.30404 
v -0.846008 -1.07991 0.81324 
v -0.853838 -1.04155 1.30404 
v -0.838508 -0.30592 0.34242 
v -0.838508 -1.09149 0.342428 
v -0.846608 -1.05289 -0.0771916 
v -0.838778 0.44072 0.343323 
v -0.85293 0.559168 1.30404 
v -0.827362 -0.234287 -0.409325 
v -0.853837 -0.956053 -0.409325 
v -0.853845 0.485705 -0.40943 
v 0.853267 -1.07937 1.03117 
v 0.88698 -0.255902 1.30404 
v 0.860767 -1.04155 1.30404 
v 0.846097 -0.304795 0.768896 
v 0.846097 -1.09044 0.768896 
v 0.853537 -1.05289 0.0711841 
v 0.846765 0.448453 0.76698 
v 0.86037 0.51692 1.30404 
v 0.83457 -0.234287 -0.409325 
v 0.860768 -0.956053 -0.409325 
v 0.86076 0.484588 -0.409498 
v -0.80643 0.875531 0.562073 
v -0.764546 1.24516 0.637485 
v -0.783977 0.949926 0.453351 
v -0.741957 1.29855 0.492796 
v 0.82162 0.834028 0.585491 
v 0.771243 1.24612 0.648677 
v 0.795257 1.17485 0.792848 
v 0.795534 0.91519 0.460849 
v 0.236262 0.234389 -0.985885 
v -0.208947 0.233259 -0.986586 
v -0.161042 0.307263 -1.10078 
v 0.189861 0.308062 -1.10012 
v 0.615827 1.0558 0.0342115 
v 0.643669 1.11437 0.124146 
v 0.669886 1.06636 0.147557 
v 0.633232 0.990393 0.02768 
v -0.833408 0.516244 1.2882 
v -0.764346 1.06914 0.984757 
v -0.755284 0.877955 0.618575 
v -0.831804 0.44954 0.697676 
v -0.689929 1.27654 0.464228 
v -0.723689 0.989577 0.446066 
v -0.658904 1.05949 0.247216 
v -0.672921 0.886466 0.230377 
v -0.636664 1.06737 0.139071 
v -0.616018 0.981838 0.0381919 
v -0.557862 1.23337 0.063279 
v 0.843473 0.50101 1.2882 
v 0.76535 0.862721 0.618575 
v 0.774412 1.05391 0.984757 
v 0.841869 0.434306 0.697676 
v 0.699995 1.26131 0.464228 
v 0.733754 0.974343 0.446066 
v 0.66897 1.04426 0.247216 
v 0.682986 0.871233 0.230377 
v 0.64673 1.05214 0.139071 
v 0.626085 0.966605 0.0381921 
v 0.567928 1.21814 0.0632791 
v 0.761988 0.919299 0.404409 
v 0.701709 1.11565 0.266154 
v 0.710279 1.1918 0.330886 
v 0.745319 0.870495 0.329167 
v -0.701959 0.869971 0.203606 
v -0.674368 1.09219 0.175523 
v -0.671704 0.917693 0.108422 
v -0.691104 1.08845 0.247427 
v -0.441357 1.09219 0.175523 
v -0.674368 1.09219 0.175523 
v -0.42462 1.08845 0.247427 
v -0.691104 1.08845 0.247427 
v 0.615827 1.0558 0.0342115 
v 0.609335 1.10565 0.106467 
v 0.643669 1.11437 0.124146 
v 0.595953 1.07166 0.0545518 
v 0.332225 -0.0578878 -0.395339 
v -0.317345 -0.0596848 -0.396437 
v -0.148138 0.253792 -0.952816 
v 0.174091 0.254664 -0.952388 
v 0.492187 1.11437 0.124146 
v 0.643669 1.11437 0.124146 
v 0.609335 1.10565 0.106467 
v 0.526521 1.10565 0.106467 
v -0.658904 1.05949 0.247216 
v -0.456821 1.05949 0.247216 
v -0.636664 1.06737 0.139071 
v -0.47906 1.06737 0.139071 
v 0.66897 1.04426 0.247216 
v 0.64673 1.05214 0.139071 
v 0.466887 1.04426 0.247216 
v 0.489126 1.05214 0.139071 
v 0.595953 1.07166 0.0545518 
v 0.520029 1.0558 0.0342117 
v 0.539903 1.07166 0.0545519 
v 0.615827 1.0558 0.0342115 
v 0.00346206 -0.979136 -0.409325 
v -0.827362 -0.234287 -0.409325 
v 0.00345981 0.466821 -0.409468 
v -0.853845 0.485705 -0.40943 
v -0.853837 -0.956053 -0.409325 
v 0.83457 -0.234287 -0.409325 
v 0.860768 -0.956053 -0.409325 
v 0.86076 0.484588 -0.409498 
v 0.520029 1.0558 0.0342117 
v 0.492187 1.11437 0.124146 
v 0.526521 1.10565 0.106467 
v 0.539903 1.07166 0.0545519 
v 0.5076 -1.15099 0.905403 
v 0.14079 -1.15099 0.941346 
v 0.109936 -1.29855 0.976973 
v 0.544783 -1.29855 0.934364 
v 0.499491 -0.985185 0.899087 
v 0.147518 -0.985185 0.933576 
v -0.494082 -1.15099 0.911054 
v -0.0956926 -1.29855 0.978472 
v -0.126917 -1.15099 0.943168 
v -0.53096 -1.29855 0.940402 
v -0.486039 -0.985185 0.904654 
v -0.133726 -0.985185 0.935468 
v -0.208947 0.233259 -0.986586 
v -0.165086 0.574603 -0.941986 
v -0.161042 0.307263 -1.10078 
v -0.210961 0.530923 -0.815265 
v 0.236262 0.234389 -0.985885 
v 0.191115 0.575478 -0.941214 
v 0.23485 0.532081 -0.814473 
v 0.189861 0.308062 -1.10012 
v -0.148138 0.253792 -0.952816 
v -0.31607 0.460074 -0.393957 
v -0.149342 0.477285 -0.821756 
v -0.317345 -0.0596848 -0.396437 
v 0.332225 -0.0578878 -0.395339 
v 0.174091 0.254664 -0.952388 
v 0.3335 0.461883 -0.392859 
v 0.172887 0.478155 -0.821328 
v -0.111042 0.436305 -1.23181 
v -0.0899845 0.665654 -1.17691 
v -0.0819941 0.518092 -1.29851 
v -0.119023 0.623807 -1.08438 
v 0.118692 0.666015 -1.17642 
v 0.140585 0.436706 -1.23137 
v 0.112432 0.518371 -1.29815 
v 0.146393 0.624293 -1.08381 
v -0.456821 1.05949 0.247216 
v -0.689929 1.27654 0.464228 
v -0.425796 1.27654 0.464228 
v -0.658904 1.05949 0.247216 
v 0.66897 1.04426 0.247216 
v 0.466887 1.04426 0.247216 
v 0.435862 1.26131 0.464228 
v 0.699995 1.26131 0.464228 
v 0.434147 1.11565 0.266154 
v 0.710279 1.1918 0.330886 
v 0.701709 1.11565 0.266154 
v 0.425576 1.1918 0.330886 
v 0.425576 1.1918 0.330886 
v 0.673285 1.1396 0.348203 
v 0.710279 1.1918 0.330886 
v 0.46257 1.1396 0.348203 
v -0.109703 0.369338 -1.07955 
v -0.0802484 0.590806 -1.10759 
v -0.0742392 0.475951 -1.19649 
v -0.112536 0.537758 -0.974021 
v 0.136862 0.369948 -1.07917 
v 0.107009 0.591265 -1.10724 
v 0.137797 0.538403 -0.973616 
v 0.102502 0.476347 -1.19619 
v 0.710279 1.1918 0.330886 
v 0.708 0.967965 0.394573 
v 0.761988 0.919299 0.404409 
v 0.673285 1.1396 0.348203 
v 0.373867 0.919299 0.404409 
v 0.427855 0.967966 0.394573 
v -0.674368 1.09219 0.175523 
v -0.441357 1.09219 0.175523 
v -0.635619 1.06151 0.16036 
v -0.480105 1.06151 0.16036 
v 0.425576 1.1918 0.330886 
v 0.427855 0.967966 0.394573 
v 0.46257 1.1396 0.348203 
v 0.373867 0.919299 0.404409 
v -0.404344 1.20727 0.632565 
v -0.372161 0.909878 0.57287 
v -0.351178 1.24516 0.637485 
v -0.309294 0.87553 0.562073 
v -0.764546 1.24516 0.637485 
v -0.711381 1.20727 0.632565 
v -0.743564 0.909879 0.57287 
v -0.80643 0.875531 0.562073 
v -0.671704 0.917693 0.108422 
v -0.635619 1.06151 0.16036 
v -0.632861 0.948479 0.115521 
v -0.674368 1.09219 0.175523 
v -0.44402 0.917694 0.108422 
v -0.482863 0.948479 0.115521 
v 0.442958 -1.15099 -0.0394042 
v 0.482984 -1.15099 0.308186 
v 0.520654 -1.29855 0.336512 
v 0.473203 -1.29855 -0.0755505 
v 0.436363 -0.985185 -0.0315209 
v 0.474769 -0.985185 0.302009 
v 0.669886 1.06636 0.147557 
v 0.492187 1.11437 0.124146 
v 0.465969 1.06636 0.147557 
v 0.643669 1.11437 0.124146 
v -0.500496 -1.29855 0.350103 
v -0.433132 -1.15099 -0.0278004 
v -0.464356 -1.29855 -0.0631044 
v -0.463618 -1.15099 0.320756 
v -0.426323 -0.985185 -0.0201009 
v -0.455575 -0.985185 0.314356 
v -0.557862 1.23337 0.063279 
v -0.636664 1.06737 0.139071 
v -0.47906 1.06737 0.139071 
v -0.53096 -1.29855 0.940402 
v -0.463596 -1.15099 0.562498 
v -0.49482 -1.29855 0.527194 
v -0.494082 -1.15099 0.911054 
v -0.456787 -0.985185 0.570197 
v -0.486039 -0.985185 0.904654 
v -0.763002 0.966651 1.02569 
v -0.832387 0.788269 0.582667 
v -0.844509 0.986572 1.08902 
v -0.75398 0.817732 0.643217 
v -0.283339 0.788269 0.582666 
v -0.361745 0.817732 0.643216 
v -0.352723 0.96665 1.02569 
v -0.271216 0.986572 1.08902 
v -0.283339 0.788269 0.582666 
v -0.361745 0.817732 0.643216 
v 0.520029 1.0558 0.0342117 
v 0.633232 0.990393 0.02768 
v 0.502623 0.990393 0.0276801 
v 0.615827 1.0558 0.0342115 
v -0.482863 0.948479 0.115521 
v -0.480105 1.06151 0.16036 
v -0.44402 0.917694 0.108422 
v -0.441357 1.09219 0.175523 
v 0.567928 1.21814 0.0632791 
v 0.489126 1.05214 0.139071 
v 0.64673 1.05214 0.139071 
v 0.473479 -1.15099 0.557184 
v 0.5076 -1.15099 0.905403 
v 0.544783 -1.29855 0.934364 
v 0.504333 -1.29855 0.521557 
v 0.46675 -0.985185 0.564954 
v 0.499491 -0.985185 0.899087 
v -0.557862 1.23337 0.063279 
v -0.499706 0.981839 0.038192 
v -0.616018 0.981838 0.0381919 
v 0.567928 1.21814 0.0632791 
v 0.626085 0.966605 0.0381921 
v 0.509772 0.966605 0.0381921 
v -0.80643 0.875531 0.562073 
v -0.372161 0.909878 0.57287 
v -0.743564 0.909879 0.57287 
v -0.309294 0.87553 0.562073 
v -0.0558493 0.630894 -1.20853 
v 0.0837339 0.631228 -1.20825 
v 0.0143319 0.639731 -1.30404 
v 0.398472 1.13018 0.775248 
v 0.314235 0.834028 0.58549 
v 0.379327 0.869925 0.619898 
v 0.340597 1.17485 0.792848 
v 0.737382 1.13018 0.775248 
v 0.795257 1.17485 0.792848 
v 0.82162 0.834028 0.585491 
v 0.756527 0.869925 0.619899 
v 0.379327 0.869925 0.619898 
v 0.314235 0.834028 0.58549 
v -0.85293 0.559168 1.30404 
v 0.0037198 0.564965 1.30404 
v 0.00360667 0.443796 0.548249 
v -0.838778 0.44072 0.343323 
v 0.846765 0.448453 0.76698 
v 0.86037 0.51692 1.30404 
v 0.86076 0.484588 -0.409498 
v 0.00345981 0.466821 -0.409468 
v -0.853845 0.485705 -0.40943 
v 0.3335 0.461883 -0.392859 
v -0.149342 0.477285 -0.821756 
v -0.31607 0.460074 -0.393957 
v 0.172887 0.478155 -0.821328 
v 0.364612 1.24612 0.648677 
v 0.398389 0.957185 0.474484 
v 0.340321 0.91519 0.460849 
v 0.416081 1.2019 0.61222 
v 0.719774 1.2019 0.61222 
v 0.771243 1.24612 0.648677 
v 0.737466 0.957185 0.474484 
v 0.795534 0.91519 0.460849 
v 0.398389 0.957185 0.474484 
v 0.340321 0.91519 0.460849 
v -0.464356 -1.29855 -0.0631044 
v -0.0659662 -1.15099 0.00431321 
v -0.029088 -1.29855 -0.0250343 
v -0.433132 -1.15099 -0.0278004 
v -0.0740092 -0.985185 0.010713 
v -0.426323 -0.985185 -0.0201009 
v 0.473203 -1.29855 -0.0755505 
v 0.0391418 -1.29855 -0.0255668 
v 0.0768105 -1.15099 0.00275848 
v 0.442958 -1.15099 -0.0394042 
v 0.085026 -0.985185 0.00893624 
v 0.436363 -0.985185 -0.0315209 
v -0.463618 -1.15099 0.320756 
v -0.0652283 -1.29855 0.388173 
v -0.0964523 -1.15099 0.352869 
v -0.500496 -1.29855 0.350103 
v -0.455575 -0.985185 0.314356 
v -0.103262 -0.985185 0.34517 
v 0.482984 -1.15099 0.308186 
v 0.116837 -1.15099 0.350349 
v 0.0865919 -1.29855 0.386494 
v 0.520654 -1.29855 0.336512 
v 0.474769 -0.985185 0.302009 
v 0.123433 -0.985185 0.342466 
v -0.691104 1.08845 0.247427 
v -0.656845 0.903523 0.219962 
v -0.648762 1.05204 0.247984 
v -0.701959 0.869971 0.203606 
v -0.466962 1.05204 0.247984 
v -0.42462 1.08845 0.247427 
v -0.45888 0.903523 0.219962 
v -0.413765 0.869971 0.203606 
v -0.873241 0.796446 1.19416 
v -0.764334 0.623539 0.710009 
v -0.764254 0.764507 1.11277 
v -0.872857 0.59446 0.614249 
v -0.242868 0.59446 0.614247 
v -0.351391 0.623539 0.710008 
v -0.242483 0.796446 1.19416 
v -0.35147 0.764507 1.11277 
v -0.351391 0.623539 0.710008 
v -0.242868 0.59446 0.614247 
v -0.390701 0.984859 0.453356 
v -0.373767 1.29855 0.492796 
v -0.331747 0.949925 0.453351 
v -0.422995 1.26874 0.483815 
v -0.741957 1.29855 0.492796 
v -0.692729 1.26874 0.483815 
v -0.725024 0.98486 0.453356 
v -0.783977 0.949926 0.453351 
v 0.520029 1.0558 0.0342117 
v 0.465969 1.06636 0.147557 
v 0.492187 1.11437 0.124146 
v 0.502623 0.990393 0.0276801 
v 0.23485 0.532081 -0.814473 
v -0.165086 0.574603 -0.941986 
v -0.210961 0.530923 -0.815265 
v 0.191115 0.575478 -0.941214 
v -0.701959 0.869971 0.203606 
v -0.45888 0.903523 0.219962 
v -0.656845 0.903523 0.219962 
v -0.413765 0.869971 0.203606 
v 0.667745 1.0676 0.275438 
v 0.468111 1.0676 0.275438 
v 0.434147 1.11565 0.266154 
v 0.701709 1.11565 0.266154 
v -0.242483 0.796446 1.19416 
v -0.283339 0.788269 0.582666 
v -0.271216 0.986572 1.08902 
v -0.242868 0.59446 0.614247 
v 0.701709 1.11565 0.266154 
v 0.745319 0.870495 0.329167 
v 0.69617 0.915277 0.313364 
v 0.667745 1.0676 0.275438 
v 0.439685 0.915277 0.313364 
v 0.390535 0.870496 0.329167 
v -0.331747 0.949925 0.453351 
v -0.783977 0.949926 0.453351 
v -0.390701 0.984859 0.453356 
v -0.725024 0.98486 0.453356 
v 0.14079 -1.15099 0.941346 
v 0.0694859 -1.29855 0.564166 
v 0.109936 -1.29855 0.976973 
v 0.106669 -1.15099 0.593127 
v 0.147518 -0.985185 0.933576 
v 0.114778 -0.985185 0.599443 
v -0.126917 -1.15099 0.943168 
v -0.0595523 -1.29855 0.565264 
v -0.0964306 -1.15099 0.594611 
v -0.0956926 -1.29855 0.978472 
v -0.133726 -0.985185 0.935468 
v -0.104474 -0.985185 0.601012 
v 0.434147 1.11565 0.266154 
v 0.439685 0.915277 0.313364 
v 0.390535 0.870496 0.329167 
v 0.468111 1.0676 0.275438 
v 0.364612 1.24612 0.648677 
v 0.340321 0.91519 0.460849 
v 0.314235 0.834028 0.58549 
v 0.340597 1.17485 0.792848 
v -0.331747 0.949925 0.453351 
v -0.351178 1.24516 0.637485 
v -0.309294 0.87553 0.562073 
v -0.373767 1.29855 0.492796 
v -0.0964523 -1.15099 0.352869 
v -0.029088 -1.29855 -0.0250343 
v -0.0659662 -1.15099 0.00431321 
v -0.0652283 -1.29855 0.388173 
v -0.103262 -0.985185 0.34517 
v -0.0740092 -0.985185 0.010713 
v 0.116837 -1.15099 0.350349 
v 0.0391418 -1.29855 -0.0255668 
v 0.0865919 -1.29855 0.386494 
v 0.0768105 -1.15099 0.00275848 
v 0.123433 -0.985185 0.342466 
v 0.085026 -0.985185 0.00893624 
v 0.137797 0.538403 -0.973616 
v -0.0802484 0.590806 -1.10759 
v -0.112536 0.537758 -0.974021 
v 0.107009 0.591265 -1.10724 
v 0.146393 0.624293 -1.08381 
v -0.0899845 0.665654 -1.17691 
v -0.119023 0.623807 -1.08438 
v 0.118692 0.666015 -1.17642 
v 0.373867 0.919299 0.404409 
v 0.745319 0.870495 0.329167 
v 0.761988 0.919299 0.404409 
v 0.390535 0.870496 0.329167 
v 0.292382 0.50101 1.28819 
v 0.370506 0.862721 0.618574 
v 0.293987 0.434306 0.697675 
v 0.361444 1.05391 0.984756 
v 0.435862 1.26131 0.464228 
v 0.402102 0.974343 0.446065 
v 0.466887 1.04426 0.247216 
v 0.45287 0.871233 0.230377 
v 0.489126 1.05214 0.139071 
v 0.509772 0.966605 0.0381921 
v 0.567928 1.21814 0.0632791 
v 0.373867 0.919299 0.404409 
v 0.425576 1.1918 0.330886 
v 0.434147 1.11565 0.266154 
v 0.390535 0.870496 0.329167 
v -0.283921 0.44954 0.697675 
v -0.360441 0.877955 0.618574 
v -0.282316 0.516244 1.28819 
v -0.351379 1.06914 0.984756 
v -0.425796 1.27654 0.464228 
v -0.392036 0.989577 0.446065 
v -0.456821 1.05949 0.247216 
v -0.442804 0.886467 0.230377 
v -0.47906 1.06737 0.139071 
v -0.499706 0.981839 0.038192 
v -0.557862 1.23337 0.063279 
v -0.413765 0.869971 0.203606 
v -0.441357 1.09219 0.175523 
v -0.42462 1.08845 0.247427 
v -0.44402 0.917694 0.108422 
v 0.402102 0.974343 0.446065 
v 0.682986 0.871233 0.230377 
v 0.733754 0.974343 0.446066 
v 0.45287 0.871233 0.230377 
v -0.392036 0.989577 0.446065 
v -0.723689 0.989577 0.446066 
v -0.672921 0.886466 0.230377 
v -0.442804 0.886467 0.230377 
v -0.671704 0.917693 0.108422 
v -0.44402 0.917694 0.108422 
v -0.701959 0.869971 0.203606 
v -0.413765 0.869971 0.203606 
v 0.509772 0.966605 0.0381921 
v 0.682986 0.871233 0.230377 
v 0.45287 0.871233 0.230377 
v 0.626085 0.966605 0.0381921 
v -0.832387 0.788269 0.582667 
v -0.283339 0.788269 0.582666 
v -0.872857 0.59446 0.614249 
v -0.242868 0.59446 0.614247 
v -0.442804 0.886467 0.230377 
v -0.672921 0.886466 0.230377 
v -0.616018 0.981838 0.0381919 
v -0.499706 0.981839 0.038192 
v 0.293987 0.434306 0.697675 
v 0.76535 0.862721 0.618575 
v 0.841869 0.434306 0.697676 
v 0.370506 0.862721 0.618574 
v -0.283921 0.44954 0.697675 
v -0.831804 0.44954 0.697676 
v -0.360441 0.877955 0.618574 
v -0.755284 0.877955 0.618575 
v 0.633232 0.990393 0.02768 
v 0.669886 1.06636 0.147557 
v 0.6368 1.05277 0.132238 
v 0.614247 0.997512 0.0460158 
v 0.465969 1.06636 0.147557 
v 0.6368 1.05277 0.132238 
v 0.669886 1.06636 0.147557 
v 0.499055 1.05277 0.132238 
v 0.314235 0.834028 0.58549 
v 0.795534 0.91519 0.460849 
v 0.82162 0.834028 0.585491 
v 0.340321 0.91519 0.460849 
v 0.504333 -1.29855 0.521557 
v 0.0694859 -1.29855 0.564166 
v 0.106669 -1.15099 0.593127 
v 0.473479 -1.15099 0.557184 
v 0.114778 -0.985185 0.599443 
v 0.46675 -0.985185 0.564954 
v -0.49482 -1.29855 0.527194 
v -0.0964306 -1.15099 0.594611 
v -0.0595523 -1.29855 0.565264 
v -0.463596 -1.15099 0.562498 
v -0.104474 -0.985185 0.601012 
v -0.456787 -0.985185 0.570197 
v -0.309294 0.87553 0.562073 
v -0.783977 0.949926 0.453351 
v -0.331747 0.949925 0.453351 
v -0.80643 0.875531 0.562073 
v 0.614247 0.997512 0.0460158 
v 0.521608 0.997512 0.0460159 
v 0.502623 0.990393 0.0276801 
v 0.633232 0.990393 0.02768 
v 0.370506 0.862721 0.618574 
v 0.733754 0.974343 0.446066 
v 0.76535 0.862721 0.618575 
v 0.402102 0.974343 0.446065 
v -0.360441 0.877955 0.618574 
v -0.723689 0.989577 0.446066 
v -0.392036 0.989577 0.446065 
v -0.755284 0.877955 0.618575 
v 0.502623 0.990393 0.0276801 
v 0.499055 1.05277 0.132238 
v 0.465969 1.06636 0.147557 
v 0.521608 0.997512 0.0460159 
v -0.210961 0.530923 -0.815265 
v 0.172887 0.478155 -0.821328 
v 0.23485 0.532081 -0.814473 
v 0.236262 0.234389 -0.985885 
v 0.174091 0.254664 -0.952388 
v -0.149342 0.477285 -0.821756 
v -0.208947 0.233259 -0.986586 
v -0.148138 0.253792 -0.952816 
v 0.174091 0.254664 -0.952388 
v 0.236262 0.234389 -0.985885 
v -0.111042 0.436305 -1.23181 
v 0.102502 0.476347 -1.19619 
v -0.0742392 0.475951 -1.19649 
v 0.140585 0.436706 -1.23137 
v -0.119023 0.623807 -1.08438 
v -0.0802484 0.590806 -1.10759 
v 0.107009 0.591265 -1.10724 
v 0.146393 0.624293 -1.08381 
v 0.102502 0.476347 -1.19619 
v 0.140585 0.436706 -1.23137 

vn 0 -1 0 
vn 0 -1 0 
vn 0 -1 0 
vn 0 -1 0 
vn 0 -1 0 
vn 0 -1 0 
vn 0 -1 0 
vn 0 -1 0 
vn 0 -1 0 
vn 0 -1 0 
vn 0 -1 0 
vn 0 -1 0 
vn 0 -1 0 
vn 0 -1 0 
vn 0 -1 0 
vn 0 -1 0 
vn 0 -0.291339 -0.96063 
vn 0 -0.291339 -0.96063 
vn 0 -0.291339 -0.96063 
vn -0.0393701 0.598425 -0.795276 
vn 0.0393701 0.598425 -0.795276 
vn 0.0393701 0.598425 -0.795276 
vn -0.0393701 0.598425 -0.795276 
vn -0.0393701 0.653543 -0.755906 
vn -0.0393701 0.653543 -0.755906 
vn 0.0393701 0.653543 -0.755906 
vn 0.0393701 0.653543 -0.755906 
vn 0.0393701 0.598425 -0.795276 
vn 0.0393701 0.598425 -0.795276 
vn 0 0 1 
vn 0 0 1 
vn 0 0 1 
vn 0 0 1 
vn 0 0 1 
vn 0 0 1 
vn 0 0 1 
vn 0 0 1 
vn -0.102362 0.590551 -0.80315 
vn 0.102362 0.590551 -0.80315 
vn 0.102362 0.590551 -0.80315 
vn 0.102362 0.417323 -0.905512 
vn 0.102362 0.417323 -0.905512 
vn -0.102362 0.590551 -0.80315 
vn -0.102362 0.417323 -0.905512 
vn -0.102362 0.417323 -0.905512 
vn 0.102362 0.417323 -0.905512 
vn 0.102362 0.417323 -0.905512 
vn 0 -0.629921 -0.771654 
vn 0 -0.629921 -0.771654 
vn 0 -0.629921 -0.771654 
vn 0 -0.629921 -0.771654 
vn 0 0.480315 0.874016 
vn 0 0.480315 0.874016 
vn 0 0.480315 0.874016 
vn 0 0.480315 0.874016 
vn 0 0.480315 0.874016 
vn 0 0.480315 0.874016 
vn 0 0.480315 0.874016 
vn 0 0.480315 0.874016 
vn 0 0.480315 0.874016 
vn 0 0.480315 0.874016 
vn 0 0.480315 0.874016 
vn 0 0.480315 0.874016 
vn 0 0.897638 0.440945 
vn 0 0.897638 0.440945 
vn 0 0.897638 0.440945 
vn 0 0.897638 0.440945 
vn 0 0.937008 0.346457 
vn 0 0.937008 0.346457 
vn 0 0.937008 0.346457 
vn 0 0.937008 0.346457 
vn 0 0.929134 0.370079 
vn 0 0.929134 0.370079 
vn 0 0.929134 0.370079 
vn 0 0.929134 0.370079 
vn 0 0.929134 0.370079 
vn 0 0.929134 0.370079 
vn 0 0.929134 0.370079 
vn 0 0.929134 0.370079 
vn 0.76378 0.385827 -0.519685 
vn 0.76378 0.385827 -0.519685 
vn 0.76378 0.385827 -0.519685 
vn -0.76378 0.385827 -0.519685 
vn -0.76378 0.385827 -0.519685 
vn -0.76378 0.385827 -0.519685 
vn 0 -0.740157 -0.677165 
vn 0 -0.740157 -0.677165 
vn 0 -0.740157 -0.677165 
vn 0 -0.740157 -0.677165 
vn -0.984252 0.15748 -0.0708661 
vn -0.984252 0.15748 -0.0708661 
vn -0.984252 0.15748 -0.0708661 
vn -0.984252 0.15748 -0.0708661 
vn -1 0 -0.0393701 
vn -1 -0.015748 -0.023622 
vn -1 -0.0314961 -0.0393701 
vn -1 0 -0.00787402 
vn -1 0 0 
vn -1 0.015748 0.00787402 
vn -1 0 -0.015748 
vn -1 0.023622 -0.0314961 
vn -1 0 0 
vn -1 0.023622 0 
vn -1 -0.015748 0 
vn 1 -0.00787402 -0.0393701 
vn 1 0 -0.0551181 
vn 1 -0.023622 -0.0551181 
vn 1 0 -0.023622 
vn 1 0 -0.00787402 
vn 1 0.00787402 0.00787402 
vn 1 0 -0.023622 
vn 1 0.015748 -0.0551181 
vn 1 0 0 
vn 1 0.023622 0 
vn 1 -0.015748 0 
vn -0.984252 0.133858 -0.110236 
vn -0.984252 0.133858 -0.110236 
vn -0.984252 0.133858 -0.110236 
vn -0.984252 0.133858 -0.110236 
vn 0.984252 0.133858 -0.102362 
vn 0.984252 0.133858 -0.102362 
vn 0.984252 0.133858 -0.102362 
vn 0.984252 0.133858 -0.102362 
vn 0 -0.84252 -0.543307 
vn 0 -0.84252 -0.543307 
vn 0 -0.84252 -0.543307 
vn 0 -0.84252 -0.543307 
vn 0.858268 0.267717 -0.433071 
vn 0.858268 0.267717 -0.433071 
vn 0.858268 0.267717 -0.433071 
vn 0.858268 0.267717 -0.433071 
vn -0.992126 0.125984 -0.0472441 
vn -0.992126 0.102362 -0.0787402 
vn -0.992126 0.125984 -0.0708661 
vn -0.984252 0.173228 -0.023622 
vn -0.976378 0.125984 -0.149606 
vn -0.968504 0.11811 -0.212598 
vn -0.96063 0.110236 -0.244094 
vn -0.968504 0.0866142 -0.244094 
vn -0.952756 0.133858 -0.283465 
vn -0.937008 0.15748 -0.322835 
vn -0.889764 0.244094 -0.385827 
vn 0.992126 0.125984 -0.0472441 
vn 0.992126 0.125984 -0.0708661 
vn 0.992126 0.102362 -0.0787402 
vn 0.984252 0.173228 -0.023622 
vn 0.976378 0.125984 -0.149606 
vn 0.968504 0.11811 -0.212598 
vn 0.96063 0.110236 -0.244094 
vn 0.968504 0.0866142 -0.244094 
vn 0.952756 0.133858 -0.283465 
vn 0.937008 0.15748 -0.322835 
vn 0.889764 0.244094 -0.385827 
vn 0.96063 0.102362 -0.267717 
vn 0.96063 0.102362 -0.267717 
vn 0.96063 0.102362 -0.267717 
vn 0.96063 0.102362 -0.267717 
vn -0.968504 0.0866142 -0.244094 
vn -0.968504 0.0866142 -0.244094 
vn -0.968504 0.0866142 -0.244094 
vn -0.968504 0.0866142 -0.244094 
vn 0 1 0.0551181 
vn 0 1 0.0551181 
vn 0 1 0.0551181 
vn 0 1 0.0551181 
vn 0.0787402 0.826772 -0.559055 
vn 0.0787402 0.826772 -0.559055 
vn 0.0787402 0.826772 -0.559055 
vn 0.0787402 0.826772 -0.559055 
vn 0 -0.874016 -0.488189 
vn 0 -0.874016 -0.488189 
vn 0 -0.874016 -0.488189 
vn 0 -0.874016 -0.488189 
vn 0 0.897638 -0.440945 
vn 0 0.897638 -0.440945 
vn 0 0.897638 -0.440945 
vn 0 0.897638 -0.440945 
vn 0 1 0.0708661 
vn 0 1 0.0708661 
vn 0 1 0.0708661 
vn 0 1 0.0708661 
vn 0 1 0.0708661 
vn 0 1 0.0708661 
vn 0 1 0.0708661 
vn 0 1 0.0708661 
vn 0 0.787402 -0.614173 
vn 0 0.787402 -0.614173 
vn 0 0.787402 -0.614173 
vn 0 0.787402 -0.614173 
vn 0 0 -1 
vn 0 0 -1 
vn 0 0 -1 
vn 0 0 -1 
vn 0 0 -1 
vn 0 0 -1 
vn 0 0 -1 
vn 0 0 -1 
vn -0.0787402 0.826772 -0.559055 
vn -0.0787402 0.826772 -0.559055 
vn -0.0787402 0.826772 -0.559055 
vn -0.0787402 0.826772 -0.559055 
vn 0.0944882 0.125984 0.984252 
vn 0.0944882 0.125984 0.984252 
vn 0.0944882 0.212598 0.968504 
vn 0.0944882 0.212598 0.968504 
vn 0.0944882 0.0393701 0.992126 
vn 0.0944882 0.0393701 0.992126 
vn -0.0866142 0.125984 0.984252 
vn -0.0866142 0.212598 0.976378 
vn -0.0866142 0.125984 0.984252 
vn -0.0866142 0.212598 0.976378 
vn -0.0866142 0.0393701 0.992126 
vn -0.0866142 0.0393701 0.992126 
vn -0.944882 0.15748 -0.291339 
vn -0.944882 0.15748 -0.291339 
vn -0.944882 0.15748 -0.291339 
vn -0.944882 0.15748 -0.291339 
vn 0.944882 0.165354 -0.275591 
vn 0.944882 0.165354 -0.275591 
vn 0.944882 0.165354 -0.275591 
vn 0.944882 0.165354 -0.275591 
vn -0.952756 0.0551181 -0.307087 
vn -0.952756 0.0551181 -0.307087 
vn -0.952756 0.0551181 -0.307087 
vn -0.952756 0.0551181 -0.307087 
vn 0.952756 0.0551181 -0.291339 
vn 0.952756 0.0551181 -0.291339 
vn 0.952756 0.0551181 -0.291339 
vn 0.952756 0.0551181 -0.291339 
vn -0.96063 0.141732 -0.23622 
vn -0.96063 0.141732 -0.23622 
vn -0.96063 0.141732 -0.23622 
vn -0.96063 0.141732 -0.23622 
vn 0.96063 0.149606 -0.228346 
vn 0.96063 0.149606 -0.228346 
vn 0.96063 0.149606 -0.228346 
vn 0.96063 0.149606 -0.228346 
vn 0 0.708661 -0.708661 
vn 0 0.708661 -0.708661 
vn 0 0.708661 -0.708661 
vn 0 0.708661 -0.708661 
vn 0 0.708661 -0.708661 
vn 0 0.708661 -0.708661 
vn 0 0.708661 -0.708661 
vn 0 0.708661 -0.708661 
vn 0 0.645669 -0.76378 
vn 0 0.645669 -0.76378 
vn 0 0.645669 -0.76378 
vn 0 0.645669 -0.76378 
vn 0 0.314961 0.952756 
vn 0 0.314961 0.952756 
vn 0 0.314961 0.952756 
vn 0 0.314961 0.952756 
vn -0.976378 0.102362 -0.19685 
vn -0.976378 0.102362 -0.19685 
vn -0.976378 0.102362 -0.19685 
vn -0.976378 0.102362 -0.19685 
vn 0.976378 0.110236 -0.188976 
vn 0.976378 0.110236 -0.188976 
vn 0.976378 0.110236 -0.188976 
vn 0.976378 0.110236 -0.188976 
vn 0.0708661 0.275591 0.96063 
vn 0.0314961 0.228346 0.976378 
vn 0.023622 0.228346 0.976378 
vn 0.0708661 0.275591 0.96063 
vn -0.023622 0.228346 0.976378 
vn -0.0314961 0.228346 0.976378 
vn 0 0.440945 -0.897638 
vn 0 0.440945 -0.897638 
vn 0 0.440945 -0.897638 
vn 0 0.440945 -0.897638 
vn -0.0708661 0.275591 0.96063 
vn -0.0314961 0.228346 0.976378 
vn -0.0708661 0.275591 0.96063 
vn -0.023622 0.228346 0.976378 
vn 0.0314961 -0.165354 0.984252 
vn 0.0551181 -0.188976 0.976378 
vn 0.0393701 -0.173228 0.984252 
vn 0.0551181 -0.188976 0.976378 
vn -0.0393701 -0.173228 0.984252 
vn -0.0314961 -0.165354 0.984252 
vn -0.0551181 -0.188976 0.976378 
vn -0.0551181 -0.188976 0.976378 
vn -0.0551181 0.307087 -0.952756 
vn -0.0944882 0.362205 -0.929134 
vn -0.0472441 0.291339 -0.952756 
vn -0.0944882 0.362205 -0.929134 
vn 0.0551181 0.307087 -0.952756 
vn 0.0472441 0.291339 -0.952756 
vn 0.984252 0.133858 -0.110236 
vn 0.984252 0.133858 -0.110236 
vn 0.968504 0.228346 -0.110236 
vn 0.968504 0.228346 -0.110236 
vn 0.992126 0.0472441 -0.110236 
vn 0.992126 0.0472441 -0.110236 
vn 0 0.440945 0.897638 
vn 0 0.440945 0.897638 
vn 0 0.440945 0.897638 
vn 0 0.440945 0.897638 
vn -0.968504 0.228346 -0.0866142 
vn -0.984252 0.133858 -0.0866142 
vn -0.968504 0.228346 -0.0866142 
vn -0.984252 0.133858 -0.0866142 
vn -0.992126 0.0472441 -0.0866142 
vn -0.992126 0.0472441 -0.0866142 
vn 0 0.417323 0.913386 
vn 0 0.417323 0.913386 
vn 0 0.417323 0.913386 
vn -0.968504 0.228346 -0.0866142 
vn -0.984252 0.133858 -0.0866142 
vn -0.968504 0.228346 -0.0866142 
vn -0.984252 0.133858 -0.0866142 
vn -0.992126 0.0472441 -0.0866142 
vn -0.992126 0.0472441 -0.0866142 
vn -0.0314961 0.944882 -0.330709 
vn -0.0393701 0.92126 -0.393701 
vn -0.0393701 0.937008 -0.338583 
vn -0.0314961 0.913386 -0.401575 
vn 0.0393701 0.92126 -0.393701 
vn 0.0314961 0.913386 -0.401575 
vn 0.0314961 0.944882 -0.330709 
vn 0.0393701 0.937008 -0.338583 
vn 0.0393701 0.92126 -0.393701 
vn 0.0314961 0.913386 -0.401575 
vn 0 0.102362 -0.992126 
vn 0 0.102362 -0.992126 
vn 0 0.102362 -0.992126 
vn 0 0.102362 -0.992126 
vn 0.0472441 0.291339 -0.952756 
vn 0.0944882 0.362205 -0.929134 
vn 0.0551181 0.307087 -0.952756 
vn 0.0944882 0.362205 -0.929134 
vn 0 0.417323 0.913386 
vn 0 0.417323 0.913386 
vn 0 0.417323 0.913386 
vn 0.984252 0.133858 -0.0944882 
vn 0.984252 0.133858 -0.0944882 
vn 0.968504 0.228346 -0.0944882 
vn 0.968504 0.228346 -0.0944882 
vn 0.992126 0.0472441 -0.0944882 
vn 0.992126 0.0472441 -0.0944882 
vn 0 0.102362 -0.992126 
vn 0 0.102362 -0.992126 
vn 0 0.102362 -0.992126 
vn 0 0.102362 -0.992126 
vn 0 0.102362 -0.992126 
vn 0 0.102362 -0.992126 
vn 0 -0.299213 0.952756 
vn 0 -0.299213 0.952756 
vn 0 -0.299213 0.952756 
vn 0 -0.299213 0.952756 
vn 0 0.992126 0.0866142 
vn 0 0.992126 0.0866142 
vn 0 0.992126 0.0866142 
vn -0.0787402 -0.440945 0.897638 
vn -0.0866142 -0.590551 0.80315 
vn -0.0708661 -0.606299 0.787402 
vn -0.0944882 -0.448819 0.889764 
vn 0.0787402 -0.440945 0.897638 
vn 0.0944882 -0.448819 0.889764 
vn 0.0866142 -0.590551 0.80315 
vn 0.0708661 -0.606299 0.787402 
vn -0.0708661 -0.606299 0.787402 
vn -0.0866142 -0.590551 0.80315 
vn 0.015748 0.992126 -0.141732 
vn 0.0314961 0.992126 -0.141732 
vn 0.00787402 1 -0.0551181 
vn 0.00787402 1 -0.0472441 
vn 0.015748 1 -0.0629921 
vn 0.0472441 0.992126 -0.141732 
vn -0.015748 1 0.0314961 
vn -0.00787402 1 0.0314961 
vn 0.00787402 1 0.0393701 
vn 0 1 0.0393701 
vn 0 1 0.0393701 
vn 0 1 0.0393701 
vn 0 1 0.0393701 
vn -0.0787402 0.574803 -0.818898 
vn -0.0787402 0.401575 -0.913386 
vn -0.102362 0.425197 -0.897638 
vn -0.0787402 0.574803 -0.818898 
vn 0.0787402 0.574803 -0.818898 
vn 0.0787402 0.574803 -0.818898 
vn 0.0787402 0.401575 -0.913386 
vn 0.102362 0.425197 -0.897638 
vn -0.0787402 0.401575 -0.913386 
vn -0.102362 0.425197 -0.897638 
vn 0.0866142 0.212598 -0.976378 
vn 0.0866142 0.125984 -0.984252 
vn 0.0866142 0.212598 -0.976378 
vn 0.0866142 0.125984 -0.984252 
vn 0.0866142 0.0393701 -0.992126 
vn 0.0866142 0.0393701 -0.992126 
vn -0.110236 0.212598 -0.968504 
vn -0.110236 0.212598 -0.968504 
vn -0.110236 0.125984 -0.984252 
vn -0.110236 0.125984 -0.984252 
vn -0.110236 0.0393701 -0.992126 
vn -0.110236 0.0393701 -0.992126 
vn -0.0866142 0.125984 0.984252 
vn -0.0866142 0.212598 0.976378 
vn -0.0866142 0.125984 0.984252 
vn -0.0866142 0.212598 0.976378 
vn -0.0866142 0.0393701 0.992126 
vn -0.0866142 0.0393701 0.992126 
vn 0.110236 0.125984 0.984252 
vn 0.110236 0.125984 0.984252 
vn 0.110236 0.212598 0.968504 
vn 0.110236 0.212598 0.968504 
vn 0.110236 0.0393701 0.992126 
vn 0.110236 0.0393701 0.992126 
vn -0.110236 -0.0944882 0.992126 
vn -0.188976 -0.181102 0.968504 
vn -0.0944882 -0.0787402 0.992126 
vn -0.188976 -0.181102 0.968504 
vn 0.0944882 -0.0787402 0.992126 
vn 0.110236 -0.0944882 0.992126 
vn 0.188976 -0.181102 0.968504 
vn 0.188976 -0.181102 0.968504 
vn -0.023622 -0.937008 0.346457 
vn -0.015748 -0.952756 0.307087 
vn -0.015748 -0.937008 0.346457 
vn -0.015748 -0.952756 0.314961 
vn 0.015748 -0.952756 0.314961 
vn 0.015748 -0.952756 0.307087 
vn 0.023622 -0.937008 0.346457 
vn 0.015748 -0.937008 0.346457 
vn 0.015748 -0.952756 0.307087 
vn 0.015748 -0.952756 0.314961 
vn 0.0866142 0.11811 -0.992126 
vn 0.0708661 0.15748 -0.984252 
vn 0.0866142 0.11811 -0.992126 
vn 0.0472441 0.188976 -0.976378 
vn -0.0708661 0.15748 -0.984252 
vn -0.0472441 0.188976 -0.976378 
vn -0.0866142 0.11811 -0.992126 
vn -0.0866142 0.11811 -0.992126 
vn -0.858268 0.267717 -0.433071 
vn -0.858268 0.267717 -0.433071 
vn -0.858268 0.267717 -0.433071 
vn -0.858268 0.267717 -0.433071 
vn 0 0.944882 0.322835 
vn 0 0.944882 0.322835 
vn 0 0.944882 0.322835 
vn 0 0.944882 0.322835 
vn 0 -0.440945 0.897638 
vn 0 -0.440945 0.897638 
vn 0 -0.440945 0.897638 
vn 0 -0.440945 0.897638 
vn 0 -0.188976 -0.984252 
vn 0 -0.188976 -0.984252 
vn 0 -0.188976 -0.984252 
vn 0 -0.188976 -0.984252 
vn 0.984252 0.15748 -0.0708661 
vn 0.984252 0.15748 -0.0708661 
vn 0.984252 0.15748 -0.0708661 
vn 0.984252 0.15748 -0.0708661 
vn 0.0866142 -0.228346 -0.968504 
vn 0.0314961 -0.299213 -0.952756 
vn 0.0314961 -0.291339 -0.952756 
vn 0.0866142 -0.228346 -0.968504 
vn -0.0314961 -0.291339 -0.952756 
vn -0.0314961 -0.299213 -0.952756 
vn 0 0 -1 
vn 0 0 -1 
vn 0 0 -1 
vn 0 0 -1 
vn -0.984252 0.133858 0.0944882 
vn -0.968504 0.228346 0.0944882 
vn -0.968504 0.228346 0.0944882 
vn -0.984252 0.133858 0.0944882 
vn -0.992126 0.0472441 0.0944882 
vn -0.992126 0.0472441 0.0944882 
vn 0.984252 0.133858 0.0866142 
vn 0.968504 0.228346 0.0866142 
vn 0.984252 0.133858 0.0866142 
vn 0.968504 0.228346 0.0866142 
vn 0.992126 0.0472441 0.0866142 
vn 0.992126 0.0472441 0.0866142 
vn -0.0866142 -0.228346 -0.968504 
vn -0.0314961 -0.291339 -0.952756 
vn -0.0314961 -0.299213 -0.952756 
vn -0.0866142 -0.228346 -0.968504 
vn -0.984252 0.133858 -0.102362 
vn -0.984252 0.133858 -0.102362 
vn -0.984252 0.133858 -0.102362 
vn -0.984252 0.133858 -0.102362 
vn 0.984252 0.133858 -0.110236 
vn 0.984252 0.133858 -0.110236 
vn 0.984252 0.133858 -0.110236 
vn 0.984252 0.133858 -0.110236 
vn 0.984252 0.133858 0.0866142 
vn 0.968504 0.228346 0.0866142 
vn 0.984252 0.133858 0.0866142 
vn 0.968504 0.228346 0.0866142 
vn 0.992126 0.0472441 0.0866142 
vn 0.992126 0.0472441 0.0866142 
vn -0.984252 0.133858 0.110236 
vn -0.968504 0.228346 0.110236 
vn -0.968504 0.228346 0.110236 
vn -0.984252 0.133858 0.110236 
vn -0.992126 0.0472441 0.110236 
vn -0.992126 0.0472441 0.110236 
vn 0 0.929134 0.370079 
vn 0 0.929134 0.370079 
vn 0 0.929134 0.370079 
vn 0 0.929134 0.370079 
vn 0 0.913386 0.409449 
vn 0 0.913386 0.409449 
vn 0 0.913386 0.409449 
vn 0 0.913386 0.409449 
vn 0 -0.84252 0.543307 
vn 0 -0.84252 0.543307 
vn 0 -0.84252 0.543307 
vn 0 -0.84252 0.543307 
vn -0.992126 0.125984 -0.0472441 
vn -0.992126 0.125984 -0.0708661 
vn -0.984252 0.173228 -0.023622 
vn -0.992126 0.102362 -0.0787402 
vn -0.976378 0.125984 -0.149606 
vn -0.968504 0.11811 -0.212598 
vn -0.96063 0.110236 -0.244094 
vn -0.968504 0.0866142 -0.244094 
vn -0.952756 0.133858 -0.283465 
vn -0.937008 0.15748 -0.322835 
vn -0.889764 0.244094 -0.385827 
vn -0.96063 0.102362 -0.267717 
vn -0.96063 0.102362 -0.267717 
vn -0.96063 0.102362 -0.267717 
vn -0.96063 0.102362 -0.267717 
vn 0.984252 0.173228 -0.023622 
vn 0.992126 0.125984 -0.0708661 
vn 0.992126 0.125984 -0.0472441 
vn 0.992126 0.102362 -0.0787402 
vn 0.976378 0.125984 -0.149606 
vn 0.968504 0.11811 -0.212598 
vn 0.96063 0.110236 -0.244094 
vn 0.968504 0.0866142 -0.244094 
vn 0.952756 0.133858 -0.283465 
vn 0.937008 0.15748 -0.322835 
vn 0.889764 0.244094 -0.385827 
vn 0.968504 0.0866142 -0.244094 
vn 0.968504 0.0866142 -0.244094 
vn 0.968504 0.0866142 -0.244094 
vn 0.968504 0.0866142 -0.244094 
vn 0 -0.905512 0.433071 
vn 0 -0.905512 0.433071 
vn 0 -0.905512 0.433071 
vn 0 -0.905512 0.433071 
vn 0 -0.905512 0.433071 
vn 0 -0.905512 0.433071 
vn 0 -0.905512 0.433071 
vn 0 -0.905512 0.433071 
vn 0 -0.897638 -0.448819 
vn 0 -0.897638 -0.448819 
vn 0 -0.897638 -0.448819 
vn 0 -0.897638 -0.448819 
vn 0 -0.897638 -0.440945 
vn 0 -0.897638 -0.440945 
vn 0 -0.897638 -0.440945 
vn 0 -0.897638 -0.440945 
vn 0 -0.15748 -0.984252 
vn 0 -0.15748 -0.984252 
vn 0 -0.15748 -0.984252 
vn 0 -0.15748 -0.984252 
vn 0 -0.897638 -0.440945 
vn 0 -0.897638 -0.440945 
vn 0 -0.897638 -0.440945 
vn 0 -0.897638 -0.440945 
vn 0 -0.181102 -0.984252 
vn 0 -0.181102 -0.984252 
vn 0 -0.181102 -0.984252 
vn 0 -0.181102 -0.984252 
vn 0 -0.181102 -0.984252 
vn 0 -0.181102 -0.984252 
vn 0 -0.181102 -0.984252 
vn 0 -0.181102 -0.984252 
vn 0.133858 -0.850394 0.503937 
vn 0.133858 -0.850394 0.503937 
vn 0.133858 -0.850394 0.503937 
vn 0.133858 -0.850394 0.503937 
vn 0 -0.748031 0.661417 
vn 0 -0.748031 0.661417 
vn 0 -0.748031 0.661417 
vn 0 -0.748031 0.661417 
vn 0 -0.834646 -0.543307 
vn 0 -0.834646 -0.543307 
vn 0 -0.834646 -0.543307 
vn 0 -0.834646 -0.543307 
vn -0.0944882 0.212598 -0.968504 
vn -0.0944882 0.212598 -0.968504 
vn -0.0944882 0.125984 -0.984252 
vn -0.0944882 0.125984 -0.984252 
vn -0.0944882 0.0393701 -0.992126 
vn -0.0944882 0.0393701 -0.992126 
vn 0.0866142 0.212598 -0.976378 
vn 0.0866142 0.125984 -0.984252 
vn 0.0866142 0.212598 -0.976378 
vn 0.0866142 0.125984 -0.984252 
vn 0.0866142 0.0393701 -0.992126 
vn 0.0866142 0.0393701 -0.992126 
vn 0 -0.826772 -0.566929 
vn 0 -0.826772 -0.566929 
vn 0 -0.826772 -0.566929 
vn 0 -0.826772 -0.566929 
vn 0 -0.929134 0.362205 
vn 0 -0.929134 0.362205 
vn 0 -0.929134 0.362205 
vn 0 -0.929134 0.362205 
vn 0 -0.84252 -0.543307 
vn 0 -0.84252 -0.543307 
vn 0 -0.84252 -0.543307 
vn 0 -0.84252 -0.543307 
vn 0 -0.84252 -0.543307 
vn 0 -0.84252 -0.543307 
vn 0 -0.84252 -0.543307 
vn 0 -0.84252 -0.543307 
vn -0.133858 -0.850394 0.503937 
vn -0.133858 -0.850394 0.503937 
vn -0.133858 -0.850394 0.503937 
vn -0.133858 -0.850394 0.503937 
vn -0.165354 -0.307087 0.937008 
vn 0.15748 -0.307087 0.937008 
vn 0.15748 -0.307087 0.937008 
vn 0.15748 -0.692913 0.700787 
vn 0.15748 -0.692913 0.700787 
vn -0.165354 -0.307087 0.937008 
vn -0.165354 -0.692913 0.700787 
vn -0.165354 -0.692913 0.700787 
vn 0.15748 -0.692913 0.700787 
vn 0.15748 -0.692913 0.700787 
vn -0.0393701 -0.637795 0.76378 
vn 0.0314961 -0.637795 0.76378 
vn -0.0393701 -0.637795 0.76378 
vn 0.0314961 -0.637795 0.76378 
vn -0.0393701 -0.598425 0.80315 
vn -0.0393701 -0.598425 0.80315 
vn 0.0314961 -0.598425 0.80315 
vn 0.0314961 -0.598425 0.80315 
vn 0.0314961 -0.637795 0.76378 
vn 0.0314961 -0.637795 0.76378 

vt 0.901369 0.916183 
vt 0.813021 0.84004 
vt 0.893507 0.833102 
vt 0.821116 0.925618 
vt 0.893507 0.833102 
vt 0.821116 0.925618 
vt 0.901369 0.916183 
vt 0.813044 0.840236 
vt 0.813021 0.84004 
vt 0.901369 0.916183 
vt 0.821116 0.925618 
vt 0.893507 0.833102 
vt 0.821116 0.925618 
vt 0.893507 0.833102 
vt 0.813021 0.84004 
vt 0.901369 0.916183 
vt 0.833334 0.958779 
vt 0.825217 0.962382 
vt 0.825201 0.955136 
vt 0.855819 0.31283 
vt 0.837387 0.286257 
vt 0.843517 0.274992 
vt 0.849026 0.315507 
vt 0.853287 0.342319 
vt 0.862319 0.343691 
vt 0.84892 0.378907 
vt 0.859103 0.379377 
vt 0.842018 0.412437 
vt 0.83821 0.401338 
vt 0.006941 0.829242 
vt 0.014233 0.677588 
vt 0.179778 0.673126 
vt 0.17801 0.988948 
vt 0.012408 0.986674 
vt 0.347865 0.831212 
vt 0.34442 0.979749 
vt 0.346049 0.680053 
vt 0.931726 0.346471 
vt 0.923859 0.408767 
vt 0.912788 0.404312 
vt 0.892324 0.445898 
vt 0.89839 0.465146 
vt 0.921346 0.347341 
vt 0.916451 0.29892 
vt 0.929796 0.294335 
vt 0.893651 0.246831 
vt 0.903693 0.22915 
vt 0.866499 0.261315 
vt 0.879355 0.309106 
vt 0.855819 0.31283 
vt 0.843517 0.274992 
vt 0.585335 0.098198 
vt 0.547154 0.171761 
vt 0.548077 0.0977143 
vt 0.584373 0.172287 
vt 0.49079 0.497869 
vt 0.516423 0.346721 
vt 0.409549 0.412586 
vt 0.554862 0.463433 
vt 0.49079 0.497869 
vt 0.516423 0.346721 
vt 0.554862 0.463433 
vt 0.409549 0.412586 
vt 0.629297 0.133056 
vt 0.658119 0.189463 
vt 0.631015 0.192523 
vt 0.657227 0.13503 
vt 0.71419 0.0736719 
vt 0.735609 0.128529 
vt 0.70892 0.128849 
vt 0.739758 0.0787483 
vt 0.49079 0.497869 
vt 0.590659 0.549001 
vt 0.554862 0.463433 
vt 0.54788 0.572604 
vt 0.49079 0.497869 
vt 0.554862 0.463433 
vt 0.590659 0.549001 
vt 0.54788 0.572604 
vt 0.897949 0.492516 
vt 0.888669 0.499681 
vt 0.880925 0.494449 
vt 0.897949 0.492516 
vt 0.911492 0.50322 
vt 0.90213 0.503599 
vt 0.795441 0.975602 
vt 0.795358 0.94177 
vt 0.813035 0.949687 
vt 0.813076 0.967772 
vt 0.550234 0.243298 
vt 0.547154 0.171761 
vt 0.584278 0.243763 
vt 0.584373 0.172287 
vt 0.355903 0.171636 
vt 0.254673 0.012641 
vt 0.351848 0.017046 
vt 0.165985 0.169129 
vt 0.162319 0.013066 
vt 0.080291 0.022033 
vt 0.169237 0.320271 
vt 0.362213 0.330025 
vt 0.018462 0.183941 
vt 0.014968 0.042101 
vt 0.017859 0.323063 
vt 0.399182 0.672452 
vt 0.347865 0.831212 
vt 0.346049 0.680053 
vt 0.450833 0.822082 
vt 0.449993 0.670323 
vt 0.585023 0.677583 
vt 0.449837 0.967866 
vt 0.34442 0.979749 
vt 0.677959 0.835995 
vt 0.677831 0.696274 
vt 0.677702 0.975151 
vt 0.701868 0.174762 
vt 0.70892 0.128849 
vt 0.723642 0.173649 
vt 0.735609 0.128529 
vt 0.635732 0.0852232 
vt 0.657227 0.13503 
vt 0.629297 0.133056 
vt 0.660812 0.0863757 
vt 0.930995 0.209104 
vt 0.961543 0.292432 
vt 0.929796 0.294335 
vt 0.903693 0.22915 
vt 0.784792 0.217623 
vt 0.783897 0.231818 
vt 0.774034 0.23074 
vt 0.773614 0.21389 
vt 0.516423 0.346721 
vt 0.554862 0.463433 
vt 0.632561 0.472728 
vt 0.640936 0.37985 
vt 0.590659 0.549001 
vt 0.631557 0.529183 
vt 0.614451 0.586467 
vt 0.64851 0.580109 
vt 0.619822 0.61049 
vt 0.645597 0.616328 
vt 0.620466 0.647161 
vt 0.516423 0.346721 
vt 0.632561 0.472728 
vt 0.554862 0.463433 
vt 0.640936 0.37985 
vt 0.590659 0.549001 
vt 0.631557 0.529183 
vt 0.614451 0.586467 
vt 0.64851 0.580109 
vt 0.619822 0.61049 
vt 0.645597 0.616328 
vt 0.620466 0.647161 
vt 0.78062 0.0731379 
vt 0.789508 0.100591 
vt 0.772855 0.10055 
vt 0.795722 0.0729256 
vt 0.658268 0.278364 
vt 0.684059 0.288322 
vt 0.662261 0.296351 
vt 0.682529 0.275921 
vt 0.714025 0.287166 
vt 0.684059 0.288322 
vt 0.714489 0.274809 
vt 0.682529 0.275921 
vt 0.784792 0.217623 
vt 0.788004 0.233544 
vt 0.783897 0.231818 
vt 0.789057 0.219974 
vt 0.700608 0.993708 
vt 0.700444 0.922733 
vt 0.7762 0.933189 
vt 0.776334 0.984086 
vt 0.786916 0.249693 
vt 0.783897 0.231818 
vt 0.788004 0.233544 
vt 0.790498 0.246906 
vt 0.614451 0.586467 
vt 0.570092 0.614236 
vt 0.619822 0.61049 
vt 0.588313 0.629586 
vt 0.614451 0.586467 
vt 0.619822 0.61049 
vt 0.570092 0.614236 
vt 0.588313 0.629586 
vt 0.789057 0.219974 
vt 0.793214 0.204814 
vt 0.794959 0.21079 
vt 0.784792 0.217623 
vt 0.833884 0.099798 
vt 0.914977 0.00832498 
vt 0.992335 0.099705 
vt 0.994232 0.00526798 
vt 0.835369 0.00586301 
vt 0.915027 0.191178 
vt 0.835447 0.193814 
vt 0.994151 0.194111 
vt 0.793032 0.264504 
vt 0.786916 0.249693 
vt 0.790498 0.246906 
vt 0.795474 0.258626 
vt 0.923212 0.834514 
vt 0.930436 0.908734 
vt 0.901369 0.916183 
vt 0.893507 0.833102 
vt 0.955391 0.834961 
vt 0.962322 0.902212 
vt 0.923212 0.834514 
vt 0.901369 0.916183 
vt 0.930436 0.908734 
vt 0.893507 0.833102 
vt 0.955391 0.834961 
vt 0.962322 0.902212 
vt 0.961543 0.292432 
vt 0.931726 0.346471 
vt 0.929796 0.294335 
vt 0.963632 0.345564 
vt 0.930328 0.479853 
vt 0.923859 0.408767 
vt 0.952879 0.41779 
vt 0.89839 0.465146 
vt 0.993091 0.567715 
vt 0.9089 0.64933 
vt 0.925027 0.564295 
vt 0.991225 0.686717 
vt 0.717396 0.60666 
vt 0.778408 0.506089 
vt 0.806499 0.618393 
vt 0.837875 0.538898 
vt 0.879355 0.309106 
vt 0.862319 0.343691 
vt 0.855819 0.31283 
vt 0.886756 0.342518 
vt 0.859103 0.379377 
vt 0.86491 0.427227 
vt 0.842018 0.412437 
vt 0.881359 0.384325 
vt 0.570092 0.614236 
vt 0.590659 0.549001 
vt 0.54788 0.572604 
vt 0.614451 0.586467 
vt 0.614451 0.586467 
vt 0.570092 0.614236 
vt 0.54788 0.572604 
vt 0.590659 0.549001 
vt 0.78753 0.138444 
vt 0.772855 0.10055 
vt 0.789508 0.100591 
vt 0.770822 0.136987 
vt 0.770822 0.136987 
vt 0.765367 0.0985466 
vt 0.772855 0.10055 
vt 0.764753 0.138665 
vt 0.961188 0.542499 
vt 0.908105 0.519439 
vt 0.931751 0.519233 
vt 0.916013 0.5404 
vt 0.81848 0.501539 
vt 0.875408 0.509919 
vt 0.857867 0.523463 
vt 0.855464 0.49734 
vt 0.772855 0.10055 
vt 0.773121 0.0703041 
vt 0.78062 0.0731379 
vt 0.765367 0.0985466 
vt 0.787242 0.0158804 
vt 0.777161 0.0238894 
vt 0.684059 0.288322 
vt 0.714025 0.287166 
vt 0.686363 0.294459 
vt 0.712346 0.293652 
vt 0.770822 0.136987 
vt 0.773982 0.169511 
vt 0.764753 0.138665 
vt 0.785249 0.176515 
vt 0.706975 0.0767009 
vt 0.702338 0.0232233 
vt 0.71419 0.0736719 
vt 0.712692 0.015268 
vt 0.70892 0.128849 
vt 0.70216 0.125371 
vt 0.696198 0.179916 
vt 0.701868 0.174762 
vt 0.662261 0.296351 
vt 0.686363 0.294459 
vt 0.663053 0.30175 
vt 0.684059 0.288322 
vt 0.630628 0.310208 
vt 0.639081 0.312471 
vt 0.923212 0.834514 
vt 0.933036 0.765791 
vt 0.904609 0.757308 
vt 0.893507 0.833102 
vt 0.955391 0.834961 
vt 0.964389 0.773823 
vt 0.774034 0.23074 
vt 0.786916 0.249693 
vt 0.777984 0.253803 
vt 0.783897 0.231818 
vt 0.904609 0.757308 
vt 0.923212 0.834514 
vt 0.893507 0.833102 
vt 0.933036 0.765791 
vt 0.955391 0.834961 
vt 0.964389 0.773823 
vt 0.620466 0.647161 
vt 0.619822 0.61049 
vt 0.588313 0.629586 
vt 0.893507 0.833102 
vt 0.933036 0.765791 
vt 0.904609 0.757308 
vt 0.923212 0.834514 
vt 0.964389 0.773823 
vt 0.955391 0.834961 
vt 0.595952 0.169469 
vt 0.584278 0.243763 
vt 0.584373 0.172287 
vt 0.595462 0.244874 
vt 0.587455 0.326723 
vt 0.598651 0.31267 
vt 0.597385 0.10077 
vt 0.585335 0.098198 
vt 0.589703 0.0149895 
vt 0.602875 0.0277381 
vt 0.793214 0.204814 
vt 0.773614 0.21389 
vt 0.78382 0.195868 
vt 0.784792 0.217623 
vt 0.733535 0.300209 
vt 0.712346 0.293652 
vt 0.741015 0.295226 
vt 0.714025 0.287166 
vt 0.620466 0.647161 
vt 0.588313 0.629586 
vt 0.619822 0.61049 
vt 0.933036 0.765791 
vt 0.923212 0.834514 
vt 0.893507 0.833102 
vt 0.904609 0.757308 
vt 0.964389 0.773823 
vt 0.955391 0.834961 
vt 0.434578 0.336831 
vt 0.449171 0.276551 
vt 0.421361 0.276234 
vt 0.434578 0.336831 
vt 0.421361 0.276234 
vt 0.449171 0.276551 
vt 0.701868 0.174762 
vt 0.703762 0.238251 
vt 0.696198 0.179916 
vt 0.711484 0.247389 
vt 0.90213 0.503599 
vt 0.888669 0.499681 
vt 0.897949 0.492516 
vt 0.623466 0.190524 
vt 0.641046 0.252147 
vt 0.628259 0.244304 
vt 0.631015 0.192523 
vt 0.621448 0.13474 
vt 0.629297 0.133056 
vt 0.635732 0.0852232 
vt 0.627782 0.0806068 
vt 0.635674 0.0200895 
vt 0.646001 0.0107235 
vt 0.362213 0.330025 
vt 0.356964 0.496741 
vt 0.205935 0.491441 
vt 0.169237 0.320271 
vt 0.245218 0.659681 
vt 0.352497 0.665405 
vt 0.013892 0.658002 
vt 0.017666 0.48936 
vt 0.017859 0.323063 
vt 0.806499 0.618393 
vt 0.925027 0.564295 
vt 0.9089 0.64933 
vt 0.837875 0.538898 
vt 0.658119 0.189463 
vt 0.676045 0.236565 
vt 0.667922 0.246161 
vt 0.667798 0.188653 
vt 0.666429 0.135712 
vt 0.657227 0.13503 
vt 0.668443 0.0851185 
vt 0.660812 0.0863757 
vt 0.677687 0.0296344 
vt 0.671756 0.018966 
vt 0.893507 0.833102 
vt 0.930436 0.908734 
vt 0.901369 0.916183 
vt 0.923212 0.834514 
vt 0.962322 0.902212 
vt 0.955391 0.834961 
vt 0.893507 0.833102 
vt 0.901369 0.916183 
vt 0.930436 0.908734 
vt 0.923212 0.834514 
vt 0.962322 0.902212 
vt 0.955391 0.834961 
vt 0.933036 0.765791 
vt 0.937923 0.679496 
vt 0.962256 0.697477 
vt 0.904609 0.757308 
vt 0.964389 0.773823 
vt 0.991562 0.710431 
vt 0.933036 0.765791 
vt 0.962256 0.697477 
vt 0.937923 0.679496 
vt 0.904609 0.757308 
vt 0.964389 0.773823 
vt 0.991562 0.710431 
vt 0.682529 0.275921 
vt 0.654565 0.273416 
vt 0.68295 0.269871 
vt 0.658268 0.278364 
vt 0.712641 0.269168 
vt 0.714489 0.274809 
vt 0.739647 0.26707 
vt 0.746792 0.275374 
vt 0.547154 0.171761 
vt 0.533346 0.246232 
vt 0.532166 0.169757 
vt 0.550234 0.243298 
vt 0.551226 0.334582 
vt 0.532258 0.315844 
vt 0.548077 0.0977143 
vt 0.534247 0.101049 
vt 0.531792 0.0253672 
vt 0.552835 0.00791782 
vt 0.745632 0.0298816 
vt 0.739758 0.0787483 
vt 0.735226 0.0229775 
vt 0.74544 0.0823613 
vt 0.735609 0.128529 
vt 0.741439 0.125818 
vt 0.731227 0.177895 
vt 0.723642 0.173649 
vt 0.793032 0.264504 
vt 0.777984 0.253803 
vt 0.786916 0.249693 
vt 0.783095 0.272621 
vt 0.952879 0.41779 
vt 0.931726 0.346471 
vt 0.963632 0.345564 
vt 0.923859 0.408767 
vt 0.658268 0.278364 
vt 0.623306 0.284836 
vt 0.654565 0.273416 
vt 0.618562 0.294077 
vt 0.796722 0.10082 
vt 0.796059 0.138048 
vt 0.78753 0.138444 
vt 0.789508 0.100591 
vt 0.548077 0.0977143 
vt 0.589703 0.0149895 
vt 0.585335 0.098198 
vt 0.552835 0.00791782 
vt 0.789508 0.100591 
vt 0.795722 0.0729256 
vt 0.802668 0.0735573 
vt 0.796722 0.10082 
vt 0.810064 0.0303831 
vt 0.803242 0.0207892 
vt 0.734283 0.24079 
vt 0.723642 0.173649 
vt 0.73889 0.2307 
vt 0.731227 0.177895 
vt 0.930436 0.908734 
vt 0.928145 0.990732 
vt 0.901369 0.916183 
vt 0.953234 0.974424 
vt 0.962322 0.902212 
vt 0.983516 0.963033 
vt 0.930436 0.908734 
vt 0.928145 0.990732 
vt 0.953234 0.974424 
vt 0.901369 0.916183 
vt 0.962322 0.902212 
vt 0.983516 0.963033 
vt 0.78753 0.138444 
vt 0.805798 0.163471 
vt 0.802141 0.17482 
vt 0.796059 0.138048 
vt 0.658119 0.189463 
vt 0.667922 0.246161 
vt 0.641046 0.252147 
vt 0.631015 0.192523 
vt 0.735226 0.0229775 
vt 0.71419 0.0736719 
vt 0.712692 0.015268 
vt 0.739758 0.0787483 
vt 0.953234 0.974424 
vt 0.901369 0.916183 
vt 0.930436 0.908734 
vt 0.928145 0.990732 
vt 0.983516 0.963033 
vt 0.962322 0.902212 
vt 0.953234 0.974424 
vt 0.901369 0.916183 
vt 0.928145 0.990732 
vt 0.930436 0.908734 
vt 0.983516 0.963033 
vt 0.962322 0.902212 
vt 0.857867 0.523463 
vt 0.908105 0.519439 
vt 0.916013 0.5404 
vt 0.875408 0.509919 
vt 0.881359 0.384325 
vt 0.862319 0.343691 
vt 0.886756 0.342518 
vt 0.859103 0.379377 
vt 0.787242 0.0158804 
vt 0.795722 0.0729256 
vt 0.78062 0.0731379 
vt 0.803242 0.0207892 
vt 0.409549 0.412586 
vt 0.462058 0.572255 
vt 0.377223 0.535494 
vt 0.49079 0.497869 
vt 0.54788 0.572604 
vt 0.51149 0.59936 
vt 0.570092 0.614236 
vt 0.547633 0.640606 
vt 0.588313 0.629586 
vt 0.581389 0.655107 
vt 0.620466 0.647161 
vt 0.785249 0.176515 
vt 0.770822 0.136987 
vt 0.78753 0.138444 
vt 0.802141 0.17482 
vt 0.377223 0.535494 
vt 0.462058 0.572255 
vt 0.409549 0.412586 
vt 0.49079 0.497869 
vt 0.54788 0.572604 
vt 0.51149 0.59936 
vt 0.570092 0.614236 
vt 0.547633 0.640606 
vt 0.588313 0.629586 
vt 0.581389 0.655107 
vt 0.620466 0.647161 
vt 0.746792 0.275374 
vt 0.714025 0.287166 
vt 0.714489 0.274809 
vt 0.741015 0.295226 
vt 0.47615 0.168386 
vt 0.408341 0.224781 
vt 0.396853 0.167483 
vt 0.46336 0.225408 
vt 0.47615 0.168386 
vt 0.396853 0.167483 
vt 0.408341 0.224781 
vt 0.46336 0.225408 
vt 0.662261 0.296351 
vt 0.630628 0.310208 
vt 0.658268 0.278364 
vt 0.618562 0.294077 
vt 0.449171 0.276551 
vt 0.408341 0.224781 
vt 0.46336 0.225408 
vt 0.421361 0.276234 
vt 0.584278 0.243763 
vt 0.587455 0.326723 
vt 0.550234 0.243298 
vt 0.551226 0.334582 
vt 0.46336 0.225408 
vt 0.408341 0.224781 
vt 0.421361 0.276234 
vt 0.449171 0.276551 
vt 0.503747 0.0153902 
vt 0.389859 0.118269 
vt 0.37275 0.0138973 
vt 0.484264 0.119345 
vt 0.503747 0.0153902 
vt 0.37275 0.0138973 
vt 0.484264 0.119345 
vt 0.389859 0.118269 
vt 0.773614 0.21389 
vt 0.774034 0.23074 
vt 0.770556 0.23264 
vt 0.771172 0.212756 
vt 0.777984 0.253803 
vt 0.770556 0.23264 
vt 0.774034 0.23074 
vt 0.774396 0.252851 
vt 0.646001 0.0107235 
vt 0.660812 0.0863757 
vt 0.635732 0.0852232 
vt 0.671756 0.018966 
vt 0.904609 0.757308 
vt 0.937923 0.679496 
vt 0.962256 0.697477 
vt 0.933036 0.765791 
vt 0.991562 0.710431 
vt 0.964389 0.773823 
vt 0.904609 0.757308 
vt 0.962256 0.697477 
vt 0.937923 0.679496 
vt 0.933036 0.765791 
vt 0.991562 0.710431 
vt 0.964389 0.773823 
vt 0.711484 0.247389 
vt 0.723642 0.173649 
vt 0.734283 0.24079 
vt 0.701868 0.174762 
vt 0.771172 0.212756 
vt 0.778723 0.197316 
vt 0.78382 0.195868 
vt 0.773614 0.21389 
vt 0.484264 0.119345 
vt 0.396853 0.167483 
vt 0.389859 0.118269 
vt 0.47615 0.168386 
vt 0.484264 0.119345 
vt 0.396853 0.167483 
vt 0.47615 0.168386 
vt 0.389859 0.118269 
vt 0.783095 0.272621 
vt 0.774396 0.252851 
vt 0.777984 0.253803 
vt 0.77846 0.270995 
vt 0.963632 0.345564 
vt 0.96534 0.417429 
vt 0.952879 0.41779 
vt 0.930328 0.479853 
vt 0.947039 0.476176 
vt 0.97485 0.349979 
vt 0.961543 0.292432 
vt 0.967726 0.28476 
vt 0.94448 0.218722 
vt 0.930995 0.209104 
vt 0.879355 0.309106 
vt 0.881659 0.267556 
vt 0.888928 0.309106 
vt 0.866499 0.261315 
vt 0.886756 0.342518 
vt 0.892801 0.342499 
vt 0.888531 0.38645 
vt 0.881359 0.384325 
vt 0.878496 0.418928 
vt 0.86491 0.427227 

usemtl Pet1Mtl

f 1/1/1 2/2/2 3/3/3 
f 2/2/2 1/1/1 4/4/4 
f 5/5/5 6/6/6 7/7/7 
f 6/6/6 5/5/5 8/8/8 
f 9/9/9 10/10/10 11/11/11 
f 10/10/10 9/9/9 12/12/12 
f 13/13/13 14/14/14 15/15/15 
f 14/14/14 13/13/13 16/16/16 
f 17/17/17 18/18/18 19/19/19 
f 20/20/20 21/21/21 22/22/22 
f 21/21/21 20/20/20 23/23/23 
f 20/20/20 24/24/24 23/23/23 
f 20/20/20 25/25/25 24/24/24 
f 26/26/26 24/24/24 25/25/25 
f 26/26/26 25/25/25 27/27/27 
f 28/28/28 26/26/26 27/27/27 
f 26/26/26 28/28/28 29/29/29 
f 30/30/30 31/31/31 32/32/32 
f 33/33/33 30/30/30 32/32/32 
f 30/30/30 33/33/33 34/34/34 
f 35/35/35 33/33/33 32/32/32 
f 33/33/33 35/35/35 36/36/36 
f 32/32/32 37/37/37 35/35/35 
f 38/38/38 39/39/39 40/40/40 
f 39/39/39 41/41/41 40/40/40 
f 39/39/39 42/42/42 41/41/41 
f 38/38/38 40/40/40 43/43/43 
f 44/44/44 38/38/38 43/43/43 
f 38/38/38 44/44/44 45/45/45 
f 46/46/46 45/45/45 44/44/44 
f 45/45/45 46/46/46 47/47/47 
f 48/48/48 49/49/49 50/50/50 
f 48/48/48 50/50/50 51/51/51 
f 52/52/52 53/53/53 54/54/54 
f 53/53/53 52/52/52 55/55/55 
f 56/56/56 57/57/57 58/58/58 
f 57/57/57 56/56/56 59/59/59 
f 60/60/60 61/61/61 62/62/62 
f 61/61/61 60/60/60 63/63/63 
f 64/64/64 65/65/65 66/66/66 
f 65/65/65 64/64/64 67/67/67 
f 68/68/68 69/69/69 70/70/70 
f 69/69/69 68/68/68 71/71/71 
f 72/72/72 73/73/73 74/74/74 
f 73/73/73 72/72/72 75/75/75 
f 76/76/76 77/77/77 78/78/78 
f 76/76/76 78/78/78 79/79/79 
f 80/80/80 81/81/81 82/82/82 
f 83/83/83 84/84/84 85/85/85 
f 86/86/86 87/87/87 88/88/88 
f 86/86/86 88/88/88 89/89/89 
f 90/90/90 91/91/91 92/92/92 
f 93/93/93 92/92/92 91/91/91 
f 94/94/94 95/95/95 96/96/96 
f 95/95/95 94/94/94 97/97/97 
f 95/95/95 97/97/97 98/98/98 
f 99/99/99 98/98/98 97/97/97 
f 94/94/94 100/100/100 97/97/97 
f 94/94/94 101/101/101 100/100/100 
f 99/99/99 97/97/97 102/102/102 
f 100/100/100 102/102/102 97/97/97 
f 99/99/99 102/102/102 103/103/103 
f 102/102/102 100/100/100 104/104/104 
f 105/105/105 106/106/106 107/107/107 
f 106/106/106 105/105/105 108/108/108 
f 105/105/105 109/109/109 108/108/108 
f 110/110/110 108/108/108 109/109/109 
f 111/111/111 106/106/106 108/108/108 
f 106/106/106 111/111/111 112/112/112 
f 108/108/108 110/110/110 113/113/113 
f 108/108/108 113/113/113 111/111/111 
f 110/110/110 114/114/114 113/113/113 
f 111/111/111 113/113/113 115/115/115 
f 116/116/116 117/117/117 118/118/118 
f 117/117/117 119/119/119 118/118/118 
f 120/120/120 121/121/121 122/122/122 
f 121/121/121 120/120/120 123/123/123 
f 124/124/124 125/125/125 126/126/126 
f 124/124/124 126/126/126 127/127/127 
f 128/128/128 129/129/129 130/130/130 
f 130/130/130 131/131/131 128/128/128 
f 132/132/132 133/133/133 134/134/134 
f 134/134/134 135/135/135 132/132/132 
f 136/136/136 134/134/134 133/133/133 
f 137/137/137 134/134/134 136/136/136 
f 136/136/136 138/138/138 137/137/137 
f 139/139/139 137/137/137 138/138/138 
f 138/138/138 140/140/140 139/139/139 
f 141/141/141 139/139/139 140/140/140 
f 142/142/142 141/141/141 140/140/140 
f 143/143/143 144/144/144 145/145/145 
f 143/143/143 146/146/146 144/144/144 
f 144/144/144 147/147/147 145/145/145 
f 148/148/148 147/147/147 144/144/144 
f 147/147/147 148/148/148 149/149/149 
f 150/150/150 149/149/149 148/148/148 
f 149/149/149 150/150/150 151/151/151 
f 151/151/151 150/150/150 152/152/152 
f 153/153/153 151/151/151 152/152/152 
f 154/154/154 155/155/155 156/156/156 
f 155/155/155 154/154/154 157/157/157 
f 158/158/158 159/159/159 160/160/160 
f 159/159/159 158/158/158 161/161/161 
f 162/162/162 163/163/163 164/164/164 
f 165/165/165 164/164/164 163/163/163 
f 166/166/166 167/167/167 168/168/168 
f 167/167/167 166/166/166 169/169/169 
f 170/170/170 171/171/171 172/172/172 
f 170/170/170 172/172/172 173/173/173 
f 174/174/174 175/175/175 176/176/176 
f 174/174/174 176/176/176 177/177/177 
f 178/178/178 179/179/179 180/180/180 
f 179/179/179 181/181/181 180/180/180 
f 182/182/182 183/183/183 184/184/184 
f 184/184/184 183/183/183 185/185/185 
f 186/186/186 187/187/187 188/188/188 
f 187/187/187 186/186/186 189/189/189 
f 190/190/190 191/191/191 192/192/192 
f 191/191/191 193/193/193 192/192/192 
f 191/191/191 190/190/190 194/194/194 
f 195/195/195 190/190/190 192/192/192 
f 190/190/190 195/195/195 196/196/196 
f 195/195/195 192/192/192 197/197/197 
f 198/198/198 199/199/199 200/200/200 
f 198/198/198 200/200/200 201/201/201 
f 202/202/202 203/203/203 204/204/204 
f 204/204/204 205/205/205 202/202/202 
f 206/206/206 203/203/203 202/202/202 
f 206/206/206 207/207/207 203/203/203 
f 208/208/208 209/209/209 210/210/210 
f 209/209/209 208/208/208 211/211/211 
f 210/210/210 212/212/212 208/208/208 
f 212/212/212 210/210/210 213/213/213 
f 214/214/214 215/215/215 216/216/216 
f 215/215/215 214/214/214 217/217/217 
f 218/218/218 219/219/219 220/220/220 
f 219/219/219 218/218/218 221/221/221 
f 222/222/222 223/223/223 224/224/224 
f 223/223/223 222/222/222 225/225/225 
f 226/226/226 227/227/227 228/228/228 
f 228/228/228 227/227/227 229/229/229 
f 230/230/230 231/231/231 232/232/232 
f 231/231/231 230/230/230 233/233/233 
f 234/234/234 235/235/235 236/236/236 
f 235/235/235 234/234/234 237/237/237 
f 238/238/238 239/239/239 240/240/240 
f 239/239/239 238/238/238 241/241/241 
f 242/242/242 243/243/243 244/244/244 
f 242/242/242 244/244/244 245/245/245 
f 246/246/246 247/247/247 248/248/248 
f 247/247/247 246/246/246 249/249/249 
f 250/250/250 251/251/251 252/252/252 
f 251/251/251 250/250/250 253/253/253 
f 254/254/254 255/255/255 256/256/256 
f 255/255/255 254/254/254 257/257/257 
f 258/258/258 259/259/259 260/260/260 
f 259/259/259 258/258/258 261/261/261 
f 262/262/262 263/263/263 264/264/264 
f 263/263/263 262/262/262 265/265/265 
f 263/263/263 266/266/266 264/264/264 
f 263/263/263 267/267/267 266/266/266 
f 268/268/268 269/269/269 270/270/270 
f 270/270/270 269/269/269 271/271/271 
f 272/272/272 273/273/273 274/274/274 
f 272/272/272 275/275/275 273/273/273 
f 276/276/276 277/277/277 278/278/278 
f 277/277/277 279/279/279 278/278/278 
f 278/278/278 280/280/280 276/276/276 
f 276/276/276 280/280/280 281/281/281 
f 280/280/280 282/282/282 281/281/281 
f 282/282/282 280/280/280 283/283/283 
f 284/284/284 285/285/285 286/286/286 
f 285/285/285 284/284/284 287/287/287 
f 286/286/286 288/288/288 284/284/284 
f 288/288/288 286/286/286 289/289/289 
f 290/290/290 291/291/291 292/292/292 
f 292/292/292 293/293/293 290/290/290 
f 291/291/291 290/290/290 294/294/294 
f 294/294/294 295/295/295 291/291/291 
f 296/296/296 297/297/297 298/298/298 
f 297/297/297 296/296/296 299/299/299 
f 300/300/300 301/301/301 302/302/302 
f 301/301/301 300/300/300 303/303/303 
f 303/303/303 304/304/304 301/301/301 
f 304/304/304 303/303/303 305/305/305 
f 306/306/306 307/307/307 308/308/308 
f 309/309/309 310/310/310 311/311/311 
f 310/310/310 309/309/309 312/312/312 
f 312/312/312 313/313/313 310/310/310 
f 313/313/313 312/312/312 314/314/314 
f 315/315/315 316/316/316 317/317/317 
f 316/316/316 315/315/315 318/318/318 
f 318/318/318 319/319/319 316/316/316 
f 319/319/319 318/318/318 320/320/320 
f 317/317/317 321/321/321 315/315/315 
f 321/321/321 317/317/317 322/322/322 
f 322/322/322 323/323/323 321/321/321 
f 321/321/321 323/323/323 324/324/324 
f 325/325/325 326/326/326 327/327/327 
f 326/326/326 325/325/325 328/328/328 
f 329/329/329 330/330/330 331/331/331 
f 331/331/331 330/330/330 332/332/332 
f 333/333/333 334/334/334 335/335/335 
f 336/336/336 337/337/337 338/338/338 
f 338/338/338 339/339/339 336/336/336 
f 337/337/337 336/336/336 340/340/340 
f 340/340/340 341/341/341 337/337/337 
f 342/342/342 343/343/343 344/344/344 
f 345/345/345 346/346/346 347/347/347 
f 348/348/348 349/349/349 350/350/350 
f 349/349/349 348/348/348 351/351/351 
f 352/352/352 353/353/353 354/354/354 
f 355/355/355 356/356/356 357/357/357 
f 356/356/356 355/355/355 358/358/358 
f 359/359/359 358/358/358 355/355/355 
f 358/358/358 359/359/359 360/360/360 
f 361/361/361 360/360/360 359/359/359 
f 361/361/361 359/359/359 362/362/362 
f 363/363/363 361/361/361 362/362/362 
f 361/361/361 363/363/363 364/364/364 
f 365/365/365 366/366/366 367/367/367 
f 365/365/365 367/367/367 368/368/368 
f 366/366/366 369/369/369 367/367/367 
f 366/366/366 370/370/370 369/369/369 
f 369/369/369 371/371/371 367/367/367 
f 367/367/367 371/371/371 372/372/372 
f 367/367/367 372/372/372 368/368/368 
f 368/368/368 372/372/372 373/373/373 
f 374/374/374 375/375/375 376/376/376 
f 375/375/375 374/374/374 377/377/377 
f 378/378/378 379/379/379 380/380/380 
f 379/379/379 378/378/378 381/381/381 
f 382/382/382 381/381/381 378/378/378 
f 382/382/382 378/378/378 383/383/383 
f 383/383/383 384/384/384 382/382/382 
f 383/383/383 385/385/385 384/384/384 
f 385/385/385 386/386/386 384/384/384 
f 385/385/385 387/387/387 386/386/386 
f 388/388/388 389/389/389 390/390/390 
f 389/389/389 388/388/388 391/391/391 
f 391/391/391 392/392/392 389/389/389 
f 392/392/392 391/391/391 393/393/393 
f 394/394/394 395/395/395 396/396/396 
f 394/394/394 396/396/396 397/397/397 
f 397/397/397 396/396/396 398/398/398 
f 397/397/397 398/398/398 399/399/399 
f 400/400/400 401/401/401 402/402/402 
f 401/401/401 400/400/400 403/403/403 
f 402/402/402 404/404/404 400/400/400 
f 404/404/404 402/402/402 405/405/405 
f 406/406/406 407/407/407 408/408/408 
f 408/408/408 409/409/409 406/406/406 
f 410/410/410 407/407/407 406/406/406 
f 410/410/410 411/411/411 407/407/407 
f 412/412/412 413/413/413 414/414/414 
f 413/413/413 412/412/412 415/415/415 
f 416/416/416 412/412/412 414/414/414 
f 417/417/417 412/412/412 416/416/416 
f 418/418/418 417/417/417 416/416/416 
f 418/418/418 419/419/419 417/417/417 
f 420/420/420 421/421/421 422/422/422 
f 421/421/421 420/420/420 423/423/423 
f 423/423/423 424/424/424 421/421/421 
f 421/421/421 424/424/424 425/425/425 
f 422/422/422 426/426/426 420/420/420 
f 426/426/426 422/422/422 427/427/427 
f 427/427/427 428/428/428 426/426/426 
f 426/426/426 428/428/428 429/429/429 
f 430/430/430 431/431/431 432/432/432 
f 431/431/431 430/430/430 433/433/433 
f 433/433/433 434/434/434 431/431/431 
f 434/434/434 433/433/433 435/435/435 
f 436/436/436 434/434/434 435/435/435 
f 437/437/437 434/434/434 436/436/436 
f 438/438/438 439/439/439 440/440/440 
f 439/439/439 438/438/438 441/441/441 
f 442/442/442 443/443/443 444/444/444 
f 443/443/443 442/442/442 445/445/445 
f 446/446/446 447/447/447 448/448/448 
f 447/447/447 446/446/446 449/449/449 
f 450/450/450 451/451/451 452/452/452 
f 450/450/450 452/452/452 453/453/453 
f 454/454/454 455/455/455 456/456/456 
f 455/455/455 454/454/454 457/457/457 
f 458/458/458 459/459/459 460/460/460 
f 458/458/458 460/460/460 461/461/461 
f 459/459/459 462/462/462 460/460/460 
f 459/459/459 463/463/463 462/462/462 
f 464/464/464 465/465/465 466/466/466 
f 466/466/466 465/465/465 467/467/467 
f 468/468/468 469/469/469 470/470/470 
f 469/469/469 468/468/468 471/471/471 
f 472/472/472 471/471/471 468/468/468 
f 471/471/471 472/472/472 473/473/473 
f 474/474/474 475/475/475 476/476/476 
f 475/475/475 474/474/474 477/477/477 
f 476/476/476 478/478/478 474/474/474 
f 478/478/478 476/476/476 479/479/479 
f 480/480/480 481/481/481 482/482/482 
f 481/481/481 480/480/480 483/483/483 
f 484/484/484 485/485/485 486/486/486 
f 486/486/486 487/487/487 484/484/484 
f 488/488/488 489/489/489 490/490/490 
f 489/489/489 488/488/488 491/491/491 
f 492/492/492 493/493/493 494/494/494 
f 493/493/493 492/492/492 495/495/495 
f 494/494/494 496/496/496 492/492/492 
f 496/496/496 494/494/494 497/497/497 
f 498/498/498 499/499/499 500/500/500 
f 499/499/499 498/498/498 501/501/501 
f 502/502/502 501/501/501 498/498/498 
f 501/501/501 502/502/502 503/503/503 
f 504/504/504 505/505/505 506/506/506 
f 505/505/505 504/504/504 507/507/507 
f 508/508/508 509/509/509 510/510/510 
f 509/509/509 508/508/508 511/511/511 
f 512/512/512 513/513/513 514/514/514 
f 513/513/513 512/512/512 515/515/515 
f 516/516/516 517/517/517 518/518/518 
f 516/516/516 519/519/519 517/517/517 
f 517/517/517 519/519/519 520/520/520 
f 517/517/517 520/520/520 521/521/521 
f 522/522/522 521/521/521 520/520/520 
f 523/523/523 521/521/521 522/522/522 
f 523/523/523 522/522/522 524/524/524 
f 523/523/523 524/524/524 525/525/525 
f 526/526/526 525/525/525 524/524/524 
f 527/527/527 528/528/528 529/529/529 
f 529/529/529 530/530/530 527/527/527 
f 531/531/531 532/532/532 533/533/533 
f 532/532/532 534/534/534 533/533/533 
f 532/532/532 535/535/535 534/534/534 
f 536/536/536 535/535/535 532/532/532 
f 537/537/537 535/535/535 536/536/536 
f 538/538/538 537/537/537 536/536/536 
f 539/539/539 537/537/537 538/538/538 
f 540/540/540 539/539/539 538/538/538 
f 541/541/541 539/539/539 540/540/540 
f 542/542/542 543/543/543 544/544/544 
f 543/543/543 542/542/542 545/545/545 
f 546/546/546 547/547/547 548/548/548 
f 547/547/547 546/546/546 549/549/549 
f 550/550/550 551/551/551 552/552/552 
f 550/550/550 552/552/552 553/553/553 
f 554/554/554 555/555/555 556/556/556 
f 557/557/557 556/556/556 555/555/555 
f 558/558/558 559/559/559 560/560/560 
f 559/559/559 558/558/558 561/561/561 
f 562/562/562 563/563/563 564/564/564 
f 565/565/565 564/564/564 563/563/563 
f 566/566/566 567/567/567 568/568/568 
f 566/566/566 568/568/568 569/569/569 
f 570/570/570 571/571/571 572/572/572 
f 571/571/571 570/570/570 573/573/573 
f 574/574/574 575/575/575 576/576/576 
f 575/575/575 577/577/577 576/576/576 
f 578/578/578 579/579/579 580/580/580 
f 578/578/578 580/580/580 581/581/581 
f 582/582/582 583/583/583 584/584/584 
f 583/583/583 582/582/582 585/585/585 
f 586/586/586 587/587/587 588/588/588 
f 587/587/587 586/586/586 589/589/589 
f 590/590/590 591/591/591 592/592/592 
f 590/590/590 592/592/592 593/593/593 
f 593/593/593 592/592/592 594/594/594 
f 593/593/593 594/594/594 595/595/595 
f 596/596/596 597/597/597 598/598/598 
f 597/597/597 596/596/596 599/599/599 
f 599/599/599 600/600/600 597/597/597 
f 600/600/600 599/599/599 601/601/601 
f 602/602/602 603/603/603 604/604/604 
f 603/603/603 602/602/602 605/605/605 
f 606/606/606 607/607/607 608/608/608 
f 606/606/606 608/608/608 609/609/609 
f 610/610/610 611/611/611 612/612/612 
f 611/611/611 610/610/610 613/613/613 
f 614/614/614 615/615/615 616/616/616 
f 615/615/615 614/614/614 617/617/617 
f 618/618/618 619/619/619 620/620/620 
f 619/619/619 618/618/618 621/621/621 
f 622/622/622 623/623/623 624/624/624 
f 625/625/625 624/624/624 623/623/623 
f 625/625/625 623/623/623 626/626/626 
f 623/623/623 622/622/622 627/627/627 
f 628/628/628 627/627/627 622/622/622 
f 627/627/627 628/628/628 629/629/629 
f 628/628/628 630/630/630 629/629/629 
f 628/628/628 631/631/631 630/630/630 
f 632/632/632 633/633/633 634/634/634 
f 633/633/633 632/632/632 635/635/635 
f 636/636/636 632/632/632 634/634/634 
f 636/636/636 634/634/634 637/637/637 
f 638/638/638 636/636/636 637/637/637 
f 636/636/636 638/638/638 639/639/639 
f 640/640/640 639/639/639 638/638/638 
f 639/639/639 640/640/640 641/641/641 

g Flames1

v -1421.94 762.635 313.866 
v -1421.83 762.639 313.016 
v -1421.55 762.648 313.866 
v -1421.55 762.675 313.007 
v -1421.55 762.679 314.727 
v -1422.09 762.627 313.022 
v -1422.05 762.637 314.719 
v -1422.31 762.622 313.866 
v -1422.79 762.664 313.015 
v -1422.52 762.626 314.712 
v -1422.87 762.664 313.866 
v -1423.27 762.765 313.009 
v -1422.94 762.664 314.72 
v -1423.27 762.742 313.866 
v -1423.27 762.765 314.724 
v -1424.34 764.617 314.158 
v -1424.33 764.595 314.103 
v -1424.27 764.503 314.135 
v -1424.45 764.782 313.459 
v -1424.39 764.697 313.506 
v -1424.45 764.775 313.561 
v -1424.69 765.146 313.629 
v -1424.63 765.061 313.603 
v -1424.69 765.139 313.696 
v -1424.69 765.139 313.696 
v -1424.63 765.061 313.603 
v -1424.65 765.086 313.74 
v -1424.63 765.061 313.603 
v -1424.57 764.961 313.644 
v -1424.65 765.086 313.74 
v -1424.65 765.086 313.74 
v -1424.57 764.961 313.644 
v -1424.61 765.028 313.878 
v -1424.57 764.961 313.644 
v -1424.51 764.869 313.673 
v -1424.61 765.028 313.878 
v -1424.61 765.028 313.878 
v -1424.51 764.869 313.673 
v -1424.52 764.894 314.061 
v -1424.52 764.894 314.061 
v -1424.51 764.869 313.673 
v -1424.43 764.758 314.098 
v -1424.43 764.758 314.098 
v -1424.51 764.869 313.673 
v -1424.37 764.665 314.054 
v -1424.51 764.869 313.673 
v -1424.46 764.8 313.633 
v -1424.37 764.665 314.054 
v -1424.37 764.665 314.054 
v -1424.46 764.8 313.633 
v -1424.34 764.612 314.057 
v -1424.27 764.503 314.135 
v -1424.33 764.595 314.103 
v -1424.23 764.442 314.066 
v -1424.33 764.595 314.103 
v -1424.34 764.612 314.057 
v -1424.23 764.442 314.066 
v -1424.23 764.442 314.066 
v -1424.34 764.612 314.057 
v -1424.19 764.393 313.939 
v -1424.34 764.612 314.057 
v -1424.46 764.8 313.633 
v -1424.19 764.393 313.939 
v -1424.19 764.393 313.939 
v -1424.46 764.8 313.633 
v -1424.17 764.354 313.853 
v -1424.17 764.354 313.853 
v -1424.46 764.8 313.633 
v -1424.23 764.451 313.609 
v -1424.23 764.451 313.609 
v -1424.46 764.8 313.633 
v -1424.3 764.55 313.541 
v -1424.46 764.8 313.633 
v -1424.45 764.775 313.561 
v -1424.3 764.55 313.541 
v -1424.3 764.55 313.541 
v -1424.45 764.775 313.561 
v -1424.39 764.697 313.506 
v -1424.74 765.217 313.707 
v -1424.69 765.146 313.629 
v -1424.69 765.139 313.696 
v -1421.55 762.648 313.866 
v -1421.55 763.113 314.393 
v -1421.55 762.679 314.727 
v -1421.55 763.114 314.511 
v -1421.55 763.136 314.63 
v -1421.55 763.179 314.748 
v -1421.55 763.118 314.332 
v -1421.55 762.977 314.084 
v -1421.55 763.053 314.127 
v -1421.55 763.157 314.206 
v -1421.55 763.099 314.145 
v -1421.55 763.137 314.145 
v -1421.55 762.923 314.034 
v -1421.55 762.974 313.994 
v -1421.55 763.021 313.958 
v -1421.55 763.021 313.866 
v -1421.55 763.021 313.776 
v -1421.55 762.966 313.729 
v -1421.55 762.921 313.692 
v -1421.55 763.11 313.427 
v -1421.55 762.977 313.64 
v -1421.55 763.046 313.603 
v -1421.55 763.097 313.584 
v -1421.55 763.133 313.584 
v -1421.55 763.146 313.535 
v -1421.55 763.1 313.324 
v -1421.55 762.675 313.007 
v -1421.55 763.104 313.198 
v -1421.55 763.129 313.088 
v -1421.55 763.166 312.986 
v -1421.56 763.527 313.615 
v -1421.56 763.573 313.59 
v -1421.56 763.645 313.595 
v -1421.56 763.783 312.299 
v -1421.56 763.824 312.488 
v -1421.56 763.753 312.493 
v -1421.56 763.855 312.573 
v -1421.56 763.865 312.801 
v -1421.56 763.696 312.594 
v -1421.56 763.938 312.684 
v -1421.56 763.924 312.571 
v -1421.56 763.978 312.487 
v -1421.56 763.98 312.602 
v -1421.56 763.339 313.107 
v -1421.56 763.389 313.032 
v -1421.56 763.419 313.077 
v -1421.56 763.573 313.59 
v -1421.56 763.67 313.518 
v -1421.56 763.645 313.595 
v -1421.56 763.645 313.595 
v -1421.56 763.67 313.518 
v -1421.56 763.862 313.473 
v -1421.56 763.67 313.518 
v -1421.56 763.719 313.449 
v -1421.56 763.862 313.473 
v -1421.56 764.081 312.781 
v -1421.56 764.084 312.902 
v -1421.56 764.016 312.844 
v -1421.56 764.003 313.058 
v -1421.56 763.91 312.857 
v -1421.56 763.719 313.449 
v -1421.56 763.743 313.375 
v -1421.56 763.862 313.473 
v -1421.56 763.98 312.602 
v -1421.56 763.938 312.684 
v -1421.56 763.924 312.571 
v -1421.56 763.862 313.473 
v -1421.56 763.743 313.375 
v -1421.56 764.014 313.295 
v -1421.56 763.743 313.375 
v -1421.56 763.744 313.296 
v -1421.56 764.014 313.295 
v -1421.56 764.014 313.295 
v -1421.56 763.744 313.296 
v -1421.56 764.031 313.173 
v -1421.56 763.744 313.296 
v -1421.56 763.721 313.232 
v -1421.56 764.031 313.173 
v -1421.56 764.031 313.173 
v -1421.56 763.721 313.232 
v -1421.56 764.003 313.058 
v -1421.56 763.721 313.232 
v -1421.56 763.677 313.168 
v -1421.56 764.003 313.058 
v -1421.56 764.003 313.058 
v -1421.56 763.677 313.168 
v -1421.56 763.91 312.857 
v -1421.56 763.677 313.168 
v -1421.56 763.622 313.114 
v -1421.56 763.91 312.857 
v -1421.56 763.91 312.857 
v -1421.56 763.622 313.114 
v -1421.56 763.865 312.801 
v -1421.56 763.622 313.114 
v -1421.56 763.535 313.056 
v -1421.56 763.865 312.801 
v -1421.56 763.753 312.493 
v -1421.56 763.855 312.573 
v -1421.56 763.696 312.594 
v -1421.56 763.696 312.594 
v -1421.56 763.865 312.801 
v -1421.56 763.635 312.647 
v -1421.56 763.865 312.801 
v -1421.56 763.535 313.056 
v -1421.56 763.635 312.647 
v -1421.56 763.635 312.647 
v -1421.56 763.535 313.056 
v -1421.56 763.503 312.708 
v -1421.56 763.503 312.708 
v -1421.56 763.535 313.056 
v -1421.56 763.411 312.846 
v -1421.56 763.535 313.056 
v -1421.56 763.481 313.063 
v -1421.56 763.411 312.846 
v -1421.56 763.481 313.063 
v -1421.56 763.419 313.077 
v -1421.56 763.411 312.846 
v -1421.56 763.419 313.077 
v -1421.56 763.389 313.032 
v -1421.56 763.411 312.846 
v -1421.56 763.527 314.123 
v -1421.56 763.645 314.14 
v -1421.56 763.573 314.146 
v -1421.56 763.783 315.436 
v -1421.56 763.753 315.242 
v -1421.56 763.824 315.247 
v -1421.56 763.696 315.141 
v -1421.56 763.855 315.162 
v -1421.56 763.635 315.088 
v -1421.56 763.865 314.934 
v -1421.56 763.938 315.051 
v -1421.56 763.339 314.629 
v -1421.56 763.419 314.658 
v -1421.56 763.389 314.703 
v -1421.56 763.978 315.248 
v -1421.56 763.924 315.164 
v -1421.56 763.98 315.133 
v -1421.56 763.573 314.146 
v -1421.56 763.645 314.14 
v -1421.56 763.67 314.215 
v -1421.56 763.645 314.14 
v -1421.56 763.862 314.262 
v -1421.56 763.67 314.215 
v -1421.56 763.67 314.215 
v -1421.56 763.862 314.262 
v -1421.56 763.72 314.286 
v -1421.56 764.081 314.954 
v -1421.56 764.016 314.891 
v -1421.56 764.084 314.833 
v -1421.56 763.72 314.286 
v -1421.56 763.862 314.262 
v -1421.56 763.744 314.36 
v -1421.56 763.98 315.133 
v -1421.56 763.924 315.164 
v -1421.56 763.938 315.051 
v -1421.56 763.862 314.262 
v -1421.56 764.014 314.44 
v -1421.56 763.744 314.36 
v -1421.56 763.744 314.36 
v -1421.56 764.014 314.44 
v -1421.56 763.745 314.439 
v -1421.56 763.924 315.164 
v -1421.56 763.855 315.162 
v -1421.56 763.938 315.051 
v -1421.56 764.014 314.44 
v -1421.56 764.031 314.562 
v -1421.56 763.745 314.439 
v -1421.56 763.745 314.439 
v -1421.56 764.031 314.562 
v -1421.56 763.722 314.503 
v -1421.56 764.031 314.562 
v -1421.56 764.003 314.677 
v -1421.56 763.722 314.503 
v -1421.56 763.722 314.503 
v -1421.56 764.003 314.677 
v -1421.56 763.677 314.568 
v -1421.56 764.084 314.833 
v -1421.56 764.016 314.891 
v -1421.56 764.003 314.677 
v -1421.56 764.016 314.891 
v -1421.56 763.91 314.878 
v -1421.56 764.003 314.677 
v -1421.56 764.003 314.677 
v -1421.56 763.91 314.878 
v -1421.56 763.677 314.568 
v -1421.56 763.677 314.568 
v -1421.56 763.91 314.878 
v -1421.56 763.622 314.622 
v -1421.56 763.91 314.878 
v -1421.56 763.865 314.934 
v -1421.56 763.622 314.622 
v -1421.56 763.622 314.622 
v -1421.56 763.865 314.934 
v -1421.56 763.535 314.679 
v -1421.56 763.824 315.247 
v -1421.56 763.753 315.242 
v -1421.56 763.855 315.162 
v -1421.56 763.855 315.162 
v -1421.56 763.696 315.141 
v -1421.56 763.865 314.934 
v -1421.56 763.865 314.934 
v -1421.56 763.635 315.088 
v -1421.56 763.535 314.679 
v -1421.56 763.635 315.088 
v -1421.56 763.503 315.027 
v -1421.56 763.535 314.679 
v -1421.56 763.503 315.027 
v -1421.56 763.411 314.889 
v -1421.56 763.535 314.679 
v -1421.56 763.535 314.679 
v -1421.56 763.411 314.889 
v -1421.56 763.481 314.673 
v -1421.56 763.481 314.673 
v -1421.56 763.411 314.889 
v -1421.56 763.419 314.658 
v -1421.56 763.419 314.658 
v -1421.56 763.411 314.889 
v -1421.56 763.389 314.703 
v -1422.71 763.41 314.735 
v -1422.58 763.329 314.732 
v -1422.55 763.386 314.734 
v -1422.41 763.314 314.731 
v -1422.47 763.204 314.728 
v -1422.21 763.204 314.734 
v -1422.48 763.099 314.734 
v -1422.94 762.664 314.72 
v -1422.57 763.068 314.733 
v -1422.7 763.123 314.725 
v -1422.82 763.117 314.721 
v -1422.87 763.072 314.721 
v -1422.92 763.006 314.721 
v -1422.52 762.626 314.712 
v -1423.27 762.765 314.724 
v -1422.99 762.979 314.721 
v -1423.09 763.029 314.721 
v -1422.05 762.637 314.719 
v -1422.11 763.223 314.735 
v -1423.35 762.844 314.736 
v -1423.2 763.116 314.721 
v -1423.32 763.163 314.721 
v -1421.91 763.316 314.743 
v -1422.09 763.307 314.737 
v -1422.06 763.38 314.74 
v -1422.2 763.413 314.741 
v -1421.76 763.194 314.749 
v -1421.55 762.679 314.727 
v -1421.55 763.179 314.748 
v -1423.47 763.08 314.721 
v -1423.45 763.182 314.721 
v -1423.54 763.18 314.721 
v -1423.58 763.287 314.721 
v -1423.48 763.033 314.721 
v -1423.49 762.908 314.717 
v -1423.54 763.027 314.721 
v -1423.62 762.987 314.721 
v -1423.71 763.107 314.721 
v -1422.71 763.41 313 
v -1422.55 763.386 313 
v -1422.58 763.329 313.002 
v -1422.41 763.314 313.003 
v -1422.47 763.204 313.006 
v -1422.21 763.204 313 
v -1422.48 763.099 313.01 
v -1422.79 762.664 313.015 
v -1422.57 763.068 313.011 
v -1422.7 763.123 313.009 
v -1422.82 763.117 313.004 
v -1422.87 763.072 313.004 
v -1422.92 763.006 313.004 
v -1423.27 762.765 313.009 
v -1422.99 762.979 313.004 
v -1423.09 763.029 313.004 
v -1422.09 762.627 313.022 
v -1422.11 763.223 312.999 
v -1423.35 762.844 313.008 
v -1421.91 763.316 312.996 
v -1422.09 763.307 312.996 
v -1422.06 763.38 312.994 
v -1422.2 763.413 312.993 
v -1421.76 763.194 312.995 
v -1421.83 762.639 313.016 
v -1421.55 762.675 313.007 
v -1421.55 763.166 312.986 
v -1423.2 763.116 313.004 
v -1423.32 763.163 313.004 
v -1423.47 763.08 313.004 
v -1423.45 763.182 313.004 
v -1423.54 763.18 313.004 
v -1423.58 763.287 313.004 
v -1423.48 763.033 313.004 
v -1423.49 762.908 313.008 
v -1423.54 763.027 313.004 
v -1423.62 762.987 313.004 
v -1423.71 763.107 313.004 
v -1423.39 765.781 314.587 
v -1423.29 765.643 314.53 
v -1423.25 765.741 314.508 
v -1422.39 765.197 314.028 
v -1422.39 765.091 314.026 
v -1422.33 765.117 313.994 
v -1423.31 764.839 314.54 
v -1423.35 764.729 314.561 
v -1423.29 764.773 314.527 
v -1423.19 764.4 314.474 
v -1423.14 764.333 314.447 
v -1423.12 764.387 314.434 
v -1423.44 765.121 314.612 
v -1423.34 765.061 314.557 
v -1423.34 765.183 314.557 
v -1423.25 765.741 314.508 
v -1423.29 765.643 314.53 
v -1423.14 765.641 314.448 
v -1423.29 765.643 314.53 
v -1423.25 765.534 314.508 
v -1423.14 765.641 314.448 
v -1422.33 765.117 313.994 
v -1422.39 765.091 314.026 
v -1422.32 765.034 313.987 
v -1423.14 765.641 314.448 
v -1423.25 765.534 314.508 
v -1423.04 765.498 314.391 
v -1423.25 765.534 314.508 
v -1423.23 765.393 314.496 
v -1423.04 765.498 314.391 
v -1423.14 764.333 314.447 
v -1423.05 764.297 314.398 
v -1423.12 764.387 314.434 
v -1422.39 765.091 314.026 
v -1422.43 765.04 314.048 
v -1422.32 765.034 313.987 
v -1422.32 765.034 313.987 
v -1422.43 765.04 314.048 
v -1422.35 764.784 314.006 
v -1423.12 764.387 314.434 
v -1423.05 764.297 314.398 
v -1423.1 764.408 314.424 
v -1423.04 765.498 314.391 
v -1423.23 765.393 314.496 
v -1422.94 765.391 314.337 
v -1423.23 765.393 314.496 
v -1423.26 765.282 314.514 
v -1422.94 765.391 314.337 
v -1423.29 764.773 314.527 
v -1423.35 764.729 314.561 
v -1423.25 764.745 314.506 
v -1423.35 764.729 314.561 
v -1423.34 764.644 314.557 
v -1423.25 764.745 314.506 
v -1423.34 764.644 314.557 
v -1423.29 764.575 314.528 
v -1423.25 764.745 314.506 
v -1423.29 764.575 314.528 
v -1423.11 764.44 314.431 
v -1423.25 764.745 314.506 
v -1423.25 764.745 314.506 
v -1423.11 764.44 314.431 
v -1423.21 764.761 314.484 
v -1423.05 764.297 314.398 
v -1422.8 764.286 314.255 
v -1423.1 764.408 314.424 
v -1422.62 764.13 314.154 
v -1422.37 764.126 314.017 
v -1422.68 764.243 314.189 
v -1422.37 764.126 314.017 
v -1422.28 764.23 313.965 
v -1422.68 764.243 314.189 
v -1422.28 764.23 313.965 
v -1422.25 764.383 313.951 
v -1422.68 764.243 314.189 
v -1422.25 764.383 313.951 
v -1422.31 764.607 313.981 
v -1422.68 764.243 314.189 
v -1422.68 764.243 314.189 
v -1422.31 764.607 313.981 
v -1422.8 764.286 314.255 
v -1422.31 764.607 313.981 
v -1422.35 764.784 314.006 
v -1422.8 764.286 314.255 
v -1422.8 764.286 314.255 
v -1422.35 764.784 314.006 
v -1423.1 764.408 314.424 
v -1423.1 764.408 314.424 
v -1422.35 764.784 314.006 
v -1423.11 764.44 314.431 
v -1423.11 764.44 314.431 
v -1422.35 764.784 314.006 
v -1423.21 764.761 314.484 
v -1423.21 764.761 314.484 
v -1422.35 764.784 314.006 
v -1423.19 764.822 314.472 
v -1422.35 764.784 314.006 
v -1422.43 765.04 314.048 
v -1423.19 764.822 314.472 
v -1422.43 765.04 314.048 
v -1422.53 765.191 314.107 
v -1423.19 764.822 314.472 
v -1422.53 765.191 314.107 
v -1422.65 765.311 314.172 
v -1423.19 764.822 314.472 
v -1422.65 765.311 314.172 
v -1422.77 765.344 314.239 
v -1423.19 764.822 314.472 
v -1422.77 765.344 314.239 
v -1422.88 765.351 314.299 
v -1423.19 764.822 314.472 
v -1423.19 764.822 314.472 
v -1422.88 765.351 314.299 
v -1423.23 764.929 314.494 
v -1422.88 765.351 314.299 
v -1422.94 765.391 314.337 
v -1423.23 764.929 314.494 
v -1422.94 765.391 314.337 
v -1423.26 765.282 314.514 
v -1423.23 764.929 314.494 
v -1423.26 765.282 314.514 
v -1423.34 765.183 314.557 
v -1423.23 764.929 314.494 
v -1423.23 764.929 314.494 
v -1423.34 765.183 314.557 
v -1423.34 765.061 314.557 
v -1423.39 765.781 313.156 
v -1423.25 765.741 313.236 
v -1423.29 765.643 313.214 
v -1422.39 765.197 313.716 
v -1422.33 765.117 313.75 
v -1422.39 765.091 313.718 
v -1423.31 764.839 313.204 
v -1423.29 764.773 313.217 
v -1423.35 764.729 313.183 
v -1423.19 764.4 313.27 
v -1423.12 764.387 313.31 
v -1423.14 764.333 313.297 
v -1423.44 765.121 313.132 
v -1423.34 765.183 313.187 
v -1423.34 765.061 313.187 
v -1423.25 765.741 313.236 
v -1423.14 765.641 313.295 
v -1423.29 765.643 313.214 
v -1423.29 765.643 313.214 
v -1423.14 765.641 313.295 
v -1423.25 765.534 313.236 
v -1422.33 765.117 313.75 
v -1422.32 765.034 313.757 
v -1422.39 765.091 313.718 
v -1423.14 765.641 313.295 
v -1423.04 765.498 313.353 
v -1423.25 765.534 313.236 
v -1423.25 765.534 313.236 
v -1423.04 765.498 313.353 
v -1423.23 765.393 313.248 
v -1423.14 764.333 313.297 
v -1423.12 764.387 313.31 
v -1423.05 764.297 313.346 
v -1422.39 765.091 313.718 
v -1422.32 765.034 313.757 
v -1422.43 765.04 313.696 
v -1422.32 765.034 313.757 
v -1422.35 764.784 313.737 
v -1422.43 765.04 313.696 
v -1423.12 764.387 313.31 
v -1423.1 764.408 313.32 
v -1423.05 764.297 313.346 
v -1423.04 765.498 313.353 
v -1422.94 765.391 313.407 
v -1423.23 765.393 313.248 
v -1423.23 765.393 313.248 
v -1422.94 765.391 313.407 
v -1423.26 765.282 313.23 
v -1423.29 764.773 313.217 
v -1423.25 764.745 313.237 
v -1423.35 764.729 313.183 
v -1423.35 764.729 313.183 
v -1423.25 764.745 313.237 
v -1423.34 764.644 313.187 
v -1423.34 764.644 313.187 
v -1423.25 764.745 313.237 
v -1423.29 764.575 313.215 
v -1423.29 764.575 313.215 
v -1423.25 764.745 313.237 
v -1423.11 764.44 313.313 
v -1423.25 764.745 313.237 
v -1423.21 764.761 313.259 
v -1423.11 764.44 313.313 
v -1423.05 764.297 313.346 
v -1423.1 764.408 313.32 
v -1422.8 764.286 313.488 
v -1422.62 764.13 313.59 
v -1422.68 764.243 313.555 
v -1422.37 764.126 313.727 
v -1422.37 764.126 313.727 
v -1422.68 764.243 313.555 
v -1422.28 764.23 313.779 
v -1422.28 764.23 313.779 
v -1422.68 764.243 313.555 
v -1422.25 764.383 313.793 
v -1422.25 764.383 313.793 
v -1422.68 764.243 313.555 
v -1422.31 764.607 313.763 
v -1422.68 764.243 313.555 
v -1422.8 764.286 313.488 
v -1422.31 764.607 313.763 
v -1422.31 764.607 313.763 
v -1422.8 764.286 313.488 
v -1422.35 764.784 313.737 
v -1422.8 764.286 313.488 
v -1423.1 764.408 313.32 
v -1422.35 764.784 313.737 
v -1423.1 764.408 313.32 
v -1423.11 764.44 313.313 
v -1422.35 764.784 313.737 
v -1423.11 764.44 313.313 
v -1423.21 764.761 313.259 
v -1422.35 764.784 313.737 
v -1423.21 764.761 313.259 
v -1423.19 764.822 313.272 
v -1422.35 764.784 313.737 
v -1422.35 764.784 313.737 
v -1423.19 764.822 313.272 
v -1422.43 765.04 313.696 
v -1422.43 765.04 313.696 
v -1423.19 764.822 313.272 
v -1422.53 765.191 313.636 
v -1422.53 765.191 313.636 
v -1423.19 764.822 313.272 
v -1422.65 765.311 313.571 
v -1422.65 765.311 313.571 
v -1423.19 764.822 313.272 
v -1422.77 765.344 313.505 
v -1422.77 765.344 313.505 
v -1423.19 764.822 313.272 
v -1422.88 765.351 313.445 
v -1423.19 764.822 313.272 
v -1423.23 764.929 313.25 
v -1422.88 765.351 313.445 
v -1422.88 765.351 313.445 
v -1423.23 764.929 313.25 
v -1422.94 765.391 313.407 
v -1422.94 765.391 313.407 
v -1423.23 764.929 313.25 
v -1423.26 765.282 313.23 
v -1423.26 765.282 313.23 
v -1423.23 764.929 313.25 
v -1423.34 765.183 313.187 
v -1423.23 764.929 313.25 
v -1423.34 765.061 313.187 
v -1423.34 765.183 313.187 
v -1423.4 765.781 313.16 
v -1423.29 765.643 313.218 
v -1423.25 765.741 313.24 
v -1422.39 765.197 313.72 
v -1422.39 765.091 313.722 
v -1422.33 765.117 313.754 
v -1423.31 764.839 313.208 
v -1423.35 764.729 313.186 
v -1423.29 764.773 313.221 
v -1423.19 764.4 313.274 
v -1423.14 764.333 313.301 
v -1423.12 764.387 313.314 
v -1423.44 765.121 313.136 
v -1423.34 765.061 313.19 
v -1423.34 765.183 313.191 
v -1423.25 765.741 313.24 
v -1423.29 765.643 313.218 
v -1423.15 765.641 313.299 
v -1423.29 765.643 313.218 
v -1423.25 765.534 313.24 
v -1423.15 765.641 313.299 
v -1422.33 765.117 313.754 
v -1422.39 765.091 313.722 
v -1422.32 765.034 313.761 
v -1423.15 765.641 313.299 
v -1423.25 765.534 313.24 
v -1423.04 765.498 313.357 
v -1423.25 765.534 313.24 
v -1423.23 765.393 313.252 
v -1423.04 765.498 313.357 
v -1423.14 764.333 313.301 
v -1423.06 764.297 313.35 
v -1423.12 764.387 313.314 
v -1422.39 765.091 313.722 
v -1422.43 765.04 313.7 
v -1422.32 765.034 313.761 
v -1422.32 765.034 313.761 
v -1422.43 765.04 313.7 
v -1422.35 764.784 313.741 
v -1423.12 764.387 313.314 
v -1423.06 764.297 313.35 
v -1423.1 764.408 313.324 
v -1423.04 765.498 313.357 
v -1423.23 765.393 313.252 
v -1422.95 765.391 313.411 
v -1423.23 765.393 313.252 
v -1423.26 765.282 313.234 
v -1422.95 765.391 313.411 
v -1423.29 764.773 313.221 
v -1423.35 764.729 313.186 
v -1423.25 764.745 313.241 
v -1423.35 764.729 313.186 
v -1423.34 764.644 313.191 
v -1423.25 764.745 313.241 
v -1423.34 764.644 313.191 
v -1423.29 764.575 313.219 
v -1423.25 764.745 313.241 
v -1423.29 764.575 313.219 
v -1423.11 764.44 313.317 
v -1423.25 764.745 313.241 
v -1423.25 764.745 313.241 
v -1423.11 764.44 313.317 
v -1423.21 764.761 313.263 
v -1423.06 764.297 313.35 
v -1422.8 764.286 313.492 
v -1423.1 764.408 313.324 
v -1422.62 764.13 313.593 
v -1422.37 764.126 313.731 
v -1422.68 764.243 313.559 
v -1422.37 764.126 313.731 
v -1422.28 764.23 313.783 
v -1422.68 764.243 313.559 
v -1422.28 764.23 313.783 
v -1422.25 764.383 313.797 
v -1422.68 764.243 313.559 
v -1422.25 764.383 313.797 
v -1422.31 764.607 313.767 
v -1422.68 764.243 313.559 
v -1422.68 764.243 313.559 
v -1422.31 764.607 313.767 
v -1422.8 764.286 313.492 
v -1422.31 764.607 313.767 
v -1422.35 764.784 313.741 
v -1422.8 764.286 313.492 
v -1422.8 764.286 313.492 
v -1422.35 764.784 313.741 
v -1423.1 764.408 313.324 
v -1423.1 764.408 313.324 
v -1422.35 764.784 313.741 
v -1423.11 764.44 313.317 
v -1423.11 764.44 313.317 
v -1422.35 764.784 313.741 
v -1423.21 764.761 313.263 
v -1423.21 764.761 313.263 
v -1422.35 764.784 313.741 
v -1423.19 764.822 313.276 
v -1422.35 764.784 313.741 
v -1422.43 765.04 313.7 
v -1423.19 764.822 313.276 
v -1422.43 765.04 313.7 
v -1422.53 765.191 313.64 
v -1423.19 764.822 313.276 
v -1422.53 765.191 313.64 
v -1422.65 765.311 313.575 
v -1423.19 764.822 313.276 
v -1422.65 765.311 313.575 
v -1422.77 765.344 313.509 
v -1423.19 764.822 313.276 
v -1422.77 765.344 313.509 
v -1422.88 765.351 313.449 
v -1423.19 764.822 313.276 
v -1423.19 764.822 313.276 
v -1422.88 765.351 313.449 
v -1423.23 764.929 313.254 
v -1422.88 765.351 313.449 
v -1422.95 765.391 313.411 
v -1423.23 764.929 313.254 
v -1422.95 765.391 313.411 
v -1423.26 765.282 313.234 
v -1423.23 764.929 313.254 
v -1423.26 765.282 313.234 
v -1423.34 765.183 313.191 
v -1423.23 764.929 313.254 
v -1423.23 764.929 313.254 
v -1423.34 765.183 313.191 
v -1423.34 765.061 313.19 
v -1422.33 765.117 313.99 
v -1422.32 765.034 313.983 
v -1422.39 765.091 314.022 
v -1423.4 765.781 314.583 
v -1423.25 765.741 314.504 
v -1423.29 765.643 314.526 
v -1422.39 765.197 314.024 
v -1422.33 765.117 313.99 
v -1422.39 765.091 314.022 
v -1423.31 764.839 314.536 
v -1423.29 764.773 314.523 
v -1423.35 764.729 314.557 
v -1423.19 764.4 314.47 
v -1423.12 764.387 314.43 
v -1423.14 764.333 314.443 
v -1423.44 765.121 314.608 
v -1423.34 765.183 314.553 
v -1423.34 765.061 314.553 
v -1423.25 765.741 314.504 
v -1423.15 765.641 314.445 
v -1423.29 765.643 314.526 
v -1423.29 765.643 314.526 
v -1423.15 765.641 314.445 
v -1423.25 765.534 314.504 
v -1423.15 765.641 314.445 
v -1423.04 765.498 314.387 
v -1423.25 765.534 314.504 
v -1423.25 765.534 314.504 
v -1423.04 765.498 314.387 
v -1423.23 765.393 314.492 
v -1423.14 764.333 314.443 
v -1423.12 764.387 314.43 
v -1423.06 764.297 314.394 
v -1422.39 765.091 314.022 
v -1422.32 765.034 313.983 
v -1422.43 765.04 314.044 
v -1422.32 765.034 313.983 
v -1422.35 764.784 314.003 
v -1422.43 765.04 314.044 
v -1423.12 764.387 314.43 
v -1423.1 764.408 314.42 
v -1423.06 764.297 314.394 
v -1423.04 765.498 314.387 
v -1422.95 765.391 314.333 
v -1423.23 765.393 314.492 
v -1423.23 765.393 314.492 
v -1422.95 765.391 314.333 
v -1423.26 765.282 314.51 
v -1423.29 764.773 314.523 
v -1423.25 764.745 314.502 
v -1423.35 764.729 314.557 
v -1423.35 764.729 314.557 
v -1423.25 764.745 314.502 
v -1423.34 764.644 314.553 
v -1423.34 764.644 314.553 
v -1423.25 764.745 314.502 
v -1423.29 764.575 314.524 
v -1423.29 764.575 314.524 
v -1423.25 764.745 314.502 
v -1423.11 764.44 314.427 
v -1423.25 764.745 314.502 
v -1423.21 764.761 314.48 
v -1423.11 764.44 314.427 
v -1423.06 764.297 314.394 
v -1423.1 764.408 314.42 
v -1422.8 764.286 314.252 
v -1422.62 764.13 314.15 
v -1422.68 764.243 314.185 
v -1422.37 764.126 314.013 
v -1422.37 764.126 314.013 
v -1422.68 764.243 314.185 
v -1422.28 764.23 313.961 
v -1422.28 764.23 313.961 
v -1422.68 764.243 314.185 
v -1422.25 764.383 313.947 
v -1422.25 764.383 313.947 
v -1422.68 764.243 314.185 
v -1422.31 764.607 313.977 
v -1422.68 764.243 314.185 
v -1422.8 764.286 314.252 
v -1422.31 764.607 313.977 
v -1422.31 764.607 313.977 
v -1422.8 764.286 314.252 
v -1422.35 764.784 314.003 
v -1422.8 764.286 314.252 
v -1423.1 764.408 314.42 
v -1422.35 764.784 314.003 
v -1423.1 764.408 314.42 
v -1423.11 764.44 314.427 
v -1422.35 764.784 314.003 
v -1423.11 764.44 314.427 
v -1423.21 764.761 314.48 
v -1422.35 764.784 314.003 
v -1423.21 764.761 314.48 
v -1423.19 764.822 314.468 
v -1422.35 764.784 314.003 
v -1422.35 764.784 314.003 
v -1423.19 764.822 314.468 
v -1422.43 765.04 314.044 
v -1422.43 765.04 314.044 
v -1423.19 764.822 314.468 
v -1422.53 765.191 314.104 
v -1422.53 765.191 314.104 
v -1423.19 764.822 314.468 
v -1422.65 765.311 314.169 
v -1422.65 765.311 314.169 
v -1423.19 764.822 314.468 
v -1422.77 765.344 314.235 
v -1422.77 765.344 314.235 
v -1423.19 764.822 314.468 
v -1422.88 765.351 314.295 
v -1423.19 764.822 314.468 
v -1423.23 764.929 314.49 
v -1422.88 765.351 314.295 
v -1422.88 765.351 314.295 
v -1423.23 764.929 314.49 
v -1422.95 765.391 314.333 
v -1422.95 765.391 314.333 
v -1423.23 764.929 314.49 
v -1423.26 765.282 314.51 
v -1423.26 765.282 314.51 
v -1423.23 764.929 314.49 
v -1423.34 765.183 314.553 
v -1423.23 764.929 314.49 
v -1423.34 765.061 314.553 
v -1423.34 765.183 314.553 
v -1423.71 763.107 314.717 
v -1423.54 763.027 314.717 
v -1423.62 762.987 314.717 
v -1423.49 762.908 314.713 
v -1423.48 763.033 314.717 
v -1423.35 762.844 314.732 
v -1423.47 763.08 314.717 
v -1423.27 762.765 314.723 
v -1423.09 763.029 314.707 
v -1423.2 763.116 314.713 
v -1423.32 763.163 314.717 
v -1423.45 763.182 314.717 
v -1423.54 763.18 314.717 
v -1423.58 763.287 314.717 
v -1423.71 763.107 313.006 
v -1423.62 762.987 313.006 
v -1423.54 763.027 313.006 
v -1423.49 762.908 313.009 
v -1423.48 763.033 313.006 
v -1423.35 762.844 313.009 
v -1423.47 763.08 313.006 
v -1423.27 762.765 313.009 
v -1423.09 763.029 313.027 
v -1423.2 763.116 313.013 
v -1423.32 763.163 313.006 
v -1423.45 763.182 313.006 
v -1423.54 763.18 313.006 
v -1423.58 763.287 313.006 
v -1421.56 763.783 312.299 
v -1421.56 763.753 312.493 
v -1421.56 763.824 312.488 
v -1421.56 763.696 312.594 
v -1421.56 763.855 312.573 
v -1421.56 763.635 312.647 
v -1421.56 763.865 312.801 
v -1421.56 763.938 312.684 
v -1421.56 763.98 312.602 
v -1421.56 763.924 312.571 
v -1421.56 763.978 312.487 
v -1421.56 763.924 312.571 
v -1421.56 763.98 312.602 
v -1421.56 764.081 312.781 
v -1421.56 764.016 312.844 
v -1421.56 764.084 312.902 
v -1421.56 763.924 312.571 
v -1421.56 763.855 312.573 
v -1421.56 763.938 312.684 
v -1421.56 764.084 312.902 
v -1421.56 764.016 312.844 
v -1421.56 764.003 313.058 
v -1421.56 764.016 312.844 
v -1421.56 763.91 312.857 
v -1421.56 764.003 313.058 
v -1421.56 764.003 313.058 
v -1421.56 763.91 312.857 
v -1421.56 763.677 313.168 
v -1421.56 763.677 313.168 
v -1421.56 763.91 312.857 
v -1421.56 763.622 313.114 
v -1421.56 763.91 312.857 
v -1421.56 763.865 312.801 
v -1421.56 763.622 313.114 
v -1421.56 763.622 313.114 
v -1421.56 763.865 312.801 
v -1421.56 763.535 313.056 
v -1421.56 763.824 312.488 
v -1421.56 763.753 312.493 
v -1421.56 763.855 312.573 
v -1421.56 763.855 312.573 
v -1421.56 763.696 312.594 
v -1421.56 763.865 312.801 
v -1421.56 763.865 312.801 
v -1421.56 763.635 312.647 
v -1421.56 763.535 313.056 
v -1421.56 763.635 312.647 
v -1421.56 763.503 312.708 
v -1421.56 763.535 313.056 
v -1421.56 763.503 312.708 
v -1421.56 763.411 312.846 
v -1421.56 763.535 313.056 
v -1421.56 763.535 313.056 
v -1421.56 763.411 312.846 
v -1421.56 763.481 313.063 
v -1421.56 763.481 313.063 
v -1421.56 763.411 312.846 
v -1421.56 763.419 313.077 
v -1421.56 763.419 313.077 
v -1421.56 763.411 312.846 
v -1421.56 763.389 313.032 
v -1421.56 763.783 315.436 
v -1421.56 763.824 315.247 
v -1421.56 763.753 315.242 
v -1421.56 763.855 315.162 
v -1421.56 763.696 315.141 
v -1421.56 763.865 314.934 
v -1421.56 763.938 315.051 
v -1421.56 763.924 315.164 
v -1421.56 763.98 315.133 
v -1421.56 763.978 315.248 
v -1421.56 764.081 314.954 
v -1421.56 764.084 314.833 
v -1421.56 764.016 314.891 
v -1421.56 764.003 314.677 
v -1421.56 763.91 314.878 
v -1421.56 764.003 314.677 
v -1421.56 763.677 314.568 
v -1421.56 763.91 314.878 
v -1421.56 763.677 314.568 
v -1421.56 763.622 314.622 
v -1421.56 763.91 314.878 
v -1421.56 763.91 314.878 
v -1421.56 763.622 314.622 
v -1421.56 763.865 314.934 
v -1421.56 763.622 314.622 
v -1421.56 763.535 314.679 
v -1421.56 763.865 314.934 
v -1421.56 763.824 315.247 
v -1421.56 763.855 315.162 
v -1421.56 763.753 315.242 
v -1421.56 763.696 315.141 
v -1421.56 763.865 314.934 
v -1421.56 763.635 315.088 
v -1421.56 763.865 314.934 
v -1421.56 763.535 314.679 
v -1421.56 763.635 315.088 
v -1421.56 763.635 315.088 
v -1421.56 763.535 314.679 
v -1421.56 763.503 315.027 
v -1421.56 763.503 315.027 
v -1421.56 763.535 314.679 
v -1421.56 763.411 314.889 
v -1421.56 763.535 314.679 
v -1421.56 763.481 314.673 
v -1421.56 763.411 314.889 
v -1421.56 763.481 314.673 
v -1421.56 763.419 314.658 
v -1421.56 763.411 314.889 
v -1421.56 763.419 314.658 
v -1421.56 763.389 314.703 
v -1421.56 763.411 314.889 
v -1424.73 765.222 313.707 
v -1424.68 765.144 313.696 
v -1424.69 765.151 313.629 
v -1424.34 764.622 314.158 
v -1424.26 764.508 314.135 
v -1424.32 764.6 314.103 
v -1424.45 764.787 313.459 
v -1424.44 764.78 313.561 
v -1424.39 764.702 313.506 
v -1424.69 765.151 313.629 
v -1424.68 765.144 313.696 
v -1424.63 765.066 313.603 
v -1424.68 765.144 313.696 
v -1424.65 765.091 313.74 
v -1424.63 765.066 313.603 
v -1424.63 765.066 313.603 
v -1424.65 765.091 313.74 
v -1424.57 764.966 313.644 
v -1424.65 765.091 313.74 
v -1424.61 765.033 313.878 
v -1424.57 764.966 313.644 
v -1424.57 764.966 313.644 
v -1424.61 765.033 313.878 
v -1424.51 764.874 313.673 
v -1424.61 765.033 313.878 
v -1424.52 764.899 314.061 
v -1424.51 764.874 313.673 
v -1424.52 764.899 314.061 
v -1424.43 764.763 314.098 
v -1424.51 764.874 313.673 
v -1424.43 764.763 314.098 
v -1424.37 764.67 314.054 
v -1424.51 764.874 313.673 
v -1424.51 764.874 313.673 
v -1424.37 764.67 314.054 
v -1424.46 764.805 313.633 
v -1424.37 764.67 314.054 
v -1424.34 764.617 314.057 
v -1424.46 764.805 313.633 
v -1424.26 764.508 314.135 
v -1424.22 764.447 314.066 
v -1424.32 764.6 314.103 
v -1424.32 764.6 314.103 
v -1424.22 764.447 314.066 
v -1424.34 764.617 314.057 
v -1424.22 764.447 314.066 
v -1424.19 764.398 313.939 
v -1424.34 764.617 314.057 
v -1424.34 764.617 314.057 
v -1424.19 764.398 313.939 
v -1424.46 764.805 313.633 
v -1424.19 764.398 313.939 
v -1424.16 764.359 313.853 
v -1424.46 764.805 313.633 
v -1424.16 764.359 313.853 
v -1424.23 764.456 313.609 
v -1424.46 764.805 313.633 
v -1424.23 764.456 313.609 
v -1424.29 764.555 313.541 
v -1424.46 764.805 313.633 
v -1424.46 764.805 313.633 
v -1424.29 764.555 313.541 
v -1424.44 764.78 313.561 
v -1424.29 764.555 313.541 
v -1424.39 764.702 313.506 
v -1424.44 764.78 313.561 

vn 0.0551181 -1 0.00787402 
vn 0.0551181 -1 -0.00787402 
vn 0.0708661 -1 0.00787402 
vn 0.0708661 -1 -0.015748 
vn 0.0629921 -1 0.023622 
vn -0.00787402 -1 -0.00787402 
vn 0.0472441 -1 0.015748 
vn -0.015748 -1 0 
vn -0.133858 -0.992126 -0.015748 
vn -0.023622 -1 0 
vn -0.141732 -0.992126 -0.00787402 
vn -0.19685 -0.976378 -0.023622 
vn -0.15748 -0.984252 -0.00787402 
vn -0.212598 -0.976378 -0.00787402 
vn -0.23622 -0.968504 0 
vn -0.834646 -0.551181 0 
vn -0.834646 -0.551181 0 
vn -0.834646 -0.551181 0 
vn -0.834646 -0.551181 0 
vn -0.834646 -0.551181 0 
vn -0.834646 -0.551181 0 
vn -0.834646 -0.551181 0 
vn -0.834646 -0.551181 0 
vn -0.834646 -0.551181 0 
vn -0.834646 -0.551181 0 
vn -0.834646 -0.551181 0 
vn -0.834646 -0.551181 0 
vn -0.834646 -0.551181 0 
vn -0.834646 -0.551181 0 
vn -0.834646 -0.551181 0 
vn -0.834646 -0.551181 0 
vn -0.834646 -0.551181 0 
vn -0.834646 -0.551181 0 
vn -0.834646 -0.551181 0 
vn -0.834646 -0.551181 0 
vn -0.834646 -0.551181 0 
vn -0.834646 -0.551181 0 
vn -0.834646 -0.551181 0 
vn -0.834646 -0.551181 0 
vn -0.834646 -0.551181 0 
vn -0.834646 -0.551181 0 
vn -0.834646 -0.551181 0 
vn -0.834646 -0.551181 0 
vn -0.834646 -0.551181 0 
vn -0.834646 -0.551181 0 
vn -0.834646 -0.551181 0 
vn -0.834646 -0.551181 0 
vn -0.834646 -0.551181 0 
vn -0.834646 -0.551181 0 
vn -0.834646 -0.551181 0 
vn -0.834646 -0.551181 0 
vn -0.834646 -0.551181 0 
vn -0.834646 -0.551181 0 
vn -0.834646 -0.551181 0 
vn -0.834646 -0.551181 0 
vn -0.834646 -0.551181 0 
vn -0.834646 -0.551181 0 
vn -0.834646 -0.551181 0 
vn -0.834646 -0.551181 0 
vn -0.834646 -0.551181 0 
vn -0.834646 -0.551181 0 
vn -0.834646 -0.551181 0 
vn -0.834646 -0.551181 0 
vn -0.834646 -0.551181 0 
vn -0.834646 -0.551181 0 
vn -0.834646 -0.551181 0 
vn -0.834646 -0.551181 0 
vn -0.834646 -0.551181 0 
vn -0.834646 -0.551181 0 
vn -0.834646 -0.551181 0 
vn -0.834646 -0.551181 0 
vn -0.834646 -0.551181 0 
vn -0.834646 -0.551181 0 
vn -0.834646 -0.551181 0 
vn -0.834646 -0.551181 0 
vn -0.834646 -0.551181 0 
vn -0.834646 -0.551181 0 
vn -0.834646 -0.551181 0 
vn -0.834646 -0.551181 0 
vn -0.834646 -0.551181 0 
vn -0.834646 -0.551181 0 
vn 1 0 0 
vn 1 0 0 
vn 1 0 0 
vn 1 0 0 
vn 1 0 0 
vn 1 0 0 
vn 1 0 0 
vn 1 0 0 
vn 1 0 0 
vn 1 0 0 
vn 1 0 0 
vn 1 0 0 
vn 1 0 0 
vn 1 0 0 
vn 1 0 0 
vn 1 0 0 
vn 1 0 0 
vn 1 0 0 
vn 1 0 0 
vn 1 0 0 
vn 1 0 0 
vn 1 0 0 
vn 1 0 0 
vn 1 0 0 
vn 1 0 0 
vn 1 0 0 
vn 1 0 0 
vn 1 0 0 
vn 1 0 0 
vn 1 0 0 
vn 1 0 0 
vn 1 0 0 
vn 1 0 0 
vn 1 0 0 
vn 1 0 0 
vn 1 0 0 
vn 1 0 0 
vn 1 0 0 
vn 1 0 0 
vn 1 0 0 
vn 1 0 0 
vn 1 0 0 
vn 1 0 0 
vn 1 0 0 
vn 1 0 0 
vn 1 0 0 
vn 1 0 0 
vn 1 0 0 
vn 1 0 0 
vn 1 0 0 
vn 1 0 0 
vn 1 0 0 
vn 1 0 0 
vn 1 0 0 
vn 1 0 0 
vn 1 0 0 
vn 1 0 0 
vn 1 0 0 
vn 1 0 0 
vn 1 0 0 
vn 1 0 0 
vn 1 0 0 
vn 1 0 0 
vn 1 0 0 
vn 1 0 0 
vn 1 0 0 
vn 1 0 0 
vn 1 0 0 
vn 1 0 0 
vn 1 0 0 
vn 1 0 0 
vn 1 0 0 
vn 1 0 0 
vn 1 0 0 
vn 1 0 0 
vn 1 0 0 
vn 1 0 0 
vn 1 0 0 
vn 1 0 0 
vn 1 0 0 
vn 1 0 0 
vn 1 0 0 
vn 1 0 0 
vn 1 0 0 
vn 1 0 0 
vn 1 0 0 
vn 1 0 0 
vn 1 0 0 
vn 1 0 0 
vn 1 0 0 
vn 1 0 0 
vn 1 0 0 
vn 1 0 0 
vn 1 0 0 
vn 1 0 0 
vn 1 0 0 
vn 1 0 0 
vn 1 0 0 
vn 1 0 0 
vn 1 0 0 
vn 1 0 0 
vn 1 0 0 
vn 1 0 0 
vn 1 0 0 
vn 1 0 0 
vn 1 0 0 
vn 1 0 0 
vn 1 0 0 
vn 1 0 0 
vn 1 0 0 
vn 1 0 0 
vn 1 0 0 
vn 1 0 0 
vn 1 0 0 
vn 1 0 0 
vn 1 0 0 
vn 1 0 0 
vn 1 0 0 
vn 1 0 0 
vn 1 0 0 
vn 1 0 0 
vn 1 0 0 
vn 1 0 0 
vn 1 0 0 
vn 1 0 0 
vn 1 0 0 
vn 1 0 0 
vn 1 0 0 
vn 1 0 0 
vn 1 0 0 
vn 1 0 0 
vn 1 0 0 
vn 1 0 0 
vn 1 0 0 
vn 1 0 0 
vn 1 0 0 
vn 1 0 0 
vn 1 0 0 
vn 1 0 0 
vn 1 0 0 
vn 1 0 0 
vn 1 0 0 
vn 1 0 0 
vn 1 0 0 
vn 1 0 0 
vn 1 0 0 
vn 1 0 0 
vn 1 0 0 
vn 1 0 0 
vn 1 0 0 
vn 1 0 0 
vn 1 0 0 
vn 1 0 0 
vn 1 0 0 
vn 1 0 0 
vn 1 0 0 
vn 1 0 0 
vn 1 0 0 
vn 1 0 0 
vn 1 0 0 
vn 1 0 0 
vn 1 0 0 
vn 1 0 0 
vn 1 0 0 
vn 1 0 0 
vn 1 0 0 
vn 1 0 0 
vn 1 0 0 
vn 1 0 0 
vn 1 0 0 
vn 1 0 0 
vn 1 0 0 
vn 1 0 0 
vn 1 0 0 
vn 1 0 0 
vn 1 0 0 
vn 1 0 0 
vn 1 0 0 
vn 1 0 0 
vn 1 0 0 
vn 1 0 0 
vn 1 0 0 
vn 1 0 0 
vn 1 0 0 
vn 1 0 0 
vn 1 0 0 
vn 1 0 0 
vn 1 0 0 
vn 1 0 0 
vn 1 0 0 
vn 1 0 0 
vn 1 0 0 
vn 1 0 0 
vn 1 0 0 
vn 1 0 0 
vn 1 0 0 
vn 1 0 0 
vn 1 0 0 
vn 1 0 0 
vn 1 0 0 
vn 1 0 0 
vn 1 0 0 
vn 1 0 0 
vn 1 0 0 
vn 1 0 0 
vn 1 0 0 
vn 1 0 0 
vn 1 0 0 
vn 1 0 0 
vn 1 0 0 
vn 1 0 0 
vn 1 0 0 
vn 1 0 0 
vn 1 0 0 
vn 1 0 0 
vn 1 0 0 
vn 1 0 0 
vn 1 0 0 
vn 0 -0.0314961 1 
vn 0 -0.0314961 1 
vn 0 -0.0314961 1 
vn -0.00787402 -0.0314961 1 
vn -0.015748 0 1 
vn -0.00787402 -0.015748 1 
vn 0 -0.00787402 1 
vn 0 -0.015748 1 
vn -0.023622 -0.00787402 1 
vn -0.0393701 0.00787402 1 
vn -0.015748 0 1 
vn 0.00787402 -0.00787402 1 
vn 0 0.00787402 1 
vn 0 -0.0393701 1 
vn 0.023622 -0.00787402 1 
vn 0 0.015748 1 
vn 0.0472441 0 1 
vn -0.023622 -0.0314961 1 
vn -0.023622 -0.0314961 1 
vn -0.015748 0.015748 1 
vn 0.023622 0.0393701 1 
vn 0 0.0314961 1 
vn -0.0393701 -0.023622 1 
vn -0.023622 -0.0314961 1 
vn -0.015748 -0.023622 1 
vn 0 -0.0314961 1 
vn -0.023622 -0.0393701 1 
vn -0.00787402 -0.0472441 1 
vn 0 -0.0393701 1 
vn -0.0314961 0.015748 1 
vn 0 0 1 
vn 0 0 1 
vn 0 0 1 
vn -0.0787402 -0.00787402 1 
vn -0.0472441 -0.023622 1 
vn 0.00787402 -0.015748 1 
vn 0.00787402 -0.015748 1 
vn 0 0 1 
vn 0 -0.0314961 -1 
vn 0 -0.0314961 -1 
vn 0 -0.0314961 -1 
vn -0.00787402 -0.0314961 -1 
vn -0.015748 -0.0314961 -1 
vn -0.015748 -0.023622 -1 
vn -0.023622 -0.00787402 -1 
vn 0.00787402 -0.015748 -1 
vn 0 -0.00787402 -1 
vn 0.023622 -0.015748 -1 
vn 0.0314961 -0.023622 -1 
vn 0.023622 -0.023622 -1 
vn 0.015748 -0.0314961 -1 
vn 0 -0.023622 -1 
vn 0.00787402 -0.0314961 -1 
vn -0.00787402 -0.015748 -1 
vn -0.00787402 -0.0393701 -1 
vn 0 -0.0393701 -1 
vn 0 -0.015748 -1 
vn -0.00787402 -0.0314961 -1 
vn 0 -0.0314961 -1 
vn 0 -0.0314961 -1 
vn 0 -0.0314961 -1 
vn -0.0314961 -0.0393701 -1 
vn -0.023622 -0.0314961 -1 
vn -0.0393701 -0.0393701 -1 
vn -0.0472441 -0.0472441 -1 
vn -0.00787402 -0.00787402 -1 
vn 0 -0.00787402 -1 
vn 0.00787402 -0.00787402 -1 
vn 0 0 -1 
vn 0 0 -1 
vn 0 0 -1 
vn 0 -0.023622 -1 
vn 0 -0.0314961 -1 
vn 0.00787402 -0.015748 -1 
vn 0.00787402 -0.015748 -1 
vn 0 0 -1 
vn 0.488189 0 0.874016 
vn 0.488189 0 0.874016 
vn 0.488189 0 0.874016 
vn 0.488189 0 0.874016 
vn 0.488189 0 0.874016 
vn 0.488189 0 0.874016 
vn 0.488189 0 0.874016 
vn 0.488189 0 0.874016 
vn 0.488189 0 0.874016 
vn 0.488189 0 0.874016 
vn 0.488189 0 0.874016 
vn 0.488189 0 0.874016 
vn 0.488189 0 0.874016 
vn 0.488189 0 0.874016 
vn 0.488189 0 0.874016 
vn 0.488189 0 0.874016 
vn 0.488189 0 0.874016 
vn 0.488189 0 0.874016 
vn 0.488189 0 0.874016 
vn 0.488189 0 0.874016 
vn 0.488189 0 0.874016 
vn 0.488189 0 0.874016 
vn 0.488189 0 0.874016 
vn 0.488189 0 0.874016 
vn 0.488189 0 0.874016 
vn 0.488189 0 0.874016 
vn 0.488189 0 0.874016 
vn 0.488189 0 0.874016 
vn 0.488189 0 0.874016 
vn 0.488189 0 0.874016 
vn 0.488189 0 0.874016 
vn 0.488189 0 0.874016 
vn 0.488189 0 0.874016 
vn 0.488189 0 0.874016 
vn 0.488189 0 0.874016 
vn 0.488189 0 0.874016 
vn 0.488189 0 0.874016 
vn 0.488189 0 0.874016 
vn 0.488189 0 0.874016 
vn 0.488189 0 0.874016 
vn 0.488189 0 0.874016 
vn 0.488189 0 0.874016 
vn 0.488189 0 0.874016 
vn 0.488189 0 0.874016 
vn 0.488189 0 0.874016 
vn 0.488189 0 0.874016 
vn 0.488189 0 0.874016 
vn 0.488189 0 0.874016 
vn 0.488189 0 0.874016 
vn 0.488189 0 0.874016 
vn 0.488189 0 0.874016 
vn 0.488189 0 0.874016 
vn 0.488189 0 0.874016 
vn 0.488189 0 0.874016 
vn 0.488189 0 0.874016 
vn 0.488189 0 0.874016 
vn 0.488189 0 0.874016 
vn 0.488189 0 0.874016 
vn 0.488189 0 0.874016 
vn 0.488189 0 0.874016 
vn 0.488189 0 0.874016 
vn 0.488189 0 0.874016 
vn 0.488189 0 0.874016 
vn 0.488189 0 0.874016 
vn 0.488189 0 0.874016 
vn 0.488189 0 0.874016 
vn 0.488189 0 0.874016 
vn 0.488189 0 0.874016 
vn 0.488189 0 0.874016 
vn 0.488189 0 0.874016 
vn 0.488189 0 0.874016 
vn 0.488189 0 0.874016 
vn 0.488189 0 0.874016 
vn 0.488189 0 0.874016 
vn 0.488189 0 0.874016 
vn 0.488189 0 0.874016 
vn 0.488189 0 0.874016 
vn 0.488189 0 0.874016 
vn 0.488189 0 0.874016 
vn 0.488189 0 0.874016 
vn 0.488189 0 0.874016 
vn 0.488189 0 0.874016 
vn 0.488189 0 0.874016 
vn 0.488189 0 0.874016 
vn 0.488189 0 0.874016 
vn 0.488189 0 0.874016 
vn 0.488189 0 0.874016 
vn 0.488189 0 0.874016 
vn 0.488189 0 0.874016 
vn 0.488189 0 0.874016 
vn 0.488189 0 0.874016 
vn 0.488189 0 0.874016 
vn 0.488189 0 0.874016 
vn 0.488189 0 0.874016 
vn 0.488189 0 0.874016 
vn 0.488189 0 0.874016 
vn 0.488189 0 0.874016 
vn 0.488189 0 0.874016 
vn 0.488189 0 0.874016 
vn 0.488189 0 0.874016 
vn 0.488189 0 0.874016 
vn 0.488189 0 0.874016 
vn 0.488189 0 0.874016 
vn 0.488189 0 0.874016 
vn 0.488189 0 0.874016 
vn 0.488189 0 0.874016 
vn 0.488189 0 0.874016 
vn 0.488189 0 0.874016 
vn 0.488189 0 0.874016 
vn 0.488189 0 0.874016 
vn 0.488189 0 0.874016 
vn 0.488189 0 0.874016 
vn 0.488189 0 0.874016 
vn 0.488189 0 0.874016 
vn 0.488189 0 0.874016 
vn 0.488189 0 0.874016 
vn 0.488189 0 0.874016 
vn 0.488189 0 0.874016 
vn 0.488189 0 0.874016 
vn 0.488189 0 0.874016 
vn 0.488189 0 0.874016 
vn 0.488189 0 0.874016 
vn 0.488189 0 0.874016 
vn 0.488189 0 0.874016 
vn 0.488189 0 0.874016 
vn 0.488189 0 0.874016 
vn 0.488189 0 -0.874016 
vn 0.488189 0 -0.874016 
vn 0.488189 0 -0.874016 
vn 0.488189 0 -0.874016 
vn 0.488189 0 -0.874016 
vn 0.488189 0 -0.874016 
vn 0.488189 0 -0.874016 
vn 0.488189 0 -0.874016 
vn 0.488189 0 -0.874016 
vn 0.488189 0 -0.874016 
vn 0.488189 0 -0.874016 
vn 0.488189 0 -0.874016 
vn 0.488189 0 -0.874016 
vn 0.488189 0 -0.874016 
vn 0.488189 0 -0.874016 
vn 0.488189 0 -0.874016 
vn 0.488189 0 -0.874016 
vn 0.488189 0 -0.874016 
vn 0.488189 0 -0.874016 
vn 0.488189 0 -0.874016 
vn 0.488189 0 -0.874016 
vn 0.488189 0 -0.874016 
vn 0.488189 0 -0.874016 
vn 0.488189 0 -0.874016 
vn 0.488189 0 -0.874016 
vn 0.488189 0 -0.874016 
vn 0.488189 0 -0.874016 
vn 0.488189 0 -0.874016 
vn 0.488189 0 -0.874016 
vn 0.488189 0 -0.874016 
vn 0.488189 0 -0.874016 
vn 0.488189 0 -0.874016 
vn 0.488189 0 -0.874016 
vn 0.488189 0 -0.874016 
vn 0.488189 0 -0.874016 
vn 0.488189 0 -0.874016 
vn 0.488189 0 -0.874016 
vn 0.488189 0 -0.874016 
vn 0.488189 0 -0.874016 
vn 0.488189 0 -0.874016 
vn 0.488189 0 -0.874016 
vn 0.488189 0 -0.874016 
vn 0.488189 0 -0.874016 
vn 0.488189 0 -0.874016 
vn 0.488189 0 -0.874016 
vn 0.488189 0 -0.874016 
vn 0.488189 0 -0.874016 
vn 0.488189 0 -0.874016 
vn 0.488189 0 -0.874016 
vn 0.488189 0 -0.874016 
vn 0.488189 0 -0.874016 
vn 0.488189 0 -0.874016 
vn 0.488189 0 -0.874016 
vn 0.488189 0 -0.874016 
vn 0.488189 0 -0.874016 
vn 0.488189 0 -0.874016 
vn 0.488189 0 -0.874016 
vn 0.488189 0 -0.874016 
vn 0.488189 0 -0.874016 
vn 0.488189 0 -0.874016 
vn 0.488189 0 -0.874016 
vn 0.488189 0 -0.874016 
vn 0.488189 0 -0.874016 
vn 0.488189 0 -0.874016 
vn 0.488189 0 -0.874016 
vn 0.488189 0 -0.874016 
vn 0.488189 0 -0.874016 
vn 0.488189 0 -0.874016 
vn 0.488189 0 -0.874016 
vn 0.488189 0 -0.874016 
vn 0.488189 0 -0.874016 
vn 0.488189 0 -0.874016 
vn 0.488189 0 -0.874016 
vn 0.488189 0 -0.874016 
vn 0.488189 0 -0.874016 
vn 0.488189 0 -0.874016 
vn 0.488189 0 -0.874016 
vn 0.488189 0 -0.874016 
vn 0.488189 0 -0.874016 
vn 0.488189 0 -0.874016 
vn 0.488189 0 -0.874016 
vn 0.488189 0 -0.874016 
vn 0.488189 0 -0.874016 
vn 0.488189 0 -0.874016 
vn 0.488189 0 -0.874016 
vn 0.488189 0 -0.874016 
vn 0.488189 0 -0.874016 
vn 0.488189 0 -0.874016 
vn 0.488189 0 -0.874016 
vn 0.488189 0 -0.874016 
vn 0.488189 0 -0.874016 
vn 0.488189 0 -0.874016 
vn 0.488189 0 -0.874016 
vn 0.488189 0 -0.874016 
vn 0.488189 0 -0.874016 
vn 0.488189 0 -0.874016 
vn 0.488189 0 -0.874016 
vn 0.488189 0 -0.874016 
vn 0.488189 0 -0.874016 
vn 0.488189 0 -0.874016 
vn 0.488189 0 -0.874016 
vn 0.488189 0 -0.874016 
vn 0.488189 0 -0.874016 
vn 0.488189 0 -0.874016 
vn 0.488189 0 -0.874016 
vn 0.488189 0 -0.874016 
vn 0.488189 0 -0.874016 
vn 0.488189 0 -0.874016 
vn 0.488189 0 -0.874016 
vn 0.488189 0 -0.874016 
vn 0.488189 0 -0.874016 
vn 0.488189 0 -0.874016 
vn 0.488189 0 -0.874016 
vn 0.488189 0 -0.874016 
vn 0.488189 0 -0.874016 
vn 0.488189 0 -0.874016 
vn 0.488189 0 -0.874016 
vn 0.488189 0 -0.874016 
vn 0.488189 0 -0.874016 
vn 0.488189 0 -0.874016 
vn 0.488189 0 -0.874016 
vn 0.488189 0 -0.874016 
vn 0.488189 0 -0.874016 
vn 0.488189 0 -0.874016 
vn 0.488189 0 -0.874016 
vn 0.488189 0 -0.874016 
vn -0.488189 0 0.874016 
vn -0.488189 0 0.874016 
vn -0.488189 0 0.874016 
vn -0.488189 0 0.874016 
vn -0.488189 0 0.874016 
vn -0.488189 0 0.874016 
vn -0.488189 0 0.874016 
vn -0.488189 0 0.874016 
vn -0.488189 0 0.874016 
vn -0.488189 0 0.874016 
vn -0.488189 0 0.874016 
vn -0.488189 0 0.874016 
vn -0.488189 0 0.874016 
vn -0.488189 0 0.874016 
vn -0.488189 0 0.874016 
vn -0.488189 0 0.874016 
vn -0.488189 0 0.874016 
vn -0.488189 0 0.874016 
vn -0.488189 0 0.874016 
vn -0.488189 0 0.874016 
vn -0.488189 0 0.874016 
vn -0.488189 0 0.874016 
vn -0.488189 0 0.874016 
vn -0.488189 0 0.874016 
vn -0.488189 0 0.874016 
vn -0.488189 0 0.874016 
vn -0.488189 0 0.874016 
vn -0.488189 0 0.874016 
vn -0.488189 0 0.874016 
vn -0.488189 0 0.874016 
vn -0.488189 0 0.874016 
vn -0.488189 0 0.874016 
vn -0.488189 0 0.874016 
vn -0.488189 0 0.874016 
vn -0.488189 0 0.874016 
vn -0.488189 0 0.874016 
vn -0.488189 0 0.874016 
vn -0.488189 0 0.874016 
vn -0.488189 0 0.874016 
vn -0.488189 0 0.874016 
vn -0.488189 0 0.874016 
vn -0.488189 0 0.874016 
vn -0.488189 0 0.874016 
vn -0.488189 0 0.874016 
vn -0.488189 0 0.874016 
vn -0.488189 0 0.874016 
vn -0.488189 0 0.874016 
vn -0.488189 0 0.874016 
vn -0.488189 0 0.874016 
vn -0.488189 0 0.874016 
vn -0.488189 0 0.874016 
vn -0.488189 0 0.874016 
vn -0.488189 0 0.874016 
vn -0.488189 0 0.874016 
vn -0.488189 0 0.874016 
vn -0.488189 0 0.874016 
vn -0.488189 0 0.874016 
vn -0.488189 0 0.874016 
vn -0.488189 0 0.874016 
vn -0.488189 0 0.874016 
vn -0.488189 0 0.874016 
vn -0.488189 0 0.874016 
vn -0.488189 0 0.874016 
vn -0.488189 0 0.874016 
vn -0.488189 0 0.874016 
vn -0.488189 0 0.874016 
vn -0.488189 0 0.874016 
vn -0.488189 0 0.874016 
vn -0.488189 0 0.874016 
vn -0.488189 0 0.874016 
vn -0.488189 0 0.874016 
vn -0.488189 0 0.874016 
vn -0.488189 0 0.874016 
vn -0.488189 0 0.874016 
vn -0.488189 0 0.874016 
vn -0.488189 0 0.874016 
vn -0.488189 0 0.874016 
vn -0.488189 0 0.874016 
vn -0.488189 0 0.874016 
vn -0.488189 0 0.874016 
vn -0.488189 0 0.874016 
vn -0.488189 0 0.874016 
vn -0.488189 0 0.874016 
vn -0.488189 0 0.874016 
vn -0.488189 0 0.874016 
vn -0.488189 0 0.874016 
vn -0.488189 0 0.874016 
vn -0.488189 0 0.874016 
vn -0.488189 0 0.874016 
vn -0.488189 0 0.874016 
vn -0.488189 0 0.874016 
vn -0.488189 0 0.874016 
vn -0.488189 0 0.874016 
vn -0.488189 0 0.874016 
vn -0.488189 0 0.874016 
vn -0.488189 0 0.874016 
vn -0.488189 0 0.874016 
vn -0.488189 0 0.874016 
vn -0.488189 0 0.874016 
vn -0.488189 0 0.874016 
vn -0.488189 0 0.874016 
vn -0.488189 0 0.874016 
vn -0.488189 0 0.874016 
vn -0.488189 0 0.874016 
vn -0.488189 0 0.874016 
vn -0.488189 0 0.874016 
vn -0.488189 0 0.874016 
vn -0.488189 0 0.874016 
vn -0.488189 0 0.874016 
vn -0.488189 0 0.874016 
vn -0.488189 0 0.874016 
vn -0.488189 0 0.874016 
vn -0.488189 0 0.874016 
vn -0.488189 0 0.874016 
vn -0.488189 0 0.874016 
vn -0.488189 0 0.874016 
vn -0.488189 0 0.874016 
vn -0.488189 0 0.874016 
vn -0.488189 0 0.874016 
vn -0.488189 0 0.874016 
vn -0.488189 0 0.874016 
vn -0.488189 0 0.874016 
vn -0.488189 0 0.874016 
vn -0.488189 0 0.874016 
vn -0.488189 0 0.874016 
vn -0.488189 0 0.874016 
vn -0.488189 0 -0.874016 
vn -0.488189 0 -0.874016 
vn -0.488189 0 -0.874016 
vn -0.488189 0 -0.874016 
vn -0.488189 0 -0.874016 
vn -0.488189 0 -0.874016 
vn -0.488189 0 -0.874016 
vn -0.488189 0 -0.874016 
vn -0.488189 0 -0.874016 
vn -0.488189 0 -0.874016 
vn -0.488189 0 -0.874016 
vn -0.488189 0 -0.874016 
vn -0.488189 0 -0.874016 
vn -0.488189 0 -0.874016 
vn -0.488189 0 -0.874016 
vn -0.488189 0 -0.874016 
vn -0.488189 0 -0.874016 
vn -0.488189 0 -0.874016 
vn -0.488189 0 -0.874016 
vn -0.488189 0 -0.874016 
vn -0.488189 0 -0.874016 
vn -0.488189 0 -0.874016 
vn -0.488189 0 -0.874016 
vn -0.488189 0 -0.874016 
vn -0.488189 0 -0.874016 
vn -0.488189 0 -0.874016 
vn -0.488189 0 -0.874016 
vn -0.488189 0 -0.874016 
vn -0.488189 0 -0.874016 
vn -0.488189 0 -0.874016 
vn -0.488189 0 -0.874016 
vn -0.488189 0 -0.874016 
vn -0.488189 0 -0.874016 
vn -0.488189 0 -0.874016 
vn -0.488189 0 -0.874016 
vn -0.488189 0 -0.874016 
vn -0.488189 0 -0.874016 
vn -0.488189 0 -0.874016 
vn -0.488189 0 -0.874016 
vn -0.488189 0 -0.874016 
vn -0.488189 0 -0.874016 
vn -0.488189 0 -0.874016 
vn -0.488189 0 -0.874016 
vn -0.488189 0 -0.874016 
vn -0.488189 0 -0.874016 
vn -0.488189 0 -0.874016 
vn -0.488189 0 -0.874016 
vn -0.488189 0 -0.874016 
vn -0.488189 0 -0.874016 
vn -0.488189 0 -0.874016 
vn -0.488189 0 -0.874016 
vn -0.488189 0 -0.874016 
vn -0.488189 0 -0.874016 
vn -0.488189 0 -0.874016 
vn -0.488189 0 -0.874016 
vn -0.488189 0 -0.874016 
vn -0.488189 0 -0.874016 
vn -0.488189 0 -0.874016 
vn -0.488189 0 -0.874016 
vn -0.488189 0 -0.874016 
vn -0.488189 0 -0.874016 
vn -0.488189 0 -0.874016 
vn -0.488189 0 -0.874016 
vn -0.488189 0 -0.874016 
vn -0.488189 0 -0.874016 
vn -0.488189 0 -0.874016 
vn -0.488189 0 -0.874016 
vn -0.488189 0 -0.874016 
vn -0.488189 0 -0.874016 
vn -0.488189 0 -0.874016 
vn -0.488189 0 -0.874016 
vn -0.488189 0 -0.874016 
vn -0.488189 0 -0.874016 
vn -0.488189 0 -0.874016 
vn -0.488189 0 -0.874016 
vn -0.488189 0 -0.874016 
vn -0.488189 0 -0.874016 
vn -0.488189 0 -0.874016 
vn -0.488189 0 -0.874016 
vn -0.488189 0 -0.874016 
vn -0.488189 0 -0.874016 
vn -0.488189 0 -0.874016 
vn -0.488189 0 -0.874016 
vn -0.488189 0 -0.874016 
vn -0.488189 0 -0.874016 
vn -0.488189 0 -0.874016 
vn -0.488189 0 -0.874016 
vn -0.488189 0 -0.874016 
vn -0.488189 0 -0.874016 
vn -0.488189 0 -0.874016 
vn -0.488189 0 -0.874016 
vn -0.488189 0 -0.874016 
vn -0.488189 0 -0.874016 
vn -0.488189 0 -0.874016 
vn -0.488189 0 -0.874016 
vn -0.488189 0 -0.874016 
vn -0.488189 0 -0.874016 
vn -0.488189 0 -0.874016 
vn -0.488189 0 -0.874016 
vn -0.488189 0 -0.874016 
vn -0.488189 0 -0.874016 
vn -0.488189 0 -0.874016 
vn -0.488189 0 -0.874016 
vn -0.488189 0 -0.874016 
vn -0.488189 0 -0.874016 
vn -0.488189 0 -0.874016 
vn -0.488189 0 -0.874016 
vn -0.488189 0 -0.874016 
vn -0.488189 0 -0.874016 
vn -0.488189 0 -0.874016 
vn -0.488189 0 -0.874016 
vn -0.488189 0 -0.874016 
vn -0.488189 0 -0.874016 
vn -0.488189 0 -0.874016 
vn -0.488189 0 -0.874016 
vn -0.488189 0 -0.874016 
vn -0.488189 0 -0.874016 
vn -0.488189 0 -0.874016 
vn -0.488189 0 -0.874016 
vn -0.488189 0 -0.874016 
vn -0.488189 0 -0.874016 
vn -0.488189 0 -0.874016 
vn -0.488189 0 -0.874016 
vn -0.488189 0 -0.874016 
vn -0.488189 0 -0.874016 
vn -0.488189 0 -0.874016 
vn 0 0 -1 
vn -0.00787402 0.015748 -1 
vn -0.00787402 0.00787402 -1 
vn 0.0472441 0.023622 -1 
vn 0.0787402 0.00787402 -1 
vn 0.00787402 -0.015748 -1 
vn 0.0314961 -0.015748 -1 
vn -0.102362 0.00787402 -0.992126 
vn -0.0866142 -0.00787402 -0.992126 
vn -0.0629921 -0.0314961 -1 
vn -0.00787402 -0.0314961 -1 
vn 0 0 -1 
vn 0 0 -1 
vn 0 0 -1 
vn 0 0 1 
vn -0.00787402 0.00787402 1 
vn -0.00787402 0.015748 1 
vn 0 0.0314961 1 
vn 0 0.023622 1 
vn -0.0314961 0.00787402 1 
vn -0.00787402 0.00787402 1 
vn -0.0393701 -0.0393701 1 
vn -0.0708661 0 1 
vn -0.0708661 0.0314961 1 
vn -0.015748 0.00787402 1 
vn 0 0 1 
vn 0 0 1 
vn 0 0 1 
vn -1 0 0 
vn -1 0 0 
vn -1 0 0 
vn -1 0 0 
vn -1 0 0 
vn -1 0 0 
vn -1 0 0 
vn -1 0 0 
vn -1 0 0 
vn -1 0 0 
vn -1 0 0 
vn -1 0 0 
vn -1 0 0 
vn -1 0 0 
vn -1 0 0 
vn -1 0 0 
vn -1 0 0 
vn -1 0 0 
vn -1 0 0 
vn -1 0 0 
vn -1 0 0 
vn -1 0 0 
vn -1 0 0 
vn -1 0 0 
vn -1 0 0 
vn -1 0 0 
vn -1 0 0 
vn -1 0 0 
vn -1 0 0 
vn -1 0 0 
vn -1 0 0 
vn -1 0 0 
vn -1 0 0 
vn -1 0 0 
vn -1 0 0 
vn -1 0 0 
vn -1 0 0 
vn -1 0 0 
vn -1 0 0 
vn -1 0 0 
vn -1 0 0 
vn -1 0 0 
vn -1 0 0 
vn -1 0 0 
vn -1 0 0 
vn -1 0 0 
vn -1 0 0 
vn -1 0 0 
vn -1 0 0 
vn -1 0 0 
vn -1 0 0 
vn -1 0 0 
vn -1 0 0 
vn -1 0 0 
vn -1 0 0 
vn -1 0 0 
vn -1 0 0 
vn -1 0 0 
vn -1 0 0 
vn -1 0 0 
vn -1 0 0 
vn -1 0 0 
vn -1 0 0 
vn -1 0 0 
vn -1 0 0 
vn -1 0 0 
vn -1 0 0 
vn -1 0 0 
vn -1 0 0 
vn -1 0 0 
vn -1 0 0 
vn -1 0 0 
vn -1 0 0 
vn -1 0 0 
vn -1 0 0 
vn -1 0 0 
vn -1 0 0 
vn -1 0 0 
vn -1 0 0 
vn -1 0 0 
vn -1 0 0 
vn -1 0 0 
vn -1 0 0 
vn -1 0 0 
vn -1 0 0 
vn -1 0 0 
vn -1 0 0 
vn -1 0 0 
vn -1 0 0 
vn -1 0 0 
vn -1 0 0 
vn -1 0 0 
vn -1 0 0 
vn -1 0 0 
vn -1 0 0 
vn -1 0 0 
vn -1 0 0 
vn -1 0 0 
vn -1 0 0 
vn -1 0 0 
vn -1 0 0 
vn -1 0 0 
vn -1 0 0 
vn -1 0 0 
vn -1 0 0 
vn -1 0 0 
vn -1 0 0 
vn -1 0 0 
vn -1 0 0 
vn -1 0 0 
vn -1 0 0 
vn -1 0 0 
vn 0.834646 0.551181 0 
vn 0.834646 0.551181 0 
vn 0.834646 0.551181 0 
vn 0.834646 0.551181 0 
vn 0.834646 0.551181 0 
vn 0.834646 0.551181 0 
vn 0.834646 0.551181 0 
vn 0.834646 0.551181 0 
vn 0.834646 0.551181 0 
vn 0.834646 0.551181 0 
vn 0.834646 0.551181 0 
vn 0.834646 0.551181 0 
vn 0.834646 0.551181 0 
vn 0.834646 0.551181 0 
vn 0.834646 0.551181 0 
vn 0.834646 0.551181 0 
vn 0.834646 0.551181 0 
vn 0.834646 0.551181 0 
vn 0.834646 0.551181 0 
vn 0.834646 0.551181 0 
vn 0.834646 0.551181 0 
vn 0.834646 0.551181 0 
vn 0.834646 0.551181 0 
vn 0.834646 0.551181 0 
vn 0.834646 0.551181 0 
vn 0.834646 0.551181 0 
vn 0.834646 0.551181 0 
vn 0.834646 0.551181 0 
vn 0.834646 0.551181 0 
vn 0.834646 0.551181 0 
vn 0.834646 0.551181 0 
vn 0.834646 0.551181 0 
vn 0.834646 0.551181 0 
vn 0.834646 0.551181 0 
vn 0.834646 0.551181 0 
vn 0.834646 0.551181 0 
vn 0.834646 0.551181 0 
vn 0.834646 0.551181 0 
vn 0.834646 0.551181 0 
vn 0.834646 0.551181 0 
vn 0.834646 0.551181 0 
vn 0.834646 0.551181 0 
vn 0.834646 0.551181 0 
vn 0.834646 0.551181 0 
vn 0.834646 0.551181 0 
vn 0.834646 0.551181 0 
vn 0.834646 0.551181 0 
vn 0.834646 0.551181 0 
vn 0.834646 0.551181 0 
vn 0.834646 0.551181 0 
vn 0.834646 0.551181 0 
vn 0.834646 0.551181 0 
vn 0.834646 0.551181 0 
vn 0.834646 0.551181 0 
vn 0.834646 0.551181 0 
vn 0.834646 0.551181 0 
vn 0.834646 0.551181 0 
vn 0.834646 0.551181 0 
vn 0.834646 0.551181 0 
vn 0.834646 0.551181 0 
vn 0.834646 0.551181 0 
vn 0.834646 0.551181 0 
vn 0.834646 0.551181 0 
vn 0.834646 0.551181 0 
vn 0.834646 0.551181 0 
vn 0.834646 0.551181 0 

vt 0.905979 0.200081 
vt 0.93125 0.00818139 
vt 0.993597 0.200081 
vt 0.993597 0.0063203 
vt 0.993597 0.394199 
vt 0.872075 0.00963026 
vt 0.88208 0.392432 
vt 0.822623 0.200081 
vt 0.714659 0.00795168 
vt 0.775856 0.39074 
vt 0.69792 0.200081 
vt 0.606247 0.0066579 
vt 0.681182 0.392567 
vt 0.606247 0.200081 
vt 0.606247 0.393505 
vt 0.399099 0.118908 
vt 0.41169 0.113216 
vt 0.40514 0.0882826 
vt 0.5552 0.166708 
vt 0.545275 0.143614 
vt 0.532428 0.164498 
vt 0.51482 0.263779 
vt 0.521272 0.241152 
vt 0.499941 0.26175 
vt 0.499941 0.26175 
vt 0.521272 0.241152 
vt 0.490323 0.247244 
vt 0.521272 0.241152 
vt 0.512672 0.214025 
vt 0.490323 0.247244 
vt 0.490323 0.247244 
vt 0.512672 0.214025 
vt 0.459707 0.230842 
vt 0.512672 0.214025 
vt 0.506714 0.189196 
vt 0.459707 0.230842 
vt 0.459707 0.230842 
vt 0.506714 0.189196 
vt 0.419339 0.193815 
vt 0.419339 0.193815 
vt 0.506714 0.189196 
vt 0.411825 0.157129 
vt 0.411825 0.157129 
vt 0.506714 0.189196 
vt 0.422347 0.132174 
vt 0.506714 0.189196 
vt 0.516082 0.170743 
vt 0.422347 0.132174 
vt 0.422347 0.132174 
vt 0.516082 0.170743 
vt 0.421803 0.118058 
vt 0.40514 0.0882826 
vt 0.41169 0.113216 
vt 0.420799 0.0721638 
vt 0.41169 0.113216 
vt 0.421803 0.118058 
vt 0.420799 0.0721638 
vt 0.420799 0.0721638 
vt 0.421803 0.118058 
vt 0.449841 0.0596373 
vt 0.421803 0.118058 
vt 0.516082 0.170743 
vt 0.449841 0.0596373 
vt 0.449841 0.0596373 
vt 0.516082 0.170743 
vt 0.469285 0.0496763 
vt 0.469285 0.0496763 
vt 0.516082 0.170743 
vt 0.523569 0.0769809 
vt 0.523569 0.0769809 
vt 0.516082 0.170743 
vt 0.538287 0.103973 
vt 0.516082 0.170743 
vt 0.532428 0.164498 
vt 0.538287 0.103973 
vt 0.538287 0.103973 
vt 0.532428 0.164498 
vt 0.545275 0.143614 
vt 0.496864 0.282539 
vt 0.51482 0.263779 
vt 0.499941 0.26175 
vt 0.573088 0.427559 
vt 0.415641 0.417785 
vt 0.430991 0.295074 
vt 0.39682 0.399229 
vt 0.374757 0.384156 
vt 0.349904 0.372812 
vt 0.424397 0.428227 
vt 0.486298 0.44528 
vt 0.467425 0.450406 
vt 0.438252 0.454354 
vt 0.457172 0.454834 
vt 0.451231 0.461008 
vt 0.502841 0.444581 
vt 0.501094 0.458911 
vt 0.499346 0.472309 
vt 0.513851 0.486814 
vt 0.528239 0.501201 
vt 0.544432 0.49992 
vt 0.557364 0.498638 
vt 0.569604 0.570701 
vt 0.556782 0.515764 
vt 0.551772 0.532657 
vt 0.546735 0.543816 
vt 0.540957 0.549332 
vt 0.54666 0.559173 
vt 0.587512 0.585505 
vt 0.706041 0.569174 
vt 0.60678 0.605924 
vt 0.619795 0.627109 
vt 0.629785 0.648856 
vt 0.724342 0.430516 
vt 0.726326 0.44227 
vt 0.721296 0.457514 
vt 0.9852 0.584522 
vt 0.94222 0.578907 
vt 0.946427 0.563428 
vt 0.921789 0.579151 
vt 0.872767 0.564004 
vt 0.929333 0.543709 
vt 0.892166 0.588395 
vt 0.916957 0.593821 
vt 0.930658 0.611639 
vt 0.906241 0.603348 
vt 0.847734 0.42954 
vt 0.859805 0.44574 
vt 0.850747 0.449823 
vt 0.726326 0.44227 
vt 0.735207 0.468534 
vt 0.721296 0.457514 
vt 0.721296 0.457514 
vt 0.735207 0.468534 
vt 0.730846 0.512676 
vt 0.735207 0.468534 
vt 0.746628 0.484384 
vt 0.730846 0.512676 
vt 0.860766 0.61125 
vt 0.834917 0.602773 
vt 0.852268 0.592654 
vt 0.808106 0.57377 
vt 0.857505 0.569295 
vt 0.746628 0.484384 
vt 0.760487 0.49511 
vt 0.730846 0.512676 
vt 0.906241 0.603348 
vt 0.892166 0.588395 
vt 0.916957 0.593821 
vt 0.730846 0.512676 
vt 0.760487 0.49511 
vt 0.756937 0.558342 
vt 0.760487 0.49511 
vt 0.777188 0.501209 
vt 0.756937 0.558342 
vt 0.756937 0.558342 
vt 0.777188 0.501209 
vt 0.781508 0.571024 
vt 0.777188 0.501209 
vt 0.792383 0.501351 
vt 0.781508 0.571024 
vt 0.781508 0.571024 
vt 0.792383 0.501351 
vt 0.808106 0.57377 
vt 0.792383 0.501351 
vt 0.809601 0.496643 
vt 0.808106 0.57377 
vt 0.808106 0.57377 
vt 0.809601 0.496643 
vt 0.857505 0.569295 
vt 0.809601 0.496643 
vt 0.825011 0.489029 
vt 0.857505 0.569295 
vt 0.857505 0.569295 
vt 0.825011 0.489029 
vt 0.872767 0.564004 
vt 0.825011 0.489029 
vt 0.843622 0.474863 
vt 0.872767 0.564004 
vt 0.946427 0.563428 
vt 0.921789 0.579151 
vt 0.929333 0.543709 
vt 0.929333 0.543709 
vt 0.872767 0.564004 
vt 0.922796 0.526826 
vt 0.872767 0.564004 
vt 0.843622 0.474863 
vt 0.922796 0.526826 
vt 0.922796 0.526826 
vt 0.843622 0.474863 
vt 0.91975 0.494371 
vt 0.91975 0.494371 
vt 0.843622 0.474863 
vt 0.897425 0.464498 
vt 0.843622 0.474863 
vt 0.847783 0.463499 
vt 0.897425 0.464498 
vt 0.847783 0.463499 
vt 0.850747 0.449823 
vt 0.897425 0.464498 
vt 0.850747 0.449823 
vt 0.859805 0.44574 
vt 0.897425 0.464498 
vt 0.267997 0.719649 
vt 0.271478 0.746594 
vt 0.266203 0.731433 
vt 0.00966078 0.87785 
vt 0.0480878 0.856132 
vt 0.0525451 0.87154 
vt 0.0648612 0.836139 
vt 0.0729775 0.871455 
vt 0.0711249 0.819153 
vt 0.121747 0.855518 
vt 0.102745 0.880219 
vt 0.144605 0.720667 
vt 0.14192 0.740995 
vt 0.132797 0.737059 
vt 0.0646341 0.904082 
vt 0.0780454 0.886044 
vt 0.0889143 0.895397 
vt 0.266203 0.731433 
vt 0.271478 0.746594 
vt 0.257747 0.757837 
vt 0.271478 0.746594 
vt 0.262821 0.801904 
vt 0.257747 0.757837 
vt 0.257747 0.757837 
vt 0.262821 0.801904 
vt 0.246584 0.77387 
vt 0.13451 0.902564 
vt 0.142707 0.883833 
vt 0.160219 0.89367 
vt 0.246584 0.77387 
vt 0.262821 0.801904 
vt 0.2329 0.784819 
vt 0.0889143 0.895397 
vt 0.0780454 0.886044 
vt 0.102745 0.880219 
vt 0.262821 0.801904 
vt 0.237471 0.847984 
vt 0.2329 0.784819 
vt 0.2329 0.784819 
vt 0.237471 0.847984 
vt 0.2163 0.791187 
vt 0.0780454 0.886044 
vt 0.0729775 0.871455 
vt 0.102745 0.880219 
vt 0.237471 0.847984 
vt 0.213108 0.861062 
vt 0.2163 0.791187 
vt 0.2163 0.791187 
vt 0.213108 0.861062 
vt 0.201109 0.791574 
vt 0.213108 0.861062 
vt 0.186558 0.864237 
vt 0.201109 0.791574 
vt 0.201109 0.791574 
vt 0.186558 0.864237 
vt 0.183817 0.787144 
vt 0.160219 0.89367 
vt 0.142707 0.883833 
vt 0.186558 0.864237 
vt 0.142707 0.883833 
vt 0.137094 0.860562 
vt 0.186558 0.864237 
vt 0.186558 0.864237 
vt 0.137094 0.860562 
vt 0.183817 0.787144 
vt 0.183817 0.787144 
vt 0.137094 0.860562 
vt 0.168286 0.779781 
vt 0.137094 0.860562 
vt 0.121747 0.855518 
vt 0.168286 0.779781 
vt 0.168286 0.779781 
vt 0.121747 0.855518 
vt 0.149448 0.765917 
vt 0.0525451 0.87154 
vt 0.0480878 0.856132 
vt 0.0729775 0.871455 
vt 0.0729775 0.871455 
vt 0.0648612 0.836139 
vt 0.121747 0.855518 
vt 0.121747 0.855518 
vt 0.0711249 0.819153 
vt 0.149448 0.765917 
vt 0.0711249 0.819153 
vt 0.0736458 0.786653 
vt 0.149448 0.765917 
vt 0.0736458 0.786653 
vt 0.0954854 0.756423 
vt 0.149448 0.765917 
vt 0.149448 0.765917 
vt 0.0954854 0.756423 
vt 0.145104 0.754622 
vt 0.145104 0.754622 
vt 0.0954854 0.756423 
vt 0.14192 0.740995 
vt 0.14192 0.740995 
vt 0.0954854 0.756423 
vt 0.132797 0.737059 
vt 0.130767 0.227154 
vt 0.164891 0.235325 
vt 0.160458 0.249177 
vt 0.194508 0.260154 
vt 0.20085 0.231635 
vt 0.243482 0.274243 
vt 0.216573 0.214064 
vt 0.212722 0.0718485 
vt 0.207905 0.195422 
vt 0.177222 0.182135 
vt 0.159466 0.162733 
vt 0.158552 0.147252 
vt 0.162362 0.130047 
vt 0.285587 0.132439 
vt 0.143932 0.0350072 
vt 0.154599 0.113715 
vt 0.130148 0.105267 
vt 0.358615 0.209149 
vt 0.255895 0.292793 
vt 0.118578 0.0349174 
vt 0.0994535 0.102164 
vt 0.0730444 0.0908207 
vt 0.272558 0.339083 
vt 0.24518 0.308871 
vt 0.238583 0.3253 
vt 0.212039 0.309386 
vt 0.315939 0.343446 
vt 0.430991 0.295074 
vt 0.349904 0.372812 
vt 0.0616548 0.0530829 
vt 0.0500923 0.0739031 
vt 0.0357266 0.0589812 
vt 0.0123036 0.0695421 
vt 0.0675577 0.0437976 
vt 0.0865147 0.0232832 
vt 0.0590273 0.0336658 
vt 0.0531624 0.0147953 
vt 0.0202146 0.0200219 
vt 0.773461 0.870307 
vt 0.751443 0.840623 
vt 0.765293 0.83619 
vt 0.740469 0.80658 
vt 0.768982 0.800238 
vt 0.726382 0.757616 
vt 0.786549 0.784519 
vt 0.905171 0.764753 
vt 0.805187 0.793186 
vt 0.818471 0.823861 
vt 0.837869 0.841614 
vt 0.853347 0.842528 
vt 0.870548 0.838719 
vt 0.965568 0.857145 
vt 0.886877 0.84648 
vt 0.895323 0.870926 
vt 0.800214 0.647857 
vt 0.707837 0.745206 
vt 0.965657 0.882494 
vt 0.661556 0.728546 
vt 0.691762 0.755919 
vt 0.675336 0.762514 
vt 0.691247 0.789052 
vt 0.657194 0.685174 
vt 0.756455 0.608218 
vt 0.706041 0.569174 
vt 0.629785 0.648856 
vt 0.898425 0.901614 
vt 0.909766 0.928018 
vt 0.947496 0.939405 
vt 0.92668 0.950965 
vt 0.941599 0.965328 
vt 0.93104 0.988746 
vt 0.956779 0.933503 
vt 0.97729 0.91455 
vt 0.966909 0.942032 
vt 0.985776 0.947895 
vt 0.98055 0.980836 
vt 0.297173 0.981417 
vt 0.322141 0.948301 
vt 0.331417 0.97179 
vt 0.538429 0.841019 
vt 0.539207 0.815346 
vt 0.553217 0.821764 
vt 0.31765 0.754929 
vt 0.308421 0.728443 
vt 0.323139 0.738986 
vt 0.346204 0.649274 
vt 0.357876 0.633229 
vt 0.363324 0.646065 
vt 0.286471 0.822558 
vt 0.310168 0.808158 
vt 0.310417 0.837472 
vt 0.331417 0.97179 
vt 0.322141 0.948301 
vt 0.357099 0.947722 
vt 0.322141 0.948301 
vt 0.33162 0.922072 
vt 0.357099 0.947722 
vt 0.553217 0.821764 
vt 0.539207 0.815346 
vt 0.55633 0.801707 
vt 0.357099 0.947722 
vt 0.33162 0.922072 
vt 0.382002 0.913224 
vt 0.33162 0.922072 
vt 0.336608 0.88813 
vt 0.382002 0.913224 
vt 0.357876 0.633229 
vt 0.378889 0.624404 
vt 0.363324 0.646065 
vt 0.539207 0.815346 
vt 0.529868 0.803311 
vt 0.55633 0.801707 
vt 0.55633 0.801707 
vt 0.529868 0.803311 
vt 0.547769 0.741537 
vt 0.363324 0.646065 
vt 0.378889 0.624404 
vt 0.367538 0.6513 
vt 0.382002 0.913224 
vt 0.336608 0.88813 
vt 0.40535 0.887551 
vt 0.336608 0.88813 
vt 0.328875 0.861387 
vt 0.40535 0.887551 
vt 0.323139 0.738986 
vt 0.308421 0.728443 
vt 0.332119 0.732301 
vt 0.308421 0.728443 
vt 0.310417 0.707872 
vt 0.332119 0.732301 
vt 0.310417 0.707872 
vt 0.322639 0.691415 
vt 0.332119 0.732301 
vt 0.322639 0.691415 
vt 0.364546 0.659015 
vt 0.332119 0.732301 
vt 0.332119 0.732301 
vt 0.364546 0.659015 
vt 0.341597 0.736157 
vt 0.378889 0.624404 
vt 0.440371 0.621997 
vt 0.367538 0.6513 
vt 0.483953 0.58429 
vt 0.5431 0.583487 
vt 0.469166 0.611568 
vt 0.5431 0.583487 
vt 0.565668 0.608358 
vt 0.469166 0.611568 
vt 0.565668 0.608358 
vt 0.571894 0.645263 
vt 0.469166 0.611568 
vt 0.571894 0.645263 
vt 0.558665 0.699015 
vt 0.469166 0.611568 
vt 0.469166 0.611568 
vt 0.558665 0.699015 
vt 0.440371 0.621997 
vt 0.558665 0.699015 
vt 0.547769 0.741537 
vt 0.440371 0.621997 
vt 0.440371 0.621997 
vt 0.547769 0.741537 
vt 0.367538 0.6513 
vt 0.367538 0.6513 
vt 0.547769 0.741537 
vt 0.364546 0.659015 
vt 0.364546 0.659015 
vt 0.547769 0.741537 
vt 0.341597 0.736157 
vt 0.341597 0.736157 
vt 0.547769 0.741537 
vt 0.346836 0.750815 
vt 0.547769 0.741537 
vt 0.529868 0.803311 
vt 0.346836 0.750815 
vt 0.529868 0.803311 
vt 0.504187 0.839414 
vt 0.346836 0.750815 
vt 0.504187 0.839414 
vt 0.47617 0.868296 
vt 0.346836 0.750815 
vt 0.47617 0.868296 
vt 0.447376 0.876319 
vt 0.346836 0.750815 
vt 0.447376 0.876319 
vt 0.421693 0.877923 
vt 0.346836 0.750815 
vt 0.346836 0.750815 
vt 0.421693 0.877923 
vt 0.337357 0.776529 
vt 0.421693 0.877923 
vt 0.40535 0.887551 
vt 0.337357 0.776529 
vt 0.40535 0.887551 
vt 0.328875 0.861387 
vt 0.337357 0.776529 
vt 0.328875 0.861387 
vt 0.310417 0.837472 
vt 0.337357 0.776529 
vt 0.337357 0.776529 
vt 0.310417 0.837472 
vt 0.310168 0.808158 
vt 0.290039 0.694122 
vt 0.255795 0.684494 
vt 0.265072 0.661006 
vt 0.0487835 0.553723 
vt 0.0339958 0.534469 
vt 0.0480054 0.52805 
vt 0.269562 0.467634 
vt 0.264074 0.45169 
vt 0.278791 0.441147 
vt 0.241009 0.361979 
vt 0.223888 0.35877 
vt 0.229336 0.345933 
vt 0.300742 0.535263 
vt 0.276795 0.550177 
vt 0.277044 0.520862 
vt 0.255795 0.684494 
vt 0.230114 0.660427 
vt 0.265072 0.661006 
vt 0.265072 0.661006 
vt 0.230114 0.660427 
vt 0.255593 0.634777 
vt 0.0339958 0.534469 
vt 0.0308825 0.514411 
vt 0.0480054 0.52805 
vt 0.230114 0.660427 
vt 0.20521 0.625929 
vt 0.255593 0.634777 
vt 0.255593 0.634777 
vt 0.20521 0.625929 
vt 0.250604 0.600834 
vt 0.229336 0.345933 
vt 0.223888 0.35877 
vt 0.208324 0.337109 
vt 0.0480054 0.52805 
vt 0.0308825 0.514411 
vt 0.0573444 0.516016 
vt 0.0308825 0.514411 
vt 0.0394436 0.454241 
vt 0.0573444 0.516016 
vt 0.223888 0.35877 
vt 0.219674 0.364005 
vt 0.208324 0.337109 
vt 0.20521 0.625929 
vt 0.181863 0.600256 
vt 0.250604 0.600834 
vt 0.250604 0.600834 
vt 0.181863 0.600256 
vt 0.258337 0.574091 
vt 0.264074 0.45169 
vt 0.255094 0.445005 
vt 0.278791 0.441147 
vt 0.278791 0.441147 
vt 0.255094 0.445005 
vt 0.276795 0.420576 
vt 0.276795 0.420576 
vt 0.255094 0.445005 
vt 0.264573 0.404119 
vt 0.264573 0.404119 
vt 0.255094 0.445005 
vt 0.222667 0.371719 
vt 0.255094 0.445005 
vt 0.245615 0.448862 
vt 0.222667 0.371719 
vt 0.208324 0.337109 
vt 0.219674 0.364005 
vt 0.146842 0.334701 
vt 0.10326 0.296994 
vt 0.118047 0.324272 
vt 0.0441132 0.296192 
vt 0.0441132 0.296192 
vt 0.118047 0.324272 
vt 0.0215444 0.321062 
vt 0.0215444 0.321062 
vt 0.118047 0.324272 
vt 0.0153182 0.357967 
vt 0.0153182 0.357967 
vt 0.118047 0.324272 
vt 0.0285482 0.41172 
vt 0.118047 0.324272 
vt 0.146842 0.334701 
vt 0.0285482 0.41172 
vt 0.0285482 0.41172 
vt 0.146842 0.334701 
vt 0.0394436 0.454241 
vt 0.146842 0.334701 
vt 0.219674 0.364005 
vt 0.0394436 0.454241 
vt 0.219674 0.364005 
vt 0.222667 0.371719 
vt 0.0394436 0.454241 
vt 0.222667 0.371719 
vt 0.245615 0.448862 
vt 0.0394436 0.454241 
vt 0.245615 0.448862 
vt 0.240377 0.46352 
vt 0.0394436 0.454241 
vt 0.0394436 0.454241 
vt 0.240377 0.46352 
vt 0.0573444 0.516016 
vt 0.0573444 0.516016 
vt 0.240377 0.46352 
vt 0.0830256 0.552119 
vt 0.0830256 0.552119 
vt 0.240377 0.46352 
vt 0.111043 0.581 
vt 0.111043 0.581 
vt 0.240377 0.46352 
vt 0.139836 0.589023 
vt 0.139836 0.589023 
vt 0.240377 0.46352 
vt 0.165519 0.590628 
vt 0.240377 0.46352 
vt 0.249855 0.489234 
vt 0.165519 0.590628 
vt 0.165519 0.590628 
vt 0.249855 0.489234 
vt 0.181863 0.600256 
vt 0.181863 0.600256 
vt 0.249855 0.489234 
vt 0.258337 0.574091 
vt 0.258337 0.574091 
vt 0.249855 0.489234 
vt 0.276795 0.550177 
vt 0.249855 0.489234 
vt 0.277044 0.520862 
vt 0.276795 0.550177 
vt 0.29021 0.694113 
vt 0.265242 0.660997 
vt 0.255966 0.684486 
vt 0.0489542 0.553715 
vt 0.048176 0.528042 
vt 0.0341665 0.53446 
vt 0.269733 0.467625 
vt 0.278962 0.441139 
vt 0.264244 0.451682 
vt 0.24118 0.36197 
vt 0.229507 0.345925 
vt 0.224059 0.358761 
vt 0.300913 0.535254 
vt 0.277215 0.520854 
vt 0.276966 0.550169 
vt 0.255966 0.684486 
vt 0.265242 0.660997 
vt 0.230285 0.660418 
vt 0.265242 0.660997 
vt 0.255764 0.634768 
vt 0.230285 0.660418 
vt 0.0341665 0.53446 
vt 0.048176 0.528042 
vt 0.0310532 0.514403 
vt 0.230285 0.660418 
vt 0.255764 0.634768 
vt 0.205381 0.62592 
vt 0.255764 0.634768 
vt 0.250775 0.600826 
vt 0.205381 0.62592 
vt 0.229507 0.345925 
vt 0.208495 0.3371 
vt 0.224059 0.358761 
vt 0.048176 0.528042 
vt 0.057515 0.516008 
vt 0.0310532 0.514403 
vt 0.0310532 0.514403 
vt 0.057515 0.516008 
vt 0.0396144 0.454233 
vt 0.224059 0.358761 
vt 0.208495 0.3371 
vt 0.219845 0.363996 
vt 0.205381 0.62592 
vt 0.250775 0.600826 
vt 0.182034 0.600247 
vt 0.250775 0.600826 
vt 0.258508 0.574082 
vt 0.182034 0.600247 
vt 0.264244 0.451682 
vt 0.278962 0.441139 
vt 0.255265 0.444997 
vt 0.278962 0.441139 
vt 0.276966 0.420568 
vt 0.255265 0.444997 
vt 0.276966 0.420568 
vt 0.264744 0.404111 
vt 0.255265 0.444997 
vt 0.264744 0.404111 
vt 0.222838 0.371711 
vt 0.255265 0.444997 
vt 0.255265 0.444997 
vt 0.222838 0.371711 
vt 0.245786 0.448853 
vt 0.208495 0.3371 
vt 0.147013 0.334693 
vt 0.219845 0.363996 
vt 0.103431 0.296986 
vt 0.0442839 0.296183 
vt 0.118217 0.324264 
vt 0.0442839 0.296183 
vt 0.0217152 0.321054 
vt 0.118217 0.324264 
vt 0.0217152 0.321054 
vt 0.0154889 0.357959 
vt 0.118217 0.324264 
vt 0.0154889 0.357959 
vt 0.0287188 0.411711 
vt 0.118217 0.324264 
vt 0.118217 0.324264 
vt 0.0287188 0.411711 
vt 0.147013 0.334693 
vt 0.0287188 0.411711 
vt 0.0396144 0.454233 
vt 0.147013 0.334693 
vt 0.147013 0.334693 
vt 0.0396144 0.454233 
vt 0.219845 0.363996 
vt 0.219845 0.363996 
vt 0.0396144 0.454233 
vt 0.222838 0.371711 
vt 0.222838 0.371711 
vt 0.0396144 0.454233 
vt 0.245786 0.448853 
vt 0.245786 0.448853 
vt 0.0396144 0.454233 
vt 0.240548 0.463511 
vt 0.0396144 0.454233 
vt 0.057515 0.516008 
vt 0.240548 0.463511 
vt 0.057515 0.516008 
vt 0.0831967 0.55211 
vt 0.240548 0.463511 
vt 0.0831967 0.55211 
vt 0.111213 0.580992 
vt 0.240548 0.463511 
vt 0.111213 0.580992 
vt 0.140007 0.589015 
vt 0.240548 0.463511 
vt 0.140007 0.589015 
vt 0.16569 0.59062 
vt 0.240548 0.463511 
vt 0.240548 0.463511 
vt 0.16569 0.59062 
vt 0.250026 0.489226 
vt 0.16569 0.59062 
vt 0.182034 0.600247 
vt 0.250026 0.489226 
vt 0.182034 0.600247 
vt 0.258508 0.574082 
vt 0.250026 0.489226 
vt 0.258508 0.574082 
vt 0.276966 0.550169 
vt 0.250026 0.489226 
vt 0.250026 0.489226 
vt 0.276966 0.550169 
vt 0.277215 0.520854 
vt 0.553324 0.82165 
vt 0.556437 0.801592 
vt 0.539314 0.815231 
vt 0.29728 0.981302 
vt 0.331524 0.971675 
vt 0.322248 0.948186 
vt 0.538536 0.840904 
vt 0.553324 0.82165 
vt 0.539314 0.815231 
vt 0.317757 0.754814 
vt 0.323246 0.738871 
vt 0.308528 0.728328 
vt 0.34631 0.649159 
vt 0.363432 0.64595 
vt 0.357983 0.633114 
vt 0.286577 0.822444 
vt 0.310524 0.837358 
vt 0.310275 0.808043 
vt 0.331524 0.971675 
vt 0.357206 0.947608 
vt 0.322248 0.948186 
vt 0.322248 0.948186 
vt 0.357206 0.947608 
vt 0.331726 0.921957 
vt 0.357206 0.947608 
vt 0.382109 0.913109 
vt 0.331726 0.921957 
vt 0.331726 0.921957 
vt 0.382109 0.913109 
vt 0.336715 0.888015 
vt 0.357983 0.633114 
vt 0.363432 0.64595 
vt 0.378995 0.624289 
vt 0.539314 0.815231 
vt 0.556437 0.801592 
vt 0.529975 0.803197 
vt 0.556437 0.801592 
vt 0.547876 0.741422 
vt 0.529975 0.803197 
vt 0.363432 0.64595 
vt 0.367645 0.651186 
vt 0.378995 0.624289 
vt 0.382109 0.913109 
vt 0.405457 0.887436 
vt 0.336715 0.888015 
vt 0.336715 0.888015 
vt 0.405457 0.887436 
vt 0.328982 0.861272 
vt 0.323246 0.738871 
vt 0.332226 0.732186 
vt 0.308528 0.728328 
vt 0.308528 0.728328 
vt 0.332226 0.732186 
vt 0.310524 0.707757 
vt 0.310524 0.707757 
vt 0.332226 0.732186 
vt 0.322746 0.6913 
vt 0.322746 0.6913 
vt 0.332226 0.732186 
vt 0.364652 0.6589 
vt 0.332226 0.732186 
vt 0.341704 0.736042 
vt 0.364652 0.6589 
vt 0.378995 0.624289 
vt 0.367645 0.651186 
vt 0.440477 0.621882 
vt 0.48406 0.584175 
vt 0.469273 0.611453 
vt 0.543206 0.583373 
vt 0.543206 0.583373 
vt 0.469273 0.611453 
vt 0.565775 0.608243 
vt 0.565775 0.608243 
vt 0.469273 0.611453 
vt 0.572001 0.645148 
vt 0.572001 0.645148 
vt 0.469273 0.611453 
vt 0.558771 0.698901 
vt 0.469273 0.611453 
vt 0.440477 0.621882 
vt 0.558771 0.698901 
vt 0.558771 0.698901 
vt 0.440477 0.621882 
vt 0.547876 0.741422 
vt 0.440477 0.621882 
vt 0.367645 0.651186 
vt 0.547876 0.741422 
vt 0.367645 0.651186 
vt 0.364652 0.6589 
vt 0.547876 0.741422 
vt 0.364652 0.6589 
vt 0.341704 0.736042 
vt 0.547876 0.741422 
vt 0.341704 0.736042 
vt 0.346942 0.7507 
vt 0.547876 0.741422 
vt 0.547876 0.741422 
vt 0.346942 0.7507 
vt 0.529975 0.803197 
vt 0.529975 0.803197 
vt 0.346942 0.7507 
vt 0.504294 0.839299 
vt 0.504294 0.839299 
vt 0.346942 0.7507 
vt 0.476277 0.868181 
vt 0.476277 0.868181 
vt 0.346942 0.7507 
vt 0.447483 0.876204 
vt 0.447483 0.876204 
vt 0.346942 0.7507 
vt 0.4218 0.877809 
vt 0.346942 0.7507 
vt 0.337464 0.776415 
vt 0.4218 0.877809 
vt 0.4218 0.877809 
vt 0.337464 0.776415 
vt 0.405457 0.887436 
vt 0.405457 0.887436 
vt 0.337464 0.776415 
vt 0.328982 0.861272 
vt 0.328982 0.861272 
vt 0.337464 0.776415 
vt 0.310524 0.837358 
vt 0.337464 0.776415 
vt 0.310275 0.808043 
vt 0.310524 0.837358 
vt 0.980542 0.981003 
vt 0.966953 0.942133 
vt 0.98583 0.948035 
vt 0.977391 0.914639 
vt 0.956827 0.933578 
vt 0.965801 0.882529 
vt 0.947523 0.93947 
vt 0.965754 0.857152 
vt 0.89541 0.870829 
vt 0.898464 0.901555 
vt 0.909772 0.928006 
vt 0.926665 0.951007 
vt 0.941576 0.965411 
vt 0.930966 0.988836 
vt 0.0200205 0.0201215 
vt 0.0529521 0.0147595 
vt 0.0588948 0.0336092 
vt 0.0863445 0.0231127 
vt 0.0674679 0.0437077 
vt 0.11846 0.0346185 
vt 0.061602 0.0530186 
vt 0.143818 0.0346051 
vt 0.130319 0.104932 
vt 0.0996068 0.101954 
vt 0.0731471 0.090716 
vt 0.0501224 0.0738896 
vt 0.0356936 0.0590239 
vt 0.0123098 0.0696819 
vt 0.0098415 0.877902 
vt 0.0482179 0.856095 
vt 0.0527109 0.871494 
vt 0.064945 0.836064 
vt 0.073143 0.871361 
vt 0.0711691 0.819063 
vt 0.121876 0.855311 
vt 0.102931 0.880056 
vt 0.0891355 0.895266 
vt 0.0782449 0.885938 
vt 0.0648752 0.904007 
vt 0.0782449 0.885938 
vt 0.0891355 0.895266 
vt 0.134748 0.902327 
vt 0.142902 0.883576 
vt 0.160436 0.893373 
vt 0.0782449 0.885938 
vt 0.073143 0.871361 
vt 0.102931 0.880056 
vt 0.160436 0.893373 
vt 0.142902 0.883576 
vt 0.186707 0.86388 
vt 0.142902 0.883576 
vt 0.137234 0.860319 
vt 0.186707 0.86388 
vt 0.186707 0.86388 
vt 0.137234 0.860319 
vt 0.183787 0.786793 
vt 0.183787 0.786793 
vt 0.137234 0.860319 
vt 0.168239 0.779466 
vt 0.137234 0.860319 
vt 0.121876 0.855311 
vt 0.168239 0.779466 
vt 0.168239 0.779466 
vt 0.121876 0.855311 
vt 0.149369 0.765646 
vt 0.0527109 0.871494 
vt 0.0482179 0.856095 
vt 0.073143 0.871361 
vt 0.073143 0.871361 
vt 0.064945 0.836064 
vt 0.121876 0.855311 
vt 0.121876 0.855311 
vt 0.0711691 0.819063 
vt 0.149369 0.765646 
vt 0.0711691 0.819063 
vt 0.0736147 0.786558 
vt 0.149369 0.765646 
vt 0.0736147 0.786558 
vt 0.0953844 0.756276 
vt 0.149369 0.765646 
vt 0.149369 0.765646 
vt 0.0953844 0.756276 
vt 0.144998 0.754361 
vt 0.144998 0.754361 
vt 0.0953844 0.756276 
vt 0.141783 0.740742 
vt 0.141783 0.740742 
vt 0.0953844 0.756276 
vt 0.132651 0.736827 
vt 0.985031 0.584033 
vt 0.942025 0.578611 
vt 0.946164 0.563114 
vt 0.921595 0.578948 
vt 0.92898 0.543471 
vt 0.872506 0.564021 
vt 0.892015 0.588324 
vt 0.91683 0.593638 
vt 0.906157 0.603214 
vt 0.930611 0.611395 
vt 0.860718 0.61132 
vt 0.834831 0.602959 
vt 0.852136 0.592762 
vt 0.80789 0.574077 
vt 0.857268 0.569381 
vt 0.80789 0.574077 
vt 0.809039 0.496944 
vt 0.857268 0.569381 
vt 0.809039 0.496944 
vt 0.824414 0.489262 
vt 0.857268 0.569381 
vt 0.857268 0.569381 
vt 0.824414 0.489262 
vt 0.872506 0.564021 
vt 0.824414 0.489262 
vt 0.842961 0.475011 
vt 0.872506 0.564021 
vt 0.942025 0.578611 
vt 0.921595 0.578948 
vt 0.946164 0.563114 
vt 0.92898 0.543471 
vt 0.872506 0.564021 
vt 0.922368 0.526618 
vt 0.872506 0.564021 
vt 0.842961 0.475011 
vt 0.922368 0.526618 
vt 0.922368 0.526618 
vt 0.842961 0.475011 
vt 0.919176 0.494177 
vt 0.919176 0.494177 
vt 0.842961 0.475011 
vt 0.896717 0.464405 
vt 0.842961 0.475011 
vt 0.847071 0.463629 
vt 0.896717 0.464405 
vt 0.847071 0.463629 
vt 0.849973 0.449939 
vt 0.896717 0.464405 
vt 0.849973 0.449939 
vt 0.859013 0.445816 
vt 0.896717 0.464405 
vt 0.496012 0.282779 
vt 0.499197 0.262006 
vt 0.514064 0.264112 
vt 0.399091 0.118647 
vt 0.40529 0.0880532 
vt 0.411711 0.11302 
vt 0.554943 0.16725 
vt 0.532183 0.164923 
vt 0.545138 0.144106 
vt 0.514064 0.264112 
vt 0.499197 0.262006 
vt 0.520633 0.241518 
vt 0.499197 0.262006 
vt 0.489654 0.247451 
vt 0.520633 0.241518 
vt 0.520633 0.241518 
vt 0.489654 0.247451 
vt 0.512173 0.214347 
vt 0.489654 0.247451 
vt 0.459122 0.230891 
vt 0.512173 0.214347 
vt 0.512173 0.214347 
vt 0.459122 0.230891 
vt 0.506342 0.189488 
vt 0.459122 0.230891 
vt 0.418945 0.193657 
vt 0.506342 0.189488 
vt 0.418945 0.193657 
vt 0.41162 0.156933 
vt 0.506342 0.189488 
vt 0.41162 0.156933 
vt 0.42227 0.132033 
vt 0.506342 0.189488 
vt 0.506342 0.189488 
vt 0.42227 0.132033 
vt 0.515806 0.171083 
vt 0.42227 0.132033 
vt 0.421799 0.117914 
vt 0.515806 0.171083 
vt 0.40529 0.0880532 
vt 0.421032 0.0720153 
vt 0.411711 0.11302 
vt 0.411711 0.11302 
vt 0.421032 0.0720153 
vt 0.421799 0.117914 
vt 0.421032 0.0720153 
vt 0.450137 0.0596385 
vt 0.421799 0.117914 
vt 0.421799 0.117914 
vt 0.450137 0.0596385 
vt 0.515806 0.171083 
vt 0.450137 0.0596385 
vt 0.469632 0.0497774 
vt 0.515806 0.171083 
vt 0.469632 0.0497774 
vt 0.523774 0.0773612 
vt 0.515806 0.171083 
vt 0.523774 0.0773612 
vt 0.538354 0.104429 
vt 0.515806 0.171083 
vt 0.515806 0.171083 
vt 0.538354 0.104429 
vt 0.532183 0.164923 
vt 0.538354 0.104429 
vt 0.545138 0.144106 
vt 0.532183 0.164923 

usemtl Flames1Mtl

f 642/642/642 643/643/643 644/644/644 
f 645/645/645 644/644/644 643/643/643 
f 644/644/644 646/646/646 642/642/642 
f 643/643/643 642/642/642 647/647/647 
f 648/648/648 642/642/642 646/646/646 
f 649/649/649 647/647/647 642/642/642 
f 642/642/642 648/648/648 649/649/649 
f 647/647/647 649/649/649 650/650/650 
f 651/651/651 649/649/649 648/648/648 
f 649/649/649 652/652/652 650/650/650 
f 649/649/649 651/651/651 652/652/652 
f 650/650/650 652/652/652 653/653/653 
f 654/654/654 652/652/652 651/651/651 
f 655/655/655 653/653/653 652/652/652 
f 652/652/652 654/654/654 655/655/655 
f 656/656/656 655/655/655 654/654/654 
f 657/657/657 658/658/658 659/659/659 
f 660/660/660 661/661/661 662/662/662 
f 663/663/663 664/664/664 665/665/665 
f 666/666/666 667/667/667 668/668/668 
f 669/669/669 670/670/670 671/671/671 
f 672/672/672 673/673/673 674/674/674 
f 675/675/675 676/676/676 677/677/677 
f 678/678/678 679/679/679 680/680/680 
f 681/681/681 682/682/682 683/683/683 
f 684/684/684 685/685/685 686/686/686 
f 687/687/687 688/688/688 689/689/689 
f 690/690/690 691/691/691 692/692/692 
f 693/693/693 694/694/694 695/695/695 
f 696/696/696 697/697/697 698/698/698 
f 699/699/699 700/700/700 701/701/701 
f 702/702/702 703/703/703 704/704/704 
f 705/705/705 706/706/706 707/707/707 
f 708/708/708 709/709/709 710/710/710 
f 711/711/711 712/712/712 713/713/713 
f 714/714/714 715/715/715 716/716/716 
f 717/717/717 718/718/718 719/719/719 
f 720/720/720 721/721/721 722/722/722 
f 723/723/723 724/724/724 725/725/725 
f 724/724/724 726/726/726 725/725/725 
f 725/725/725 726/726/726 727/727/727 
f 725/725/725 727/727/727 728/728/728 
f 724/724/724 723/723/723 729/729/729 
f 730/730/730 729/729/729 723/723/723 
f 731/731/731 729/729/729 730/730/730 
f 732/732/732 729/729/729 731/731/731 
f 733/733/733 732/732/732 731/731/731 
f 734/734/734 732/732/732 733/733/733 
f 735/735/735 730/730/730 723/723/723 
f 736/736/736 735/735/735 723/723/723 
f 737/737/737 736/736/736 723/723/723 
f 738/738/738 737/737/737 723/723/723 
f 738/738/738 723/723/723 739/739/739 
f 739/739/739 723/723/723 740/740/740 
f 740/740/740 723/723/723 741/741/741 
f 723/723/723 742/742/742 741/741/741 
f 741/741/741 742/742/742 743/743/743 
f 743/743/743 742/742/742 744/744/744 
f 744/744/744 742/742/742 745/745/745 
f 745/745/745 742/742/742 746/746/746 
f 742/742/742 747/747/747 746/746/746 
f 748/748/748 742/742/742 723/723/723 
f 723/723/723 749/749/749 748/748/748 
f 748/748/748 749/749/749 750/750/750 
f 749/749/749 751/751/751 750/750/750 
f 749/749/749 752/752/752 751/751/751 
f 753/753/753 754/754/754 755/755/755 
f 756/756/756 757/757/757 758/758/758 
f 757/757/757 759/759/759 758/758/758 
f 759/759/759 760/760/760 761/761/761 
f 762/762/762 760/760/760 759/759/759 
f 763/763/763 762/762/762 759/759/759 
f 764/764/764 765/765/765 763/763/763 
f 766/766/766 767/767/767 768/768/768 
f 769/769/769 770/770/770 771/771/771 
f 772/772/772 773/773/773 774/774/774 
f 775/775/775 776/776/776 777/777/777 
f 778/778/778 779/779/779 780/780/780 
f 779/779/779 781/781/781 780/780/780 
f 780/780/780 781/781/781 782/782/782 
f 783/783/783 784/784/784 785/785/785 
f 786/786/786 787/787/787 788/788/788 
f 789/789/789 790/790/790 791/791/791 
f 792/792/792 793/793/793 794/794/794 
f 795/795/795 796/796/796 797/797/797 
f 798/798/798 799/799/799 800/800/800 
f 801/801/801 802/802/802 803/803/803 
f 804/804/804 805/805/805 806/806/806 
f 807/807/807 808/808/808 809/809/809 
f 810/810/810 811/811/811 812/812/812 
f 813/813/813 814/814/814 815/815/815 
f 816/816/816 817/817/817 818/818/818 
f 819/819/819 820/820/820 821/821/821 
f 822/822/822 823/823/823 824/824/824 
f 825/825/825 826/826/826 827/827/827 
f 828/828/828 829/829/829 830/830/830 
f 831/831/831 832/832/832 833/833/833 
f 834/834/834 835/835/835 836/836/836 
f 837/837/837 838/838/838 839/839/839 
f 840/840/840 841/841/841 842/842/842 
f 843/843/843 844/844/844 845/845/845 
f 846/846/846 847/847/847 848/848/848 
f 847/847/847 849/849/849 850/850/850 
f 849/849/849 851/851/851 852/852/852 
f 853/853/853 850/850/850 852/852/852 
f 854/854/854 855/855/855 856/856/856 
f 857/857/857 858/858/858 859/859/859 
f 860/860/860 861/861/861 862/862/862 
f 863/863/863 864/864/864 865/865/865 
f 866/866/866 867/867/867 868/868/868 
f 869/869/869 870/870/870 871/871/871 
f 872/872/872 873/873/873 874/874/874 
f 875/875/875 876/876/876 877/877/877 
f 878/878/878 879/879/879 880/880/880 
f 881/881/881 882/882/882 883/883/883 
f 884/884/884 885/885/885 886/886/886 
f 887/887/887 888/888/888 889/889/889 
f 890/890/890 891/891/891 892/892/892 
f 893/893/893 894/894/894 895/895/895 
f 896/896/896 897/897/897 898/898/898 
f 899/899/899 900/900/900 901/901/901 
f 902/902/902 903/903/903 904/904/904 
f 905/905/905 906/906/906 907/907/907 
f 908/908/908 909/909/909 910/910/910 
f 911/911/911 912/912/912 913/913/913 
f 914/914/914 915/915/915 916/916/916 
f 917/917/917 918/918/918 919/919/919 
f 920/920/920 921/921/921 922/922/922 
f 923/923/923 924/924/924 925/925/925 
f 926/926/926 927/927/927 928/928/928 
f 929/929/929 930/930/930 931/931/931 
f 932/932/932 933/933/933 934/934/934 
f 935/935/935 936/936/936 937/937/937 
f 938/938/938 939/939/939 940/940/940 
f 941/941/941 942/942/942 943/943/943 
f 943/943/943 942/942/942 944/944/944 
f 942/942/942 945/945/945 944/944/944 
f 944/944/944 945/945/945 946/946/946 
f 945/945/945 947/947/947 946/946/946 
f 946/946/946 947/947/947 948/948/948 
f 947/947/947 949/949/949 948/948/948 
f 949/949/949 950/950/950 948/948/948 
f 950/950/950 951/951/951 948/948/948 
f 951/951/951 952/952/952 948/948/948 
f 952/952/952 953/953/953 948/948/948 
f 946/946/946 948/948/948 954/954/954 
f 948/948/948 953/953/953 955/955/955 
f 953/953/953 956/956/956 955/955/955 
f 956/956/956 957/957/957 955/955/955 
f 958/958/958 946/946/946 954/954/954 
f 959/959/959 946/946/946 958/958/958 
f 955/955/955 957/957/957 960/960/960 
f 957/957/957 961/961/961 960/960/960 
f 961/961/961 962/962/962 960/960/960 
f 959/959/959 958/958/958 963/963/963 
f 964/964/964 959/959/959 963/963/963 
f 965/965/965 964/964/964 963/963/963 
f 966/966/966 964/964/964 965/965/965 
f 967/967/967 963/963/963 958/958/958 
f 967/967/967 958/958/958 968/968/968 
f 969/969/969 967/967/967 968/968/968 
f 962/962/962 970/970/970 960/960/960 
f 971/971/971 970/970/970 962/962/962 
f 972/972/972 970/970/970 971/971/971 
f 973/973/973 972/972/972 971/971/971 
f 970/970/970 974/974/974 960/960/960 
f 960/960/960 974/974/974 975/975/975 
f 976/976/976 975/975/975 974/974/974 
f 977/977/977 975/975/975 976/976/976 
f 978/978/978 977/977/977 976/976/976 
f 979/979/979 980/980/980 981/981/981 
f 980/980/980 982/982/982 981/981/981 
f 981/981/981 982/982/982 983/983/983 
f 982/982/982 984/984/984 983/983/983 
f 983/983/983 984/984/984 985/985/985 
f 984/984/984 986/986/986 985/985/985 
f 985/985/985 986/986/986 987/987/987 
f 987/987/987 986/986/986 988/988/988 
f 988/988/988 986/986/986 989/989/989 
f 989/989/989 986/986/986 990/990/990 
f 990/990/990 986/986/986 991/991/991 
f 986/986/986 992/992/992 991/991/991 
f 991/991/991 992/992/992 993/993/993 
f 993/993/993 992/992/992 994/994/994 
f 995/995/995 986/986/986 984/984/984 
f 996/996/996 995/995/995 984/984/984 
f 992/992/992 997/997/997 994/994/994 
f 996/996/996 998/998/998 995/995/995 
f 999/999/999 998/998/998 996/996/996 
f 1000/1000/1000 998/998/998 999/999/999 
f 1001/1001/1001 1000/1000/1000 999/999/999 
f 1002/1002/1002 995/995/995 998/998/998 
f 1003/1003/1003 995/995/995 1002/1002/1002 
f 1004/1004/1004 1003/1003/1003 1002/1002/1002 
f 1005/1005/1005 1004/1004/1004 1002/1002/1002 
f 994/994/994 997/997/997 1006/1006/1006 
f 1006/1006/1006 997/997/997 1007/1007/1007 
f 1007/1007/1007 997/997/997 1008/1008/1008 
f 1009/1009/1009 1007/1007/1007 1008/1008/1008 
f 1010/1010/1010 1009/1009/1009 1008/1008/1008 
f 1011/1011/1011 1009/1009/1009 1010/1010/1010 
f 1008/1008/1008 997/997/997 1012/1012/1012 
f 997/997/997 1013/1013/1013 1012/1012/1012 
f 1014/1014/1014 1012/1012/1012 1013/1013/1013 
f 1015/1015/1015 1014/1014/1014 1013/1013/1013 
f 1016/1016/1016 1014/1014/1014 1015/1015/1015 
f 1017/1017/1017 1018/1018/1018 1019/1019/1019 
f 1020/1020/1020 1021/1021/1021 1022/1022/1022 
f 1023/1023/1023 1024/1024/1024 1025/1025/1025 
f 1026/1026/1026 1027/1027/1027 1028/1028/1028 
f 1029/1029/1029 1030/1030/1030 1031/1031/1031 
f 1032/1032/1032 1033/1033/1033 1034/1034/1034 
f 1035/1035/1035 1036/1036/1036 1037/1037/1037 
f 1038/1038/1038 1039/1039/1039 1040/1040/1040 
f 1041/1041/1041 1042/1042/1042 1043/1043/1043 
f 1044/1044/1044 1045/1045/1045 1046/1046/1046 
f 1047/1047/1047 1048/1048/1048 1049/1049/1049 
f 1050/1050/1050 1051/1051/1051 1052/1052/1052 
f 1053/1053/1053 1054/1054/1054 1055/1055/1055 
f 1056/1056/1056 1057/1057/1057 1058/1058/1058 
f 1059/1059/1059 1060/1060/1060 1061/1061/1061 
f 1062/1062/1062 1063/1063/1063 1064/1064/1064 
f 1065/1065/1065 1066/1066/1066 1067/1067/1067 
f 1068/1068/1068 1069/1069/1069 1070/1070/1070 
f 1071/1071/1071 1072/1072/1072 1073/1073/1073 
f 1074/1074/1074 1075/1075/1075 1076/1076/1076 
f 1077/1077/1077 1078/1078/1078 1079/1079/1079 
f 1080/1080/1080 1081/1081/1081 1082/1082/1082 
f 1083/1083/1083 1084/1084/1084 1085/1085/1085 
f 1086/1086/1086 1087/1087/1087 1088/1088/1088 
f 1089/1089/1089 1090/1090/1090 1091/1091/1091 
f 1092/1092/1092 1093/1093/1093 1094/1094/1094 
f 1095/1095/1095 1096/1096/1096 1097/1097/1097 
f 1098/1098/1098 1099/1099/1099 1100/1100/1100 
f 1101/1101/1101 1102/1102/1102 1103/1103/1103 
f 1104/1104/1104 1105/1105/1105 1106/1106/1106 
f 1107/1107/1107 1108/1108/1108 1109/1109/1109 
f 1110/1110/1110 1111/1111/1111 1112/1112/1112 
f 1113/1113/1113 1114/1114/1114 1115/1115/1115 
f 1116/1116/1116 1117/1117/1117 1118/1118/1118 
f 1119/1119/1119 1120/1120/1120 1121/1121/1121 
f 1122/1122/1122 1123/1123/1123 1124/1124/1124 
f 1125/1125/1125 1126/1126/1126 1127/1127/1127 
f 1128/1128/1128 1129/1129/1129 1130/1130/1130 
f 1131/1131/1131 1132/1132/1132 1133/1133/1133 
f 1134/1134/1134 1135/1135/1135 1136/1136/1136 
f 1137/1137/1137 1138/1138/1138 1139/1139/1139 
f 1140/1140/1140 1141/1141/1141 1142/1142/1142 
f 1143/1143/1143 1144/1144/1144 1145/1145/1145 
f 1146/1146/1146 1147/1147/1147 1148/1148/1148 
f 1149/1149/1149 1150/1150/1150 1151/1151/1151 
f 1152/1152/1152 1153/1153/1153 1154/1154/1154 
f 1155/1155/1155 1156/1156/1156 1157/1157/1157 
f 1158/1158/1158 1159/1159/1159 1160/1160/1160 
f 1161/1161/1161 1162/1162/1162 1163/1163/1163 
f 1164/1164/1164 1165/1165/1165 1166/1166/1166 
f 1167/1167/1167 1168/1168/1168 1169/1169/1169 
f 1170/1170/1170 1171/1171/1171 1172/1172/1172 
f 1173/1173/1173 1174/1174/1174 1175/1175/1175 
f 1176/1176/1176 1177/1177/1177 1178/1178/1178 
f 1179/1179/1179 1180/1180/1180 1181/1181/1181 
f 1182/1182/1182 1183/1183/1183 1184/1184/1184 
f 1185/1185/1185 1186/1186/1186 1187/1187/1187 
f 1188/1188/1188 1189/1189/1189 1190/1190/1190 
f 1191/1191/1191 1192/1192/1192 1193/1193/1193 
f 1194/1194/1194 1195/1195/1195 1196/1196/1196 
f 1197/1197/1197 1198/1198/1198 1199/1199/1199 
f 1200/1200/1200 1201/1201/1201 1202/1202/1202 
f 1203/1203/1203 1204/1204/1204 1205/1205/1205 
f 1206/1206/1206 1207/1207/1207 1208/1208/1208 
f 1209/1209/1209 1210/1210/1210 1211/1211/1211 
f 1212/1212/1212 1213/1213/1213 1214/1214/1214 
f 1215/1215/1215 1216/1216/1216 1217/1217/1217 
f 1218/1218/1218 1219/1219/1219 1220/1220/1220 
f 1221/1221/1221 1222/1222/1222 1223/1223/1223 
f 1224/1224/1224 1225/1225/1225 1226/1226/1226 
f 1227/1227/1227 1228/1228/1228 1229/1229/1229 
f 1230/1230/1230 1231/1231/1231 1232/1232/1232 
f 1233/1233/1233 1234/1234/1234 1235/1235/1235 
f 1236/1236/1236 1237/1237/1237 1238/1238/1238 
f 1239/1239/1239 1240/1240/1240 1241/1241/1241 
f 1242/1242/1242 1243/1243/1243 1244/1244/1244 
f 1245/1245/1245 1246/1246/1246 1247/1247/1247 
f 1248/1248/1248 1249/1249/1249 1250/1250/1250 
f 1251/1251/1251 1252/1252/1252 1253/1253/1253 
f 1254/1254/1254 1255/1255/1255 1256/1256/1256 
f 1257/1257/1257 1258/1258/1258 1259/1259/1259 
f 1260/1260/1260 1261/1261/1261 1262/1262/1262 
f 1263/1263/1263 1264/1264/1264 1265/1265/1265 
f 1266/1266/1266 1267/1267/1267 1268/1268/1268 
f 1269/1269/1269 1270/1270/1270 1271/1271/1271 
f 1272/1272/1272 1273/1273/1273 1274/1274/1274 
f 1275/1275/1275 1276/1276/1276 1277/1277/1277 
f 1278/1278/1278 1279/1279/1279 1280/1280/1280 
f 1281/1281/1281 1282/1282/1282 1283/1283/1283 
f 1284/1284/1284 1285/1285/1285 1286/1286/1286 
f 1287/1287/1287 1288/1288/1288 1289/1289/1289 
f 1290/1290/1290 1291/1291/1291 1292/1292/1292 
f 1293/1293/1293 1294/1294/1294 1295/1295/1295 
f 1296/1296/1296 1297/1297/1297 1298/1298/1298 
f 1299/1299/1299 1300/1300/1300 1301/1301/1301 
f 1302/1302/1302 1303/1303/1303 1304/1304/1304 
f 1305/1305/1305 1306/1306/1306 1307/1307/1307 
f 1308/1308/1308 1309/1309/1309 1310/1310/1310 
f 1311/1311/1311 1312/1312/1312 1313/1313/1313 
f 1314/1314/1314 1315/1315/1315 1316/1316/1316 
f 1317/1317/1317 1318/1318/1318 1319/1319/1319 
f 1320/1320/1320 1321/1321/1321 1322/1322/1322 
f 1323/1323/1323 1324/1324/1324 1325/1325/1325 
f 1326/1326/1326 1327/1327/1327 1328/1328/1328 
f 1329/1329/1329 1330/1330/1330 1331/1331/1331 
f 1332/1332/1332 1333/1333/1333 1334/1334/1334 
f 1335/1335/1335 1336/1336/1336 1337/1337/1337 
f 1338/1338/1338 1339/1339/1339 1340/1340/1340 
f 1341/1341/1341 1342/1342/1342 1343/1343/1343 
f 1344/1344/1344 1345/1345/1345 1346/1346/1346 
f 1347/1347/1347 1348/1348/1348 1349/1349/1349 
f 1350/1350/1350 1351/1351/1351 1352/1352/1352 
f 1353/1353/1353 1354/1354/1354 1355/1355/1355 
f 1356/1356/1356 1357/1357/1357 1358/1358/1358 
f 1359/1359/1359 1360/1360/1360 1361/1361/1361 
f 1362/1362/1362 1363/1363/1363 1364/1364/1364 
f 1365/1365/1365 1366/1366/1366 1367/1367/1367 
f 1368/1368/1368 1369/1369/1369 1370/1370/1370 
f 1371/1371/1371 1372/1372/1372 1373/1373/1373 
f 1374/1374/1374 1375/1375/1375 1376/1376/1376 
f 1377/1377/1377 1378/1378/1378 1379/1379/1379 
f 1380/1380/1380 1381/1381/1381 1382/1382/1382 
f 1383/1383/1383 1384/1384/1384 1385/1385/1385 
f 1386/1386/1386 1387/1387/1387 1388/1388/1388 
f 1389/1389/1389 1390/1390/1390 1391/1391/1391 
f 1392/1392/1392 1393/1393/1393 1394/1394/1394 
f 1395/1395/1395 1396/1396/1396 1397/1397/1397 
f 1398/1398/1398 1399/1399/1399 1400/1400/1400 
f 1401/1401/1401 1402/1402/1402 1403/1403/1403 
f 1404/1404/1404 1405/1405/1405 1406/1406/1406 
f 1407/1407/1407 1408/1408/1408 1409/1409/1409 
f 1410/1410/1410 1411/1411/1411 1412/1412/1412 
f 1413/1413/1413 1414/1414/1414 1415/1415/1415 
f 1416/1416/1416 1417/1417/1417 1418/1418/1418 
f 1419/1419/1419 1420/1420/1420 1421/1421/1421 
f 1422/1422/1422 1423/1423/1423 1424/1424/1424 
f 1425/1425/1425 1426/1426/1426 1427/1427/1427 
f 1428/1428/1428 1429/1429/1429 1430/1430/1430 
f 1431/1431/1431 1432/1432/1432 1433/1433/1433 
f 1434/1434/1434 1435/1435/1435 1436/1436/1436 
f 1437/1437/1437 1438/1438/1438 1439/1439/1439 
f 1440/1440/1440 1441/1441/1441 1442/1442/1442 
f 1443/1443/1443 1444/1444/1444 1445/1445/1445 
f 1446/1446/1446 1447/1447/1447 1448/1448/1448 
f 1449/1449/1449 1450/1450/1450 1451/1451/1451 
f 1452/1452/1452 1453/1453/1453 1454/1454/1454 
f 1455/1455/1455 1456/1456/1456 1457/1457/1457 
f 1458/1458/1458 1459/1459/1459 1460/1460/1460 
f 1461/1461/1461 1462/1462/1462 1463/1463/1463 
f 1464/1464/1464 1465/1465/1465 1466/1466/1466 
f 1467/1467/1467 1468/1468/1468 1469/1469/1469 
f 1470/1470/1470 1471/1471/1471 1472/1472/1472 
f 1473/1473/1473 1474/1474/1474 1475/1475/1475 
f 1476/1476/1476 1477/1477/1477 1478/1478/1478 
f 1479/1479/1479 1480/1480/1480 1481/1481/1481 
f 1482/1482/1482 1483/1483/1483 1484/1484/1484 
f 1485/1485/1485 1486/1486/1486 1487/1487/1487 
f 1488/1488/1488 1489/1489/1489 1490/1490/1490 
f 1491/1491/1491 1492/1492/1492 1493/1493/1493 
f 1494/1494/1494 1495/1495/1495 1496/1496/1496 
f 1497/1497/1497 1498/1498/1498 1499/1499/1499 
f 1500/1500/1500 1501/1501/1501 1502/1502/1502 
f 1503/1503/1503 1504/1504/1504 1505/1505/1505 
f 1506/1506/1506 1507/1507/1507 1508/1508/1508 
f 1509/1509/1509 1510/1510/1510 1511/1511/1511 
f 1512/1512/1512 1513/1513/1513 1514/1514/1514 
f 1515/1515/1515 1516/1516/1516 1517/1517/1517 
f 1518/1518/1518 1519/1519/1519 1520/1520/1520 
f 1521/1521/1521 1522/1522/1522 1523/1523/1523 
f 1523/1523/1523 1522/1522/1522 1524/1524/1524 
f 1522/1522/1522 1525/1525/1525 1524/1524/1524 
f 1526/1526/1526 1524/1524/1524 1525/1525/1525 
f 1527/1527/1527 1526/1526/1526 1525/1525/1525 
f 1528/1528/1528 1526/1526/1526 1529/1529/1529 
f 1529/1529/1529 1526/1526/1526 1530/1530/1530 
f 1530/1530/1530 1526/1526/1526 1531/1531/1531 
f 1531/1531/1531 1526/1526/1526 1527/1527/1527 
f 1532/1532/1532 1531/1531/1531 1527/1527/1527 
f 1533/1533/1533 1532/1532/1532 1527/1527/1527 
f 1534/1534/1534 1532/1532/1532 1533/1533/1533 
f 1535/1535/1535 1536/1536/1536 1537/1537/1537 
f 1536/1536/1536 1538/1538/1538 1537/1537/1537 
f 1537/1537/1537 1538/1538/1538 1539/1539/1539 
f 1540/1540/1540 1539/1539/1539 1538/1538/1538 
f 1541/1541/1541 1539/1539/1539 1540/1540/1540 
f 1542/1542/1542 1543/1543/1543 1540/1540/1540 
f 1543/1543/1543 1544/1544/1544 1540/1540/1540 
f 1544/1544/1544 1545/1545/1545 1540/1540/1540 
f 1545/1545/1545 1541/1541/1541 1540/1540/1540 
f 1546/1546/1546 1541/1541/1541 1545/1545/1545 
f 1547/1547/1547 1541/1541/1541 1546/1546/1546 
f 1548/1548/1548 1547/1547/1547 1546/1546/1546 
f 1549/1549/1549 1550/1550/1550 1551/1551/1551 
f 1550/1550/1550 1552/1552/1552 1553/1553/1553 
f 1552/1552/1552 1554/1554/1554 1555/1555/1555 
f 1556/1556/1556 1553/1553/1553 1555/1555/1555 
f 1557/1557/1557 1558/1558/1558 1556/1556/1556 
f 1559/1559/1559 1560/1560/1560 1561/1561/1561 
f 1562/1562/1562 1563/1563/1563 1564/1564/1564 
f 1565/1565/1565 1566/1566/1566 1567/1567/1567 
f 1568/1568/1568 1569/1569/1569 1570/1570/1570 
f 1571/1571/1571 1572/1572/1572 1573/1573/1573 
f 1574/1574/1574 1575/1575/1575 1576/1576/1576 
f 1577/1577/1577 1578/1578/1578 1579/1579/1579 
f 1580/1580/1580 1581/1581/1581 1582/1582/1582 
f 1583/1583/1583 1584/1584/1584 1585/1585/1585 
f 1586/1586/1586 1587/1587/1587 1588/1588/1588 
f 1589/1589/1589 1590/1590/1590 1591/1591/1591 
f 1592/1592/1592 1593/1593/1593 1594/1594/1594 
f 1595/1595/1595 1596/1596/1596 1597/1597/1597 
f 1598/1598/1598 1599/1599/1599 1600/1600/1600 
f 1601/1601/1601 1602/1602/1602 1603/1603/1603 
f 1604/1604/1604 1605/1605/1605 1606/1606/1606 
f 1607/1607/1607 1608/1608/1608 1609/1609/1609 
f 1610/1610/1610 1611/1611/1611 1612/1612/1612 
f 1612/1612/1612 1613/1613/1613 1614/1614/1614 
f 1613/1613/1613 1615/1615/1615 1614/1614/1614 
f 1616/1616/1616 1615/1615/1615 1613/1613/1613 
f 1617/1617/1617 1616/1616/1616 1613/1613/1613 
f 1618/1618/1618 1616/1616/1616 1617/1617/1617 
f 1619/1619/1619 1618/1618/1618 1617/1617/1617 
f 1620/1620/1620 1621/1621/1621 1622/1622/1622 
f 1621/1621/1621 1623/1623/1623 1622/1622/1622 
f 1622/1622/1622 1623/1623/1623 1624/1624/1624 
f 1625/1625/1625 1626/1626/1626 1627/1627/1627 
f 1628/1628/1628 1629/1629/1629 1630/1630/1630 
f 1631/1631/1631 1632/1632/1632 1633/1633/1633 
f 1634/1634/1634 1635/1635/1635 1636/1636/1636 
f 1637/1637/1637 1638/1638/1638 1639/1639/1639 
f 1640/1640/1640 1641/1641/1641 1642/1642/1642 
f 1643/1643/1643 1644/1644/1644 1645/1645/1645 
f 1646/1646/1646 1647/1647/1647 1648/1648/1648 
f 1649/1649/1649 1650/1650/1650 1651/1651/1651 
f 1652/1652/1652 1653/1653/1653 1654/1654/1654 
f 1655/1655/1655 1656/1656/1656 1657/1657/1657 
f 1658/1658/1658 1659/1659/1659 1660/1660/1660 
f 1661/1661/1661 1662/1662/1662 1663/1663/1663 
f 1664/1664/1664 1665/1665/1665 1666/1666/1666 
f 1667/1667/1667 1668/1668/1668 1669/1669/1669 
f 1670/1670/1670 1671/1671/1671 1672/1672/1672 
f 1673/1673/1673 1674/1674/1674 1675/1675/1675 
f 1676/1676/1676 1677/1677/1677 1678/1678/1678 
f 1679/1679/1679 1680/1680/1680 1681/1681/1681 
f 1682/1682/1682 1683/1683/1683 1684/1684/1684 
f 1685/1685/1685 1686/1686/1686 1687/1687/1687 
f 1688/1688/1688 1689/1689/1689 1690/1690/1690 
f 1691/1691/1691 1692/1692/1692 1693/1693/1693 
f 1694/1694/1694 1695/1695/1695 1696/1696/1696 
f 1697/1697/1697 1698/1698/1698 1699/1699/1699 
f 1700/1700/1700 1701/1701/1701 1702/1702/1702 
f 1703/1703/1703 1704/1704/1704 1705/1705/1705 
f 1706/1706/1706 1707/1707/1707 1708/1708/1708 
f 1709/1709/1709 1710/1710/1710 1711/1711/1711 
f 1712/1712/1712 1713/1713/1713 1714/1714/1714 
f 1715/1715/1715 1716/1716/1716 1717/1717/1717 
f 1718/1718/1718 1719/1719/1719 1720/1720/1720 
f 1721/1721/1721 1722/1722/1722 1723/1723/1723 
f 1724/1724/1724 1725/1725/1725 1726/1726/1726 

