# This file is brought to you by Roblox Corporation
# Generated by Roblox Studio

mtllib t88.mtl

g Tier161

v -0.000162947 5.00041 -0.000225851 
v -0.000209354 5.00041 -0.00017346 
v -0.000168063 5.00045 -0.000114984 
v -5.31022e-05 5.00047 -0.000156371 
v -7.46711e-05 5.00044 -0.000221641 
v -7.4661e-06 5.00042 -0.000252817 
v -0.000145488 5.00047 -8.26562e-05 
v 0.000134817 5.00044 -0.00019009 
v 1.26594e-05 5.0004 -0.000276793 
v 0.000136326 5.00047 -9.19994e-05 
v -1.10175e-05 5.0005 -7.26026e-05 
v -0.000140315 5.00048 4.88065e-06 
v 7.77497e-05 5.0005 -4.9073e-06 
v 0.000146947 5.00048 -2.70235e-05 
v 1.27082e-05 5.0005 6.15495e-05 
v -4.06144e-05 5.0005 7.68977e-05 
v -0.000100628 5.00047 0.000126475 
v 0.000158499 5.00047 3.90743e-05 
v 8.79732e-05 5.0005 2.55526e-06 
v 5.53363e-05 5.00047 0.00015864 
v 0.000158597 5.00048 -6.37483e-06 
v 0.000210373 5.00044 0.000100758 
v 1.99354e-06 5.0005 8.51848e-05 
v -2.81972e-05 5.0005 8.51057e-05 
v -7.90754e-05 5.00048 0.000136832 
v -8.96033e-05 5.00041 0.000253022 
v 0.000219747 5.00041 0.000159576 
v 9.32287e-05 5.00038 0.000291627 
v 5.65089e-06 5.00036 0.000333069 
v 0.000115072 5.0004 0.000264363 
v 0.000177089 5.00039 0.000233645 
v 0.000226688 5.0004 0.000175601 
v 0.000146787 4.99966 0.000374751 
v 3.07056e-05 4.9997 0.000427632 
v -7.10626e-05 4.99958 0.000289319 
v 0.000113664 4.99961 0.000325877 
v -7.50429e-05 4.99967 0.000397837 
v 8.87773e-05 4.99954 0.000209895 
v 3.54833e-05 4.99953 0.000182812 
v 0.000138017 4.99953 0.00013154 
v -7.1002e-05 4.99951 9.43431e-05 
v -0.000236582 4.99957 0.000175852 
v -9.43861e-05 4.9995 4.70066e-05 
v -0.000193871 4.99953 5.28168e-05 
v -0.000278132 4.99961 0.000201884 
v -0.000187011 4.99966 0.000356305 
v -0.000239112 4.99966 0.000329362 
v -0.000151408 4.99968 0.00038894 
v -0.000179032 4.99971 0.0003961 
v 0.00029244 4.99957 1.21025e-05 
v 0.000252325 4.99957 -0.00011392 
v 0.000398854 4.99966 -5.44176e-05 
v 0.000390882 4.99965 8.10804e-06 
v 0.000410792 4.99967 -7.22269e-06 
v 0.000445545 4.99972 -2.81945e-05 
v 0.000453748 4.99978 -0.000154498 
v 0.000392917 4.99978 -0.000270305 
v 0.000332191 4.99973 -0.000300863 
v -0.000344879 4.99962 -0.000102102 
v -0.000458656 4.99977 -0.000115553 
v -0.000463914 4.9998 -0.00015193 
v -0.000434481 4.99972 0.000121013 
v -0.000405794 4.99978 -0.000252887 
v -0.000352461 4.9997 -0.000258641 
v -0.000281612 4.99965 -0.000268026 
v -0.000180635 4.99959 -0.000263936 
v -0.000188708 4.99956 -0.000183692 
v -0.000359347 4.99963 0.000111047 
v -0.000165309 4.99953 -0.000119076 
v -0.00023008 4.99954 4.75322e-06 
v -0.000149924 4.99951 2.57392e-05 
v -0.000236582 4.99957 0.000175852 
v -0.000308637 4.99962 0.000176386 
v 0.00012939 4.99957 0.000250152 
v 0.000133557 4.99954 0.000188539 
v 0.000312508 4.99964 0.000226101 
v 0.000135647 4.9996 0.000295462 
v 0.000158082 4.99953 0.000114373 
v 0.000158911 4.99963 0.000331377 
v 0.000176009 4.99968 0.000376416 
v 0.000247327 4.99972 0.000370477 
v 0.000345094 4.99971 0.000275184 
v 0.000220085 4.99954 7.60923e-05 
v 0.00037148 4.99972 0.000244833 
v 0.000355399 4.99962 2.9179e-05 
v 0.00029244 4.99957 1.21025e-05 
v 0.000401107 4.99966 5.19581e-05 
v 0.000363921 4.99968 0.000193585 
v 0.000410472 4.99975 0.000210533 
v 0.000446203 4.99972 3.01601e-05 
v 0.000445564 4.99975 0.000142565 
v 5.93419e-05 4.99972 -0.000435759 
v 0.000332191 4.99973 -0.000300863 
v 0.000252325 4.99957 -0.00011392 
v 2.10625e-06 4.99966 -0.000402787 
v -0.000157693 4.99964 -0.000342661 
v -0.000139437 4.9996 -0.00029892 
v -0.000141272 4.99954 -0.000189404 
v -7.89711e-05 4.9995 1.68457e-05 
v 8.06181e-05 4.99951 0.000117507 
v 0.00029244 4.99957 1.21025e-05 
v -0.000298964 5.00038 8.00418e-05 
v -0.000179402 5.00045 0.000108414 
v -0.000237058 5.00044 1.85898e-06 
v -0.00016864 5.00047 5.64939e-06 
v -0.000100628 5.00047 0.000126475 
v -8.96033e-05 5.00041 0.000253022 
v -0.000159638 5.00042 0.000202074 
v -0.000274079 5.00038 0.00014073 
v -0.000315928 5.00031 0.000198155 
v -0.000251295 5.00042 -7.5192e-05 
v -0.000220943 5.00044 -2.3687e-05 
v -0.000304766 5.00038 -4.17645e-05 
v -0.000406075 5.00025 8.40388e-05 
v -0.00040198 5.00022 0.000160027 
v -0.000367679 5.00032 7.41259e-07 
v -0.000379854 5.00028 -0.000101487 
v -0.000414979 5.00025 8.63358e-06 
v -0.000432169 5.0002 -7.47072e-05 
v 0.000340197 5.00027 -0.000210146 
v 0.0003383 5.0002 -0.000278481 
v 0.000124239 5.00029 -0.00036476 
v 0.000371959 5.00017 -0.000255593 
v 0.000277856 5.00034 -0.000207289 
v 0.000237768 5.00018 -0.000378102 
v 0.000157888 5.00022 -0.000393359 
v 0.000124637 5.00025 -0.000392218 
v 0.000203469 5.00038 -0.000227241 
v 5.27809e-05 5.00039 -0.000285477 
v 0.000134817 5.00044 -0.00019009 
v 8.98018e-06 5.00033 -0.000356142 
v 4.16709e-06 5.00032 -0.000365889 
v -6.44326e-07 5.00024 -0.000415932 
v -5.48266e-06 5.00032 -0.00036106 
v -6.21564e-05 5.00026 -0.00039854 
v 0.000223229 5.00039 -0.000203012 
v 0.000151321 5.00047 -9.21601e-05 
v 0.00033601 5.00035 -3.19399e-05 
v 0.000154325 5.00044 -0.000167841 
v 0.000321382 5.00032 -0.000168368 
v 0.000164569 5.00047 -1.80467e-05 
v 0.000372363 5.00025 -0.000171648 
v 0.000218013 5.00044 7.3368e-05 
v 0.000432198 5.00018 -0.000135438 
v 0.000395702 5.00015 -0.000229531 
v 0.000453873 5.00017 -4.70741e-06 
v 0.000458031 5.00014 5.17049e-05 
v 0.000288372 5.00039 0.000102504 
v 0.000239339 5.00041 0.000139806 
v 0.000362932 5.00025 0.000190488 
v 0.0004213 5.0002 0.000126275 
v 0.000447397 5.00015 9.92562e-05 
v -0.000148136 4.99974 -0.000434205 
v -0.000245875 4.99972 -0.000371197 
v -0.000214449 4.99984 -0.000440123 
v -4.27173e-05 4.99974 -0.000448616 
v -8.853e-05 4.99967 -0.000391713 
v -0.000126739 4.99966 -0.000383582 
v -0.000191498 4.99967 -0.000353431 
v -0.000241511 4.99967 -0.000329906 
v -0.000281612 4.99965 -0.000268026 
v -0.000333793 4.99971 -0.000282359 
v -0.000370447 4.99978 -0.000299084 
v -0.000443696 4.99991 -0.000232032 
v -1.15171e-05 4.99993 -0.000498514 
v -0.000391622 5.00003 -0.000299292 
v -0.000442519 5 -0.000221574 
v -0.000254095 5.00001 -0.000419573 
v -6.67171e-05 5.00004 -0.000477522 
v -0.00015453 4.99983 0.000470001 
v 7.599e-06 4.99988 0.0005 
v -2.31654e-06 5.00003 0.000492629 
v 2.98341e-05 4.99991 0.000499505 
v 3.73187e-05 5 0.000492554 
v -0.000159096 5 0.000472008 
v -0.000250676 4.99999 0.000427133 
v -0.000284614 4.99995 0.000413183 
v -0.000290776 4.99988 0.00040929 
v -3.12405e-06 4.99978 0.000476749 
v -0.000292426 4.99984 0.000403762 
v -7.63433e-06 4.9997 0.000435303 
v 4.45813e-07 4.99972 0.000447939 
v -9.24834e-05 4.99969 0.000408476 
v -0.000189179 4.99972 0.000402324 
v -0.000362029 4.99972 0.000271042 
v -0.000317636 4.99967 0.000265835 
v -0.000307449 5.00037 -8.28936e-05 
v -0.000203979 5.00039 -0.000222475 
v -0.000298417 5.00024 -0.000289257 
v -0.000239704 5.00041 -0.000124118 
v -0.000348515 5.00032 -0.000113997 
v -0.000393934 5.00026 -0.000120078 
v -0.000389477 5.00015 -0.000241001 
v -0.000432169 5.0002 -7.47072e-05 
v -0.000212792 5.00029 -0.000319261 
v -0.000171471 5.00039 -0.000247735 
v -9.73706e-05 5.00041 -0.000246593 
v -0.000125563 5.00028 -0.000371775 
v -1.32953e-05 5.00039 -0.000299369 
v -0.000223566 5.00022 -0.000360896 
v -0.000145626 5.0002 -0.000410399 
v -0.000250797 5.00011 -0.000397844 
v -0.000142127 5.00006 -0.000462038 
v -0.000429294 5.00006 -0.000223308 
v -0.000179355 5.00005 -0.000448615 
v -0.000254095 5.00001 -0.000419573 
v 0.000459826 5 -0.000186045 
v 0.000385657 5.00011 -0.000274002 
v 0.000436313 5.00016 -0.000144612 
v 0.000484321 5.00004 -5.64673e-05 
v 0.000449882 5.00016 -6.48543e-05 
v 0.000481686 4.99999 -0.000128326 
v 0.000323603 5.00007 -0.000353832 
v 0.000335249 5.00017 -0.000295988 
v 0.000294162 5.00017 -0.000340788 
v 0.000314227 4.99998 -0.000383612 
v 0.000366251 4.99987 -0.000332416 
v 0.000392917 4.99978 -0.000270305 
v 0.000328083 4.99982 -0.000356882 
v 0.000289482 4.99975 -0.000360512 
v 0.000462271 4.9998 -0.000150615 
v 0.000494331 4.99989 -6.61886e-05 
v 0.00046539 4.99978 -9.41682e-05 
v 0.000236861 5.00026 0.000331109 
v 0.000132531 5.00038 0.000276306 
v 2.65906e-05 5.00035 0.000338421 
v 6.32196e-05 5.00025 0.000402953 
v 0.000181017 5.00039 0.000246182 
v 3.37758e-05 5.0002 0.000437058 
v 0.000323559 5.00028 0.000225487 
v 0.000271735 5.00038 0.00014444 
v 0.000343209 5.00024 0.000239482 
v 0.000141819 5.00011 0.000453308 
v 2.86447e-05 5.00011 0.000470684 
v 0.0002634 5.00016 0.000372864 
v 0.000366266 5.00018 0.000266478 
v 0.000430616 5.00016 0.000157404 
v -8.05054e-05 5.0001 -0.000463758 
v -9.13159e-06 5.0002 -0.000434486 
v 0.000162688 4.99996 -0.000470501 
v -7.76454e-05 5.00023 -0.000411739 
v -5.36658e-07 4.99992 -0.0005 
v 0.000111536 5.00022 -0.000408565 
v 0.000233032 5.00015 -0.000390144 
v 0.000296736 5 -0.000397927 
v 0.000294162 5.00017 -0.000340788 
v 0.000292051 4.99998 -0.000403092 
v 0.000152774 4.99987 -0.000473624 
v 0.000328083 4.99982 -0.000356882 
v 0.000264692 4.99973 -0.000366847 
v 0.000159086 4.99973 -0.00041723 
v -2.92218e-06 4.99987 -0.000496898 
v 4.78466e-05 4.99974 -0.000451055 
v -4.27173e-05 4.99974 -0.000448616 
v 0.000396617 5.00009 0.000274911 
v 0.000430581 4.99996 0.000250756 
v 0.000439331 5.00014 0.000151732 
v 0.000396282 5.00013 0.000245844 
v 0.000462372 5.00013 4.48328e-05 
v 0.000495821 4.99991 7.2167e-05 
v 0.000445949 4.99985 0.000214998 
v 0.000490219 5.00004 -2.15448e-05 
v 0.000453873 5.00017 -4.70741e-06 
v 0.000462123 5.00013 -5.02715e-05 
v 0.00049302 4.99997 -6.43296e-05 
v 0.0005 4.99988 -2.8536e-05 
v 0.00046022 4.99978 0.000142032 
v 0.000420228 4.99978 0.000226549 
v 0.000389117 4.99976 0.000257127 
v 0.000461196 4.99974 3.88286e-06 
v 0.000465391 4.99978 -9.41682e-05 
v -0.000320861 4.99984 0.000377939 
v -0.00030631 4.99991 0.000401379 
v -0.00041072 4.99991 0.000296738 
v -0.000335426 4.99978 0.000339565 
v -0.00029979 4.99998 0.000401667 
v -0.000398217 4.99977 0.000262452 
v -0.000454273 4.99984 0.000199672 
v -0.000457618 4.99985 0.000195138 
v -0.000480702 4.99991 0.000162756 
v -0.000323771 4.99998 0.000378304 
v -0.000457559 4.99992 0.000206201 
v -0.000408687 4.99999 0.000290625 
v -0.000464301 5.00006 0.000154992 
v -0.000457633 5.00009 0.000157758 
v -0.000438966 5.00015 0.000151876 
v -0.000365323 5.00017 0.000272718 
v -0.00026468 5.0001 0.000396026 
v -0.000315928 5.00031 0.000198155 
v -0.000414705 5.00021 0.000139846 
v -0.000426813 5.00023 6.7363e-06 
v -0.000467294 5.00013 2.80163e-05 
v -0.000447315 5.00014 0.000129728 
v -0.000432169 5.0002 -7.47072e-05 
v -0.000489147 4.99992 0.00012205 
v -0.000476572 4.99997 0.000162798 
v -0.0005 5.00001 -1.0934e-05 
v -0.000443989 5.00007 -0.000188974 
v -0.000402704 5.00014 -0.0002227 
v -0.000459586 5 -0.000187715 
v -0.000458494 4.99989 -0.000200194 
v -0.000486261 4.99979 -6.23074e-06 
v -0.000383352 4.99972 0.000235949 
v -0.000469528 4.99978 -9.49011e-05 
v -0.000474934 4.99983 -0.000149135 
v -0.000402152 4.99981 -0.000275725 
v -0.000239492 5.00028 0.000312666 
v -1.41314e-06 5.00023 0.000425589 
v -8.88648e-05 5.00039 0.000279764 
v 3.22651e-05 5.00025 0.000408932 
v 5.65089e-06 5.00036 0.000333069 
v -0.000152434 5.00041 0.000227302 
v -0.000227827 5.00039 0.000195313 
v -0.000319952 5.00025 0.000261675 
v -0.000315928 5.00031 0.000198155 
v -0.00026468 5.0001 0.000396026 
v -0.000340805 5.0002 0.000275797 
v -0.000162061 5.00004 0.000463413 
v -0.000304919 5 0.000394493 
v -8.05155e-06 5.00009 0.000480065 
v -4.68558e-05 5.00004 0.000483329 
v 0.000390931 5.00006 0.000291501 
v 0.000318558 5.00016 0.00032489 
v 0.00016789 4.9999 0.000473514 
v 0.000380204 5.00015 0.000258931 
v 0.000175177 5.00009 0.000443773 
v 0.00043029 4.99985 0.000244901 
v 0.000100974 5.00008 0.000467609 
v 0.000338902 4.99972 0.00028787 
v 0.000410979 4.9998 0.000254746 
v 0.000376251 4.99974 0.000268412 
v 0.000247327 4.99972 0.000370477 
v 0.000156363 4.99969 0.000393409 
v 8.02513e-05 5.00003 0.000480744 
v -8.05155e-06 5.00009 0.000480065 
v 6.46311e-05 4.9999 0.000492951 
v 1.07819e-05 4.99978 0.000478792 
v 4.45813e-07 4.99972 0.000447939 
v 0.000146787 4.99966 0.000374751 
v 0.000104593 4.99968 0.000399939 
v 3.07056e-05 4.9997 0.000427632 
v 0.000338569 5.00023 -0.000107775 
v 0.000398143 5.00008 0.000129724 
v 0.000398143 5.00008 -0.000126941 
v 0.000418672 4.99991 0.000136329 
v 0.000418672 4.99991 -0.000133546 
v 0.000398143 4.9998 -0.000126941 
v 0.000398143 4.9998 0.000129724 
v 0.000338569 4.9997 0.000110558 
v 0.000338569 4.9997 -0.000107775 
v 0.000245779 4.99962 8.07056e-05 
v 0.000245779 4.99962 -7.79221e-05 
v 0.000128857 4.99957 4.30896e-05 
v 0.000128857 4.99957 -4.03062e-05 
v 7.93513e-05 4.99957 -0.000107775 
v -7.51994e-07 4.99955 1.39173e-06 
v -7.51994e-07 4.99955 1.39173e-06 
v 0.000151613 4.99962 0.000209039 
v 0.000338569 4.9997 0.000110558 
v 0.00020896 4.9997 0.000287194 
v 0.000398143 4.9998 0.000129724 
v 0.000245779 4.9998 0.000337372 
v 0.000418672 4.99991 0.000136329 
v 0.000258465 4.99991 0.000354662 
v 0.000245779 5.00008 0.000337372 
v 0.000398143 5.00008 0.000129724 
v 0.00020896 5.00023 0.000287194 
v -0.000130361 4.99957 4.30896e-05 
v -7.51994e-07 4.99955 1.39173e-06 
v -8.08536e-05 4.99957 0.000110558 
v -0.000247283 4.99962 8.07056e-05 
v -0.000247281 4.99962 -7.79221e-05 
v -0.000340073 4.9997 -0.000107775 
v -0.000340073 4.9997 0.000110558 
v -0.000399647 4.9998 0.000129724 
v -0.000399647 4.9998 -0.000126941 
v -0.000420174 4.99991 -0.000133545 
v -0.000420174 4.99991 0.000136329 
v -0.000399647 5.00008 -0.000126941 
v -0.000399647 5.00008 0.000129724 
v -0.000340071 5.00023 0.000110558 
v -0.000340071 5.00023 -0.000107775 
v -0.000247281 5.00035 8.07064e-05 
v -0.000247281 5.00035 -7.79221e-05 
v -0.000130361 4.99957 -4.03062e-05 
v -7.51994e-07 4.99955 1.39173e-06 
v -0.000153116 4.99962 -0.000206255 
v -0.000340073 4.9997 -0.000107775 
v -0.000210462 4.9997 -0.000284409 
v -0.000399647 4.9998 -0.000126941 
v -0.000247281 4.9998 -0.000334588 
v -0.000420174 4.99991 -0.000133545 
v -0.000259969 4.99991 -0.000351878 
v -0.000247281 5.00008 -0.000334588 
v -0.000399647 5.00008 -0.000126941 
v -0.000210462 5.00023 -0.000284409 
v -0.000340071 5.00023 -0.000107775 
v -0.000153116 5.00035 -0.000206255 
v -0.000247281 5.00008 0.000337372 
v -7.51994e-07 4.99991 0.000438057 
v -7.51994e-07 5.00008 0.000416686 
v -0.000259969 4.99991 0.000354662 
v -0.000210462 5.00023 0.000287194 
v -0.000247281 4.9998 0.000337372 
v -7.51994e-07 5.00023 0.000354662 
v -7.51994e-07 4.9998 0.000416686 
v -0.000210462 4.9997 0.000287194 
v -7.51994e-07 4.9997 0.000354662 
v -0.000153116 5.00035 0.000209039 
v -0.000153116 4.99962 0.000209039 
v -7.51994e-07 4.99962 0.000258058 
v -7.51994e-07 4.99957 0.000136329 
v -7.51994e-07 5.00035 0.000258058 
v -7.51994e-07 4.99955 1.39173e-06 
v -0.000210462 4.9997 0.000287194 
v -0.000340073 4.9997 0.000110558 
v -0.000399647 4.9998 0.000129724 
v -0.000247281 4.9998 0.000337372 
v -0.000420174 4.99991 0.000136329 
v -0.000259969 4.99991 0.000354662 
v -0.000247281 5.00008 0.000337372 
v -0.000399647 5.00008 0.000129724 
v -0.000210462 5.00023 0.000287194 
v -0.000340071 5.00023 0.000110558 
v -8.08536e-05 4.99957 -0.000107775 
v -7.51994e-07 4.99955 1.39173e-06 
v -7.51994e-07 4.99962 -0.000255274 
v -0.000210462 4.9997 -0.000284409 
v -7.51994e-07 4.99957 -0.000133545 
v -7.51994e-07 4.99955 1.39173e-06 
v -7.51994e-07 4.9997 -0.000351878 
v -7.51994e-07 4.9998 -0.000413902 
v -0.000247281 4.9998 -0.000334588 
v -7.51994e-07 4.99991 -0.000435274 
v -0.000259969 4.99991 -0.000351878 
v -0.000247281 5.00008 -0.000334588 
v -7.51994e-07 5.00008 -0.000413902 
v -0.000210462 5.00023 -0.000284409 
v -7.51994e-07 5.00023 -0.000351878 
v -7.51994e-07 5.00035 -0.000255274 
v -7.51994e-07 5.00042 -0.000133546 
v -8.08536e-05 5.00042 -0.000107775 
v -7.51994e-07 5.00045 1.39173e-06 
v -0.000130361 5.00042 -4.03062e-05 
v -7.51994e-07 5.00045 1.39173e-06 
v 0.000338569 5.00023 0.000110558 
v 0.000151613 5.00035 0.000209039 
v 0.000245779 5.00035 8.07056e-05 
v 0.000128857 5.00042 4.30896e-05 
v 7.93513e-05 5.00042 0.000110558 
v -7.51994e-07 5.00045 1.39173e-06 
v -7.51994e-07 5.00035 0.000258058 
v -7.51994e-07 5.00042 0.000136329 
v -7.51994e-07 5.00045 1.39173e-06 
v -7.51994e-07 5.00023 0.000354662 
v 0.00020896 5.00023 0.000287194 
v -7.51994e-07 5.00008 0.000416686 
v 0.000245779 5.00008 0.000337372 
v -7.51994e-07 4.99991 0.000438057 
v 0.000258465 4.99991 0.000354662 
v 0.000245779 4.9998 0.000337372 
v -7.51994e-07 4.9998 0.000416686 
v 0.00020896 4.9997 0.000287194 
v -7.51994e-07 4.9997 0.000354662 
v -7.51994e-07 4.99962 0.000258058 
v 7.93513e-05 4.99957 0.000110558 
v -7.51994e-07 4.99957 0.000136329 
v -7.51994e-07 4.99955 1.39173e-06 
v -7.51994e-07 4.99955 1.39173e-06 
v -0.000130361 5.00042 4.30896e-05 
v -7.51994e-07 5.00045 1.39173e-06 
v -8.08536e-05 5.00042 0.000110558 
v -7.51994e-07 5.00045 1.39173e-06 
v -7.51994e-07 5.00042 0.000136329 
v -7.51994e-07 5.00045 1.39173e-06 
v 7.93513e-05 5.00042 -0.000107775 
v -7.51994e-07 5.00045 1.39173e-06 
v 0.000151613 5.00035 -0.000206255 
v -7.51994e-07 5.00023 -0.000351878 
v 0.00020896 5.00023 -0.000284409 
v -7.51994e-07 5.00008 -0.000413902 
v 0.000245779 5.00008 -0.000334588 
v -7.51994e-07 4.99991 -0.000435274 
v 0.000258465 4.99991 -0.000351878 
v 0.000245779 4.9998 -0.000334588 
v -7.51994e-07 4.9998 -0.000413902 
v 0.00020896 4.9997 -0.000284409 
v -7.51994e-07 4.9997 -0.000351878 
v 0.000151613 4.99962 -0.000206255 
v -7.51994e-07 4.99955 1.39173e-06 
v 0.000338569 4.9997 -0.000107775 
v 0.00020896 4.9997 -0.000284409 
v 0.000398143 4.9998 -0.000126941 
v 0.000245779 4.9998 -0.000334588 
v 0.000418672 4.99991 -0.000133546 
v 0.000258465 4.99991 -0.000351878 
v 0.000245779 5.00008 -0.000334588 
v 0.000398143 5.00008 -0.000126941 
v 0.00020896 5.00023 -0.000284409 
v 0.000338569 5.00023 -0.000107775 
v 0.000245779 5.00035 -7.79221e-05 
v 0.000128857 5.00042 -4.03062e-05 
v -7.51994e-07 5.00045 1.39173e-06 
v -7.51994e-07 5.00045 1.39173e-06 
v 0.000338569 5.00023 0.000110558 
v 0.000389117 4.99976 0.000257127 
v -7.51994e-07 4.99991 1.39257e-06 
v 0.00046022 4.99978 0.000142032 
v -0.000398217 4.99977 0.000262452 
v -7.51994e-07 4.99991 1.39257e-06 
v -0.000335426 4.99978 0.000339565 
v -0.000254095 5.00001 -0.000419573 
v -7.51994e-07 4.99991 1.39257e-06 
v -0.000429294 5.00006 -0.000223308 
v 0.000247327 4.99972 0.000370477 
v -7.51994e-07 4.99991 1.39257e-06 
v 0.000338902 4.99972 0.00028787 
v -0.000142127 5.00006 -0.000462038 
v -7.51994e-07 4.99991 1.39257e-06 
v -0.000179355 5.00005 -0.000448615 
v -0.000254095 5.00001 -0.000419573 
v -0.000469528 4.99978 -9.49011e-05 
v -7.51994e-07 4.99991 1.39257e-06 
v -0.000486261 4.99979 -6.23074e-06 
v -0.000304919 5 0.000394493 
v -7.51994e-07 4.99991 1.39257e-06 
v -0.000162061 5.00004 0.000463413 
v -4.68558e-05 5.00004 0.000483329 
v -0.000486261 4.99979 -6.23074e-06 
v -7.51994e-07 4.99991 1.39257e-06 
v -0.000383352 4.99972 0.000235949 
v -0.000402152 4.99981 -0.000275725 
v -7.51994e-07 4.99991 1.39257e-06 
v -0.000474934 4.99983 -0.000149135 
v 0.000462271 4.9998 -0.000150615 
v -7.51994e-07 4.99991 1.39257e-06 
v 0.000392917 4.99978 -0.000270305 
v 0.000289482 4.99975 -0.000360512 
v 0.000264692 4.99973 -0.000366847 
v -7.51994e-07 4.99991 1.39257e-06 
v 0.000159086 4.99973 -0.00041723 
v 4.78466e-05 4.99974 -0.000451055 
v -4.27173e-05 4.99974 -0.000448616 
v 0.00046539 4.99978 -9.41682e-05 
v -7.51994e-07 4.99991 1.39257e-06 
v 0.000462271 4.9998 -0.000150615 
v 0.000461196 4.99974 3.88286e-06 
v -7.51994e-07 4.99991 1.39257e-06 
v 0.000465391 4.99978 -9.41682e-05 
v 4.45813e-07 4.99972 0.000447939 
v -7.51994e-07 4.99991 1.39257e-06 
v 0.000156363 4.99969 0.000393409 
v 0.000156363 4.99969 0.000393409 
v -7.51994e-07 4.99991 1.39257e-06 
v 0.000247327 4.99972 0.000370477 
v -9.24834e-05 4.99969 0.000408476 
v -7.51994e-07 4.99991 1.39257e-06 
v -7.63433e-06 4.9997 0.000435303 
v 0.00046022 4.99978 0.000142032 
v -7.51994e-07 4.99991 1.39257e-06 
v 0.000461196 4.99974 3.88286e-06 
v 0.000366266 5.00018 0.000266478 
v -7.51994e-07 4.99991 1.39257e-06 
v 0.000430616 5.00016 0.000157404 
v 0.0002634 5.00016 0.000372864 
v 0.000141819 5.00011 0.000453308 
v 2.86447e-05 5.00011 0.000470684 
v -7.51994e-07 4.99991 1.39257e-06 
v 0.000141819 5.00011 0.000453308 
v -0.000189179 4.99972 0.000402324 
v -7.51994e-07 4.99991 1.39257e-06 
v -9.24834e-05 4.99969 0.000408476 
v 0.000432198 5.00018 -0.000135438 
v -7.51994e-07 4.99991 1.39257e-06 
v 0.000395702 5.00015 -0.000229531 
v 0.000453873 5.00017 -4.70741e-06 
v -0.000317636 4.99967 0.000265835 
v -7.51994e-07 4.99991 1.39257e-06 
v -0.000189179 4.99972 0.000402324 
v 0.0003383 5.0002 -0.000278481 
v -7.51994e-07 4.99991 1.39173e-06 
v 0.000237768 5.00018 -0.000378102 
v 0.000124637 5.00025 -0.000392218 
v -7.51994e-07 4.99991 1.39173e-06 
v -6.44326e-07 5.00024 -0.000415932 
v 0.000447397 5.00015 9.92562e-05 
v -7.51994e-07 4.99991 1.39257e-06 
v 0.000458031 5.00014 5.17049e-05 
v -0.000389477 5.00015 -0.000241001 
v -7.51994e-07 4.99991 1.39257e-06 
v -0.000432169 5.0002 -7.47072e-05 
v 0.000458031 5.00014 5.17049e-05 
v -7.51994e-07 4.99991 1.39257e-06 
v 0.000453873 5.00017 -4.70741e-06 
v -6.44326e-07 5.00024 -0.000415932 
v -7.51994e-07 4.99991 1.39173e-06 
v -6.21564e-05 5.00026 -0.00039854 
v -0.000414979 5.00025 8.63358e-06 
v -7.51994e-07 4.99991 1.39257e-06 
v -0.000406075 5.00025 8.40388e-05 
v -0.00040198 5.00022 0.000160027 
v -0.000126739 4.99966 -0.000383582 
v -7.51994e-07 4.99991 1.39257e-06 
v -0.000191498 4.99967 -0.000353431 
v -8.853e-05 4.99967 -0.000391713 
v -0.000241511 4.99967 -0.000329906 
v 0.000371959 5.00017 -0.000255593 
v -7.51994e-07 4.99991 1.39173e-06 
v 0.0003383 5.0002 -0.000278481 
v -0.000241511 4.99967 -0.000329906 
v -7.51994e-07 4.99991 1.39257e-06 
v -0.000281612 4.99965 -0.000268026 
v -0.000474934 4.99983 -0.000149135 
v -7.51994e-07 4.99991 1.39257e-06 
v -0.000469528 4.99978 -9.49011e-05 
v -8.05155e-06 5.00009 0.000480065 
v -7.51994e-07 4.99991 1.39257e-06 
v 8.02513e-05 5.00003 0.000480744 
v 0.000157888 5.00022 -0.000393359 
v -7.51994e-07 4.99991 1.39173e-06 
v 0.000124637 5.00025 -0.000392218 
v 0.000237768 5.00018 -0.000378102 
v -0.000340805 5.0002 0.000275797 
v -7.51994e-07 4.99991 1.39257e-06 
v -0.00026468 5.0001 0.000396026 
v -0.000454273 4.99984 0.000199672 
v -7.51994e-07 4.99991 1.39257e-06 
v -0.000398217 4.99977 0.000262452 
v -0.000457618 4.99985 0.000195138 
v -0.000480702 4.99991 0.000162756 
v 0.000484321 5.00004 -5.64673e-05 
v -7.51994e-07 4.99991 1.39257e-06 
v 0.000481686 4.99999 -0.000128326 
v 0.000366251 4.99987 -0.000332416 
v -7.51994e-07 4.99991 1.39257e-06 
v 0.000314227 4.99998 -0.000383612 
v -0.000432169 5.0002 -7.47072e-05 
v -7.51994e-07 4.99991 1.39257e-06 
v -0.000414979 5.00025 8.63358e-06 
v -4.68558e-05 5.00004 0.000483329 
v -7.51994e-07 4.99991 1.39257e-06 
v -8.05155e-06 5.00009 0.000480065 
v -0.000162947 5.00041 -0.000225851 
v -7.51994e-07 4.99991 1.39173e-06 
v -0.000209354 5.00041 -0.00017346 
v 0.000220085 4.99954 7.60923e-05 
v -7.51994e-07 4.99991 1.39257e-06 
v 0.00029244 4.99957 1.21025e-05 
v 0.000158082 4.99953 0.000114373 
v 0.000338902 4.99972 0.00028787 
v -7.51994e-07 4.99991 1.39257e-06 
v 0.000376251 4.99974 0.000268412 
v -7.51994e-07 4.99991 1.39257e-06 
v 0.000410979 4.9998 0.000254746 
v 0.00043029 4.99985 0.000244901 
v 3.54833e-05 4.99953 0.000182812 
v -7.51994e-07 4.99991 1.39257e-06 
v 0.000138017 4.99953 0.00013154 
v -1.41314e-06 5.00023 0.000425589 
v -7.51994e-07 4.99991 1.39257e-06 
v 3.22651e-05 5.00025 0.000408932 
v 0.000372363 5.00025 -0.000171648 
v -7.51994e-07 4.99991 1.39257e-06 
v 0.000321382 5.00032 -0.000168368 
v 0.000223229 5.00039 -0.000203012 
v 0.0004213 5.0002 0.000126275 
v -7.51994e-07 4.99991 1.39257e-06 
v 0.000447397 5.00015 9.92562e-05 
v 0.000362932 5.00025 0.000190488 
v 0.0005 4.99988 -2.8536e-05 
v -7.51994e-07 4.99991 1.39257e-06 
v 0.00049302 4.99997 -6.43296e-05 
v -7.4661e-06 5.00042 -0.000252817 
v -7.51994e-07 4.99991 1.39173e-06 
v -7.46711e-05 5.00044 -0.000221641 
v -0.000489147 4.99992 0.00012205 
v -7.51994e-07 4.99991 1.39257e-06 
v -0.000476572 4.99997 0.000162798 
v -0.00023008 4.99954 4.75322e-06 
v -7.51994e-07 4.99991 1.39257e-06 
v -0.000236582 4.99957 0.000175852 
v 0.000134817 5.00044 -0.00019009 
v -7.51994e-07 4.99991 1.39173e-06 
v 1.26594e-05 5.0004 -0.000276793 
v -7.46711e-05 5.00044 -0.000221641 
v -7.51994e-07 4.99991 1.39173e-06 
v -0.000162947 5.00041 -0.000225851 
v -0.000370447 4.99978 -0.000299084 
v -7.51994e-07 4.99991 1.39257e-06 
v -0.000443696 4.99991 -0.000232032 
v -0.000315928 5.00031 0.000198155 
v -7.51994e-07 4.99991 1.39257e-06 
v -0.000319952 5.00025 0.000261675 
v -0.000464301 5.00006 0.000154992 
v -7.51994e-07 4.99991 1.39257e-06 
v -0.000457559 4.99992 0.000206201 
v 0.000401107 4.99966 5.19581e-05 
v -7.51994e-07 4.99991 1.39257e-06 
v 0.000446203 4.99972 3.01601e-05 
v -0.000362029 4.99972 0.000271042 
v -7.51994e-07 4.99991 1.39257e-06 
v -0.000317636 4.99967 0.000265835 
v -0.000251295 5.00042 -7.5192e-05 
v -7.51994e-07 4.99991 1.39257e-06 
v -0.000304766 5.00038 -4.17645e-05 
v -0.000443989 5.00007 -0.000188974 
v -7.51994e-07 4.99991 1.39257e-06 
v -0.000459586 5 -0.000187715 
v -0.000402704 5.00014 -0.0002227 
v -0.000458494 4.99989 -0.000200194 
v 0.000490219 5.00004 -2.15448e-05 
v -7.51994e-07 4.99991 1.39257e-06 
v 0.000462123 5.00013 -5.02715e-05 
v -0.000379854 5.00028 -0.000101487 
v -7.51994e-07 4.99991 1.39257e-06 
v -0.000432169 5.0002 -7.47072e-05 
v -0.000125563 5.00028 -0.000371775 
v -7.51994e-07 4.99991 1.39257e-06 
v -0.000145626 5.0002 -0.000410399 
v -1.32953e-05 5.00039 -0.000299369 
v -0.000142127 5.00006 -0.000462038 
v -9.43861e-05 4.9995 4.70066e-05 
v -7.51994e-07 4.99991 1.39257e-06 
v -7.1002e-05 4.99951 9.43431e-05 
v 3.54833e-05 4.99953 0.000182812 
v -0.000159638 5.00042 0.000202074 
v -7.51994e-07 4.99991 1.39257e-06 
v -8.96033e-05 5.00041 0.000253022 
v -0.000274079 5.00038 0.00014073 
v 0.000328083 4.99982 -0.000356882 
v -7.51994e-07 4.99991 1.39257e-06 
v 0.000264692 4.99973 -0.000366847 
v 9.32287e-05 5.00038 0.000291627 
v -7.51994e-07 4.99991 1.39257e-06 
v 0.000115072 5.0004 0.000264363 
v 5.65089e-06 5.00036 0.000333069 
v 0.000177089 5.00039 0.000233645 
v -7.51994e-07 4.99991 1.39257e-06 
v 0.000226688 5.0004 0.000175601 
v 0.000115072 5.0004 0.000264363 
v -0.000165309 4.99953 -0.000119076 
v -7.51994e-07 4.99991 1.39257e-06 
v -0.000149924 4.99951 2.57392e-05 
v -0.000188708 4.99956 -0.000183692 
v -0.000180635 4.99959 -0.000263936 
v -8.96033e-05 5.00041 0.000253022 
v -7.51994e-07 4.99991 1.39257e-06 
v 5.65089e-06 5.00036 0.000333069 
v 1.26594e-05 5.0004 -0.000276793 
v -7.51994e-07 4.99991 1.39173e-06 
v -7.4661e-06 5.00042 -0.000252817 
v 0.000219747 5.00041 0.000159576 
v -7.51994e-07 4.99991 1.39257e-06 
v 0.000210373 5.00044 0.000100758 
v 0.000226688 5.0004 0.000175601 
v 0.000239339 5.00041 0.000139806 
v -7.51994e-07 4.99991 1.39257e-06 
v 0.000288372 5.00039 0.000102504 
v -0.000323771 4.99998 0.000378304 
v -7.51994e-07 4.99991 1.39257e-06 
v -0.00026468 5.0001 0.000396026 
v 0.000343209 5.00024 0.000239482 
v -7.51994e-07 4.99991 1.39257e-06 
v 0.000323559 5.00028 0.000225487 
v 0.000271735 5.00038 0.00014444 
v -0.00040198 5.00022 0.000160027 
v -7.51994e-07 4.99991 1.39257e-06 
v -0.000315928 5.00031 0.000198155 
v 0.000158499 5.00047 3.90743e-05 
v -7.51994e-07 4.99991 1.39257e-06 
v 0.000158597 5.00048 -6.37483e-06 
v 0.000146947 5.00048 -2.70235e-05 
v -7.51994e-07 4.99991 1.39173e-06 
v 0.000136326 5.00047 -9.19994e-05 
v 0.000134817 5.00044 -0.00019009 
v -8.05054e-05 5.0001 -0.000463758 
v -7.51994e-07 4.99991 1.39257e-06 
v -7.76454e-05 5.00023 -0.000411739 
v -5.36658e-07 4.99992 -0.0005 
v -2.92218e-06 4.99987 -0.000496898 
v -4.27173e-05 4.99974 -0.000448616 
v 0.000223229 5.00039 -0.000203012 
v -7.51994e-07 4.99991 1.39257e-06 
v 0.000154325 5.00044 -0.000167841 
v 0.000210373 5.00044 0.000100758 
v -7.51994e-07 4.99991 1.39257e-06 
v 0.000158499 5.00047 3.90743e-05 
v -0.000193871 4.99953 5.28168e-05 
v -7.51994e-07 4.99991 1.39257e-06 
v -9.43861e-05 4.9995 4.70066e-05 
v 0.000396617 5.00009 0.000274911 
v -7.51994e-07 4.99991 1.39257e-06 
v 0.000430581 4.99996 0.000250756 
v 0.000445949 4.99985 0.000214998 
v -0.000140315 5.00048 4.88065e-06 
v -7.51994e-07 4.99991 1.39173e-06 
v -0.000100628 5.00047 0.000126475 
v -0.000145488 5.00047 -8.26562e-05 
v -0.000278132 4.99961 0.000201884 
v -7.51994e-07 4.99991 1.39257e-06 
v -0.000236582 4.99957 0.000175852 
v -4.27173e-05 4.99974 -0.000448616 
v -7.51994e-07 4.99991 1.39257e-06 
v -8.853e-05 4.99967 -0.000391713 
v -1.15171e-05 4.99993 -0.000498514 
v -0.000335426 4.99978 0.000339565 
v -7.51994e-07 4.99991 1.39257e-06 
v -0.000320861 4.99984 0.000377939 
v -0.00030631 4.99991 0.000401379 
v -0.00029979 4.99998 0.000401667 
v 2.98341e-05 4.99991 0.000499505 
v -7.51994e-07 4.99991 1.39257e-06 
v 3.73187e-05 5 0.000492554 
v 7.599e-06 4.99988 0.0005 
v -3.12405e-06 4.99978 0.000476749 
v 4.45813e-07 4.99972 0.000447939 
v -7.63433e-06 4.9997 0.000435303 
v 0.000494331 4.99989 -6.61886e-05 
v -7.51994e-07 4.99991 1.39257e-06 
v 0.00046539 4.99978 -9.41682e-05 
v 2.65906e-05 5.00035 0.000338421 
v -7.51994e-07 4.99991 1.39257e-06 
v 6.32196e-05 5.00025 0.000402953 
v -7.90754e-05 5.00048 0.000136832 
v -7.51994e-07 4.99991 1.39257e-06 
v -8.96033e-05 5.00041 0.000253022 
v 0.000158597 5.00048 -6.37483e-06 
v -7.51994e-07 4.99991 1.39257e-06 
v 8.79732e-05 5.0005 2.55526e-06 
v -0.00016864 5.00047 5.64939e-06 
v -7.51994e-07 4.99991 1.39257e-06 
v -0.000237058 5.00044 1.85898e-06 
v 0.000323603 5.00007 -0.000353832 
v -7.51994e-07 4.99991 1.39257e-06 
v 0.000294162 5.00017 -0.000340788 
v 0.000314227 4.99998 -0.000383612 
v 0.000390931 5.00006 0.000291501 
v -7.51994e-07 4.99991 1.39257e-06 
v 0.000380204 5.00015 0.000258931 
v 0.00043029 4.99985 0.000244901 
v -0.000319952 5.00025 0.000261675 
v -7.51994e-07 4.99991 1.39257e-06 
v -0.000340805 5.0002 0.000275797 
v 0.000296736 5 -0.000397927 
v -7.51994e-07 4.99991 1.39257e-06 
v 0.000292051 4.99998 -0.000403092 
v 0.000294162 5.00017 -0.000340788 
v 8.87773e-05 4.99954 0.000209895 
v -7.51994e-07 4.99991 1.39257e-06 
v 0.000113664 4.99961 0.000325877 
v 0.000146787 4.99966 0.000374751 
v -0.000333793 4.99971 -0.000282359 
v -7.51994e-07 4.99991 1.39257e-06 
v -0.000370447 4.99978 -0.000299084 
v -0.000281612 4.99965 -0.000268026 
v -2.81972e-05 5.0005 8.51057e-05 
v -7.51994e-07 4.99991 1.39257e-06 
v -7.90754e-05 5.00048 0.000136832 
v 0.000340197 5.00027 -0.000210146 
v -7.51994e-07 4.99991 1.39173e-06 
v 0.000371959 5.00017 -0.000255593 
v -0.000168063 5.00045 -0.000114984 
v -7.51994e-07 4.99991 1.39173e-06 
v -0.000145488 5.00047 -8.26562e-05 
v -0.000209354 5.00041 -0.00017346 
v -8.05155e-06 5.00009 0.000480065 
v -7.51994e-07 4.99991 1.39257e-06 
v -1.41314e-06 5.00023 0.000425589 
v 8.79732e-05 5.0005 2.55526e-06 
v -7.51994e-07 4.99991 1.39257e-06 
v 1.99354e-06 5.0005 8.51848e-05 
v 1.99354e-06 5.0005 8.51848e-05 
v -7.51994e-07 4.99991 1.39257e-06 
v -2.81972e-05 5.0005 8.51057e-05 
v -4.06144e-05 5.0005 7.68977e-05 
v -7.51994e-07 4.99991 1.39173e-06 
v 1.27082e-05 5.0005 6.15495e-05 
v -0.000100628 5.00047 0.000126475 
v -0.000290776 4.99988 0.00040929 
v -7.51994e-07 4.99991 1.39257e-06 
v -0.000292426 4.99984 0.000403762 
v -0.000284614 4.99995 0.000413183 
v 1.27082e-05 5.0005 6.15495e-05 
v -7.51994e-07 4.99991 1.39173e-06 
v 7.77497e-05 5.0005 -4.9073e-06 
v -0.000443696 4.99991 -0.000232032 
v -7.51994e-07 4.99991 1.39257e-06 
v -0.000442519 5 -0.000221574 
v 0.000133557 4.99954 0.000188539 
v -7.51994e-07 4.99991 1.39257e-06 
v 0.000158082 4.99953 0.000114373 
v 0.00012939 4.99957 0.000250152 
v 0.000135647 4.9996 0.000295462 
v 0.000158911 4.99963 0.000331377 
v 0.000176009 4.99968 0.000376416 
v -0.000393934 5.00026 -0.000120078 
v -7.51994e-07 4.99991 1.39257e-06 
v -0.000348515 5.00032 -0.000113997 
v -0.000307449 5.00037 -8.28936e-05 
v 0.000355399 4.99962 2.9179e-05 
v -7.51994e-07 4.99991 1.39257e-06 
v 0.000401107 4.99966 5.19581e-05 
v 0.00029244 4.99957 1.21025e-05 
v -0.000304766 5.00038 -4.17645e-05 
v -7.51994e-07 4.99991 1.39257e-06 
v -0.000379854 5.00028 -0.000101487 
v -0.000447315 5.00014 0.000129728 
v -7.51994e-07 4.99991 1.39257e-06 
v -0.000414705 5.00021 0.000139846 
v -0.000476572 4.99997 0.000162798 
v 3.22651e-05 5.00025 0.000408932 
v -7.51994e-07 4.99991 1.39257e-06 
v 5.65089e-06 5.00036 0.000333069 
v 7.77497e-05 5.0005 -4.9073e-06 
v -7.51994e-07 4.99991 1.39173e-06 
v 0.000146947 5.00048 -2.70235e-05 
v -0.000227827 5.00039 0.000195313 
v -7.51994e-07 4.99991 1.39257e-06 
v -0.000315928 5.00031 0.000198155 
v 0.000395702 5.00015 -0.000229531 
v -7.51994e-07 4.99991 1.39257e-06 
v 0.000372363 5.00025 -0.000171648 
v -8.96033e-05 5.00041 0.000253022 
v -7.51994e-07 4.99991 1.39257e-06 
v -0.000100628 5.00047 0.000126475 
v -0.000100628 5.00047 0.000126475 
v -7.51994e-07 4.99991 1.39257e-06 
v -0.00016864 5.00047 5.64939e-06 
v -0.00026468 5.0001 0.000396026 
v -7.51994e-07 4.99991 1.39257e-06 
v -0.000304919 5 0.000394493 
v -0.000220943 5.00044 -2.3687e-05 
v -7.51994e-07 4.99991 1.39257e-06 
v -0.000251295 5.00042 -7.5192e-05 
v 1.07819e-05 4.99978 0.000478792 
v -7.51994e-07 4.99991 1.39257e-06 
v 4.45813e-07 4.99972 0.000447939 
v 6.46311e-05 4.9999 0.000492951 
v 8.02513e-05 5.00003 0.000480744 
v -0.000438966 5.00015 0.000151876 
v -7.51994e-07 4.99991 1.39257e-06 
v -0.000457633 5.00009 0.000157758 
v -0.000315928 5.00031 0.000198155 
v -0.000464301 5.00006 0.000154992 
v -7.89711e-05 4.9995 1.68457e-05 
v -7.51994e-07 4.99991 1.39257e-06 
v -0.000141272 4.99954 -0.000189404 
v -0.000139437 4.9996 -0.00029892 
v -0.000157693 4.99964 -0.000342661 
v -0.000359347 4.99963 0.000111047 
v -7.51994e-07 4.99991 1.39257e-06 
v -0.000434481 4.99972 0.000121013 
v 0.000449882 5.00016 -6.48543e-05 
v -7.51994e-07 4.99991 1.39257e-06 
v 0.000484321 5.00004 -5.64673e-05 
v 3.37758e-05 5.0002 0.000437058 
v -7.51994e-07 4.99991 1.39257e-06 
v 2.86447e-05 5.00011 0.000470684 
v 6.32196e-05 5.00025 0.000402953 
v 8.06181e-05 4.99951 0.000117507 
v -7.51994e-07 4.99991 1.39257e-06 
v -7.89711e-05 4.9995 1.68457e-05 
v -0.000365323 5.00017 0.000272718 
v -7.51994e-07 4.99991 1.39257e-06 
v -0.000315928 5.00031 0.000198155 
v -0.000149924 4.99951 2.57392e-05 
v -7.51994e-07 4.99991 1.39257e-06 
v -0.00023008 4.99954 4.75322e-06 
v 0.000134817 5.00044 -0.00019009 
v -7.51994e-07 4.99991 1.39173e-06 
v 0.000203469 5.00038 -0.000227241 
v 0.000151321 5.00047 -9.21601e-05 
v -7.51994e-07 4.99991 1.39257e-06 
v 0.000164569 5.00047 -1.80467e-05 
v 0.000154325 5.00044 -0.000167841 
v -0.000315928 5.00031 0.000198155 
v -7.51994e-07 4.99991 1.39257e-06 
v -0.000274079 5.00038 0.00014073 
v 0.000288372 5.00039 0.000102504 
v -7.51994e-07 4.99991 1.39257e-06 
v 0.000362932 5.00025 0.000190488 
v -0.000236582 4.99957 0.000175852 
v -7.51994e-07 4.99991 1.39257e-06 
v -0.000193871 4.99953 5.28168e-05 
v 0.000218013 5.00044 7.3368e-05 
v -7.51994e-07 4.99991 1.39257e-06 
v 0.000239339 5.00041 0.000139806 
v 0.000164569 5.00047 -1.80467e-05 
v -0.000352461 4.9997 -0.000258641 
v -7.51994e-07 4.99991 1.39257e-06 
v -0.000281612 4.99965 -0.000268026 
v -0.000405794 4.99978 -0.000252887 
v -0.000180635 4.99959 -0.000263936 
v -0.000152434 5.00041 0.000227302 
v -7.51994e-07 4.99991 1.39257e-06 
v -0.000227827 5.00039 0.000195313 
v 0.000410792 4.99967 -7.22269e-06 
v -7.51994e-07 4.99991 1.39257e-06 
v 0.000390882 4.99965 8.10804e-06 
v 0.000445545 4.99972 -2.81945e-05 
v 0.00029244 4.99957 1.21025e-05 
v 0.00049302 4.99997 -6.43296e-05 
v -7.51994e-07 4.99991 1.39257e-06 
v 0.000490219 5.00004 -2.15448e-05 
v -8.88648e-05 5.00039 0.000279764 
v -7.51994e-07 4.99991 1.39257e-06 
v -0.000152434 5.00041 0.000227302 
v 5.65089e-06 5.00036 0.000333069 
v 0.000132531 5.00038 0.000276306 
v -7.51994e-07 4.99991 1.39257e-06 
v 2.65906e-05 5.00035 0.000338421 
v 0.000181017 5.00039 0.000246182 
v 0.000271735 5.00038 0.00014444 
v 0.000292051 4.99998 -0.000403092 
v -7.51994e-07 4.99991 1.39257e-06 
v 0.000328083 4.99982 -0.000356882 
v 0.000465391 4.99978 -9.41682e-05 
v -7.51994e-07 4.99991 1.39257e-06 
v 0.0005 4.99988 -2.8536e-05 
v -0.000237058 5.00044 1.85898e-06 
v -7.51994e-07 4.99991 1.39257e-06 
v -0.000220943 5.00044 -2.3687e-05 
v -0.000429294 5.00006 -0.000223308 
v -7.51994e-07 4.99991 1.39257e-06 
v -0.000389477 5.00015 -0.000241001 
v 5.27809e-05 5.00039 -0.000285477 
v -7.51994e-07 4.99991 1.39173e-06 
v 0.000134817 5.00044 -0.00019009 
v 8.98018e-06 5.00033 -0.000356142 
v 0.000445949 4.99985 0.000214998 
v -7.51994e-07 4.99991 1.39257e-06 
v 0.000420228 4.99978 0.000226549 
v -6.21564e-05 5.00026 -0.00039854 
v -7.51994e-07 4.99991 1.39173e-06 
v -5.48266e-06 5.00032 -0.00036106 
v 0.00029244 4.99957 1.21025e-05 
v -7.51994e-07 4.99991 1.39257e-06 
v 8.06181e-05 4.99951 0.000117507 
v -6.67171e-05 5.00004 -0.000477522 
v -7.51994e-07 4.99991 1.39257e-06 
v -1.15171e-05 4.99993 -0.000498514 
v -0.000236582 4.99957 0.000175852 
v -7.51994e-07 4.99991 1.39257e-06 
v -0.000308637 4.99962 0.000176386 
v 0.000289482 4.99975 -0.000360512 
v -7.51994e-07 4.99991 1.39257e-06 
v 0.000328083 4.99982 -0.000356882 
v 0.000366251 4.99987 -0.000332416 
v -0.000307449 5.00037 -8.28936e-05 
v -7.51994e-07 4.99991 1.39257e-06 
v -0.000239704 5.00041 -0.000124118 
v -0.000239704 5.00041 -0.000124118 
v -7.51994e-07 4.99991 1.39257e-06 
v -0.000203979 5.00039 -0.000222475 
v 0.000138017 4.99953 0.00013154 
v -7.51994e-07 4.99991 1.39257e-06 
v 8.87773e-05 4.99954 0.000209895 
v 2.10625e-06 4.99966 -0.000402787 
v -7.51994e-07 4.99991 1.39257e-06 
v 5.93419e-05 4.99972 -0.000435759 
v 0.000396282 5.00013 0.000245844 
v -7.51994e-07 4.99991 1.39257e-06 
v 0.000396617 5.00009 0.000274911 
v -0.000171471 5.00039 -0.000247735 
v -7.51994e-07 4.99991 1.39257e-06 
v -9.73706e-05 5.00041 -0.000246593 
v 0.000203469 5.00038 -0.000227241 
v -7.51994e-07 4.99991 1.39173e-06 
v 0.000277856 5.00034 -0.000207289 
v 0.000340197 5.00027 -0.000210146 
v 0.000462123 5.00013 -5.02715e-05 
v -7.51994e-07 4.99991 1.39257e-06 
v 0.000453873 5.00017 -4.70741e-06 
v 0.000430616 5.00016 0.000157404 
v -7.51994e-07 4.99991 1.39257e-06 
v 0.000343209 5.00024 0.000239482 
v -0.000250676 4.99999 0.000427133 
v -7.51994e-07 4.99991 1.39257e-06 
v -0.000284614 4.99995 0.000413183 
v -9.73706e-05 5.00041 -0.000246593 
v -7.51994e-07 4.99991 1.39257e-06 
v -1.32953e-05 5.00039 -0.000299369 
v -0.000151408 4.99968 0.00038894 
v -7.51994e-07 4.99991 1.39257e-06 
v -0.000179032 4.99971 0.0003961 
v 0.000332191 4.99973 -0.000300863 
v -7.51994e-07 4.99991 1.39257e-06 
v 0.000392917 4.99978 -0.000270305 
v -0.000203979 5.00039 -0.000222475 
v -7.51994e-07 4.99991 1.39257e-06 
v -0.000171471 5.00039 -0.000247735 
v -0.000432169 5.0002 -7.47072e-05 
v -7.51994e-07 4.99991 1.39257e-06 
v -0.000393934 5.00026 -0.000120078 
v 0.000335249 5.00017 -0.000295988 
v -7.51994e-07 4.99991 1.39257e-06 
v 0.000385657 5.00011 -0.000274002 
v 0.000481686 4.99999 -0.000128326 
v -7.51994e-07 4.99991 1.39257e-06 
v 0.000494331 4.99989 -6.61886e-05 
v -0.000458494 4.99989 -0.000200194 
v -7.51994e-07 4.99991 1.39257e-06 
v -0.000402152 4.99981 -0.000275725 
v -0.000292426 4.99984 0.000403762 
v -7.51994e-07 4.99991 1.39257e-06 
v -0.000362029 4.99972 0.000271042 
v -5.48266e-06 5.00032 -0.00036106 
v -7.51994e-07 4.99991 1.39173e-06 
v 8.98018e-06 5.00033 -0.000356142 
v -0.000383352 4.99972 0.000235949 
v -7.51994e-07 4.99991 1.39257e-06 
v -0.000489147 4.99992 0.00012205 
v -0.000239112 4.99966 0.000329362 
v -7.51994e-07 4.99991 1.39257e-06 
v -0.000278132 4.99961 0.000201884 
v -0.000179032 4.99971 0.0003961 
v -0.000458656 4.99977 -0.000115553 
v -7.51994e-07 4.99991 1.39257e-06 
v -0.000463914 4.9998 -0.00015193 
v -0.000426813 5.00023 6.7363e-06 
v -7.51994e-07 4.99991 1.39257e-06 
v -0.000432169 5.0002 -7.47072e-05 
v -0.000402704 5.00014 -0.0002227 
v 0.000453873 5.00017 -4.70741e-06 
v -7.51994e-07 4.99991 1.39257e-06 
v 0.000462372 5.00013 4.48328e-05 
v -0.000157693 4.99964 -0.000342661 
v -7.51994e-07 4.99991 1.39257e-06 
v 2.10625e-06 4.99966 -0.000402787 
v 0.000318558 5.00016 0.00032489 
v -7.51994e-07 4.99991 1.39257e-06 
v 0.000175177 5.00009 0.000443773 
v 0.000380204 5.00015 0.000258931 
v 0.000100974 5.00008 0.000467609 
v -8.05155e-06 5.00009 0.000480065 
v 0.000111536 5.00022 -0.000408565 
v -7.51994e-07 4.99991 1.39257e-06 
v 0.000233032 5.00015 -0.000390144 
v 0.000247327 4.99972 0.000370477 
v -7.51994e-07 4.99991 1.39257e-06 
v 0.000176009 4.99968 0.000376416 
v 3.73187e-05 5 0.000492554 
v -7.51994e-07 4.99991 1.39257e-06 
v -2.31654e-06 5.00003 0.000492629 
v -0.000308637 4.99962 0.000176386 
v -7.51994e-07 4.99991 1.39257e-06 
v -0.000359347 4.99963 0.000111047 
v -0.000414705 5.00021 0.000139846 
v -7.51994e-07 4.99991 1.39257e-06 
v -0.000426813 5.00023 6.7363e-06 
v 0.000410472 4.99975 0.000210533 
v -7.51994e-07 4.99991 1.39257e-06 
v 0.00037148 4.99972 0.000244833 
v -7.76454e-05 5.00023 -0.000411739 
v -7.51994e-07 4.99991 1.39257e-06 
v -9.13159e-06 5.0002 -0.000434486 
v -0.00026468 5.0001 0.000396026 
v -7.51994e-07 4.99991 1.39257e-06 
v -0.000365323 5.00017 0.000272718 
v 0.000420228 4.99978 0.000226549 
v -7.51994e-07 4.99991 1.39257e-06 
v 0.000389117 4.99976 0.000257127 
v 0.000446203 4.99972 3.01601e-05 
v -7.51994e-07 4.99991 1.39257e-06 
v 0.000445564 4.99975 0.000142565 
v -9.13159e-06 5.0002 -0.000434486 
v -7.51994e-07 4.99991 1.39257e-06 
v 0.000111536 5.00022 -0.000408565 
v 3.07056e-05 4.9997 0.000427632 
v -7.51994e-07 4.99991 1.39257e-06 
v -7.50429e-05 4.99967 0.000397837 
v 0.000436313 5.00016 -0.000144612 
v -7.51994e-07 4.99991 1.39257e-06 
v 0.000449882 5.00016 -6.48543e-05 
v 0.000385657 5.00011 -0.000274002 
v 0.000453748 4.99978 -0.000154498 
v -7.51994e-07 4.99991 1.39257e-06 
v 0.000445545 4.99972 -2.81945e-05 
v 5.93419e-05 4.99972 -0.000435759 
v -7.51994e-07 4.99991 1.39257e-06 
v 0.000332191 4.99973 -0.000300863 
v 0.000233032 5.00015 -0.000390144 
v -7.51994e-07 4.99991 1.39257e-06 
v 0.000294162 5.00017 -0.000340788 
v 0.000294162 5.00017 -0.000340788 
v -7.51994e-07 4.99991 1.39257e-06 
v 0.000335249 5.00017 -0.000295988 
v 0.000146787 4.99966 0.000374751 
v -7.51994e-07 4.99991 1.39257e-06 
v 0.000104593 4.99968 0.000399939 
v 3.07056e-05 4.9997 0.000427632 
v 0.000439331 5.00014 0.000151732 
v -7.51994e-07 4.99991 1.39257e-06 
v 0.000396282 5.00013 0.000245844 
v 0.000462372 5.00013 4.48328e-05 
v -7.50429e-05 4.99967 0.000397837 
v -7.51994e-07 4.99991 1.39257e-06 
v -0.000151408 4.99968 0.00038894 
v -0.000457559 4.99992 0.000206201 
v -7.51994e-07 4.99991 1.39257e-06 
v -0.000480702 4.99991 0.000162756 
v -2.31654e-06 5.00003 0.000492629 
v -7.51994e-07 4.99991 1.39257e-06 
v -0.000159096 5 0.000472008 
v -0.000250676 4.99999 0.000427133 
v -0.000463914 4.9998 -0.00015193 
v -7.51994e-07 4.99991 1.39257e-06 
v -0.000405794 4.99978 -0.000252887 
v 0.000345094 4.99971 0.000275184 
v -7.51994e-07 4.99991 1.39257e-06 
v 0.000247327 4.99972 0.000370477 
v 0.00037148 4.99972 0.000244833 
v -0.000434481 4.99972 0.000121013 
v -7.51994e-07 4.99991 1.39257e-06 
v -0.000458656 4.99977 -0.000115553 
v -0.000391622 5.00003 -0.000299292 
v -7.51994e-07 4.99991 1.39257e-06 
v -0.000254095 5.00001 -0.000419573 
v -0.000442519 5 -0.000221574 
v -6.67171e-05 5.00004 -0.000477522 
v 0.000392917 4.99978 -0.000270305 
v -7.51994e-07 4.99991 1.39257e-06 
v 0.000453748 4.99978 -0.000154498 
v 0.000445564 4.99975 0.000142565 
v -7.51994e-07 4.99991 1.39257e-06 
v 0.000410472 4.99975 0.000210533 
v -0.00029979 4.99998 0.000401667 
v -7.51994e-07 4.99991 1.39257e-06 
v -0.000323771 4.99998 0.000378304 

vn -0.322835 0.858268 -0.401575 
vn -0.370079 0.834646 -0.401575 
vn -0.299213 0.874016 -0.377953 
vn -0.0944882 0.929134 -0.362205 
vn -0.181102 0.88189 -0.433071 
vn 0.0944882 0.866142 -0.488189 
vn -0.228346 0.952756 -0.220472 
vn 0.11811 0.913386 -0.393701 
vn 0.15748 0.818898 -0.551181 
vn 0.15748 0.952756 -0.259843 
vn -0.015748 0.984252 -0.181102 
vn -0.188976 0.984252 -0.015748 
vn 0.11811 0.984252 -0.102362 
vn 0.259843 0.96063 -0.11811 
vn -0.0314961 1 -0.00787402 
vn -0.15748 0.984252 0.0472441 
vn -0.251969 0.96063 0.133858 
vn 0.275591 0.944882 0.181102 
vn 0.23622 0.96063 0.165354 
vn 0.141732 0.913386 0.393701 
vn 0.299213 0.952756 0.0393701 
vn 0.322835 0.889764 0.322835 
vn 0.0708661 0.952756 0.283465 
vn -0.0314961 0.937008 0.354331 
vn -0.0472441 0.897638 0.433071 
vn -0.00787402 0.84252 0.543307 
vn 0.338583 0.866142 0.377953 
vn 0.0629921 0.826772 0.559055 
vn 0.00787402 0.80315 0.590551 
vn 0.212598 0.834646 0.503937 
vn 0.307087 0.850394 0.425197 
vn 0.338583 0.858268 0.393701 
vn 0.023622 -0.716535 0.692913 
vn 0.0551181 -0.755906 0.653543 
vn -0.125984 -0.84252 0.519685 
vn 0 -0.724409 0.685039 
vn -0.0708661 -0.755906 0.653543 
vn 0.0787402 -0.913386 0.393701 
vn 0 -0.929134 0.370079 
vn 0.141732 -0.96063 0.251969 
vn -0.220472 -0.937008 0.275591 
vn -0.283465 -0.866142 0.409449 
vn -0.267717 -0.937008 0.212598 
vn -0.228346 -0.937008 0.251969 
vn -0.322835 -0.795276 0.511811 
vn -0.314961 -0.708661 0.629921 
vn -0.275591 -0.80315 0.535433 
vn -0.275591 -0.685039 0.669291 
vn -0.370079 -0.582677 0.724409 
vn 0.606299 -0.779528 -0.141732 
vn 0.637795 -0.724409 -0.259843 
vn 0.700787 -0.669291 -0.23622 
vn 0.637795 -0.76378 -0.110236 
vn 0.740157 -0.653543 -0.141732 
vn 0.80315 -0.559055 -0.204724 
vn 0.685039 -0.637795 -0.346457 
vn 0.669291 -0.653543 -0.346457 
vn 0.692913 -0.653543 -0.299213 
vn -0.645669 -0.740157 -0.181102 
vn -0.76378 -0.574803 -0.299213 
vn -0.76378 -0.543307 -0.346457 
vn -0.795276 -0.606299 -0.023622 
vn -0.795276 -0.496063 -0.354331 
vn -0.716535 -0.606299 -0.338583 
vn -0.535433 -0.76378 -0.362205 
vn -0.480315 -0.811024 -0.330709 
vn -0.480315 -0.818898 -0.307087 
vn -0.653543 -0.755906 0.0629921 
vn -0.433071 -0.874016 -0.212598 
vn -0.456693 -0.889764 -0.0472441 
vn -0.291339 -0.952756 -0.0866142 
vn -0.511811 -0.84252 0.15748 
vn -0.527559 -0.826772 0.19685 
vn 0.401575 -0.811024 0.425197 
vn 0.425197 -0.834646 0.338583 
vn 0.535433 -0.740157 0.401575 
vn 0.401575 -0.779528 0.472441 
vn 0.425197 -0.850394 0.322835 
vn 0.440945 -0.716535 0.551181 
vn 0.448819 -0.677165 0.582677 
vn 0.448819 -0.685039 0.574803 
vn 0.574803 -0.622047 0.527559 
vn 0.472441 -0.826772 0.291339 
vn 0.716535 -0.574803 0.393701 
vn 0.598425 -0.771654 0.228346 
vn 0.551181 -0.811024 0.220472 
vn 0.732283 -0.637795 0.244094 
vn 0.700787 -0.645669 0.299213 
vn 0.771654 -0.527559 0.354331 
vn 0.779528 -0.582677 0.228346 
vn 0.76378 -0.590551 0.259843 
vn 0.330709 -0.748031 -0.566929 
vn 0.330709 -0.748031 -0.566929 
vn 0.220472 -0.929134 -0.307087 
vn 0.188976 -0.834646 -0.519685 
vn -0.141732 -0.740157 -0.653543 
vn 0.0393701 -0.88189 -0.472441 
vn 0.11811 -0.937008 -0.330709 
vn 0.133858 -0.96063 -0.251969 
vn 0.181102 -0.976378 -0.102362 
vn 0.267717 -0.96063 -0.0314961 
vn -0.669291 0.724409 0.173228 
vn -0.417323 0.866142 0.259843 
vn -0.590551 0.80315 0.0393701 
vn -0.425197 0.889764 0.149606 
vn -0.354331 0.866142 0.346457 
vn -0.251969 0.88189 0.393701 
vn -0.23622 0.913386 0.338583 
vn -0.606299 0.740157 0.283465 
vn -0.755906 0.590551 0.283465 
vn -0.622047 0.787402 -0.0314961 
vn -0.527559 0.84252 -0.110236 
vn -0.645669 0.76378 -0.015748 
vn -0.779528 0.582677 0.23622 
vn -0.76378 0.582677 0.275591 
vn -0.787402 0.622047 0 
vn -0.826772 0.551181 -0.149606 
vn -0.834646 0.551181 0 
vn -0.850394 0.503937 -0.133858 
vn 0.551181 0.519685 -0.645669 
vn 0.590551 0.535433 -0.606299 
vn 0.322835 0.590551 -0.740157 
vn 0.685039 0.480315 -0.551181 
vn 0.527559 0.503937 -0.685039 
vn 0.503937 0.559055 -0.661417 
vn 0.448819 0.511811 -0.740157 
vn 0.314961 0.535433 -0.787402 
vn 0.393701 0.645669 -0.653543 
vn 0.267717 0.692913 -0.669291 
vn 0.291339 0.732283 -0.614173 
vn 0.141732 0.629921 -0.76378 
vn 0.0629921 0.566929 -0.818898 
vn 0.015748 0.535433 -0.84252 
vn -0.00787402 0.582677 -0.811024 
vn -0.102362 0.535433 -0.834646 
vn 0.582677 0.779528 -0.228346 
vn 0.574803 0.795276 -0.204724 
vn 0.732283 0.677165 -0.0708661 
vn 0.519685 0.80315 -0.275591 
vn 0.700787 0.677165 -0.228346 
vn 0.582677 0.80315 -0.125984 
vn 0.818898 0.519685 -0.244094 
vn 0.598425 0.80315 0.0314961 
vn 0.834646 0.488189 -0.267717 
vn 0.80315 0.409449 -0.433071 
vn 0.826772 0.551181 0.11811 
vn 0.858268 0.496063 0.125984 
vn 0.692913 0.708661 0.11811 
vn 0.543307 0.795276 0.259843 
vn 0.787402 0.590551 0.173228 
vn 0.84252 0.535433 0.0944882 
vn 0.913386 0.385827 0.125984 
vn -0.275591 -0.393701 -0.88189 
vn -0.496063 -0.464567 -0.740157 
vn -0.448819 -0.149606 -0.88189 
vn -0.165354 -0.346457 -0.92126 
vn -0.149606 -0.535433 -0.826772 
vn -0.251969 -0.551181 -0.795276 
vn -0.354331 -0.566929 -0.748031 
vn -0.496063 -0.574803 -0.653543 
vn -0.566929 -0.566929 -0.590551 
vn -0.582677 -0.448819 -0.677165 
vn -0.637795 -0.165354 -0.748031 
vn -0.708661 -0.0551181 -0.708661 
vn -0.251969 -0.0472441 -0.968504 
vn -0.708661 -0.0708661 -0.708661 
vn -0.716535 -0.0787402 -0.692913 
vn -0.511811 -0.015748 -0.858268 
vn -0.299213 0.0393701 -0.952756 
vn -0.291339 -0.212598 0.937008 
vn -0.149606 -0.0472441 0.984252 
vn -0.0866142 0.0314961 0.992126 
vn -0.0393701 0.0472441 1 
vn 0.0472441 0.0708661 1 
vn -0.275591 -0.015748 0.96063 
vn -0.425197 -0.015748 0.905512 
vn -0.401575 0 0.913386 
vn -0.417323 -0.0472441 0.905512 
vn -0.188976 -0.362205 0.913386 
vn -0.472441 -0.291339 0.826772 
vn -0.204724 -0.440945 0.874016 
vn -0.220472 -0.456693 0.858268 
vn -0.19685 -0.433071 0.88189 
vn -0.385827 -0.433071 0.811024 
vn -0.527559 -0.496063 0.685039 
vn -0.519685 -0.527559 0.669291 
vn -0.614173 0.645669 -0.448819 
vn -0.614173 0.614173 -0.496063 
vn -0.661417 0.464567 -0.590551 
vn -0.661417 0.614173 -0.433071 
vn -0.590551 0.645669 -0.488189 
vn -0.771654 0.472441 -0.433071 
vn -0.748031 0.322835 -0.582677 
vn -0.80315 0.425197 -0.417323 
vn -0.440945 0.582677 -0.677165 
vn -0.370079 0.629921 -0.685039 
vn -0.251969 0.661417 -0.700787 
vn -0.330709 0.590551 -0.740157 
vn -0.267717 0.677165 -0.692913 
vn -0.488189 0.417323 -0.771654 
vn -0.401575 0.393701 -0.826772 
vn -0.559055 0.259843 -0.787402 
vn -0.417323 0.283465 -0.866142 
vn -0.700787 0.220472 -0.685039 
vn -0.433071 0.228346 -0.874016 
vn -0.590551 0.204724 -0.779528 
vn 0.905512 0.0787402 -0.425197 
vn 0.787402 0.173228 -0.598425 
vn 0.929134 0.220472 -0.299213 
vn 0.944882 0.23622 -0.23622 
vn 0.952756 0.212598 -0.220472 
vn 0.937008 0.110236 -0.338583 
vn 0.755906 0.149606 -0.637795 
vn 0.677165 0.283465 -0.677165 
vn 0.685039 0.283465 -0.677165 
vn 0.795276 0.102362 -0.598425 
vn 0.811024 -0.0787402 -0.582677 
vn 0.811024 -0.15748 -0.559055 
vn 0.692913 -0.291339 -0.661417 
vn 0.692913 -0.291339 -0.661417 
vn 0.929134 -0.102362 -0.346457 
vn 0.96063 -0.0944882 -0.267717 
vn 0.968504 -0.212598 -0.141732 
vn 0.456693 0.527559 0.716535 
vn 0.314961 0.590551 0.740157 
vn 0.275591 0.582677 0.76378 
vn 0.322835 0.448819 0.834646 
vn 0.480315 0.637795 0.606299 
vn 0.259843 0.393701 0.88189 
vn 0.582677 0.590551 0.559055 
vn 0.574803 0.661417 0.480315 
vn 0.669291 0.472441 0.574803 
vn 0.251969 0.417323 0.874016 
vn 0.149606 0.338583 0.929134 
vn 0.464567 0.433071 0.771654 
vn 0.724409 0.433071 0.535433 
vn 0.811024 0.417323 0.409449 
vn 0.0551181 0.23622 -0.968504 
vn 0.0314961 0.275591 -0.96063 
vn 0.299213 0.11811 -0.944882 
vn -0.173228 0.354331 -0.92126 
vn 0.141732 0.102362 -0.984252 
vn 0.19685 0.0787402 -0.976378 
vn 0.393701 0.251969 -0.88189 
vn 0.440945 0.188976 -0.874016 
vn 0.559055 0.267717 -0.787402 
vn 0.472441 0.0314961 -0.88189 
vn 0.322835 -0.149606 -0.937008 
vn 0.503937 -0.188976 -0.84252 
vn 0.456693 -0.267717 -0.850394 
vn 0.338583 -0.314961 -0.889764 
vn 0.125984 -0.188976 -0.976378 
vn 0.11811 -0.322835 -0.937008 
vn 0 -0.338583 -0.944882 
vn 0.897638 0.19685 0.401575 
vn 0.944882 0.110236 0.322835 
vn 0.952756 0.110236 0.275591 
vn 0.850394 0.299213 0.433071 
vn 0.976378 0.181102 0.141732 
vn 0.984252 0 0.181102 
vn 0.937008 -0.102362 0.346457 
vn 0.984252 0.149606 0.0866142 
vn 0.968504 0.251969 -0.00787402 
vn 0.96063 0.259843 -0.0944882 
vn 1 0.0551181 0 
vn 0.992126 -0.110236 0.0393701 
vn 0.944882 -0.212598 0.244094 
vn 0.834646 -0.377953 0.401575 
vn 0.811024 -0.440945 0.393701 
vn 0.968504 -0.251969 0.023622 
vn 0.96063 -0.267717 -0.0629921 
vn -0.724409 -0.165354 0.669291 
vn -0.708661 0 0.708661 
vn -0.80315 -0.0551181 0.590551 
vn -0.740157 -0.220472 0.637795 
vn -0.708661 0.0551181 0.708661 
vn -0.779528 -0.220472 0.582677 
vn -0.850394 -0.173228 0.496063 
vn -0.874016 -0.110236 0.472441 
vn -0.889764 -0.0551181 0.456693 
vn -0.700787 0.102362 0.708661 
vn -0.889764 0.0472441 0.456693 
vn -0.795276 0.149606 0.582677 
vn -0.88189 0.15748 0.440945 
vn -0.826772 0.259843 0.496063 
vn -0.826772 0.338583 0.456693 
vn -0.795276 0.330709 0.511811 
vn -0.685039 0.220472 0.692913 
vn -0.795276 0.464567 0.385827 
vn -0.913386 0.385827 0.141732 
vn -0.929134 0.370079 0.0314961 
vn -0.96063 0.283465 0.0393701 
vn -0.944882 0.291339 0.149606 
vn -0.937008 0.307087 -0.165354 
vn -0.984252 -0.0787402 0.181102 
vn -0.984252 0.173228 0.0629921 
vn -0.992126 0.0944882 -0.015748 
vn -0.929134 0.267717 -0.23622 
vn -0.88189 0.354331 -0.314961 
vn -0.968504 0.110236 -0.220472 
vn -0.952756 -0.015748 -0.307087 
vn -0.992126 -0.149606 0.023622 
vn -0.96063 -0.220472 0.19685 
vn -0.992126 -0.0944882 -0.102362 
vn -0.976378 -0.0708661 -0.19685 
vn -0.944882 -0.023622 -0.330709 
vn -0.425197 0.543307 0.724409 
vn -0.23622 0.503937 0.834646 
vn -0.291339 0.598425 0.748031 
vn -0.102362 0.606299 0.787402 
vn -0.244094 0.519685 0.818898 
vn -0.401575 0.669291 0.622047 
vn -0.488189 0.653543 0.574803 
vn -0.511811 0.519685 0.692913 
vn -0.551181 0.622047 0.559055 
vn -0.401575 0.338583 0.850394 
vn -0.559055 0.417323 0.716535 
vn -0.314961 0.322835 0.889764 
vn -0.464567 0.165354 0.866142 
vn -0.212598 0.322835 0.92126 
vn -0.173228 0.204724 0.96063 
vn 0.629921 0.110236 0.771654 
vn 0.629921 0.188976 0.755906 
vn 0.417323 -0.0787402 0.905512 
vn 0.700787 0.299213 0.645669 
vn 0.488189 0.110236 0.866142 
vn 0.622047 -0.102362 0.779528 
vn 0.220472 0.15748 0.96063 
vn 0.622047 -0.149606 0.771654 
vn 0.385827 0.0314961 0.92126 
vn 0.519685 -0.110236 0.84252 
vn 0.535433 -0.212598 0.818898 
vn 0.299213 -0.354331 0.88189 
vn 0.212598 0.141732 0.968504 
vn 0.133858 0.188976 0.976378 
vn 0.19685 -0.102362 0.976378 
vn 0.259843 -0.354331 0.897638 
vn 0.220472 -0.440945 0.874016 
vn -0.244094 -0.96063 0.141732 
vn -0.244094 -0.96063 0.141732 
vn -0.244094 -0.96063 0.141732 
vn 0.88189 0.472441 0 
vn 0.968504 0.23622 0 
vn 0.968504 0.23622 0 
vn 1 -0.0314961 0 
vn 1 -0.0314961 0 
vn 0.944882 -0.330709 0 
vn 0.944882 -0.330709 0 
vn 0.787402 -0.614173 0 
vn 0.787402 -0.614173 0 
vn 0.519685 -0.834646 0.173228 
vn 0.519685 -0.834646 -0.173228 
vn 0.275591 -0.952756 0.0944882 
vn 0.275591 -0.952756 -0.0866142 
vn 0.173228 -0.952756 -0.23622 
vn 0 -1 0 
vn 0 -1 0 
vn 0.322835 -0.834646 0.440945 
vn 0.637795 -0.614173 0.464567 
vn 0.637795 -0.614173 0.464567 
vn 0.76378 -0.330709 0.559055 
vn 0.76378 -0.330709 0.559055 
vn 0.80315 -0.0314961 0.590551 
vn 0.80315 -0.0314961 0.590551 
vn 0.787402 0.23622 0.574803 
vn 0.787402 0.23622 0.574803 
vn 0.708661 0.472441 0.519685 
vn -0.275591 -0.952756 0.0944882 
vn 0 -1 0 
vn -0.173228 -0.952756 0.23622 
vn -0.519685 -0.834646 0.173228 
vn -0.519685 -0.834646 -0.173228 
vn -0.787402 -0.614173 0 
vn -0.787402 -0.614173 0 
vn -0.944882 -0.330709 0 
vn -0.944882 -0.330709 0 
vn -1 -0.0314961 0 
vn -1 -0.0314961 0 
vn -0.968504 0.23622 0 
vn -0.968504 0.23622 0 
vn -0.88189 0.472441 0 
vn -0.88189 0.472441 0 
vn -0.653543 0.724409 0.212598 
vn -0.653543 0.724409 -0.212598 
vn -0.275591 -0.952756 -0.0866142 
vn 0 -1 0 
vn -0.322835 -0.834646 -0.440945 
vn -0.637795 -0.614173 -0.464567 
vn -0.637795 -0.614173 -0.464567 
vn -0.76378 -0.330709 -0.559055 
vn -0.76378 -0.330709 -0.559055 
vn -0.80315 -0.0314961 -0.590551 
vn -0.80315 -0.0314961 -0.590551 
vn -0.787402 0.23622 -0.574803 
vn -0.787402 0.23622 -0.574803 
vn -0.708661 0.472441 -0.519685 
vn -0.708661 0.472441 -0.519685 
vn -0.401575 0.724409 -0.559055 
vn -0.299213 0.228346 0.929134 
vn -0.307087 -0.0314961 0.952756 
vn -0.299213 0.228346 0.929134 
vn -0.307087 -0.0314961 0.952756 
vn -0.267717 0.472441 0.84252 
vn -0.291339 -0.330709 0.897638 
vn -0.267717 0.472441 0.84252 
vn -0.291339 -0.330709 0.897638 
vn -0.244094 -0.614173 0.748031 
vn -0.244094 -0.614173 0.748031 
vn -0.401575 0.724409 0.559055 
vn -0.322835 -0.834646 0.440945 
vn 0 -0.834646 0.551181 
vn 0 -0.952756 0.291339 
vn 0 0.724409 0.692913 
vn 0 -1 0 
vn -0.637795 -0.614173 0.464567 
vn -0.637795 -0.614173 0.464567 
vn -0.76378 -0.330709 0.559055 
vn -0.76378 -0.330709 0.559055 
vn -0.80315 -0.0314961 0.590551 
vn -0.80315 -0.0314961 0.590551 
vn -0.787402 0.23622 0.574803 
vn -0.787402 0.23622 0.574803 
vn -0.708661 0.472441 0.519685 
vn -0.708661 0.472441 0.519685 
vn -0.173228 -0.952756 -0.23622 
vn 0 -1 0 
vn 0 -0.834646 -0.551181 
vn -0.244094 -0.614173 -0.748031 
vn 0 -0.952756 -0.291339 
vn 0 -1 0 
vn -0.244094 -0.614173 -0.748031 
vn -0.291339 -0.330709 -0.897638 
vn -0.291339 -0.330709 -0.897638 
vn -0.307087 -0.0314961 -0.952756 
vn -0.307087 -0.0314961 -0.952756 
vn -0.299213 0.228346 -0.929134 
vn -0.299213 0.228346 -0.929134 
vn -0.267717 0.472441 -0.84252 
vn -0.267717 0.472441 -0.84252 
vn 0 0.724409 -0.692913 
vn 0 0.913386 -0.409449 
vn -0.23622 0.913386 -0.330709 
vn 0 1 0 
vn -0.385827 0.913386 -0.125984 
vn 0 1 0 
vn 0.708661 0.472441 0.519685 
vn 0.401575 0.724409 0.559055 
vn 0.653543 0.724409 0.212598 
vn 0.385827 0.913386 0.125984 
vn 0.23622 0.913386 0.330709 
vn 0 1 0 
vn 0 0.724409 0.692913 
vn 0 0.913386 0.409449 
vn 0 1 0 
vn 0.267717 0.472441 0.84252 
vn 0.267717 0.472441 0.84252 
vn 0.299213 0.228346 0.929134 
vn 0.299213 0.228346 0.929134 
vn 0.307087 -0.0314961 0.952756 
vn 0.307087 -0.0314961 0.952756 
vn 0.291339 -0.330709 0.897638 
vn 0.291339 -0.330709 0.897638 
vn 0.244094 -0.614173 0.748031 
vn 0.244094 -0.614173 0.748031 
vn 0 -0.834646 0.551181 
vn 0.173228 -0.952756 0.23622 
vn 0 -0.952756 0.291339 
vn 0 -1 0 
vn 0 -1 0 
vn -0.385827 0.913386 0.125984 
vn 0 1 0 
vn -0.23622 0.913386 0.330709 
vn 0 1 0 
vn 0 0.913386 0.409449 
vn 0 1 0 
vn 0.23622 0.913386 -0.330709 
vn 0 1 0 
vn 0.401575 0.724409 -0.559055 
vn 0.267717 0.472441 -0.84252 
vn 0.267717 0.472441 -0.84252 
vn 0.299213 0.228346 -0.929134 
vn 0.299213 0.228346 -0.929134 
vn 0.307087 -0.0314961 -0.952756 
vn 0.307087 -0.0314961 -0.952756 
vn 0.291339 -0.330709 -0.897638 
vn 0.291339 -0.330709 -0.897638 
vn 0.244094 -0.614173 -0.755906 
vn 0.244094 -0.614173 -0.755906 
vn 0.322835 -0.834646 -0.440945 
vn 0 -1 0 
vn 0.637795 -0.614173 -0.464567 
vn 0.637795 -0.614173 -0.464567 
vn 0.76378 -0.330709 -0.559055 
vn 0.76378 -0.330709 -0.559055 
vn 0.80315 -0.0314961 -0.590551 
vn 0.80315 -0.0314961 -0.590551 
vn 0.787402 0.23622 -0.574803 
vn 0.787402 0.23622 -0.574803 
vn 0.708661 0.472441 -0.519685 
vn 0.708661 0.472441 -0.519685 
vn 0.653543 0.724409 -0.212598 
vn 0.385827 0.913386 -0.125984 
vn 0 1 0 
vn 0 1 0 
vn 0.88189 0.472441 0 
vn -0.165354 -0.929134 -0.322835 
vn -0.165354 -0.929134 -0.322835 
vn -0.165354 -0.929134 -0.322835 
vn 0.275591 -0.952756 -0.0944882 
vn 0.275591 -0.952756 -0.0944882 
vn 0.275591 -0.952756 -0.0944882 
vn -0.314961 -0.944882 -0.0472441 
vn -0.314961 -0.944882 -0.0472441 
vn -0.314961 -0.944882 -0.0472441 
vn -0.275591 -0.913386 -0.307087 
vn -0.275591 -0.913386 -0.307087 
vn -0.275591 -0.913386 -0.307087 
vn 0.0944882 -0.937008 -0.346457 
vn 0.251969 -0.88189 -0.393701 
vn 0.19685 -0.905512 -0.377953 
vn 0.322835 -0.850394 -0.409449 
vn 0.23622 -0.96063 0.141732 
vn 0.23622 -0.96063 0.141732 
vn 0.23622 -0.96063 0.141732 
vn 0.0944882 -0.944882 0.307087 
vn 0.0551181 -0.952756 0.291339 
vn 0.0472441 -0.952756 0.291339 
vn 0 -0.96063 0.275591 
vn 0.228346 -0.897638 -0.370079 
vn 0.228346 -0.897638 -0.370079 
vn 0.228346 -0.897638 -0.370079 
vn 0.0787402 -0.96063 0.259843 
vn 0.0787402 -0.96063 0.259843 
vn 0.0787402 -0.96063 0.259843 
vn -0.149606 -0.952756 0.267717 
vn -0.11811 -0.944882 0.307087 
vn -0.11811 -0.944882 0.307087 
vn -0.0866142 -0.937008 0.346457 
vn -0.125984 -0.92126 0.370079 
vn -0.11811 -0.929134 0.354331 
vn -0.19685 -0.92126 0.346457 
vn -0.0866142 -0.937008 0.346457 
vn 0.0866142 -0.929134 0.362205 
vn -0.330709 -0.88189 -0.338583 
vn -0.330709 -0.88189 -0.338583 
vn -0.330709 -0.88189 -0.338583 
vn -0.330709 -0.874016 -0.354331 
vn -0.330709 -0.874016 -0.354331 
vn -0.330709 -0.874016 -0.354331 
vn -0.307087 -0.874016 -0.385827 
vn -0.307087 -0.874016 -0.385827 
vn -0.307087 -0.874016 -0.385827 
vn 0.133858 -0.834646 -0.535433 
vn 0.133858 -0.834646 -0.535433 
vn 0.133858 -0.834646 -0.535433 
vn 0.322835 -0.850394 -0.417323 
vn 0.322835 -0.850394 -0.417323 
vn 0.322835 -0.850394 -0.417323 
vn -0.346457 -0.897638 0.275591 
vn -0.346457 -0.897638 0.275591 
vn -0.346457 -0.897638 0.275591 
vn 0.401575 -0.850394 0.330709 
vn 0.456693 -0.84252 0.283465 
vn 0.377953 -0.850394 0.370079 
vn 0.480315 -0.84252 0.251969 
vn 0.535433 -0.818898 0.204724 
vn 0.0472441 -0.913386 0.393701 
vn 0.0472441 -0.913386 0.393701 
vn 0.0472441 -0.913386 0.393701 
vn -0.275591 -0.80315 -0.527559 
vn -0.275591 -0.80315 -0.527559 
vn -0.275591 -0.80315 -0.527559 
vn 0.535433 -0.850394 -0.0314961 
vn 0.527559 -0.850394 -0.0314961 
vn 0.543307 -0.834646 0.0393701 
vn 0.511811 -0.850394 -0.0944882 
vn 0.503937 -0.84252 -0.181102 
vn 0.503937 -0.84252 -0.181102 
vn 0.503937 -0.84252 -0.181102 
vn 0.472441 -0.826772 -0.299213 
vn 0.472441 -0.826772 -0.299213 
vn 0.472441 -0.826772 -0.299213 
vn 0.173228 -0.755906 -0.629921 
vn 0.173228 -0.755906 -0.629921 
vn 0.173228 -0.755906 -0.629921 
vn 0.425197 -0.866142 0.267717 
vn 0.425197 -0.866142 0.267717 
vn 0.425197 -0.866142 0.267717 
vn -0.582677 -0.811024 0.0866142 
vn -0.582677 -0.811024 0.0866142 
vn -0.582677 -0.811024 0.0866142 
vn 0.448819 -0.755906 -0.480315 
vn 0.448819 -0.755906 -0.480315 
vn 0.448819 -0.755906 -0.480315 
vn -0.354331 -0.724409 -0.598425 
vn -0.354331 -0.724409 -0.598425 
vn -0.354331 -0.724409 -0.598425 
vn -0.653543 -0.755906 0.023622 
vn -0.669291 -0.732283 -0.141732 
vn -0.669291 -0.732283 -0.11811 
vn -0.661417 -0.692913 -0.291339 
vn 0.181102 -0.84252 0.503937 
vn 0.188976 -0.84252 0.496063 
vn 0.204724 -0.84252 0.496063 
vn 0.149606 -0.84252 0.511811 
vn 0.19685 -0.84252 0.496063 
vn 0.0314961 -0.700787 -0.708661 
vn 0.0314961 -0.700787 -0.708661 
vn 0.0314961 -0.700787 -0.708661 
vn 0.598425 -0.787402 0.165354 
vn 0.598425 -0.787402 0.165354 
vn 0.598425 -0.787402 0.165354 
vn 0.322835 -0.669291 -0.669291 
vn 0.322835 -0.669291 -0.669291 
vn 0.322835 -0.669291 -0.669291 
vn -0.566929 -0.771654 0.291339 
vn -0.566929 -0.771654 0.291339 
vn -0.566929 -0.771654 0.291339 
vn -0.425197 -0.606299 -0.669291 
vn -0.362205 -0.645669 -0.669291 
vn -0.527559 -0.543307 -0.653543 
vn -0.275591 -0.685039 -0.669291 
vn -0.724409 -0.677165 -0.141732 
vn -0.724409 -0.677165 -0.141732 
vn -0.724409 -0.677165 -0.141732 
vn -0.173228 -0.732283 -0.653543 
vn -0.220472 -0.645669 -0.732283 
vn -0.181102 -0.732283 -0.661417 
vn -0.220472 -0.629921 -0.740157 
vn -0.275591 -0.503937 -0.818898 
vn 0.283465 -0.755906 0.590551 
vn 0.283465 -0.755906 0.590551 
vn 0.283465 -0.755906 0.590551 
vn -0.598425 -0.543307 -0.582677 
vn -0.598425 -0.543307 -0.582677 
vn -0.598425 -0.543307 -0.582677 
vn -0.543307 -0.637795 0.551181 
vn -0.543307 -0.637795 0.551181 
vn -0.543307 -0.637795 0.551181 
vn 0.771654 -0.590551 0.244094 
vn 0.771654 -0.590551 0.244094 
vn 0.771654 -0.590551 0.244094 
vn -0.685039 -0.464567 -0.566929 
vn -0.685039 -0.464567 -0.566929 
vn -0.685039 -0.464567 -0.566929 
vn -0.448819 -0.417323 -0.787402 
vn -0.456693 -0.417323 -0.787402 
vn -0.488189 -0.425197 -0.76378 
vn -0.417323 -0.401575 -0.818898 
vn 0.15748 -0.708661 -0.685039 
vn 0.338583 -0.488189 -0.80315 
vn 0.275591 -0.582677 -0.76378 
vn 0.338583 -0.488189 -0.80315 
vn 0.401575 -0.385827 -0.826772 
vn 0.417323 -0.346457 -0.834646 
vn -0.401575 -0.409449 -0.818898 
vn -0.401575 -0.409449 -0.818898 
vn -0.401575 -0.409449 -0.818898 
vn 0.669291 -0.582677 0.456693 
vn 0.669291 -0.582677 0.456693 
vn 0.669291 -0.582677 0.456693 
vn -0.283465 -0.15748 -0.944882 
vn -0.0944882 -0.307087 -0.944882 
vn -0.0866142 -0.314961 -0.944882 
vn 0.0472441 -0.401575 -0.913386 
vn 0.15748 -0.559055 0.811024 
vn 0.165354 -0.559055 0.811024 
vn 0.0472441 -0.440945 0.897638 
vn 0.23622 -0.629921 0.740157 
vn -0.0787402 -0.370079 -0.92126 
vn -0.0787402 -0.370079 -0.92126 
vn -0.0787402 -0.370079 -0.92126 
vn -0.456693 -0.385827 -0.80315 
vn -0.456693 -0.385827 -0.80315 
vn -0.456693 -0.385827 -0.80315 
vn 0.181102 -0.598425 0.779528 
vn 0.181102 -0.598425 0.779528 
vn 0.181102 -0.598425 0.779528 
vn 0.850394 -0.503937 0.133858 
vn 0.850394 -0.503937 0.133858 
vn 0.850394 -0.503937 0.133858 
vn 0.606299 -0.393701 -0.692913 
vn 0.606299 -0.393701 -0.692913 
vn 0.606299 -0.393701 -0.692913 
vn 0.181102 -0.354331 -0.92126 
vn 0.181102 -0.354331 -0.92126 
vn 0.181102 -0.354331 -0.92126 
vn -0.385827 -0.559055 0.732283 
vn -0.385827 -0.559055 0.732283 
vn -0.385827 -0.559055 0.732283 
vn -0.80315 -0.401575 -0.440945 
vn -0.80315 -0.401575 -0.440945 
vn -0.80315 -0.401575 -0.440945 
vn -0.393701 -0.322835 -0.858268 
vn -0.393701 -0.322835 -0.858268 
vn -0.393701 -0.322835 -0.858268 
vn -0.0708661 -0.307087 -0.952756 
vn -0.0708661 -0.307087 -0.952756 
vn -0.0708661 -0.307087 -0.952756 
vn -0.456693 -0.314961 -0.834646 
vn -0.456693 -0.314961 -0.834646 
vn -0.456693 -0.314961 -0.834646 
vn -0.346457 -0.291339 -0.889764 
vn -0.346457 -0.291339 -0.889764 
vn -0.346457 -0.291339 -0.889764 
vn 0.267717 -0.322835 -0.905512 
vn 0.330709 -0.141732 -0.929134 
vn 0.377953 -0.00787402 -0.92126 
vn 0.181102 -0.488189 -0.850394 
vn 0.401575 0.102362 -0.913386 
vn 0.0314961 -0.283465 -0.96063 
vn 0.0314961 -0.283465 -0.96063 
vn 0.0314961 -0.283465 -0.96063 
vn -0.023622 -0.283465 -0.96063 
vn -0.023622 -0.283465 -0.96063 
vn -0.023622 -0.283465 -0.96063 
vn 0.826772 -0.23622 -0.519685 
vn 0.897638 -0.0944882 -0.425197 
vn 0.944882 0.00787402 -0.322835 
vn 0.724409 -0.346457 -0.598425 
vn 0.96063 0.110236 -0.251969 
vn 0.874016 -0.23622 -0.417323 
vn 0.716535 -0.259843 -0.645669 
vn 0.779528 -0.259843 -0.574803 
vn 0.645669 -0.267717 -0.716535 
vn -0.448819 -0.433071 0.787402 
vn -0.409449 -0.425197 0.80315 
vn -0.566929 -0.433071 0.700787 
vn -0.307087 -0.417323 0.858268 
vn 0.582677 -0.472441 0.661417 
vn 0.582677 -0.472441 0.661417 
vn 0.582677 -0.472441 0.661417 
vn 0.677165 -0.464567 0.566929 
vn 0.590551 -0.488189 0.645669 
vn 0.795276 -0.409449 0.448819 
vn 0.503937 -0.503937 0.700787 
vn 0.543307 -0.503937 0.677165 
vn 0.543307 -0.503937 0.669291 
vn 0.685039 -0.488189 0.543307 
vn 0.377953 -0.496063 0.787402 
vn 0.913386 -0.291339 -0.283465 
vn 0.92126 -0.346457 -0.19685 
vn 0.929134 -0.346457 -0.141732 
vn 0.905512 -0.330709 -0.259843 
vn 0.905512 -0.417323 -0.0866142 
vn -0.724409 -0.393701 0.566929 
vn -0.724409 -0.393701 0.566929 
vn -0.724409 -0.393701 0.566929 
vn -0.834646 -0.244094 -0.496063 
vn -0.834646 -0.244094 -0.496063 
vn -0.834646 -0.244094 -0.496063 
vn 0.889764 -0.259843 -0.385827 
vn 0.897638 -0.275591 -0.346457 
vn 0.913386 -0.299213 -0.283465 
vn 0.834646 -0.19685 -0.511811 
vn 0.433071 -0.417323 0.80315 
vn 0.433071 -0.417323 0.80315 
vn 0.433071 -0.417323 0.80315 
vn 0.661417 -0.393701 0.637795 
vn 0.661417 -0.393701 0.637795 
vn 0.661417 -0.393701 0.637795 
vn 0.574803 -0.00787402 -0.818898 
vn 0.669291 -0.141732 -0.724409 
vn 0.653543 -0.11811 -0.748031 
vn 0.700787 -0.188976 -0.685039 
vn 0.0551181 -0.393701 0.92126 
vn 0.0551181 -0.393701 0.92126 
vn 0.0551181 -0.393701 0.92126 
vn 0.968504 -0.259843 -0.00787402 
vn 0.968504 -0.259843 -0.00787402 
vn 0.968504 -0.259843 -0.00787402 
vn 0.96063 -0.244094 -0.133858 
vn 0.976378 -0.228346 -0.015748 
vn 0.968504 -0.23622 -0.0472441 
vn 0.976378 -0.220472 0.0629921 
vn -0.976378 -0.19685 0.0866142 
vn -1 -0.0787402 0.0314961 
vn -0.984252 -0.0393701 0.149606 
vn -0.984252 -0.188976 -0.00787402 
vn -0.984252 0.15748 -0.00787402 
vn -0.96063 0.275591 -0.023622 
vn -0.527559 -0.110236 -0.84252 
vn -0.527559 -0.110236 -0.84252 
vn -0.527559 -0.110236 -0.84252 
vn 0.708661 -0.149606 -0.685039 
vn 0.708661 -0.149606 -0.685039 
vn 0.708661 -0.149606 -0.685039 
vn -0.0787402 -0.0866142 -0.992126 
vn -0.0787402 -0.0866142 -0.992126 
vn -0.0787402 -0.0866142 -0.992126 
vn -0.456693 -0.275591 0.84252 
vn -0.448819 -0.291339 0.84252 
vn -0.448819 -0.291339 0.84252 
vn -0.448819 -0.314961 0.834646 
vn -0.952756 -0.228346 0.188976 
vn -0.952756 -0.228346 0.204724 
vn -0.929134 -0.220472 0.291339 
vn -0.968504 -0.228346 0.0866142 
vn -0.551181 -0.0393701 -0.834646 
vn -0.551181 -0.0393701 -0.834646 
vn -0.551181 -0.0393701 -0.834646 
vn 0.944882 -0.322835 0.0393701 
vn 0.968504 -0.259843 0.015748 
vn 0.88189 -0.464567 0.102362 
vn 0.984252 -0.15748 -0.0314961 
vn 0.708661 -0.488189 0.511811 
vn 0.755906 -0.314961 0.566929 
vn 0.732283 -0.417323 0.543307 
vn 0.779528 -0.212598 0.590551 
vn 0.795276 -0.0787402 0.606299 
vn 0.952756 -0.307087 -0.0551181 
vn 0.992126 -0.133858 -0.0393701 
vn 0.992126 -0.0866142 -0.0629921 
vn 0.944882 -0.314961 -0.0393701 
vn 1 -0.023622 0 
vn 0.984252 -0.141732 -0.0629921 
vn 0.937008 -0.330709 -0.149606 
vn 0.11811 -0.267717 0.952756 
vn 0.11811 -0.267717 0.952756 
vn 0.11811 -0.267717 0.952756 
vn -0.944882 -0.15748 0.291339 
vn -0.944882 -0.15748 0.291339 
vn -0.944882 -0.15748 0.291339 
vn -0.984252 -0.0944882 -0.141732 
vn -0.984252 -0.0944882 -0.141732 
vn -0.984252 -0.0944882 -0.141732 
vn -0.11811 0.015748 -0.992126 
vn -0.11811 0.015748 -0.992126 
vn -0.11811 0.015748 -0.992126 
vn 0.0472441 0.023622 -1 
vn 0.0472441 0.023622 -1 
vn 0.0472441 0.023622 -1 
vn -0.748031 0.0472441 -0.661417 
vn -0.755906 0.0708661 -0.653543 
vn -0.708661 -0.110236 -0.700787 
vn -0.771654 0.251969 -0.582677 
vn 0.598425 0 -0.80315 
vn 0.551181 0.133858 -0.818898 
vn 0.629921 -0.188976 -0.748031 
vn 0.503937 0.259843 -0.818898 
vn -0.614173 0.0314961 -0.787402 
vn -0.614173 0.0314961 -0.787402 
vn -0.614173 0.0314961 -0.787402 
vn 0.80315 -0.23622 0.543307 
vn 0.811024 -0.188976 0.559055 
vn 0.795276 -0.307087 0.519685 
vn 0.811024 -0.173228 0.559055 
vn 0.96063 0.0866142 -0.259843 
vn 0.944882 0 -0.330709 
vn 0.937008 -0.0314961 -0.354331 
vn 0.889764 -0.133858 -0.440945 
vn -0.566929 -0.188976 0.80315 
vn -0.566929 -0.188976 0.80315 
vn -0.598425 -0.11811 0.787402 
vn -0.527559 -0.259843 0.811024 
vn -0.724409 0.0629921 -0.685039 
vn -0.724409 0.0629921 -0.685039 
vn -0.724409 0.0629921 -0.685039 
vn 0.637795 -0.149606 0.755906 
vn 0.637795 -0.149606 0.755906 
vn 0.637795 -0.149606 0.755906 
vn -0.779528 -0.102362 0.614173 
vn -0.779528 -0.102362 0.622047 
vn -0.787402 -0.110236 0.606299 
vn -0.771654 -0.102362 0.622047 
vn 1 -0.0314961 0.0314961 
vn 1 -0.0314961 0.0314961 
vn 1 -0.0314961 0.0314961 
vn -0.692913 0.102362 -0.716535 
vn -0.692913 0.102362 -0.716535 
vn -0.692913 0.102362 -0.716535 
vn 0 0.133858 -0.992126 
vn 0 0.133858 -0.992126 
vn 0 0.133858 -0.992126 
vn 0.464567 -0.0787402 0.88189 
vn 0.511811 -0.0708661 0.858268 
vn 0.283465 -0.102362 0.952756 
vn 0.645669 -0.0551181 0.755906 
vn -0.811024 0.110236 -0.566929 
vn -0.818898 0.110236 -0.566929 
vn -0.811024 0.125984 -0.566929 
vn -0.818898 0.0944882 -0.566929 
vn 0.708661 -0.0866142 0.700787 
vn 0.708661 -0.0866142 0.700787 
vn 0.708661 -0.0866142 0.700787 
vn -0.464567 -0.0944882 0.88189 
vn -0.464567 -0.0944882 0.88189 
vn -0.464567 -0.0944882 0.88189 
vn -0.929134 -0.362205 -0.0787402 
vn -0.96063 -0.19685 0.188976 
vn -0.88189 -0.417323 -0.220472 
vn -0.96063 -0.23622 0.15748 
vn -0.929134 -0.0551181 0.370079 
vn -0.897638 0.015748 0.448819 
vn -0.913386 -0.0472441 0.401575 
vn -0.23622 0.0708661 0.968504 
vn -0.346457 -0.0314961 0.937008 
vn -0.385827 -0.0629921 0.92126 
vn -0.472441 -0.149606 0.866142 
vn 0.212598 0.165354 -0.96063 
vn 0.212598 0.15748 -0.96063 
vn 0.251969 0.204724 -0.944882 
vn 0.173228 0.11811 -0.976378 
vn 0.433071 0.188976 -0.88189 
vn 0.433071 0.188976 -0.88189 
vn 0.433071 0.188976 -0.88189 
vn 0.23622 -0.0787402 0.968504 
vn 0.291339 0.023622 0.96063 
vn 0.165354 -0.212598 0.96063 
vn 0.330709 0.11811 0.937008 
vn 0.976378 0.11811 -0.181102 
vn 0.976378 0.11811 -0.181102 
vn 0.976378 0.11811 -0.181102 
vn 0.299213 -0.0314961 0.952756 
vn 0.299213 -0.0314961 0.952756 
vn 0.299213 -0.0314961 0.952756 
vn -0.259843 0.244094 -0.937008 
vn -0.259843 0.244094 -0.937008 
vn -0.259843 0.244094 -0.937008 
vn -0.606299 0.267717 -0.748031 
vn -0.606299 0.267717 -0.748031 
vn -0.606299 0.267717 -0.748031 
vn 0.984252 0.165354 0 
vn 0.984252 0.165354 0 
vn 0.984252 0.165354 0 
vn 0.84252 0.244094 -0.480315 
vn 0.84252 0.244094 -0.480315 
vn 0.84252 0.244094 -0.480315 
vn -0.724409 0.291339 -0.629921 
vn -0.724409 0.291339 -0.629921 
vn -0.724409 0.291339 -0.629921 
vn 0.76378 0.275591 -0.582677 
vn 0.76378 0.275591 -0.582677 
vn 0.76378 0.275591 -0.582677 
vn -0.96063 0.267717 0.0944882 
vn -0.968504 0.23622 0.11811 
vn -0.992126 0.125984 0.0551181 
vn -0.952756 0.267717 0.133858 
vn -0.984252 0.125984 0.133858 
vn -0.212598 0.204724 -0.952756 
vn -0.188976 0.251969 -0.952756 
vn -0.291339 0.0787402 -0.952756 
vn -0.125984 0.346457 -0.929134 
vn -0.259843 0.165354 -0.952756 
vn -0.929134 0.181102 0.322835 
vn -0.944882 0.188976 0.275591 
vn -0.944882 0.23622 0.228346 
vn -0.952756 0.149606 0.275591 
vn -0.913386 0.023622 0.401575 
vn 0.228346 0.0787402 0.968504 
vn 0.228346 0.0787402 0.968504 
vn 0.228346 0.0787402 0.968504 
vn 0.0944882 0.0944882 0.992126 
vn 0.0944882 0.0944882 0.992126 
vn 0.0944882 0.0944882 0.992126 
vn -0.968504 0.244094 -0.0866142 
vn -0.984252 0.188976 -0.0472441 
vn -1 0.0708661 0.0314961 
vn -0.92126 0.354331 -0.165354 
vn -0.535433 0.125984 0.834646 
vn -0.535433 0.125984 0.834646 
vn -0.535433 0.125984 0.834646 
vn 0.661417 0.149606 0.732283 
vn 0.661417 0.149606 0.732283 
vn 0.661417 0.149606 0.732283 
vn -0.212598 0.133858 0.968504 
vn -0.212598 0.133858 0.968504 
vn -0.212598 0.133858 0.968504 
vn 0.566929 0.141732 0.811024 
vn 0.566929 0.141732 0.811024 
vn 0.566929 0.141732 0.811024 
vn -0.968504 0.259843 0.023622 
vn -0.968504 0.251969 0.00787402 
vn -0.952756 0.275591 0.149606 
vn -0.968504 0.23622 -0.125984 
vn 0.677165 0.173228 0.716535 
vn 0.677165 0.173228 0.716535 
vn 0.677165 0.173228 0.716535 
vn -0.590551 0.181102 0.787402 
vn -0.590551 0.181102 0.787402 
vn -0.590551 0.181102 0.787402 
vn -0.834646 0.354331 -0.417323 
vn -0.834646 0.354331 -0.417323 
vn -0.834646 0.354331 -0.417323 
vn -0.826772 0.259843 0.503937 
vn -0.826772 0.259843 0.503937 
vn -0.858268 0.283465 0.433071 
vn -0.795276 0.244094 0.551181 
vn 0.354331 0.425197 -0.834646 
vn 0.346457 0.440945 -0.826772 
vn 0.307087 0.496063 -0.811024 
vn 0.417323 0.338583 -0.84252 
vn 0.322835 0.480315 -0.818898 
vn 0.244094 0.448819 -0.866142 
vn 0.244094 0.448819 -0.866142 
vn 0.244094 0.448819 -0.866142 
vn 0.220472 0.330709 0.913386 
vn 0.102362 0.15748 0.984252 
vn 0.149606 0.23622 0.96063 
vn 0.181102 0.259843 0.952756 
vn 0.00787402 0.0393701 1 
vn -0.173228 0.496063 -0.850394 
vn -0.173228 0.496063 -0.850394 
vn -0.173228 0.496063 -0.850394 
vn 0.606299 0.464567 -0.645669 
vn 0.598425 0.464567 -0.653543 
vn 0.629921 0.456693 -0.629921 
vn 0.574803 0.472441 -0.669291 
vn -0.519685 0.519685 -0.677165 
vn -0.574803 0.519685 -0.629921 
vn -0.559055 0.519685 -0.653543 
vn -0.559055 0.519685 -0.645669 
vn -0.629921 0.519685 -0.582677 
vn 0.740157 0.322835 0.590551 
vn 0.740157 0.322835 0.590551 
vn 0.740157 0.322835 0.590551 
vn -0.023622 0.519685 -0.850394 
vn -0.023622 0.519685 -0.850394 
vn -0.023622 0.519685 -0.850394 
vn 0.755906 0.322835 0.566929 
vn 0.755906 0.322835 0.566929 
vn 0.755906 0.322835 0.566929 
vn -0.354331 0.299213 0.88189 
vn -0.354331 0.299213 0.88189 
vn -0.354331 0.299213 0.88189 
vn -0.84252 0.330709 0.417323 
vn -0.850394 0.322835 0.409449 
vn -0.787402 0.370079 0.496063 
vn -0.913386 0.275591 0.307087 
vn -0.377953 0.307087 0.874016 
vn -0.377953 0.307087 0.874016 
vn -0.377953 0.307087 0.874016 
vn -0.787402 0.385827 0.472441 
vn -0.787402 0.385827 0.472441 
vn -0.787402 0.385827 0.472441 
vn 0.346457 0.314961 0.88189 
vn 0.346457 0.314961 0.88189 
vn 0.346457 0.314961 0.88189 
vn 0.897638 0.440945 0 
vn 0.897638 0.440945 0 
vn 0.897638 0.440945 0 
vn 0.212598 0.314961 0.92126 
vn 0.212598 0.314961 0.92126 
vn 0.212598 0.314961 0.92126 
vn -0.622047 0.393701 -0.677165 
vn -0.559055 0.519685 -0.645669 
vn -0.551181 0.527559 -0.645669 
vn -0.464567 0.653543 -0.598425 
vn 0.322835 0.362205 0.874016 
vn 0.322835 0.362205 0.874016 
vn 0.322835 0.362205 0.874016 
vn 0.874016 0.448819 0.19685 
vn 0.874016 0.448819 0.19685 
vn 0.874016 0.448819 0.19685 
vn 0.80315 0.417323 0.433071 
vn 0.80315 0.417323 0.433071 
vn 0.80315 0.417323 0.433071 
vn -0.755906 0.551181 -0.354331 
vn -0.755906 0.551181 -0.354331 
vn -0.755906 0.551181 -0.354331 
vn -0.637795 0.425197 0.645669 
vn -0.637795 0.425197 0.645669 
vn -0.637795 0.425197 0.645669 
vn -0.165354 0.401575 0.905512 
vn -0.165354 0.401575 0.905512 
vn -0.165354 0.401575 0.905512 
vn 0 0.425197 0.905512 
vn 0.173228 0.322835 0.929134 
vn 0.125984 0.354331 0.929134 
vn 0.322835 0.228346 0.92126 
vn -0.377953 0.614173 -0.692913 
vn -0.377953 0.614173 -0.692913 
vn -0.377953 0.614173 -0.692913 
vn -0.0944882 0.622047 -0.779528 
vn -0.0944882 0.622047 -0.779528 
vn -0.0944882 0.622047 -0.779528 
vn -0.629921 0.598425 -0.488189 
vn -0.629921 0.598425 -0.488189 
vn -0.629921 0.598425 -0.488189 
vn 0.574803 0.433071 0.692913 
vn 0.574803 0.433071 0.692913 
vn 0.574803 0.433071 0.692913 
vn 0.645669 0.511811 0.566929 
vn 0.645669 0.511811 0.566929 
vn 0.645669 0.511811 0.566929 
vn -0.228346 0.692913 -0.685039 
vn -0.228346 0.692913 -0.685039 
vn -0.228346 0.692913 -0.685039 
vn 0.511811 0.519685 0.685039 
vn 0.511811 0.519685 0.685039 
vn 0.511811 0.519685 0.685039 
vn 0.19685 0.496063 0.84252 
vn 0.19685 0.496063 0.84252 
vn 0.19685 0.496063 0.84252 
vn 0.299213 0.503937 0.811024 
vn 0.299213 0.503937 0.811024 
vn 0.299213 0.503937 0.811024 
vn 0.141732 0.519685 0.84252 
vn 0.141732 0.519685 0.84252 
vn 0.141732 0.519685 0.84252 
vn 0.259843 0.716535 -0.653543 
vn 0.259843 0.716535 -0.653543 
vn 0.259843 0.716535 -0.653543 
vn -0.629921 0.708661 -0.330709 
vn -0.629921 0.708661 -0.330709 
vn -0.629921 0.708661 -0.330709 
vn -0.433071 0.582677 0.692913 
vn -0.433071 0.582677 0.692913 
vn -0.433071 0.582677 0.692913 
vn 0.204724 0.566929 0.80315 
vn 0.204724 0.566929 0.80315 
vn 0.204724 0.566929 0.80315 
vn -0.716535 0.692913 0.015748 
vn -0.732283 0.685039 0 
vn -0.771654 0.637795 -0.0629921 
vn -0.661417 0.740157 0.102362 
vn -0.377953 0.637795 0.669291 
vn -0.377953 0.637795 0.669291 
vn -0.377953 0.637795 0.669291 
vn 0.574803 0.740157 -0.346457 
vn 0.582677 0.771654 -0.244094 
vn 0.582677 0.76378 -0.283465 
vn 0.582677 0.787402 -0.188976 
vn -0.393701 0.661417 0.645669 
vn -0.393701 0.661417 0.645669 
vn -0.393701 0.661417 0.645669 
vn -0.307087 0.80315 -0.511811 
vn -0.307087 0.80315 -0.511811 
vn -0.307087 0.80315 -0.511811 
vn -0.425197 0.866142 -0.259843 
vn -0.314961 0.905512 -0.267717 
vn -0.393701 0.889764 -0.220472 
vn -0.346457 0.874016 -0.346457 
vn -0.110236 0.937008 -0.330709 
vn 0.0551181 0.929134 -0.362205 
vn 0.330709 0.692913 0.637795 
vn 0.330709 0.692913 0.637795 
vn 0.330709 0.692913 0.637795 
vn -0.330709 0.716535 0.614173 
vn -0.330709 0.716535 0.614173 
vn -0.330709 0.716535 0.614173 
vn 0.559055 0.80315 -0.19685 
vn 0.559055 0.80315 -0.19685 
vn 0.559055 0.80315 -0.19685 
vn -0.433071 0.732283 0.519685 
vn -0.433071 0.732283 0.519685 
vn -0.433071 0.732283 0.519685 
vn 0.614173 0.779528 0.0787402 
vn 0.614173 0.779528 0.0787402 
vn 0.614173 0.779528 0.0787402 
vn -0.0629921 0.716535 0.692913 
vn -0.0629921 0.716535 0.692913 
vn -0.0629921 0.716535 0.692913 
vn 0.440945 0.740157 0.511811 
vn 0.440945 0.740157 0.511811 
vn 0.440945 0.740157 0.511811 
vn 0.590551 0.80315 -0.00787402 
vn 0.590551 0.80315 -0.00787402 
vn 0.590551 0.80315 -0.00787402 
vn -0.102362 0.76378 0.637795 
vn -0.102362 0.76378 0.637795 
vn -0.102362 0.76378 0.637795 
vn 0.401575 0.874016 -0.275591 
vn 0.401575 0.874016 -0.275591 
vn 0.401575 0.874016 -0.275591 
vn -0.251969 0.787402 0.559055 
vn -0.251969 0.787402 0.559055 
vn -0.251969 0.787402 0.559055 
vn -0.377953 0.811024 0.448819 
vn -0.377953 0.811024 0.448819 
vn -0.377953 0.811024 0.448819 
vn -0.511811 0.858268 -0.015748 
vn -0.519685 0.858268 -0.0393701 
vn -0.496063 0.866142 0.0472441 
vn -0.527559 0.84252 -0.0866142 
vn 0.393701 0.811024 0.433071 
vn 0.393701 0.811024 0.433071 
vn 0.393701 0.811024 0.433071 
vn 0.15748 0.905512 -0.393701 
vn 0.15748 0.905512 -0.393701 
vn 0.15748 0.905512 -0.393701 
vn -0.456693 0.850394 0.267717 
vn -0.456693 0.850394 0.267717 
vn -0.456693 0.850394 0.267717 
vn -0.456693 0.850394 0.267717 
vn -0.456693 0.850394 0.267717 
vn -0.456693 0.850394 0.267717 
vn 0.480315 0.795276 0.362205 
vn 0.433071 0.818898 0.385827 
vn 0.440945 0.811024 0.377953 
vn 0.401575 0.826772 0.393701 
vn -0.448819 0.889764 -0.125984 
vn -0.448819 0.889764 -0.125984 
vn -0.464567 0.88189 -0.0708661 
vn -0.425197 0.889764 -0.173228 
vn 0.0866142 0.834646 0.543307 
vn 0.0866142 0.834646 0.543307 
vn 0.0866142 0.834646 0.543307 
vn -0.0944882 0.952756 -0.275591 
vn -0.0944882 0.952756 -0.275591 
vn -0.0944882 0.952756 -0.275591 
vn -0.133858 0.96063 -0.23622 
vn -0.0787402 0.968504 -0.228346 
vn -0.0708661 0.976378 -0.220472 
vn -0.00787402 0.976378 -0.204724 
vn -0.141732 0.952756 -0.267717 
vn -0.141732 0.952756 -0.267717 
vn -0.141732 0.952756 -0.267717 
vn 0.291339 0.905512 0.314961 
vn 0.307087 0.905512 0.291339 
vn 0.322835 0.905512 0.267717 
vn 0.251969 0.897638 0.354331 
vn -0.346457 0.913386 0.220472 
vn -0.346457 0.913386 0.220472 
vn -0.346457 0.913386 0.220472 
vn 0.11811 0.968504 0.228346 
vn 0.0551181 0.968504 0.23622 
vn 0.0708661 0.976378 0.204724 
vn 0.0314961 0.944882 0.330709 
vn -0.0708661 0.952756 0.283465 
vn 0.23622 0.96063 -0.141732 
vn 0.23622 0.96063 -0.141732 
vn 0.23622 0.96063 -0.141732 
vn 0.283465 0.944882 0.181102 
vn 0.283465 0.944882 0.181102 
vn 0.283465 0.944882 0.181102 
vn 0.102362 0.992126 -0.0944882 
vn 0.102362 0.992126 -0.0944882 
vn 0.102362 0.992126 -0.0944882 

vt 0.939274 0.12156 
vt 0.928207 0.130037 
vt 0.916351 0.114653 
vt 0.931556 0.0938154 
vt 0.944633 0.10396 
vt 0.957112 0.0935664 
vt 0.910728 0.106853 
vt 0.949995 0.066782 
vt 0.964764 0.0902337 
vt 0.934101 0.056779 
vt 0.91861 0.0802642 
vt 0.895329 0.0973669 
vt 0.913601 0.058785 
vt 0.924953 0.04799 
vt 0.897655 0.0667558 
vt 0.889429 0.0742579 
vt 0.873574 0.0818274 
vt 0.926641 0.891805 
vt 0.943707 0.890365 
vt 0.941654 0.921363 
vt 0.930666 0.881553 
vt 0.91298 0.90649 
vt 0.959865 0.910175 
vt 0.966045 0.913264 
vt 0.964339 0.929059 
vt 0.956606 0.948288 
vt 0.905923 0.918789 
vt 0.926002 0.951528 
vt 0.939716 0.967389 
vt 0.922753 0.944822 
vt 0.91224 0.93582 
vt 0.902865 0.922712 
vt 0.951038 0.271773 
vt 0.927006 0.276214 
vt 0.907944 0.241468 
vt 0.945683 0.254042 
vt 0.908204 0.27245 
vt 0.943731 0.21972 
vt 0.930066 0.211489 
vt 0.955359 0.202508 
vt 0.899401 0.196754 
vt 0.872066 0.229088 
vt 0.890272 0.190432 
vt 0.873852 0.203138 
vt 0.864284 0.238693 
vt 0.885478 0.266923 
vt 0.875736 0.263859 
vt 0.892798 0.274273 
vt 0.885669 0.279313 
vt 0.294406 0.662122 
vt 0.299499 0.636636 
vt 0.32588 0.660249 
vt 0.318242 0.669176 
vt 0.324276 0.669153 
vt 0.336101 0.670673 
vt 0.368965 0.653878 
vt 0.356309 0.626265 
vt 0.344145 0.615828 
vt 0.593888 0.589154 
vt 0.630559 0.570835 
vt 0.638569 0.575104 
vt 0.598229 0.533229 
vt 0.649064 0.594491 
vt 0.629932 0.610327 
vt 0.613543 0.624174 
vt 0.590735 0.643473 
vt 0.571676 0.632284 
vt 0.579048 0.550308 
vt 0.561055 0.618385 
vt 0.552338 0.589341 
vt 0.535572 0.597898 
vt 0.556504 0.55758 
vt 0.562442 0.550641 
vt 0.757125 0.957125 
vt 0.744858 0.950723 
vt 0.780553 0.924837 
vt 0.767285 0.961432 
vt 0.728783 0.939705 
vt 0.779225 0.964559 
vt 0.797753 0.970943 
vt 0.806319 0.951129 
vt 0.804794 0.922397 
vt 0.736974 0.923212 
vt 0.805225 0.911367 
vt 0.755346 0.894631 
vt 0.741419 0.90353 
vt 0.768101 0.882846 
vt 0.785447 0.910686 
vt 0.800787 0.896036 
vt 0.784 0.881386 
vt 0.793972 0.888761 
vt 0.332341 0.578545 
vt 0.344145 0.615828 
vt 0.299499 0.636636 
vt 0.316056 0.569172 
vt 0.286296 0.538552 
vt 0.277495 0.554466 
vt 0.256603 0.576389 
vt 0.243676 0.611971 
vt 0.231066 0.657725 
vt 0.294406 0.662122 
vt 0.601266 0.770866 
vt 0.588128 0.796225 
vt 0.573355 0.776019 
vt 0.573273 0.791426 
vt 0.580431 0.807356 
vt 0.595255 0.828766 
vt 0.598257 0.81113 
vt 0.61036 0.782842 
vt 0.631141 0.772378 
vt 0.571343 0.76176 
vt 0.568907 0.769329 
vt 0.579689 0.752127 
vt 0.631971 0.739171 
vt 0.650804 0.7494 
vt 0.60259 0.742903 
vt 0.593627 0.722588 
vt 0.617949 0.72727 
vt 0.607738 0.703388 
vt 0.932406 0.710772 
vt 0.932653 0.730906 
vt 0.883421 0.715831 
vt 0.943279 0.733427 
vt 0.920609 0.695558 
vt 0.905121 0.737717 
vt 0.890883 0.732046 
vt 0.883444 0.726471 
vt 0.907245 0.682936 
vt 0.873171 0.687464 
vt 0.892139 0.663129 
vt 0.860646 0.70664 
vt 0.860138 0.710351 
vt 0.860144 0.729285 
vt 0.858171 0.708964 
vt 0.845715 0.726965 
vt 0.918912 0.522481 
vt 0.949338 0.522953 
vt 0.927852 0.560955 
vt 0.937263 0.512329 
vt 0.905092 0.543145 
vt 0.956926 0.53336 
vt 0.888455 0.555905 
vt 0.965686 0.550457 
vt 0.878626 0.578483 
vt 0.85935 0.567386 
vt 0.897354 0.598949 
vt 0.901597 0.611637 
vt 0.961085 0.570131 
vt 0.975276 0.563626 
vt 0.941009 0.603236 
vt 0.923228 0.609986 
vt 0.910172 0.617159 
vt 0.797046 0.784765 
vt 0.785176 0.8056 
vt 0.774434 0.776282 
vt 0.810734 0.773174 
vt 0.821905 0.794374 
vt 0.814852 0.800448 
vt 0.803353 0.81227 
vt 0.79333 0.821016 
vt 0.783246 0.837047 
vt 0.768328 0.824785 
vt 0.754077 0.812758 
vt 0.722215 0.799774 
vt 0.790612 0.740444 
vt 0.717589 0.770502 
vt 0.703528 0.78566 
vt 0.743272 0.749821 
vt 0.772333 0.719178 
vt 0.454388 0.769787 
vt 0.422096 0.78109 
vt 0.407475 0.751041 
vt 0.413698 0.77546 
vt 0.401763 0.758091 
vt 0.431144 0.736679 
vt 0.447822 0.722675 
vt 0.46103 0.730052 
vt 0.470639 0.744388 
vt 0.438352 0.798301 
vt 0.47644 0.750264 
vt 0.44985 0.816226 
vt 0.445444 0.812308 
vt 0.467567 0.806042 
vt 0.481529 0.789669 
vt 0.509392 0.759891 
vt 0.519906 0.769404 
vt 0.362001 0.792255 
vt 0.335942 0.819875 
vt 0.306998 0.786905 
vt 0.356004 0.809706 
vt 0.35034 0.781041 
vt 0.340376 0.76704 
vt 0.304066 0.753699 
vt 0.335702 0.752541 
vt 0.30676 0.809047 
vt 0.33088 0.826792 
vt 0.327825 0.84099 
vt 0.29059 0.82634 
vt 0.317577 0.858936 
vt 0.289131 0.799391 
vt 0.272467 0.811505 
vt 0.267382 0.77976 
vt 0.239125 0.788228 
vt 0.291834 0.730951 
vt 0.244274 0.781071 
vt 0.252107 0.765321 
vt 0.0767609 0.787293 
vt 0.116539 0.795226 
vt 0.0968271 0.819913 
vt 0.0687221 0.812926 
vt 0.0863875 0.832457 
vt 0.065689 0.795308 
vt 0.12266 0.76922 
vt 0.134697 0.791654 
vt 0.143524 0.784513 
vt 0.107525 0.751927 
vt 0.0812705 0.736455 
vt 0.0542057 0.732153 
vt 0.0753281 0.72192 
vt 0.0665211 0.705997 
vt 0.0374004 0.755947 
vt 0.0413106 0.782477 
vt 0.0250386 0.763049 
vt 0.916137 0.389079 
vt 0.897371 0.361093 
vt 0.915203 0.343953 
vt 0.938384 0.358959 
vt 0.889952 0.368505 
vt 0.954624 0.362532 
vt 0.893273 0.407196 
vt 0.868778 0.383847 
vt 0.900613 0.416179 
vt 0.960345 0.387925 
vt 0.974737 0.372062 
vt 0.937371 0.403341 
vt 0.919029 0.425386 
vt 0.912703 0.449936 
vt 0.244262 0.903155 
vt 0.257278 0.930501 
vt 0.190255 0.912778 
vt 0.272849 0.922276 
vt 0.206995 0.88379 
vt 0.241918 0.951984 
vt 0.211256 0.962871 
vt 0.177393 0.940714 
vt 0.200035 0.977445 
vt 0.174827 0.936675 
vt 0.178064 0.897734 
vt 0.146704 0.915557 
vt 0.133146 0.895974 
vt 0.149457 0.878993 
vt 0.197117 0.874473 
vt 0.166196 0.862774 
vt 0.176231 0.846737 
vt 0.45871 0.644455 
vt 0.44222 0.620144 
vt 0.48395 0.637518 
vt 0.468272 0.649964 
vt 0.497832 0.624001 
vt 0.456809 0.58462 
vt 0.421996 0.598205 
vt 0.493392 0.594559 
vt 0.507987 0.621063 
vt 0.513473 0.611823 
vt 0.484067 0.576684 
vt 0.466756 0.563722 
vt 0.420902 0.574502 
vt 0.405516 0.589273 
vt 0.393461 0.588682 
vt 0.435688 0.549009 
vt 0.45098 0.534873 
vt 0.500362 0.947814 
vt 0.489933 0.949694 
vt 0.48869 0.921208 
vt 0.512236 0.946271 
vt 0.480922 0.951166 
vt 0.537322 0.930192 
vt 0.514124 0.902888 
vt 0.512748 0.901745 
vt 0.502126 0.89364 
vt 0.477799 0.947556 
vt 0.494107 0.897946 
vt 0.470317 0.919763 
vt 0.455363 0.890248 
vt 0.449144 0.890752 
vt 0.434738 0.890696 
vt 0.420844 0.91949 
vt 0.444686 0.949472 
vt 0.38119 0.889901 
vt 0.709776 0.665853 
vt 0.696745 0.645105 
vt 0.714803 0.635118 
vt 0.723188 0.652403 
vt 0.691237 0.631768 
vt 0.767422 0.617994 
vt 0.759176 0.633022 
vt 0.73148 0.610896 
vt 0.692755 0.595488 
vt 0.675078 0.607042 
vt 0.706434 0.583168 
vt 0.726725 0.559777 
vt 0.77299 0.578657 
vt 0.823332 0.599568 
vt 0.761969 0.565762 
vt 0.746991 0.55959 
vt 0.73511 0.530943 
vt 0.620527 0.9443 
vt 0.660025 0.913703 
vt 0.654528 0.959917 
vt 0.666385 0.919507 
vt 0.670324 0.945088 
vt 0.644179 0.970084 
vt 0.630874 0.97934 
vt 0.601557 0.949177 
vt 0.606969 0.966136 
vt 0.597371 0.895972 
vt 0.592252 0.940431 
vt 0.622586 0.873616 
vt 0.587308 0.866971 
vt 0.653935 0.883491 
vt 0.648014 0.872554 
vt 0.145036 0.664934 
vt 0.119748 0.676434 
vt 0.115419 0.601135 
vt 0.135103 0.689755 
vt 0.0921308 0.645786 
vt 0.170445 0.62717 
vt 0.0764245 0.635002 
vt 0.172974 0.595319 
vt 0.173462 0.617929 
vt 0.17598 0.603745 
vt 0.158513 0.582922 
vt 0.150867 0.569125 
vt 0.0794187 0.618722 
vt 0.0528337 0.627291 
vt 0.101985 0.585183 
vt 0.117002 0.559488 
vt 0.128818 0.546104 
vt 0.951038 0.271773 
vt 0.940877 0.27476 
vt 0.927006 0.276214 
vt 0.262109 0.329293 
vt 0.187109 0.274654 
vt 0.262109 0.274654 
vt 0.187109 0.216986 
vt 0.262109 0.216986 
vt 0.262109 0.178276 
vt 0.187109 0.178276 
vt 0.187109 0.139566 
vt 0.262109 0.139566 
vt 0.187109 0.100857 
vt 0.262109 0.100857 
vt 0.187109 0.0621471 
vt 0.262109 0.0621471 
vt 0.337109 0.0621471 
vt 0.337109 0.0234375 
vt 0.262109 0.0234375 
vt 0.112109 0.100857 
vt 0.187109 0.139566 
vt 0.112109 0.139566 
vt 0.187109 0.178276 
vt 0.112109 0.178276 
vt 0.187109 0.216986 
vt 0.112109 0.216986 
vt 0.112109 0.274654 
vt 0.187109 0.274654 
vt 0.112109 0.329293 
vt 0.637109 0.0621471 
vt 0.712109 0.0234375 
vt 0.712109 0.0621471 
vt 0.637109 0.100857 
vt 0.562109 0.100857 
vt 0.562109 0.139566 
vt 0.637109 0.139566 
vt 0.637109 0.178276 
vt 0.562109 0.178276 
vt 0.562109 0.216986 
vt 0.637109 0.216986 
vt 0.562109 0.274654 
vt 0.637109 0.274654 
vt 0.637109 0.329293 
vt 0.562109 0.329293 
vt 0.637109 0.378638 
vt 0.562109 0.378638 
vt 0.562109 0.0621471 
vt 0.637109 0.0234375 
vt 0.487109 0.100857 
vt 0.562109 0.139566 
vt 0.487109 0.139566 
vt 0.562109 0.178276 
vt 0.487109 0.178276 
vt 0.562109 0.216986 
vt 0.487109 0.216986 
vt 0.487109 0.274654 
vt 0.562109 0.274654 
vt 0.487109 0.329293 
vt 0.562109 0.329293 
vt 0.487109 0.378638 
vt 0.712109 0.274654 
vt 0.787109 0.216986 
vt 0.787109 0.274654 
vt 0.712109 0.216986 
vt 0.712109 0.329293 
vt 0.712109 0.178276 
vt 0.787109 0.329293 
vt 0.787109 0.178276 
vt 0.712109 0.139566 
vt 0.787109 0.139566 
vt 0.712109 0.378638 
vt 0.712109 0.100857 
vt 0.787109 0.100857 
vt 0.787109 0.0621471 
vt 0.787109 0.378638 
vt 0.787109 0.0234375 
vt 0.712109 0.139566 
vt 0.637109 0.139566 
vt 0.637109 0.178276 
vt 0.712109 0.178276 
vt 0.637109 0.216986 
vt 0.712109 0.216986 
vt 0.712109 0.274654 
vt 0.637109 0.274654 
vt 0.712109 0.329293 
vt 0.637109 0.329293 
vt 0.487109 0.0621471 
vt 0.562109 0.0234375 
vt 0.412109 0.100857 
vt 0.487109 0.139566 
vt 0.412109 0.0621471 
vt 0.487109 0.0234375 
vt 0.412109 0.139566 
vt 0.412109 0.178276 
vt 0.487109 0.178276 
vt 0.412109 0.216986 
vt 0.487109 0.216986 
vt 0.487109 0.274654 
vt 0.412109 0.274654 
vt 0.487109 0.329293 
vt 0.412109 0.329293 
vt 0.412109 0.378638 
vt 0.412109 0.422049 
vt 0.487109 0.422049 
vt 0.412109 0.461346 
vt 0.562109 0.422049 
vt 0.487109 0.461346 
vt 0.187109 0.329293 
vt 0.112109 0.378638 
vt 0.187109 0.378638 
vt 0.187109 0.422049 
vt 0.112109 0.422049 
vt 0.112109 0.461346 
vt 0.0371094 0.378638 
vt 0.0371094 0.422049 
vt 0.0371094 0.461346 
vt 0.0371094 0.329293 
vt 0.112109 0.329293 
vt 0.0371094 0.274654 
vt 0.112109 0.274654 
vt 0.0371094 0.216986 
vt 0.112109 0.216986 
vt 0.112109 0.178276 
vt 0.0371094 0.178276 
vt 0.112109 0.139566 
vt 0.0371094 0.139566 
vt 0.0371094 0.100857 
vt 0.112109 0.0621471 
vt 0.0371094 0.0621471 
vt 0.112109 0.0234375 
vt 0.187109 0.0234375 
vt 0.637109 0.422049 
vt 0.562109 0.461346 
vt 0.712109 0.422049 
vt 0.637109 0.461346 
vt 0.787109 0.422049 
vt 0.712109 0.461346 
vt 0.337109 0.422049 
vt 0.337109 0.461346 
vt 0.337109 0.378638 
vt 0.412109 0.329293 
vt 0.337109 0.329293 
vt 0.412109 0.274654 
vt 0.337109 0.274654 
vt 0.412109 0.216986 
vt 0.337109 0.216986 
vt 0.337109 0.178276 
vt 0.412109 0.178276 
vt 0.337109 0.139566 
vt 0.412109 0.139566 
vt 0.337109 0.100857 
vt 0.412109 0.0234375 
vt 0.262109 0.139566 
vt 0.337109 0.139566 
vt 0.262109 0.178276 
vt 0.337109 0.178276 
vt 0.262109 0.216986 
vt 0.337109 0.216986 
vt 0.337109 0.274654 
vt 0.262109 0.274654 
vt 0.337109 0.329293 
vt 0.262109 0.329293 
vt 0.262109 0.378638 
vt 0.262109 0.422049 
vt 0.262109 0.461346 
vt 0.187109 0.461346 
vt 0.187109 0.329293 
vt 0.393461 0.588682 
vt 0.397933 0.533167 
vt 0.420902 0.574502 
vt 0.537322 0.930192 
vt 0.486426 0.978161 
vt 0.512236 0.946271 
vt 0.252107 0.765321 
vt 0.233962 0.73394 
vt 0.291834 0.730951 
vt 0.158513 0.582922 
vt 0.190943 0.563355 
vt 0.172974 0.595319 
vt 0.239125 0.788228 
vt 0.233962 0.73394 
vt 0.244274 0.781071 
vt 0.252107 0.765321 
vt 0.761969 0.565762 
vt 0.790129 0.532003 
vt 0.77299 0.578657 
vt 0.587308 0.866971 
vt 0.629756 0.820547 
vt 0.622586 0.873616 
vt 0.648014 0.872554 
vt 0.77299 0.578657 
vt 0.790129 0.532003 
vt 0.823332 0.599568 
vt 0.73511 0.530943 
vt 0.790129 0.532003 
vt 0.746991 0.55959 
vt 0.0374004 0.755947 
vt 0.0109726 0.710837 
vt 0.0542057 0.732153 
vt 0.0665211 0.705997 
vt 0.133146 0.895974 
vt 0.123437 0.846932 
vt 0.149457 0.878993 
vt 0.166196 0.862774 
vt 0.176231 0.846737 
vt 0.0250386 0.763049 
vt 0.0109726 0.710837 
vt 0.0374004 0.755947 
vt 0.435688 0.549009 
vt 0.397933 0.533167 
vt 0.45098 0.534873 
vt 0.128818 0.546104 
vt 0.190943 0.563355 
vt 0.150867 0.569125 
vt 0.150867 0.569125 
vt 0.190943 0.563355 
vt 0.158513 0.582922 
vt 0.467567 0.806042 
vt 0.505543 0.839219 
vt 0.44985 0.816226 
vt 0.420902 0.574502 
vt 0.397933 0.533167 
vt 0.435688 0.549009 
vt 0.919029 0.425386 
vt 0.984964 0.435949 
vt 0.912703 0.449936 
vt 0.937371 0.403341 
vt 0.960345 0.387925 
vt 0.974737 0.372062 
vt 0.984964 0.435949 
vt 0.960345 0.387925 
vt 0.481529 0.789669 
vt 0.505543 0.839219 
vt 0.467567 0.806042 
vt 0.878626 0.578483 
vt 0.852281 0.636981 
vt 0.85935 0.567386 
vt 0.897354 0.598949 
vt 0.519906 0.769404 
vt 0.505543 0.839219 
vt 0.481529 0.789669 
vt 0.932653 0.730906 
vt 0.882156 0.798541 
vt 0.905121 0.737717 
vt 0.883444 0.726471 
vt 0.882156 0.798541 
vt 0.860144 0.729285 
vt 0.910172 0.617159 
vt 0.852281 0.636981 
vt 0.901597 0.611637 
vt 0.304066 0.753699 
vt 0.360145 0.719262 
vt 0.335702 0.752541 
vt 0.901597 0.611637 
vt 0.852281 0.636981 
vt 0.897354 0.598949 
vt 0.860144 0.729285 
vt 0.882156 0.798541 
vt 0.845715 0.726965 
vt 0.617949 0.72727 
vt 0.677514 0.67648 
vt 0.631971 0.739171 
vt 0.650804 0.7494 
vt 0.814852 0.800448 
vt 0.849984 0.862426 
vt 0.803353 0.81227 
vt 0.821905 0.794374 
vt 0.79333 0.821016 
vt 0.943279 0.733427 
vt 0.882156 0.798541 
vt 0.932653 0.730906 
vt 0.79333 0.821016 
vt 0.849984 0.862426 
vt 0.783246 0.837047 
vt 0.746991 0.55959 
vt 0.790129 0.532003 
vt 0.761969 0.565762 
vt 0.0528337 0.627291 
vt 0.0659856 0.547198 
vt 0.0794187 0.618722 
vt 0.890883 0.732046 
vt 0.882156 0.798541 
vt 0.883444 0.726471 
vt 0.905121 0.737717 
vt 0.592252 0.940431 
vt 0.532172 0.901766 
vt 0.597371 0.895972 
vt 0.514124 0.902888 
vt 0.514617 0.851698 
vt 0.537322 0.930192 
vt 0.512748 0.901745 
vt 0.502126 0.89364 
vt 0.0687221 0.812926 
vt 0.0228234 0.818628 
vt 0.065689 0.795308 
vt 0.0812705 0.736455 
vt 0.136658 0.710837 
vt 0.107525 0.751927 
vt 0.607738 0.703388 
vt 0.677514 0.67648 
vt 0.617949 0.72727 
vt 0.648014 0.872554 
vt 0.700424 0.874421 
vt 0.653935 0.883491 
vt 0.939274 0.12156 
vt 0.998771 0.163259 
vt 0.928207 0.130037 
vt 0.736974 0.923212 
vt 0.703613 0.877537 
vt 0.741419 0.90353 
vt 0.728783 0.939705 
vt 0.172974 0.595319 
vt 0.190943 0.563355 
vt 0.17598 0.603745 
vt 0.205264 0.644884 
vt 0.173462 0.617929 
vt 0.170445 0.62717 
vt 0.930066 0.211489 
vt 0.931485 0.154813 
vt 0.955359 0.202508 
vt 0.660025 0.913703 
vt 0.700424 0.874421 
vt 0.666385 0.919507 
vt 0.888455 0.555905 
vt 0.843734 0.505588 
vt 0.905092 0.543145 
vt 0.918912 0.522481 
vt 0.923228 0.609986 
vt 0.958229 0.658871 
vt 0.910172 0.617159 
vt 0.941009 0.603236 
vt 0.466756 0.563722 
vt 0.520662 0.542982 
vt 0.484067 0.576684 
vt 0.957112 0.0935664 
vt 0.998771 0.163259 
vt 0.944633 0.10396 
vt 0.767422 0.617994 
vt 0.790129 0.661511 
vt 0.759176 0.633022 
vt 0.552338 0.589341 
vt 0.539346 0.536293 
vt 0.556504 0.55758 
vt 0.949995 0.066782 
vt 0.993758 0.0249334 
vt 0.964764 0.0902337 
vt 0.944633 0.10396 
vt 0.998771 0.163259 
vt 0.939274 0.12156 
vt 0.754077 0.812758 
vt 0.724639 0.862426 
vt 0.722215 0.799774 
vt 0.606969 0.966136 
vt 0.551899 0.975385 
vt 0.601557 0.949177 
vt 0.455363 0.890248 
vt 0.473826 0.831665 
vt 0.494107 0.897946 
vt 0.768101 0.882846 
vt 0.807895 0.869764 
vt 0.784 0.881386 
vt 0.509392 0.759891 
vt 0.505543 0.70878 
vt 0.519906 0.769404 
vt 0.571343 0.76176 
vt 0.524009 0.741506 
vt 0.579689 0.752127 
vt 0.692755 0.595488 
vt 0.671289 0.534407 
vt 0.706434 0.583168 
vt 0.675078 0.607042 
vt 0.726725 0.559777 
vt 0.493392 0.594559 
vt 0.520662 0.542982 
vt 0.513473 0.611823 
vt 0.593627 0.722588 
vt 0.544157 0.675907 
vt 0.607738 0.703388 
vt 0.29059 0.82634 
vt 0.227204 0.849511 
vt 0.272467 0.811505 
vt 0.317577 0.858936 
vt 0.239125 0.788228 
vt 0.890272 0.190432 
vt 0.931485 0.154813 
vt 0.899401 0.196754 
vt 0.930066 0.211489 
vt 0.598257 0.81113 
vt 0.684443 0.807 
vt 0.595255 0.828766 
vt 0.61036 0.782842 
vt 0.146704 0.915557 
vt 0.127871 0.957723 
vt 0.133146 0.895974 
vt 0.926002 0.951528 
vt 0.853767 0.990396 
vt 0.922753 0.944822 
vt 0.939716 0.967389 
vt 0.91224 0.93582 
vt 0.853767 0.990396 
vt 0.902865 0.922712 
vt 0.922753 0.944822 
vt 0.561055 0.618385 
vt 0.526463 0.665784 
vt 0.535572 0.597898 
vt 0.571676 0.632284 
vt 0.590735 0.643473 
vt 0.956606 0.948288 
vt 0.997488 0.973348 
vt 0.939716 0.967389 
vt 0.964764 0.0902337 
vt 0.998771 0.163259 
vt 0.957112 0.0935664 
vt 0.905923 0.918789 
vt 0.822823 0.874913 
vt 0.91298 0.90649 
vt 0.902865 0.922712 
vt 0.975276 0.563626 
vt 0.958229 0.658871 
vt 0.961085 0.570131 
vt 0.477799 0.947556 
vt 0.440169 0.988598 
vt 0.444686 0.949472 
vt 0.900613 0.416179 
vt 0.858354 0.467813 
vt 0.893273 0.407196 
vt 0.868778 0.383847 
vt 0.650804 0.7494 
vt 0.684443 0.807 
vt 0.631141 0.772378 
vt 0.926641 0.891805 
vt 0.822823 0.874913 
vt 0.930666 0.881553 
vt 0.924953 0.04799 
vt 0.993758 0.0249334 
vt 0.934101 0.056779 
vt 0.949995 0.066782 
vt 0.244262 0.903155 
vt 0.242832 0.846932 
vt 0.272849 0.922276 
vt 0.206995 0.88379 
vt 0.197117 0.874473 
vt 0.176231 0.846737 
vt 0.918912 0.522481 
vt 0.843734 0.505588 
vt 0.937263 0.512329 
vt 0.91298 0.90649 
vt 0.822823 0.874913 
vt 0.926641 0.891805 
vt 0.873852 0.203138 
vt 0.841263 0.197933 
vt 0.890272 0.190432 
vt 0.45871 0.644455 
vt 0.409009 0.662411 
vt 0.44222 0.620144 
vt 0.421996 0.598205 
vt 0.895329 0.0973669 
vt 0.853852 0.175662 
vt 0.873574 0.0818274 
vt 0.910728 0.106853 
vt 0.864284 0.238693 
vt 0.841263 0.197933 
vt 0.872066 0.229088 
vt 0.810734 0.773174 
vt 0.840932 0.744632 
vt 0.821905 0.794374 
vt 0.790612 0.740444 
vt 0.512236 0.946271 
vt 0.486426 0.978161 
vt 0.500362 0.947814 
vt 0.489933 0.949694 
vt 0.480922 0.951166 
vt 0.413698 0.77546 
vt 0.387182 0.82493 
vt 0.401763 0.758091 
vt 0.422096 0.78109 
vt 0.438352 0.798301 
vt 0.445444 0.812308 
vt 0.44985 0.816226 
vt 0.0413106 0.782477 
vt 0.0228234 0.818628 
vt 0.0250386 0.763049 
vt 0.915203 0.343953 
vt 0.985086 0.316839 
vt 0.938384 0.358959 
vt 0.964339 0.929059 
vt 0.997488 0.973348 
vt 0.956606 0.948288 
vt 0.930666 0.881553 
vt 0.987968 0.826692 
vt 0.943707 0.890365 
vt 0.573273 0.791426 
vt 0.520018 0.807 
vt 0.573355 0.776019 
vt 0.12266 0.76922 
vt 0.136658 0.710837 
vt 0.143524 0.784513 
vt 0.107525 0.751927 
vt 0.145036 0.664934 
vt 0.205264 0.644884 
vt 0.135103 0.689755 
vt 0.170445 0.62717 
vt 0.601557 0.949177 
vt 0.551899 0.975385 
vt 0.592252 0.940431 
vt 0.177393 0.940714 
vt 0.127871 0.957723 
vt 0.174827 0.936675 
vt 0.200035 0.977445 
vt 0.943731 0.21972 
vt 1.00003 0.246716 
vt 0.945683 0.254042 
vt 0.951038 0.271773 
vt 0.768328 0.824785 
vt 0.724639 0.862426 
vt 0.754077 0.812758 
vt 0.783246 0.837047 
vt 0.966045 0.913264 
vt 0.997488 0.973348 
vt 0.964339 0.929059 
vt 0.932406 0.710772 
vt 0.983245 0.682612 
vt 0.943279 0.733427 
vt 0.916351 0.114653 
vt 0.853852 0.175662 
vt 0.910728 0.106853 
vt 0.928207 0.130037 
vt 0.653935 0.883491 
vt 0.700424 0.874421 
vt 0.660025 0.913703 
vt 0.943707 0.890365 
vt 0.987968 0.826692 
vt 0.959865 0.910175 
vt 0.959865 0.910175 
vt 0.987968 0.826692 
vt 0.966045 0.913264 
vt 0.889429 0.0742579 
vt 0.853852 0.0035525 
vt 0.897655 0.0667558 
vt 0.873574 0.0818274 
vt 0.470639 0.744388 
vt 0.505543 0.70878 
vt 0.47644 0.750264 
vt 0.46103 0.730052 
vt 0.897655 0.0667558 
vt 0.853852 0.0035525 
vt 0.913601 0.058785 
vt 0.722215 0.799774 
vt 0.724639 0.862426 
vt 0.703528 0.78566 
vt 0.744858 0.950723 
vt 0.738794 1.00883 
vt 0.728783 0.939705 
vt 0.757125 0.957125 
vt 0.767285 0.961432 
vt 0.779225 0.964559 
vt 0.797753 0.970943 
vt 0.340376 0.76704 
vt 0.360145 0.719262 
vt 0.35034 0.781041 
vt 0.362001 0.792255 
vt 0.755346 0.894631 
vt 0.703613 0.877537 
vt 0.768101 0.882846 
vt 0.741419 0.90353 
vt 0.579689 0.752127 
vt 0.544157 0.675907 
vt 0.593627 0.722588 
vt 0.723188 0.652403 
vt 0.790129 0.661511 
vt 0.709776 0.665853 
vt 0.759176 0.633022 
vt 0.666385 0.919507 
vt 0.700424 0.874421 
vt 0.670324 0.945088 
vt 0.913601 0.058785 
vt 0.853852 0.0035525 
vt 0.924953 0.04799 
vt 0.630874 0.97934 
vt 0.551899 0.975385 
vt 0.606969 0.966136 
vt 0.85935 0.567386 
vt 0.843734 0.505588 
vt 0.888455 0.555905 
vt 0.595255 0.828766 
vt 0.520018 0.807 
vt 0.580431 0.807356 
vt 0.580431 0.807356 
vt 0.520018 0.807 
vt 0.573273 0.791426 
vt 0.597371 0.895972 
vt 0.532172 0.901766 
vt 0.587308 0.866971 
vt 0.568907 0.769329 
vt 0.524009 0.741506 
vt 0.571343 0.76176 
vt 0.117002 0.559488 
vt 0.0659856 0.547198 
vt 0.128818 0.546104 
vt 0.101985 0.585183 
vt 0.0794187 0.618722 
vt 0.434738 0.890696 
vt 0.473826 0.831665 
vt 0.449144 0.890752 
vt 0.38119 0.889901 
vt 0.455363 0.890248 
vt 0.243676 0.611971 
vt 0.210566 0.566204 
vt 0.256603 0.576389 
vt 0.277495 0.554466 
vt 0.286296 0.538552 
vt 0.579048 0.550308 
vt 0.539346 0.536293 
vt 0.598229 0.533229 
vt 0.0863875 0.832457 
vt 0.0228234 0.818628 
vt 0.0687221 0.812926 
vt 0.954624 0.362532 
vt 0.985086 0.316839 
vt 0.974737 0.372062 
vt 0.938384 0.358959 
vt 0.231066 0.657725 
vt 0.210566 0.566204 
vt 0.243676 0.611971 
vt 0.420844 0.91949 
vt 0.400885 0.995026 
vt 0.38119 0.889901 
vt 0.535572 0.597898 
vt 0.539346 0.536293 
vt 0.552338 0.589341 
vt 0.892139 0.663129 
vt 0.983245 0.682612 
vt 0.907245 0.682936 
vt 0.949338 0.522953 
vt 1.00822 0.505588 
vt 0.956926 0.53336 
vt 0.937263 0.512329 
vt 0.631141 0.772378 
vt 0.684443 0.807 
vt 0.61036 0.782842 
vt 0.961085 0.570131 
vt 0.958229 0.658871 
vt 0.941009 0.603236 
vt 0.872066 0.229088 
vt 0.841263 0.197933 
vt 0.873852 0.203138 
vt 0.965686 0.550457 
vt 1.00822 0.505588 
vt 0.975276 0.563626 
vt 0.956926 0.53336 
vt 0.629932 0.610327 
vt 0.654554 0.662921 
vt 0.613543 0.624174 
vt 0.649064 0.594491 
vt 0.590735 0.643473 
vt 0.644179 0.970084 
vt 0.695954 1.0018 
vt 0.630874 0.97934 
vt 0.324276 0.669153 
vt 0.312627 0.708897 
vt 0.318242 0.669176 
vt 0.336101 0.670673 
vt 0.294406 0.662122 
vt 0.484067 0.576684 
vt 0.520662 0.542982 
vt 0.493392 0.594559 
vt 0.654528 0.959917 
vt 0.695954 1.0018 
vt 0.644179 0.970084 
vt 0.670324 0.945088 
vt 0.897371 0.361093 
vt 0.858354 0.312775 
vt 0.915203 0.343953 
vt 0.889952 0.368505 
vt 0.868778 0.383847 
vt 0.174827 0.936675 
vt 0.127871 0.957723 
vt 0.146704 0.915557 
vt 0.45098 0.534873 
vt 0.520662 0.542982 
vt 0.466756 0.563722 
vt 0.573355 0.776019 
vt 0.524009 0.741506 
vt 0.568907 0.769329 
vt 0.291834 0.730951 
vt 0.360145 0.719262 
vt 0.304066 0.753699 
vt 0.873171 0.687464 
vt 0.794617 0.682612 
vt 0.892139 0.663129 
vt 0.860646 0.70664 
vt 0.421996 0.598205 
vt 0.409009 0.662411 
vt 0.405516 0.589273 
vt 0.845715 0.726965 
vt 0.794617 0.682612 
vt 0.858171 0.708964 
vt 0.294406 0.662122 
vt 0.312627 0.708897 
vt 0.231066 0.657725 
vt 0.772333 0.719178 
vt 0.840932 0.744632 
vt 0.790612 0.740444 
vt 0.556504 0.55758 
vt 0.539346 0.536293 
vt 0.562442 0.550641 
vt 0.0665211 0.705997 
vt 0.136658 0.710837 
vt 0.0753281 0.72192 
vt 0.0812705 0.736455 
vt 0.362001 0.792255 
vt 0.401597 0.849511 
vt 0.356004 0.809706 
vt 0.356004 0.809706 
vt 0.401597 0.849511 
vt 0.335942 0.819875 
vt 0.955359 0.202508 
vt 1.00003 0.246716 
vt 0.943731 0.21972 
vt 0.316056 0.569172 
vt 0.372809 0.566204 
vt 0.332341 0.578545 
vt 0.468272 0.649964 
vt 0.409009 0.662411 
vt 0.45871 0.644455 
vt 0.33088 0.826792 
vt 0.401597 0.849511 
vt 0.327825 0.84099 
vt 0.907245 0.682936 
vt 0.983245 0.682612 
vt 0.920609 0.695558 
vt 0.932406 0.710772 
vt 0.513473 0.611823 
vt 0.520183 0.66241 
vt 0.507987 0.621063 
vt 0.912703 0.449936 
vt 0.858354 0.467813 
vt 0.900613 0.416179 
vt 0.447822 0.722675 
vt 0.505543 0.70878 
vt 0.46103 0.730052 
vt 0.327825 0.84099 
vt 0.401597 0.849511 
vt 0.317577 0.858936 
vt 0.892798 0.274273 
vt 0.925588 0.320827 
vt 0.885669 0.279313 
vt 0.344145 0.615828 
vt 0.372809 0.566204 
vt 0.356309 0.626265 
vt 0.335942 0.819875 
vt 0.401597 0.849511 
vt 0.33088 0.826792 
vt 0.335702 0.752541 
vt 0.360145 0.719262 
vt 0.340376 0.76704 
vt 0.134697 0.791654 
vt 0.143965 0.843161 
vt 0.116539 0.795226 
vt 0.065689 0.795308 
vt 0.0228234 0.818628 
vt 0.0413106 0.782477 
vt 0.726725 0.559777 
vt 0.671289 0.534407 
vt 0.73511 0.530943 
vt 0.47644 0.750264 
vt 0.505543 0.70878 
vt 0.509392 0.759891 
vt 0.858171 0.708964 
vt 0.794617 0.682612 
vt 0.860646 0.70664 
vt 0.823332 0.599568 
vt 0.790129 0.661511 
vt 0.767422 0.617994 
vt 0.875736 0.263859 
vt 0.841263 0.284183 
vt 0.864284 0.238693 
vt 0.885669 0.279313 
vt 0.630559 0.570835 
vt 0.654554 0.54034 
vt 0.638569 0.575104 
vt 0.696745 0.645105 
vt 0.652375 0.644952 
vt 0.691237 0.631768 
vt 0.675078 0.607042 
vt 0.507987 0.621063 
vt 0.520183 0.66241 
vt 0.497832 0.624001 
vt 0.286296 0.538552 
vt 0.372809 0.566204 
vt 0.316056 0.569172 
vt 0.119748 0.676434 
vt 0.0659859 0.696025 
vt 0.0921308 0.645786 
vt 0.135103 0.689755 
vt 0.0764245 0.635002 
vt 0.0528337 0.627291 
vt 0.241918 0.951984 
vt 0.263834 0.996069 
vt 0.211256 0.962871 
vt 0.806319 0.951129 
vt 0.866384 0.946569 
vt 0.797753 0.970943 
vt 0.401763 0.758091 
vt 0.390172 0.709017 
vt 0.407475 0.751041 
vt 0.562442 0.550641 
vt 0.539346 0.536293 
vt 0.579048 0.550308 
vt 0.709776 0.665853 
vt 0.652375 0.644952 
vt 0.696745 0.645105 
vt 0.800787 0.896036 
vt 0.807895 0.869764 
vt 0.805225 0.911367 
vt 0.272849 0.922276 
vt 0.263834 0.996069 
vt 0.257278 0.930501 
vt 0.444686 0.949472 
vt 0.440169 0.988598 
vt 0.420844 0.91949 
vt 0.405516 0.589273 
vt 0.409009 0.662411 
vt 0.393461 0.588682 
vt 0.784 0.881386 
vt 0.807895 0.869764 
vt 0.793972 0.888761 
vt 0.257278 0.930501 
vt 0.263834 0.996069 
vt 0.241918 0.951984 
vt 0.927006 0.276214 
vt 0.925588 0.320827 
vt 0.908204 0.27245 
vt 0.0968271 0.819913 
vt 0.143965 0.843161 
vt 0.0863875 0.832457 
vt 0.116539 0.795226 
vt 0.368965 0.653878 
vt 0.312627 0.708897 
vt 0.336101 0.670673 
vt 0.332341 0.578545 
vt 0.372809 0.566204 
vt 0.344145 0.615828 
vt 0.211256 0.962871 
vt 0.263834 0.996069 
vt 0.200035 0.977445 
vt 0.143524 0.784513 
vt 0.143965 0.843161 
vt 0.134697 0.791654 
vt 0.951038 0.271773 
vt 0.925588 0.320827 
vt 0.940877 0.27476 
vt 0.927006 0.276214 
vt 0.48395 0.637518 
vt 0.520183 0.66241 
vt 0.468272 0.649964 
vt 0.497832 0.624001 
vt 0.908204 0.27245 
vt 0.925588 0.320827 
vt 0.892798 0.274273 
vt 0.494107 0.897946 
vt 0.514617 0.851698 
vt 0.502126 0.89364 
vt 0.407475 0.751041 
vt 0.390172 0.709017 
vt 0.431144 0.736679 
vt 0.447822 0.722675 
vt 0.638569 0.575104 
vt 0.654554 0.54034 
vt 0.649064 0.594491 
vt 0.804794 0.922397 
vt 0.866384 0.946569 
vt 0.806319 0.951129 
vt 0.805225 0.911367 
vt 0.598229 0.533229 
vt 0.654554 0.54034 
vt 0.630559 0.570835 
vt 0.717589 0.770502 
vt 0.706385 0.731913 
vt 0.743272 0.749821 
vt 0.703528 0.78566 
vt 0.772333 0.719178 
vt 0.356309 0.626265 
vt 0.372809 0.566204 
vt 0.368965 0.653878 
vt 0.793972 0.888761 
vt 0.807895 0.869764 
vt 0.800787 0.896036 
vt 0.480922 0.951166 
vt 0.486426 0.978161 
vt 0.477799 0.947556 

usemtl Tier161Mtl

f 1/1/1 2/2/2 3/3/3 
f 1/1/1 3/3/3 4/4/4 
f 5/5/5 1/1/1 4/4/4 
f 6/6/6 5/5/5 4/4/4 
f 4/4/4 3/3/3 7/7/7 
f 6/6/6 4/4/4 8/8/8 
f 6/6/6 8/8/8 9/9/9 
f 4/4/4 10/10/10 8/8/8 
f 4/4/4 7/7/7 11/11/11 
f 4/4/4 11/11/11 10/10/10 
f 11/11/11 7/7/7 12/12/12 
f 10/10/10 11/11/11 13/13/13 
f 10/10/10 13/13/13 14/14/14 
f 11/11/11 15/15/15 13/13/13 
f 11/11/11 16/16/16 15/15/15 
f 11/11/11 12/12/12 16/16/16 
f 16/16/16 12/12/12 17/17/17 
f 18/18/18 19/19/19 20/20/20 
f 18/18/18 21/21/21 19/19/19 
f 20/20/20 22/22/22 18/18/18 
f 20/20/20 19/19/19 23/23/23 
f 20/20/20 23/23/23 24/24/24 
f 25/25/25 20/20/20 24/24/24 
f 26/26/26 20/20/20 25/25/25 
f 20/20/20 27/27/27 22/22/22 
f 28/28/28 20/20/20 26/26/26 
f 28/28/28 26/26/26 29/29/29 
f 28/28/28 30/30/30 20/20/20 
f 30/30/30 31/31/31 20/20/20 
f 27/27/27 20/20/20 31/31/31 
f 27/27/27 31/31/31 32/32/32 
f 33/33/33 34/34/34 35/35/35 
f 35/35/35 36/36/36 33/33/33 
f 35/35/35 34/34/34 37/37/37 
f 35/35/35 38/38/38 36/36/36 
f 39/39/39 40/40/40 38/38/38 
f 39/39/39 38/38/38 35/35/35 
f 41/41/41 39/39/39 35/35/35 
f 35/35/35 42/42/42 41/41/41 
f 42/42/42 43/43/43 41/41/41 
f 43/43/43 42/42/42 44/44/44 
f 42/42/42 35/35/35 45/45/45 
f 45/45/45 35/35/35 46/46/46 
f 46/46/46 35/35/35 37/37/37 
f 45/45/45 46/46/46 47/47/47 
f 46/46/46 37/37/37 48/48/48 
f 47/47/47 46/46/46 48/48/48 
f 47/47/47 48/48/48 49/49/49 
f 50/50/50 51/51/51 52/52/52 
f 50/50/50 52/52/52 53/53/53 
f 53/53/53 52/52/52 54/54/54 
f 52/52/52 55/55/55 54/54/54 
f 55/55/55 52/52/52 56/56/56 
f 51/51/51 56/56/56 52/52/52 
f 56/56/56 51/51/51 57/57/57 
f 51/51/51 58/58/58 57/57/57 
f 59/59/59 60/60/60 61/61/61 
f 59/59/59 62/62/62 60/60/60 
f 63/63/63 64/64/64 61/61/61 
f 64/64/64 59/59/59 61/61/61 
f 65/65/65 59/59/59 64/64/64 
f 66/66/66 59/59/59 65/65/65 
f 59/59/59 66/66/66 67/67/67 
f 59/59/59 68/68/68 62/62/62 
f 59/59/59 67/67/67 69/69/69 
f 59/59/59 69/69/69 70/70/70 
f 59/59/59 70/70/70 68/68/68 
f 69/69/69 71/71/71 70/70/70 
f 68/68/68 70/70/70 72/72/72 
f 73/73/73 68/68/68 72/72/72 
f 74/74/74 75/75/75 76/76/76 
f 74/74/74 76/76/76 77/77/77 
f 75/75/75 78/78/78 76/76/76 
f 77/77/77 76/76/76 79/79/79 
f 79/79/79 76/76/76 80/80/80 
f 76/76/76 81/81/81 80/80/80 
f 76/76/76 82/82/82 81/81/81 
f 78/78/78 83/83/83 76/76/76 
f 76/76/76 84/84/84 82/82/82 
f 83/83/83 85/85/85 76/76/76 
f 83/83/83 86/86/86 85/85/85 
f 76/76/76 85/85/85 87/87/87 
f 76/76/76 88/88/88 84/84/84 
f 87/87/87 88/88/88 76/76/76 
f 88/88/88 89/89/89 84/84/84 
f 87/87/87 90/90/90 88/88/88 
f 88/88/88 91/91/91 89/89/89 
f 88/88/88 90/90/90 91/91/91 
f 92/92/92 93/93/93 94/94/94 
f 94/94/94 95/95/95 92/92/92 
f 96/96/96 95/95/95 97/97/97 
f 95/95/95 94/94/94 97/97/97 
f 94/94/94 98/98/98 97/97/97 
f 98/98/98 94/94/94 99/99/99 
f 100/100/100 99/99/99 94/94/94 
f 100/100/100 94/94/94 101/101/101 
f 102/102/102 103/103/103 104/104/104 
f 103/103/103 105/105/105 104/104/104 
f 103/103/103 106/106/106 105/105/105 
f 106/106/106 103/103/103 107/107/107 
f 103/103/103 108/108/108 107/107/107 
f 109/109/109 108/108/108 103/103/103 
f 109/109/109 103/103/103 102/102/102 
f 102/102/102 110/110/110 109/109/109 
f 111/111/111 102/102/102 104/104/104 
f 111/111/111 104/104/104 112/112/112 
f 113/113/113 102/102/102 111/111/111 
f 110/110/110 102/102/102 114/114/114 
f 110/110/110 114/114/114 115/115/115 
f 116/116/116 102/102/102 113/113/113 
f 116/116/116 114/114/114 102/102/102 
f 116/116/116 113/113/113 117/117/117 
f 114/114/114 116/116/116 118/118/118 
f 117/117/117 118/118/118 116/116/116 
f 118/118/118 117/117/117 119/119/119 
f 120/120/120 121/121/121 122/122/122 
f 120/120/120 123/123/123 121/121/121 
f 122/122/122 124/124/124 120/120/120 
f 122/122/122 121/121/121 125/125/125 
f 126/126/126 122/122/122 125/125/125 
f 127/127/127 122/122/122 126/126/126 
f 122/122/122 128/128/128 124/124/124 
f 129/129/129 128/128/128 122/122/122 
f 129/129/129 130/130/130 128/128/128 
f 131/131/131 129/129/129 122/122/122 
f 132/132/132 122/122/122 127/127/127 
f 131/131/131 122/122/122 132/132/132 
f 132/132/132 127/127/127 133/133/133 
f 131/131/131 132/132/132 134/134/134 
f 134/134/134 132/132/132 133/133/133 
f 133/133/133 135/135/135 134/134/134 
f 136/136/136 137/137/137 138/138/138 
f 136/136/136 139/139/139 137/137/137 
f 138/138/138 140/140/140 136/136/136 
f 138/138/138 137/137/137 141/141/141 
f 138/138/138 142/142/142 140/140/140 
f 138/138/138 141/141/141 143/143/143 
f 144/144/144 142/142/142 138/138/138 
f 144/144/144 145/145/145 142/142/142 
f 146/146/146 144/144/144 138/138/138 
f 147/147/147 146/146/146 138/138/138 
f 148/148/148 138/138/138 143/143/143 
f 148/148/148 143/143/143 149/149/149 
f 150/150/150 138/138/138 148/148/148 
f 151/151/151 138/138/138 150/150/150 
f 147/147/147 138/138/138 151/151/151 
f 147/147/147 151/151/151 152/152/152 
f 153/153/153 154/154/154 155/155/155 
f 155/155/155 156/156/156 153/153/153 
f 153/153/153 156/156/156 157/157/157 
f 153/153/153 157/157/157 158/158/158 
f 159/159/159 153/153/153 158/158/158 
f 153/153/153 159/159/159 154/154/154 
f 159/159/159 160/160/160 154/154/154 
f 161/161/161 154/154/154 160/160/160 
f 154/154/154 161/161/161 162/162/162 
f 163/163/163 154/154/154 162/162/162 
f 163/163/163 155/155/155 154/154/154 
f 155/155/155 163/163/163 164/164/164 
f 155/155/155 165/165/165 156/156/156 
f 164/164/164 166/166/166 155/155/155 
f 166/166/166 164/164/164 167/167/167 
f 155/155/155 166/166/166 168/168/168 
f 168/168/168 165/165/165 155/155/155 
f 165/165/165 168/168/168 169/169/169 
f 170/170/170 171/171/171 172/172/172 
f 171/171/171 173/173/173 172/172/172 
f 173/173/173 174/174/174 172/172/172 
f 170/170/170 172/172/172 175/175/175 
f 170/170/170 175/175/175 176/176/176 
f 177/177/177 170/170/170 176/176/176 
f 170/170/170 177/177/177 178/178/178 
f 170/170/170 179/179/179 171/171/171 
f 170/170/170 178/178/178 180/180/180 
f 170/170/170 181/181/181 179/179/179 
f 179/179/179 181/181/181 182/182/182 
f 183/183/183 181/181/181 170/170/170 
f 184/184/184 183/183/183 170/170/170 
f 184/184/184 170/170/170 180/180/180 
f 185/185/185 184/184/184 180/180/180 
f 184/184/184 185/185/185 186/186/186 
f 187/187/187 188/188/188 189/189/189 
f 188/188/188 187/187/187 190/190/190 
f 189/189/189 191/191/191 187/187/187 
f 189/189/189 192/192/192 191/191/191 
f 193/193/193 194/194/194 192/192/192 
f 192/192/192 189/189/189 193/193/193 
f 189/189/189 188/188/188 195/195/195 
f 196/196/196 195/195/195 188/188/188 
f 195/195/195 196/196/196 197/197/197 
f 195/195/195 197/197/197 198/198/198 
f 199/199/199 198/198/198 197/197/197 
f 198/198/198 200/200/200 195/195/195 
f 200/200/200 189/189/189 195/195/195 
f 200/200/200 198/198/198 201/201/201 
f 202/202/202 189/189/189 200/200/200 
f 201/201/201 202/202/202 200/200/200 
f 193/193/193 189/189/189 202/202/202 
f 202/202/202 201/201/201 203/203/203 
f 202/202/202 204/204/204 193/193/193 
f 202/202/202 203/203/203 205/205/205 
f 206/206/206 204/204/204 202/202/202 
f 202/202/202 205/205/205 206/206/206 
f 207/207/207 208/208/208 209/209/209 
f 210/210/210 207/207/207 209/209/209 
f 209/209/209 211/211/211 210/210/210 
f 212/212/212 207/207/207 210/210/210 
f 207/207/207 213/213/213 208/208/208 
f 213/213/213 214/214/214 208/208/208 
f 213/213/213 215/215/215 214/214/214 
f 207/207/207 216/216/216 213/213/213 
f 207/207/207 217/217/217 216/216/216 
f 218/218/218 217/217/217 207/207/207 
f 218/218/218 207/207/207 212/212/212 
f 217/217/217 218/218/218 219/219/219 
f 220/220/220 219/219/219 218/218/218 
f 221/221/221 218/218/218 212/212/212 
f 222/222/222 221/221/221 212/212/212 
f 221/221/221 222/222/222 223/223/223 
f 224/224/224 225/225/225 226/226/226 
f 224/224/224 226/226/226 227/227/227 
f 224/224/224 228/228/228 225/225/225 
f 224/224/224 227/227/227 229/229/229 
f 230/230/230 231/231/231 228/228/228 
f 230/230/230 228/228/228 224/224/224 
f 232/232/232 230/230/230 224/224/224 
f 233/233/233 224/224/224 229/229/229 
f 233/233/233 229/229/229 234/234/234 
f 235/235/235 224/224/224 233/233/233 
f 236/236/236 224/224/224 235/235/235 
f 232/232/232 224/224/224 236/236/236 
f 232/232/232 236/236/236 237/237/237 
f 238/238/238 239/239/239 240/240/240 
f 238/238/238 241/241/241 239/239/239 
f 240/240/240 242/242/242 238/238/238 
f 239/239/239 243/243/243 244/244/244 
f 240/240/240 239/239/239 244/244/244 
f 245/245/245 240/240/240 244/244/244 
f 245/245/245 244/244/244 246/246/246 
f 247/247/247 240/240/240 245/245/245 
f 248/248/248 242/242/242 240/240/240 
f 248/248/248 240/240/240 247/247/247 
f 248/248/248 247/247/247 249/249/249 
f 250/250/250 248/248/248 249/249/249 
f 250/250/250 251/251/251 248/248/248 
f 248/248/248 252/252/252 242/242/242 
f 251/251/251 253/253/253 248/248/248 
f 253/253/253 252/252/252 248/248/248 
f 253/253/253 254/254/254 252/252/252 
f 255/255/255 256/256/256 257/257/257 
f 255/255/255 257/257/257 258/258/258 
f 257/257/257 256/256/256 259/259/259 
f 256/256/256 260/260/260 259/259/259 
f 261/261/261 260/260/260 256/256/256 
f 260/260/260 262/262/262 259/259/259 
f 262/262/262 263/263/263 259/259/259 
f 262/262/262 264/264/264 263/263/263 
f 260/260/260 265/265/265 262/262/262 
f 260/260/260 266/266/266 265/265/265 
f 267/267/267 260/260/260 261/261/261 
f 266/266/266 260/260/260 267/267/267 
f 268/268/268 267/267/267 261/261/261 
f 268/268/268 269/269/269 267/267/267 
f 270/270/270 266/266/266 267/267/267 
f 270/270/270 271/271/271 266/266/266 
f 272/272/272 273/273/273 274/274/274 
f 272/272/272 274/274/274 275/275/275 
f 274/274/274 273/273/273 276/276/276 
f 277/277/277 275/275/275 274/274/274 
f 278/278/278 277/277/277 274/274/274 
f 279/279/279 278/278/278 274/274/274 
f 279/279/279 274/274/274 280/280/280 
f 274/274/274 276/276/276 281/281/281 
f 274/274/274 282/282/282 280/280/280 
f 274/274/274 283/283/283 282/282/282 
f 274/274/274 281/281/281 283/283/283 
f 282/282/282 283/283/283 284/284/284 
f 283/283/283 285/285/285 284/284/284 
f 283/283/283 286/286/286 285/285/285 
f 281/281/281 287/287/287 283/283/283 
f 283/283/283 287/287/287 286/286/286 
f 281/281/281 288/288/288 287/287/287 
f 287/287/287 289/289/289 286/286/286 
f 290/290/290 291/291/291 292/292/292 
f 290/290/290 292/292/292 293/293/293 
f 294/294/294 292/292/292 291/291/291 
f 293/293/293 292/292/292 295/295/295 
f 296/296/296 293/293/293 295/295/295 
f 297/297/297 292/292/292 294/294/294 
f 292/292/292 297/297/297 295/295/295 
f 297/297/297 294/294/294 298/298/298 
f 298/298/298 294/294/294 299/299/299 
f 300/300/300 297/297/297 298/298/298 
f 301/301/301 297/297/297 300/300/300 
f 295/295/295 297/297/297 302/302/302 
f 302/302/302 303/303/303 295/295/295 
f 304/304/304 302/302/302 297/297/297 
f 305/305/305 304/304/304 297/297/297 
f 301/301/301 305/305/305 297/297/297 
f 305/305/305 301/301/301 306/306/306 
f 307/307/307 308/308/308 309/309/309 
f 308/308/308 310/310/310 309/309/309 
f 310/310/310 311/311/311 309/309/309 
f 312/312/312 307/307/307 309/309/309 
f 307/307/307 312/312/312 313/313/313 
f 314/314/314 307/307/307 313/313/313 
f 314/314/314 313/313/313 315/315/315 
f 316/316/316 307/307/307 314/314/314 
f 307/307/307 316/316/316 308/308/308 
f 316/316/316 314/314/314 317/317/317 
f 318/318/318 308/308/308 316/316/316 
f 318/318/318 316/316/316 319/319/319 
f 318/318/318 320/320/320 308/308/308 
f 321/321/321 320/320/320 318/318/318 
f 322/322/322 323/323/323 324/324/324 
f 322/322/322 325/325/325 323/323/323 
f 324/324/324 323/323/323 326/326/326 
f 324/324/324 327/327/327 322/322/322 
f 324/324/324 326/326/326 328/328/328 
f 324/324/324 329/329/329 327/327/327 
f 329/329/329 330/330/330 327/327/327 
f 329/329/329 331/331/331 330/330/330 
f 332/332/332 329/329/329 324/324/324 
f 333/333/333 332/332/332 324/324/324 
f 334/334/334 324/324/324 328/328/328 
f 334/334/334 328/328/328 335/335/335 
f 336/336/336 324/324/324 334/334/334 
f 337/337/337 324/324/324 336/336/336 
f 333/333/333 324/324/324 337/337/337 
f 333/333/333 337/337/337 338/338/338 
f 339/339/339 340/340/340 341/341/341 
f 342/342/342 343/343/343 344/344/344 
f 345/345/345 344/344/344 343/343/343 
f 344/344/344 345/345/345 346/346/346 
f 345/345/345 347/347/347 346/346/346 
f 347/347/347 345/345/345 348/348/348 
f 349/349/349 347/347/347 348/348/348 
f 347/347/347 349/349/349 350/350/350 
f 351/351/351 350/350/350 349/349/349 
f 350/350/350 351/351/351 352/352/352 
f 353/353/353 352/352/352 351/351/351 
f 352/352/352 353/353/353 354/354/354 
f 352/352/352 354/354/354 355/355/355 
f 354/354/354 356/356/356 355/355/355 
f 353/353/353 357/357/357 354/354/354 
f 351/351/351 358/358/358 353/353/353 
f 359/359/359 358/358/358 351/351/351 
f 358/358/358 359/359/359 360/360/360 
f 361/361/361 360/360/360 359/359/359 
f 360/360/360 361/361/361 362/362/362 
f 363/363/363 362/362/362 361/361/361 
f 362/362/362 363/363/363 364/364/364 
f 363/363/363 365/365/365 364/364/364 
f 365/365/365 363/363/363 366/366/366 
f 366/366/366 367/367/367 365/365/365 
f 368/368/368 369/369/369 370/370/370 
f 370/370/370 371/371/371 368/368/368 
f 372/372/372 368/368/368 371/371/371 
f 371/371/371 373/373/373 372/372/372 
f 373/373/373 371/371/371 374/374/374 
f 375/375/375 373/373/373 374/374/374 
f 373/373/373 375/375/375 376/376/376 
f 375/375/375 377/377/377 376/376/376 
f 377/377/377 375/375/375 378/378/378 
f 378/378/378 379/379/379 377/377/377 
f 379/379/379 378/378/378 380/380/380 
f 381/381/381 379/379/379 380/380/380 
f 379/379/379 381/381/381 382/382/382 
f 383/383/383 382/382/382 381/381/381 
f 382/382/382 383/383/383 384/384/384 
f 368/368/368 372/372/372 385/385/385 
f 385/385/385 386/386/386 368/368/368 
f 385/385/385 372/372/372 387/387/387 
f 388/388/388 387/387/387 372/372/372 
f 387/387/387 388/388/388 389/389/389 
f 390/390/390 389/389/389 388/388/388 
f 389/389/389 390/390/390 391/391/391 
f 392/392/392 391/391/391 390/390/390 
f 391/391/391 392/392/392 393/393/393 
f 392/392/392 394/394/394 393/393/393 
f 394/394/394 392/392/392 395/395/395 
f 395/395/395 396/396/396 394/394/394 
f 396/396/396 395/395/395 397/397/397 
f 397/397/397 398/398/398 396/396/396 
f 398/398/398 397/397/397 384/384/384 
f 399/399/399 400/400/400 401/401/401 
f 400/400/400 399/399/399 402/402/402 
f 401/401/401 403/403/403 399/399/399 
f 404/404/404 400/400/400 402/402/402 
f 403/403/403 401/401/401 405/405/405 
f 400/400/400 404/404/404 406/406/406 
f 407/407/407 406/406/406 404/404/404 
f 406/406/406 407/407/407 408/408/408 
f 405/405/405 409/409/409 403/403/403 
f 410/410/410 408/408/408 407/407/407 
f 408/408/408 410/410/410 411/411/411 
f 412/412/412 411/411/411 410/410/410 
f 409/409/409 405/405/405 413/413/413 
f 370/370/370 412/412/412 410/410/410 
f 370/370/370 414/414/414 412/412/412 
f 410/410/410 371/371/371 370/370/370 
f 415/415/415 371/371/371 410/410/410 
f 371/371/371 415/415/415 416/416/416 
f 415/415/415 417/417/417 416/416/416 
f 417/417/417 415/415/415 418/418/418 
f 418/418/418 419/419/419 417/417/417 
f 419/419/419 418/418/418 420/420/420 
f 421/421/421 419/419/419 420/420/420 
f 419/419/419 421/421/421 422/422/422 
f 423/423/423 422/422/422 421/421/421 
f 422/422/422 423/423/423 424/424/424 
f 409/409/409 424/424/424 423/423/423 
f 424/424/424 409/409/409 383/383/383 
f 425/425/425 426/426/426 385/385/385 
f 387/387/387 425/425/425 385/385/385 
f 387/387/387 427/427/427 425/425/425 
f 428/428/428 427/427/427 387/387/387 
f 425/425/425 429/429/429 430/430/430 
f 425/425/425 427/427/427 429/429/429 
f 427/427/427 428/428/428 431/431/431 
f 428/428/428 432/432/432 431/431/431 
f 432/432/432 428/428/428 433/433/433 
f 433/433/433 434/434/434 432/432/432 
f 434/434/434 433/433/433 435/435/435 
f 436/436/436 434/434/434 435/435/435 
f 434/434/434 436/436/436 437/437/437 
f 438/438/438 437/437/437 436/436/436 
f 437/437/437 438/438/438 439/439/439 
f 398/398/398 439/439/439 438/438/438 
f 439/439/439 398/398/398 440/440/440 
f 440/440/440 398/398/398 441/441/441 
f 398/398/398 442/442/442 441/441/441 
f 398/398/398 384/384/384 442/442/442 
f 441/441/441 442/442/442 443/443/443 
f 442/442/442 384/384/384 444/444/444 
f 442/442/442 444/444/444 445/445/445 
f 383/383/383 444/444/444 384/384/384 
f 367/367/367 366/366/366 446/446/446 
f 446/446/446 447/447/447 367/367/367 
f 447/447/447 446/446/446 448/448/448 
f 449/449/449 447/447/447 448/448/448 
f 447/447/447 449/449/449 450/450/450 
f 450/450/450 449/449/449 451/451/451 
f 450/450/450 452/452/452 447/447/447 
f 452/452/452 450/450/450 453/453/453 
f 453/453/453 450/450/450 454/454/454 
f 455/455/455 447/447/447 452/452/452 
f 447/447/447 455/455/455 456/456/456 
f 457/457/457 456/456/456 455/455/455 
f 456/456/456 457/457/457 458/458/458 
f 459/459/459 458/458/458 457/457/457 
f 458/458/458 459/459/459 460/460/460 
f 459/459/459 461/461/461 460/460/460 
f 461/461/461 459/459/459 462/462/462 
f 462/462/462 463/463/463 461/461/461 
f 463/463/463 462/462/462 464/464/464 
f 465/465/465 463/463/463 464/464/464 
f 463/463/463 465/465/465 358/358/358 
f 465/465/465 466/466/466 358/358/358 
f 466/466/466 465/465/465 467/467/467 
f 467/467/467 468/468/468 466/466/466 
f 353/353/353 358/358/358 466/466/466 
f 466/466/466 469/469/469 353/353/353 
f 444/444/444 383/383/383 470/470/470 
f 444/444/444 470/470/470 471/471/471 
f 383/383/383 472/472/472 470/470/470 
f 472/472/472 473/473/473 470/470/470 
f 472/472/472 383/383/383 409/409/409 
f 409/409/409 413/413/413 472/472/472 
f 472/472/472 413/413/413 474/474/474 
f 474/474/474 475/475/475 472/472/472 
f 476/476/476 441/441/441 477/477/477 
f 476/476/476 440/440/440 441/441/441 
f 440/440/440 476/476/476 478/478/478 
f 478/478/478 479/479/479 440/440/440 
f 479/479/479 478/478/478 480/480/480 
f 480/480/480 481/481/481 479/479/479 
f 481/481/481 480/480/480 482/482/482 
f 482/482/482 483/483/483 481/481/481 
f 483/483/483 482/482/482 484/484/484 
f 485/485/485 483/483/483 484/484/484 
f 483/483/483 485/485/485 486/486/486 
f 487/487/487 486/486/486 485/485/485 
f 486/486/486 487/487/487 488/488/488 
f 489/489/489 488/488/488 487/487/487 
f 488/488/488 489/489/489 427/427/427 
f 355/355/355 427/427/427 489/489/489 
f 427/427/427 355/355/355 429/429/429 
f 429/429/429 355/355/355 490/490/490 
f 352/352/352 355/355/355 489/489/489 
f 491/491/491 352/352/352 489/489/489 
f 491/491/491 489/489/489 492/492/492 
f 492/492/492 493/493/493 491/491/491 
f 493/493/493 492/492/492 494/494/494 
f 494/494/494 495/495/495 493/493/493 
f 495/495/495 494/494/494 496/496/496 
f 497/497/497 495/495/495 496/496/496 
f 495/495/495 497/497/497 498/498/498 
f 499/499/499 498/498/498 497/497/497 
f 498/498/498 499/499/499 500/500/500 
f 478/478/478 500/500/500 499/499/499 
f 500/500/500 478/478/478 501/501/501 
f 476/476/476 501/501/501 478/478/478 
f 501/501/501 476/476/476 502/502/502 
f 476/476/476 503/503/503 502/502/502 
f 501/501/501 502/502/502 449/449/449 
f 502/502/502 504/504/504 449/449/449 
f 448/448/448 501/501/501 449/449/449 
f 448/448/448 342/342/342 501/501/501 
f 342/342/342 448/448/448 505/505/505 
f 343/343/343 342/342/342 505/505/505 
f 506/506/506 507/507/507 508/508/508 
f 509/509/509 510/510/510 511/511/511 
f 512/512/512 513/513/513 514/514/514 
f 515/515/515 516/516/516 517/517/517 
f 518/518/518 519/519/519 520/520/520 
f 520/520/520 519/519/519 521/521/521 
f 522/522/522 523/523/523 524/524/524 
f 525/525/525 526/526/526 527/527/527 
f 527/527/527 526/526/526 528/528/528 
f 529/529/529 530/530/530 531/531/531 
f 532/532/532 533/533/533 534/534/534 
f 535/535/535 536/536/536 537/537/537 
f 537/537/537 536/536/536 538/538/538 
f 539/539/539 540/540/540 541/541/541 
f 541/541/541 540/540/540 542/542/542 
f 542/542/542 540/540/540 543/543/543 
f 544/544/544 545/545/545 546/546/546 
f 547/547/547 548/548/548 549/549/549 
f 550/550/550 551/551/551 552/552/552 
f 553/553/553 554/554/554 555/555/555 
f 556/556/556 557/557/557 558/558/558 
f 559/559/559 560/560/560 561/561/561 
f 562/562/562 563/563/563 564/564/564 
f 565/565/565 563/563/563 562/562/562 
f 566/566/566 563/563/563 565/565/565 
f 567/567/567 568/568/568 569/569/569 
f 570/570/570 571/571/571 572/572/572 
f 573/573/573 574/574/574 575/575/575 
f 576/576/576 574/574/574 573/573/573 
f 577/577/577 578/578/578 579/579/579 
f 580/580/580 581/581/581 582/582/582 
f 583/583/583 584/584/584 585/585/585 
f 586/586/586 587/587/587 588/588/588 
f 589/589/589 590/590/590 591/591/591 
f 592/592/592 593/593/593 594/594/594 
f 595/595/595 596/596/596 597/597/597 
f 598/598/598 599/599/599 600/600/600 
f 600/600/600 599/599/599 601/601/601 
f 602/602/602 603/603/603 604/604/604 
f 605/605/605 603/603/603 602/602/602 
f 604/604/604 603/603/603 606/606/606 
f 607/607/607 608/608/608 609/609/609 
f 610/610/610 611/611/611 612/612/612 
f 613/613/613 614/614/614 615/615/615 
f 616/616/616 617/617/617 618/618/618 
f 619/619/619 620/620/620 621/621/621 
f 622/622/622 620/620/620 619/619/619 
f 623/623/623 624/624/624 625/625/625 
f 626/626/626 627/627/627 628/628/628 
f 629/629/629 627/627/627 626/626/626 
f 630/630/630 627/627/627 629/629/629 
f 631/631/631 632/632/632 633/633/633 
f 634/634/634 635/635/635 636/636/636 
f 637/637/637 638/638/638 639/639/639 
f 640/640/640 641/641/641 642/642/642 
f 643/643/643 644/644/644 645/645/645 
f 646/646/646 647/647/647 648/648/648 
f 649/649/649 647/647/647 646/646/646 
f 650/650/650 651/651/651 652/652/652 
f 652/652/652 653/653/653 654/654/654 
f 654/654/654 653/653/653 655/655/655 
f 656/656/656 657/657/657 658/658/658 
f 659/659/659 660/660/660 661/661/661 
f 662/662/662 663/663/663 664/664/664 
f 664/664/664 663/663/663 665/665/665 
f 666/666/666 667/667/667 668/668/668 
f 669/669/669 667/667/667 666/666/666 
f 670/670/670 671/671/671 672/672/672 
f 673/673/673 674/674/674 675/675/675 
f 676/676/676 677/677/677 678/678/678 
f 679/679/679 680/680/680 681/681/681 
f 682/682/682 683/683/683 684/684/684 
f 685/685/685 686/686/686 687/687/687 
f 688/688/688 689/689/689 690/690/690 
f 691/691/691 692/692/692 693/693/693 
f 694/694/694 695/695/695 696/696/696 
f 697/697/697 698/698/698 699/699/699 
f 700/700/700 701/701/701 702/702/702 
f 703/703/703 704/704/704 705/705/705 
f 706/706/706 707/707/707 708/708/708 
f 709/709/709 707/707/707 706/706/706 
f 708/708/708 707/707/707 710/710/710 
f 711/711/711 712/712/712 713/713/713 
f 714/714/714 715/715/715 716/716/716 
f 717/717/717 718/718/718 719/719/719 
f 720/720/720 718/718/718 717/717/717 
f 719/719/719 718/718/718 721/721/721 
f 722/722/722 723/723/723 724/724/724 
f 724/724/724 723/723/723 725/725/725 
f 726/726/726 727/727/727 728/728/728 
f 729/729/729 727/727/727 726/726/726 
f 730/730/730 731/731/731 732/732/732 
f 733/733/733 734/734/734 735/735/735 
f 736/736/736 734/734/734 733/733/733 
f 737/737/737 738/738/738 739/739/739 
f 740/740/740 738/738/738 737/737/737 
f 741/741/741 742/742/742 743/743/743 
f 744/744/744 742/742/742 741/741/741 
f 745/745/745 742/742/742 744/744/744 
f 746/746/746 747/747/747 748/748/748 
f 749/749/749 750/750/750 751/751/751 
f 752/752/752 753/753/753 754/754/754 
f 755/755/755 753/753/753 752/752/752 
f 756/756/756 757/757/757 758/758/758 
f 759/759/759 760/760/760 761/761/761 
f 762/762/762 763/763/763 764/764/764 
f 764/764/764 763/763/763 765/765/765 
f 766/766/766 767/767/767 768/768/768 
f 769/769/769 770/770/770 771/771/771 
f 772/772/772 773/773/773 774/774/774 
f 774/774/774 773/773/773 775/775/775 
f 776/776/776 777/777/777 778/778/778 
f 779/779/779 777/777/777 776/776/776 
f 780/780/780 777/777/777 779/779/779 
f 781/781/781 777/777/777 780/780/780 
f 782/782/782 783/783/783 784/784/784 
f 785/785/785 786/786/786 787/787/787 
f 788/788/788 789/789/789 790/790/790 
f 791/791/791 792/792/792 793/793/793 
f 793/793/793 792/792/792 794/794/794 
f 795/795/795 796/796/796 797/797/797 
f 798/798/798 796/796/796 795/795/795 
f 799/799/799 800/800/800 801/801/801 
f 802/802/802 803/803/803 804/804/804 
f 805/805/805 803/803/803 802/802/802 
f 806/806/806 807/807/807 808/808/808 
f 808/808/808 807/807/807 809/809/809 
f 809/809/809 807/807/807 810/810/810 
f 811/811/811 812/812/812 813/813/813 
f 814/814/814 812/812/812 811/811/811 
f 815/815/815 812/812/812 814/814/814 
f 816/816/816 812/812/812 815/815/815 
f 817/817/817 812/812/812 816/816/816 
f 818/818/818 819/819/819 820/820/820 
f 821/821/821 822/822/822 823/823/823 
f 824/824/824 825/825/825 826/826/826 
f 827/827/827 828/828/828 829/829/829 
f 830/830/830 831/831/831 832/832/832 
f 833/833/833 834/834/834 835/835/835 
f 836/836/836 834/834/834 833/833/833 
f 837/837/837 838/838/838 839/839/839 
f 840/840/840 838/838/838 837/837/837 
f 841/841/841 842/842/842 843/843/843 
f 844/844/844 845/845/845 846/846/846 
f 847/847/847 845/845/845 844/844/844 
f 848/848/848 849/849/849 850/850/850 
f 850/850/850 849/849/849 851/851/851 
f 852/852/852 853/853/853 854/854/854 
f 855/855/855 853/853/853 852/852/852 
f 856/856/856 857/857/857 858/858/858 
f 859/859/859 860/860/860 861/861/861 
f 862/862/862 863/863/863 864/864/864 
f 865/865/865 863/863/863 862/862/862 
f 866/866/866 867/867/867 868/868/868 
f 869/869/869 870/870/870 871/871/871 
f 872/872/872 873/873/873 874/874/874 
f 875/875/875 876/876/876 877/877/877 
f 878/878/878 876/876/876 875/875/875 
f 879/879/879 880/880/880 881/881/881 
f 882/882/882 880/880/880 879/879/879 
f 883/883/883 884/884/884 885/885/885 
f 886/886/886 887/887/887 888/888/888 
f 889/889/889 890/890/890 891/891/891 
f 892/892/892 890/890/890 889/889/889 
f 893/893/893 890/890/890 892/892/892 
f 894/894/894 890/890/890 893/893/893 
f 895/895/895 890/890/890 894/894/894 
f 896/896/896 897/897/897 898/898/898 
f 898/898/898 897/897/897 899/899/899 
f 900/900/900 901/901/901 902/902/902 
f 903/903/903 901/901/901 900/900/900 
f 904/904/904 905/905/905 906/906/906 
f 907/907/907 908/908/908 909/909/909 
f 910/910/910 908/908/908 907/907/907 
f 911/911/911 912/912/912 913/913/913 
f 914/914/914 915/915/915 916/916/916 
f 917/917/917 918/918/918 919/919/919 
f 920/920/920 921/921/921 922/922/922 
f 923/923/923 924/924/924 925/925/925 
f 926/926/926 927/927/927 928/928/928 
f 929/929/929 930/930/930 931/931/931 
f 932/932/932 933/933/933 934/934/934 
f 935/935/935 936/936/936 937/937/937 
f 938/938/938 936/936/936 935/935/935 
f 939/939/939 936/936/936 938/938/938 
f 940/940/940 941/941/941 942/942/942 
f 943/943/943 941/941/941 940/940/940 
f 942/942/942 941/941/941 944/944/944 
f 945/945/945 946/946/946 947/947/947 
f 947/947/947 946/946/946 948/948/948 
f 948/948/948 946/946/946 949/949/949 
f 950/950/950 951/951/951 952/952/952 
f 953/953/953 954/954/954 955/955/955 
f 956/956/956 957/957/957 958/958/958 
f 959/959/959 957/957/957 956/956/956 
f 960/960/960 961/961/961 962/962/962 
f 963/963/963 964/964/964 965/965/965 
f 966/966/966 967/967/967 968/968/968 
f 969/969/969 970/970/970 971/971/971 
f 972/972/972 973/973/973 974/974/974 
f 975/975/975 973/973/973 972/972/972 
f 976/976/976 977/977/977 978/978/978 
f 979/979/979 980/980/980 981/981/981 
f 982/982/982 983/983/983 984/984/984 
f 985/985/985 986/986/986 987/987/987 
f 988/988/988 986/986/986 985/985/985 
f 989/989/989 990/990/990 991/991/991 
f 992/992/992 990/990/990 989/989/989 
f 991/991/991 990/990/990 993/993/993 
f 994/994/994 995/995/995 996/996/996 
f 997/997/997 998/998/998 999/999/999 
f 1000/1000/1000 998/998/998 997/997/997 
f 999/999/999 998/998/998 1001/1001/1001 
f 1002/1002/1002 1003/1003/1003 1004/1004/1004 
f 1005/1005/1005 1006/1006/1006 1007/1007/1007 
f 1008/1008/1008 1006/1006/1006 1005/1005/1005 
f 1009/1009/1009 1010/1010/1010 1011/1011/1011 
f 1012/1012/1012 1010/1010/1010 1009/1009/1009 
f 1013/1013/1013 1010/1010/1010 1012/1012/1012 
f 1014/1014/1014 1015/1015/1015 1016/1016/1016 
f 1017/1017/1017 1018/1018/1018 1019/1019/1019 
f 1020/1020/1020 1021/1021/1021 1022/1022/1022 
f 1023/1023/1023 1024/1024/1024 1025/1025/1025 
f 1026/1026/1026 1027/1027/1027 1028/1028/1028 
f 1029/1029/1029 1027/1027/1027 1026/1026/1026 
f 1030/1030/1030 1031/1031/1031 1032/1032/1032 
f 1033/1033/1033 1034/1034/1034 1035/1035/1035 
f 1036/1036/1036 1037/1037/1037 1038/1038/1038 
f 1039/1039/1039 1040/1040/1040 1041/1041/1041 
f 1042/1042/1042 1043/1043/1043 1044/1044/1044 
f 1045/1045/1045 1046/1046/1046 1047/1047/1047 
f 1047/1047/1047 1046/1046/1046 1048/1048/1048 
f 1049/1049/1049 1050/1050/1050 1051/1051/1051 
f 1052/1052/1052 1053/1053/1053 1054/1054/1054 
f 1055/1055/1055 1056/1056/1056 1057/1057/1057 
f 1058/1058/1058 1059/1059/1059 1060/1060/1060 
f 1061/1061/1061 1062/1062/1062 1063/1063/1063 
f 1064/1064/1064 1065/1065/1065 1066/1066/1066 
f 1067/1067/1067 1068/1068/1068 1069/1069/1069 
f 1069/1069/1069 1068/1068/1068 1070/1070/1070 
f 1071/1071/1071 1072/1072/1072 1073/1073/1073 
f 1074/1074/1074 1075/1075/1075 1076/1076/1076 
f 1077/1077/1077 1078/1078/1078 1079/1079/1079 
f 1080/1080/1080 1081/1081/1081 1082/1082/1082 
f 1083/1083/1083 1084/1084/1084 1085/1085/1085 
f 1086/1086/1086 1087/1087/1087 1088/1088/1088 
f 1089/1089/1089 1090/1090/1090 1091/1091/1091 
f 1092/1092/1092 1093/1093/1093 1094/1094/1094 
f 1095/1095/1095 1096/1096/1096 1097/1097/1097 
f 1098/1098/1098 1099/1099/1099 1100/1100/1100 
f 1101/1101/1101 1102/1102/1102 1103/1103/1103 
f 1104/1104/1104 1105/1105/1105 1106/1106/1106 
f 1107/1107/1107 1108/1108/1108 1109/1109/1109 
f 1110/1110/1110 1111/1111/1111 1112/1112/1112 
f 1113/1113/1113 1114/1114/1114 1115/1115/1115 
f 1116/1116/1116 1114/1114/1114 1113/1113/1113 
f 1117/1117/1117 1118/1118/1118 1119/1119/1119 
f 1120/1120/1120 1121/1121/1121 1122/1122/1122 
f 1122/1122/1122 1121/1121/1121 1123/1123/1123 
f 1124/1124/1124 1125/1125/1125 1126/1126/1126 
f 1127/1127/1127 1128/1128/1128 1129/1129/1129 
f 1130/1130/1130 1131/1131/1131 1132/1132/1132 
f 1133/1133/1133 1131/1131/1131 1130/1130/1130 
f 1132/1132/1132 1131/1131/1131 1134/1134/1134 
f 1134/1134/1134 1131/1131/1131 1135/1135/1135 
f 1136/1136/1136 1137/1137/1137 1138/1138/1138 
f 1139/1139/1139 1140/1140/1140 1141/1141/1141 
f 1142/1142/1142 1143/1143/1143 1144/1144/1144 
f 1145/1145/1145 1146/1146/1146 1147/1147/1147 
f 1148/1148/1148 1149/1149/1149 1150/1150/1150 
f 1151/1151/1151 1152/1152/1152 1153/1153/1153 
f 1154/1154/1154 1155/1155/1155 1156/1156/1156 
f 1157/1157/1157 1158/1158/1158 1159/1159/1159 
f 1160/1160/1160 1161/1161/1161 1162/1162/1162 
f 1163/1163/1163 1164/1164/1164 1165/1165/1165 
f 1166/1166/1166 1167/1167/1167 1168/1168/1168 
f 1169/1169/1169 1170/1170/1170 1171/1171/1171 
f 1172/1172/1172 1173/1173/1173 1174/1174/1174 
f 1175/1175/1175 1173/1173/1173 1172/1172/1172 
f 1176/1176/1176 1177/1177/1177 1178/1178/1178 
f 1179/1179/1179 1180/1180/1180 1181/1181/1181 
f 1182/1182/1182 1183/1183/1183 1184/1184/1184 
f 1185/1185/1185 1186/1186/1186 1187/1187/1187 
f 1188/1188/1188 1189/1189/1189 1190/1190/1190 
f 1190/1190/1190 1189/1189/1189 1191/1191/1191 
f 1192/1192/1192 1193/1193/1193 1194/1194/1194 
f 1195/1195/1195 1193/1193/1193 1192/1192/1192 
f 1196/1196/1196 1197/1197/1197 1198/1198/1198 
f 1199/1199/1199 1200/1200/1200 1201/1201/1201 
f 1202/1202/1202 1203/1203/1203 1204/1204/1204 
f 1204/1204/1204 1203/1203/1203 1205/1205/1205 
f 1206/1206/1206 1207/1207/1207 1208/1208/1208 
f 1209/1209/1209 1210/1210/1210 1211/1211/1211 
f 1212/1212/1212 1210/1210/1210 1209/1209/1209 
f 1213/1213/1213 1214/1214/1214 1215/1215/1215 
f 1216/1216/1216 1217/1217/1217 1218/1218/1218 
f 1219/1219/1219 1217/1217/1217 1216/1216/1216 
f 1218/1218/1218 1217/1217/1217 1220/1220/1220 
f 1221/1221/1221 1222/1222/1222 1223/1223/1223 
f 1224/1224/1224 1225/1225/1225 1226/1226/1226 
f 1227/1227/1227 1228/1228/1228 1229/1229/1229 

