# This file is brought to you by Roblox Corporation
# Generated by Roblox Studio

mtllib t99.mtl

g Tier171

v 0.737777 2.69788 -1.55286 
v 0.236362 2.26985 -1.97615 
v 0.230648 2.69788 -1.6421 
v 0.22424 3.04223 -1.26752 
v 0.846439 2.26985 -1.86879 
v 0.241242 1.7687 -2.26145 
v 0.615934 3.04223 -1.1986 
v 0.217297 3.29444 -0.861657 
v 1.19251 2.69788 -1.31127 
v 0.483911 3.29444 -0.814742 
v 0.20999 3.4483 -0.434488 
v 0.967158 3.04223 -1.01201 
v 0.722979 3.29444 -0.687734 
v 0.344959 3.4483 -0.410737 
v 0.202499 3.50001 0.00346777 
v 0.465983 3.4483 -0.346442 
v 0.202499 3.50001 0.00346777 
v 0.561216 3.4483 -0.247895 
v 0.202499 3.50001 0.00346777 
v 1.24353 3.04223 -0.726013 
v 0.911098 3.29444 -0.493067 
v 1.02985 3.29444 -0.249796 
v 1.55033 2.69788 -0.940997 
v 1.418 3.04223 -0.368613 
v 0.621334 3.4483 -0.124743 
v 0.202499 3.50001 0.00346777 
v 0.640454 3.4483 0.0109594 
v 0.202499 3.50001 0.00346777 
v 1.06762 3.29444 0.0182665 
v 1.47349 3.04223 0.0252091 
v 1.77622 2.69788 -0.478268 
v 1.40457 3.04223 0.416903 
v 1.02071 3.29444 0.28488 
v 0.616704 3.4483 0.145928 
v 0.202499 3.50001 0.00346777 
v 1.84806 2.69787 0.0316166 
v 0.552409 3.4483 0.266952 
v 0.202499 3.50001 0.00346777 
v 0.893701 3.29444 0.523948 
v 1.21797 3.04223 0.768127 
v 0.699034 3.29444 0.712067 
v 0.453862 3.4483 0.362185 
v 0.202499 3.50001 0.00346777 
v 1.51724 2.69788 0.993478 
v 0.93198 3.04223 1.0445 
v 0.330709 3.4483 0.422303 
v 0.202499 3.50001 0.00346777 
v 0.574579 3.04223 1.21897 
v 0.455763 3.29444 0.830823 
v 1.14696 2.69788 1.3513 
v 0.180757 3.04223 1.27446 
v 0.1877 3.29444 0.868592 
v 0.195007 3.4483 0.441423 
v 0.202499 3.50001 0.00346777 
v 0.0600381 3.4483 0.417673 
v -0.0789139 3.29444 0.821677 
v -0.210937 3.04223 1.20553 
v 0.684234 2.69788 1.57719 
v 0.17435 2.69788 1.64903 
v -0.562161 3.04223 1.01894 
v -0.317981 3.29444 0.69467 
v -0.0609859 3.4483 0.353378 
v 0.202499 3.50001 0.00346777 
v -0.332779 2.69788 1.55979 
v 0.168635 2.26985 1.98308 
v 0.782027 2.26985 1.89666 
v -0.441442 2.26985 1.87573 
v 0.163755 1.7687 2.26839 
v -0.787512 2.69788 1.31821 
v -0.534248 1.7687 2.14556 
v -0.988486 2.26985 1.58511 
v -1.14534 2.69788 0.947933 
v 1.39348 -2.6799 -1.57817 
v 0.939245 -2.3458 -2.13863 
v 1.56513 -2.3458 -1.80612 
v 1.01391 -1.97118 -2.35572 
v 2.05763 -2.3458 -1.29648 
v 1.70322 -1.97118 -1.98951 
v 1.0686 -1.56525 -2.51472 
v 2.24564 -1.97118 -1.42822 
v 2.58805 -1.97118 -0.726781 
v 2.74883 -1.56525 -0.775997 
v 1.80437 -1.56525 -2.12383 
v 1.10196 -1.13802 -2.61171 
v 2.38334 -1.56525 -1.52471 
v 2.84691 -1.13802 -0.806019 
v 1.86607 -1.13802 -2.20577 
v 1.11317 -0.700002 -2.64431 
v 1.8868 -0.700002 -2.2333 
v 2.46734 -1.13802 -1.58357 
v 2.87987 -0.700002 -0.816109 
v 2.49557 -0.700002 -1.60335 
v -3.14303 -0.330886 0.0554812 
v -3.10785 0.340536 0.0560817 
v -3.14207 -0.348162 -0.0537479 
v -3.10508 0.357812 -0.0531151 
v -3.11216 0.290398 0.154559 
v -3.10412 0.340536 -0.162343 
v -3.14209 -0.280747 0.154048 
v -3.1393 -0.330886 -0.162945 
v -3.13934 -0.202655 0.232305 
v -3.11759 0.212306 0.232677 
v -3.13504 -0.104254 0.282593 
v -3.12361 0.113904 0.282788 
v -3.12962 0.00482547 0.299989 
v -3.10506 0.290398 -0.260911 
v -3.13499 -0.280747 -0.261423 
v -3.12956 -0.202656 -0.33954 
v -3.10781 0.212306 -0.339168 
v -3.11211 0.113904 -0.389456 
v -3.12354 -0.104254 -0.389651 
v -3.11753 0.00482497 -0.406851 
v 0.248044 -1.56525 -2.65911 
v 0.245168 -1.97118 -2.49099 
v 0.249798 -1.13802 -2.76166 
v 0.241241 -2.3458 -2.26145 
v 0.846438 -2.6799 -1.86879 
v 0.236361 -2.6799 -1.97615 
v 0.230647 -2.96525 -1.64209 
v 0.250388 -0.700002 -2.79613 
v 0.737775 -2.96525 -1.55286 
v 0.224239 -3.19482 -1.26752 
v 0.615933 -3.19482 -1.1986 
v 0.217296 -3.36296 -0.861655 
v 1.19251 -2.96525 -1.31127 
v 0.48391 -3.36296 -0.81474 
v 0.209989 -3.46553 -0.434486 
v 0.722977 -3.36296 -0.687733 
v 0.344958 -3.46553 -0.410735 
v 0.202498 -3.50001 0.00346779 
v 0.465981 -3.46553 -0.34644 
v 0.202498 -3.50001 0.00346779 
v 0.967156 -3.19482 -1.01201 
v 0.561213 -3.46553 -0.247894 
v 0.202498 -3.50001 0.00346779 
v 0.911095 -3.36296 -0.493066 
v 1.55033 -2.96525 -0.940996 
v 1.24353 -3.19482 -0.726012 
v 1.02985 -3.36296 -0.249796 
v 0.621331 -3.46553 -0.124742 
v 0.202498 -3.50001 0.00346779 
v 0.640451 -3.46553 0.0109594 
v 0.202498 -3.50001 0.00346779 
v 1.418 -3.19482 -0.368612 
v 1.06762 -3.36296 0.0182665 
v 1.77622 -2.96525 -0.478268 
v 1.47349 -3.19482 0.0252093 
v 1.84806 -2.96525 0.0316164 
v 1.82394 -2.6799 -1.13272 
v 2.09569 -2.6799 -0.576061 
v 1.75882 -2.96525 0.538745 
v 2.18211 -2.6799 0.0373309 
v 2.36854 -2.3458 -0.659584 
v 2.46742 -2.3458 0.0422115 
v 2.07476 -2.6799 0.647408 
v 1.40456 -3.19482 0.416903 
v 1.51724 -2.96525 0.993477 
v 1.02071 -3.36296 0.28488 
v 1.21797 -3.19482 0.768126 
v 0.616701 -3.46553 0.145928 
v 0.202498 -3.50001 0.00346779 
v 0.893698 -3.36296 0.523947 
v 0.552406 -3.46553 0.266951 
v 0.202498 -3.50001 0.00346779 
v 0.453859 -3.46553 0.362183 
v 0.202498 -3.50001 0.00346779 
v 0.699032 -3.36296 0.712065 
v 0.931978 -3.19482 1.0445 
v 0.455761 -3.36296 0.830822 
v 0.574578 -3.19482 1.21897 
v 1.14696 -2.96525 1.3513 
v 1.78413 -2.6799 1.19445 
v 0.330708 -3.46553 0.422301 
v 0.202498 -3.50001 0.00346779 
v 0.180756 -3.19482 1.27446 
v 0.187699 -3.36296 0.868591 
v 0.195006 -3.46553 0.441421 
v 0.202498 -3.50001 0.00346779 
v -0.210937 -3.19482 1.20553 
v 0.684233 -2.96525 1.57719 
v 0.174349 -2.96525 1.64903 
v 1.33869 -2.6799 1.62491 
v 0.782026 -2.6799 1.89666 
v -0.0789144 -3.36296 0.821675 
v 0.0600376 -3.46553 0.417671 
v 0.202498 -3.50001 0.00346779 
v -0.0609858 -3.46553 0.353376 
v -0.317981 -3.36296 0.694668 
v -0.562161 -3.19482 1.01894 
v -0.33278 -2.96525 1.55979 
v -0.838534 -3.19482 0.732948 
v -0.156218 -3.46553 0.254829 
v 0.202498 -3.50001 0.00346779 
v -0.5061 -3.36296 0.500002 
v -0.216336 -3.46553 0.131678 
v 0.202498 -3.50001 0.00346779 
v -0.787512 -2.96525 1.31821 
v -1.013 -3.19482 0.375548 
v -0.624856 -3.36296 0.256731 
v -0.235456 -3.46553 -0.00402387 
v 0.202498 -3.50001 0.00346779 
v -0.662625 -3.36296 -0.0113311 
v -1.14534 -2.96525 0.947932 
v -1.06849 -3.19482 -0.0182736 
v -1.37122 -2.96525 0.485203 
v -1.41895 -2.6799 1.13966 
v -0.988486 -2.6799 1.5851 
v -0.441443 -2.6799 1.87573 
v 0.168634 -2.6799 1.98308 
v 0.163754 -2.3458 2.26839 
v -0.534249 -2.3458 2.14556 
v 0.865549 -2.3458 2.16951 
v 0.159828 -1.97118 2.49793 
v -1.16013 -2.3458 1.81305 
v -0.608914 -1.97118 2.36265 
v 0.932747 -1.97118 2.38903 
v 0.156952 -1.56525 2.66604 
v -2.87304 0.1306 -0.474959 
v -2.8676 0.255222 -0.411271 
v -2.62476 0.498746 -0.758952 
v -2.86411 0.354123 -0.31216 
v -2.63549 0.253073 -0.884502 
v -2.61788 0.693713 -0.563571 
v -2.64902 -0.0192581 -0.927933 
v -2.61553 0.818889 -0.317485 
v -2.8799 -0.00754579 -0.49699 
v -2.86292 0.417622 -0.187328 
v -2.86414 0.439502 -0.0489936 
v -2.61793 0.862023 -0.044782 
v -2.88752 -0.145691 -0.475207 
v -2.66403 -0.291589 -0.884991 
v -2.67905 -0.537262 -0.75988 
v -2.89514 -0.270314 -0.411742 
v -2.90201 -0.369215 -0.312809 
v -2.6926 -0.732229 -0.564849 
v -2.70337 -0.857406 -0.318988 
v -2.90747 -0.432714 -0.18809 
v -2.91099 -0.454594 -0.049795 
v -2.71029 -0.900538 -0.0463619 
v -2.7127 -0.857406 0.226342 
v -2.91221 -0.432714 0.0885402 
v -2.91101 -0.369215 0.213372 
v -2.71035 -0.732229 0.472428 
v -2.70347 -0.537261 0.66781 
v -2.90752 -0.270314 0.312484 
v -2.90208 -0.145691 0.376171 
v -2.69274 -0.291588 0.793359 
v -2.67921 -0.0192571 0.836789 
v -2.89522 -0.00754533 0.398201 
v -2.8876 0.1306 0.376419 
v -2.6642 0.253074 0.793847 
v -2.64918 0.498747 0.668737 
v -2.87999 0.255223 0.312953 
v -2.87311 0.354124 0.214019 
v -2.63563 0.693714 0.473705 
v -2.62486 0.81889 0.227843 
v -2.86765 0.417622 0.089301 
v -2.86414 0.439502 -0.0489936 
v -2.61793 0.862023 -0.044782 
v -2.06242 1.7687 -0.0352759 
v -1.66976 2.26985 -0.640473 
v -1.9396 1.7687 -0.733279 
v -2.29196 1.20676 -0.0392027 
v -2.15669 1.20676 -0.807945 
v -2.46008 0.597873 -0.0420783 
v -2.31569 0.597873 -0.862631 
v -1.79048 1.20676 -1.49726 
v -1.9248 0.597873 -1.5984 
v -1.60709 1.7687 -1.35916 
v -1.37914 2.26985 -1.18752 
v -1.11224 2.69788 -0.986543 
v -1.35383 2.69788 -0.53181 
v -0.999568 3.04223 -0.409968 
v -0.812976 3.04223 -0.761192 
v -0.488703 3.29444 -0.517012 
v -0.741967 2.69788 -1.34437 
v -0.933694 2.26985 -1.61798 
v -0.526983 3.04223 -1.03757 
v -0.294037 3.29444 -0.705131 
v -0.0488643 3.4483 -0.355249 
v -0.169582 3.04223 -1.21204 
v 0.0742879 3.4483 -0.415368 
v 0.202499 3.50001 0.00346777 
v -0.0507651 3.29444 -0.823888 
v 0.20999 3.4483 -0.434488 
v 0.202499 3.50001 0.00346777 
v 0.217297 3.29444 -0.861657 
v 0.22424 3.04223 -1.26752 
v -0.279237 2.69788 -1.57025 
v 0.230648 2.69788 -1.6421 
v 0.236362 2.26985 -1.97615 
v -0.377031 2.26985 -1.88972 
v 0.241242 1.7687 -2.26145 
v -0.460554 1.7687 -2.16257 
v 0.245169 1.20676 -2.49099 
v -1.09745 1.7687 -1.85167 
v -0.52775 1.20676 -2.38209 
v 0.248044 0.597872 -2.65911 
v -0.576966 0.597872 -2.54287 
v -1.22919 1.20676 -2.03967 
v -1.32568 0.597872 -2.17737 
v -2.62476 0.498746 -0.758952 
v -2.61788 0.693713 -0.563571 
v -2.57776 0.793754 -0.636958 
v -2.58562 0.570949 -0.860235 
v -2.57508 0.936803 -0.355736 
v -2.63549 0.253073 -0.884502 
v -2.61553 0.818889 -0.317485 
v -2.59788 0.290199 -1.00371 
v -2.64902 -0.0192581 -0.927933 
v -2.61335 -0.0210149 -1.05334 
v -2.57782 0.986095 -0.0440959 
v -2.66403 -0.291589 -0.884991 
v -2.61793 0.862023 -0.044782 
v -2.6305 -0.332229 -1.00427 
v -2.62486 0.81889 0.227843 
v -2.67905 -0.537262 -0.75988 
v -2.58574 0.936804 0.267455 
v -2.64766 -0.612979 -0.861296 
v -2.63563 0.693714 0.473705 
v -2.6926 -0.732229 -0.564849 
v -2.59804 0.793755 0.54842 
v -2.66315 -0.835784 -0.638418 
v -2.64918 0.498747 0.668737 
v -2.70337 -0.857406 -0.318988 
v -2.61353 0.57095 0.771299 
v -2.67546 -0.978833 -0.357452 
v -2.71029 -0.900538 -0.0463619 
v -2.68337 -1.02812 -0.0459014 
v -2.6642 0.253074 0.793847 
v -2.63069 0.2902 0.914273 
v -2.67921 -0.0192571 0.836789 
v -2.64785 -0.0210138 0.963346 
v -2.69274 -0.291588 0.793359 
v -2.66331 -0.332228 0.913715 
v -2.70347 -0.537261 0.66781 
v -2.67557 -0.612979 0.770239 
v -2.71035 -0.732229 0.472428 
v -2.68343 -0.835784 0.546961 
v -2.7127 -0.857406 0.226342 
v -2.68612 -0.978833 0.265739 
v -2.71029 -0.900538 -0.0463619 
v -2.68337 -1.02812 -0.0459014 
v -1.65264 -2.3458 1.30341 
v -1.84064 -1.97118 1.43515 
v -2.34384 -1.56525 0.782932 
v -2.18306 -1.97118 0.733716 
v -2.56263 -1.13802 -0.0438328 
v -2.46008 -1.56525 -0.0420779 
v -1.96354 -2.3458 0.666519 
v -2.29196 -1.97118 -0.0392023 
v -2.31569 -1.56525 -0.86263 
v -1.69069 -2.6799 0.582996 
v -2.06242 -2.3458 -0.0352762 
v -1.44306 -2.96525 -0.0246812 
v -1.77712 -2.6799 -0.0303957 
v -1.35383 -2.96525 -0.53181 
v -1.66976 -2.6799 -0.640473 
v -1.9396 -2.3458 -0.733279 
v -2.15669 -1.97118 -0.807945 
v -0.999568 -3.19482 -0.409967 
v -0.61571 -3.36296 -0.277944 
v -0.812976 -3.19482 -0.761191 
v -1.11224 -2.96525 -0.986542 
v -0.488703 -3.36296 -0.517011 
v -0.211706 -3.46553 -0.138992 
v 0.202498 -3.50001 0.00346779 
v -1.37914 -2.6799 -1.18752 
v -0.526983 -3.19482 -1.03756 
v -0.147411 -3.46553 -0.260016 
v 0.202498 -3.50001 0.00346779 
v -0.048864 -3.46553 -0.355248 
v 0.202498 -3.50001 0.00346779 
v -0.294036 -3.36296 -0.70513 
v -0.741966 -2.96525 -1.34437 
v -0.169583 -3.19482 -1.21203 
v -0.0507654 -3.36296 -0.823886 
v 0.0742876 -3.46553 -0.415366 
v 0.202498 -3.50001 0.00346779 
v 0.217296 -3.36296 -0.861655 
v 0.209989 -3.46553 -0.434486 
v 0.202498 -3.50001 0.00346779 
v 0.224239 -3.19482 -1.26752 
v -0.279238 -2.96525 -1.57025 
v 0.230647 -2.96525 -1.64209 
v 0.236361 -2.6799 -1.97615 
v -0.933694 -2.6799 -1.61798 
v -0.377031 -2.6799 -1.88972 
v 0.241241 -2.3458 -2.26145 
v -0.460554 -2.3458 -2.16257 
v 0.245168 -1.97118 -2.49099 
v -1.60709 -2.3458 -1.35916 
v -1.09745 -2.3458 -1.85167 
v -1.79048 -1.97118 -1.49726 
v -0.527751 -1.97118 -2.38209 
v 0.248044 -1.56525 -2.65911 
v -1.22919 -1.97118 -2.03967 
v -0.576967 -1.56525 -2.54287 
v 0.249798 -1.13802 -2.76166 
v -1.9248 -1.56525 -1.5984 
v -1.32568 -1.56525 -2.17737 
v -0.606989 -1.13802 -2.64094 
v 0.250388 -0.700002 -2.79613 
v -0.617079 -0.700001 -2.67391 
v -1.38454 -1.13802 -2.26137 
v -1.40432 -0.700001 -2.2896 
v -2.03428 -0.700001 -1.68084 
v -2.00674 -1.13802 -1.6601 
v -2.44528 -0.700001 -0.907202 
v -2.41268 -1.13802 -0.89599 
v -2.5971 -0.700001 -0.0444223 
v 1.50244 -2.3458 1.8586 
v 0.981963 -1.56525 2.5498 
v 1.63418 -1.97118 2.04661 
v 2.01208 -2.3458 1.3661 
v 2.19548 -1.97118 1.50419 
v 2.34459 -2.3458 0.740214 
v 2.56168 -1.97118 0.81488 
v 2.69696 -1.97118 0.0461378 
v 2.86507 -1.56525 0.0490135 
v 2.72068 -1.56525 0.869565 
v 2.3298 -1.56525 1.60534 
v 2.96763 -1.13802 0.0507681 
v 2.81768 -1.13802 0.902925 
v 1.73067 -1.56525 2.18431 
v 2.41173 -1.13802 1.66704 
v 3.0021 -0.700002 0.0513577 
v 2.85027 -0.700002 0.914137 
v 2.43927 -0.700002 1.68777 
v 1.78953 -1.13802 2.26831 
v 1.80932 -0.700002 2.29654 
v 1.02208 -0.700002 2.68084 
v 1.01198 -1.13802 2.64788 
v 0.154608 -0.700002 2.80307 
v 0.155198 -1.13802 2.7686 
v -0.69696 -1.13802 2.61865 
v -0.708171 -0.700001 2.65124 
v -0.6636 -1.56525 2.52165 
v -1.46107 -1.13802 2.2127 
v -1.48181 -0.700001 2.24024 
v -1.39937 -1.56525 2.13077 
v -1.29823 -1.97118 1.99645 
v -2.06234 -1.13802 1.5905 
v -2.09057 -0.700001 1.61029 
v -2.47488 -0.700001 0.823045 
v -1.97834 -1.56525 1.53164 
v -2.44191 -1.13802 0.812954 
v -0.838534 3.04223 0.732949 
v -0.5061 3.29444 0.500003 
v -0.156218 3.4483 0.254831 
v 0.202499 3.50001 0.00346777 
v -0.216337 3.4483 0.131679 
v 0.202499 3.50001 0.00346777 
v -0.624857 3.29444 0.256731 
v -1.013 3.04223 0.375548 
v -0.235457 3.4483 -0.00402385 
v 0.202499 3.50001 0.00346777 
v -0.662626 3.29444 -0.011331 
v -1.37122 2.69788 0.485203 
v -0.211707 3.4483 -0.138993 
v 0.202499 3.50001 0.00346777 
v -1.06849 3.04223 -0.0182737 
v -0.615711 3.29444 -0.277945 
v -0.147411 3.4483 -0.260017 
v 0.202499 3.50001 0.00346777 
v -1.44306 2.69788 -0.0246811 
v 0.202499 3.50001 0.00346777 
v -1.77712 2.26985 -0.0303955 
v -1.69069 2.26985 0.582997 
v -1.41895 2.26985 1.13966 
v -1.96354 1.7687 0.66652 
v -1.16013 1.7687 1.81306 
v -1.65264 1.7687 1.30341 
v -0.608914 1.20676 2.36265 
v -2.18306 1.20676 0.733716 
v -1.29823 1.20676 1.99645 
v -1.84064 1.20676 1.43515 
v -2.34384 0.597873 0.782932 
v -1.97834 0.597873 1.53164 
v -1.39937 0.597872 2.13077 
v -0.6636 0.597872 2.52165 
v 0.156952 0.597872 2.66604 
v 0.159828 1.20676 2.49793 
v 0.932747 1.20676 2.38903 
v 0.981962 0.597872 2.5498 
v 0.865551 1.7687 2.16951 
v 1.63418 1.20676 2.04661 
v 1.73067 0.597872 2.18431 
v 2.3298 0.597872 1.60534 
v 1.50244 1.7687 1.8586 
v 2.19548 1.20676 1.5042 
v 2.72068 0.597872 0.869566 
v 1.33869 2.26985 1.62491 
v 2.01209 1.7687 1.3661 
v 2.56168 1.20676 0.81488 
v 2.86507 0.597872 0.0490138 
v 1.78414 2.26985 1.19445 
v 2.34459 1.7687 0.740214 
v 2.69696 1.20676 0.046138 
v 2.58806 1.20676 -0.726781 
v 2.74883 0.597872 -0.775996 
v 2.46742 1.7687 0.0422112 
v 2.07476 2.26985 0.647408 
v 1.75882 2.69788 0.538746 
v 2.18211 2.26985 0.0373311 
v 2.09569 2.26985 -0.576061 
v 2.36854 1.7687 -0.659584 
v 1.82394 2.26985 -1.13272 
v 1.39348 2.26985 -1.57817 
v 2.05763 1.7687 -1.29648 
v 1.56513 1.7687 -1.80612 
v 0.939245 1.7687 -2.13863 
v 0.245169 1.20676 -2.49099 
v 1.01391 1.20676 -2.35572 
v 0.248044 0.597872 -2.65911 
v 1.0686 0.597872 -2.51472 
v 1.70323 1.20676 -1.98951 
v 1.80437 0.597872 -2.12383 
v 2.24564 1.20676 -1.42822 
v 2.38334 0.597872 -1.52471 
v 2.84659 0.597872 0.912867 
v 3.10588 -0.0429761 0.0531294 
v 2.9982 0.597872 0.0512876 
v 2.94843 -0.0429761 0.947894 
v 3.14207 -0.700002 0.0537487 
v 2.43616 0.597872 1.68543 
v 2.98266 -0.700002 0.959667 
v 2.52219 -0.042976 1.75021 
v 2.55111 -0.700002 1.77198 
v 1.88965 -0.700002 2.41119 
v 1.86888 -0.0429759 2.38155 
v 1.80708 0.597872 2.29335 
v 1.06305 -0.700002 2.81471 
v 1.05246 -0.0429758 2.7801 
v 1.02093 0.597872 2.67711 
v 0.15221 -0.700002 2.94304 
v 0.15283 -0.0429756 2.90685 
v 0.154671 0.597872 2.79917 
v -0.706908 0.597872 2.64756 
v -0.741935 -0.0429755 2.7494 
v -0.753708 -0.700001 2.78363 
v -1.47947 0.597873 2.23713 
v -1.54425 -0.0429753 2.32316 
v -1.56603 -0.700001 2.35208 
v -2.20523 -0.700001 1.69062 
v -2.17559 -0.0429752 1.66985 
v -2.08739 0.597873 1.60805 
v -2.60875 -0.700001 0.86402 
v -2.57414 -0.0429751 0.853426 
v -2.47116 0.597873 0.821901 
v -2.73708 -0.700001 -0.0468204 
v -2.70089 -0.0429751 -0.046201 
v -2.59321 0.597873 -0.0443593 
v -2.4416 0.597873 -0.905939 
v -2.54344 -0.0429751 -0.940966 
v -2.57767 -0.700001 -0.952739 
v -2.03117 0.597873 -1.6785 
v -2.1172 -0.0429752 -1.74328 
v -2.14612 -0.700001 -1.76506 
v -1.40209 0.597873 -2.28642 
v -1.46389 -0.0429753 -2.37462 
v -1.48466 -0.700001 -2.40426 
v -0.658062 -0.700001 -2.80778 
v -0.647467 -0.0429755 -2.77317 
v -0.615942 0.597872 -2.67019 
v 0.252779 -0.700002 -2.93611 
v 0.25216 -0.0429756 -2.89992 
v 0.250318 0.597872 -2.79224 
v 1.1119 0.597872 -2.64063 
v 1.14693 -0.0429758 -2.74247 
v 1.1587 -0.700002 -2.7767 
v 1.88446 0.597872 -2.2302 
v 1.94924 -0.0429759 -2.31623 
v 1.97102 -0.700002 -2.34515 
v 2.61022 -0.700002 -1.68369 
v 2.58058 -0.042976 -1.66292 
v 2.49238 0.597872 -1.60112 
v 3.01374 -0.700002 -0.857092 
v 2.97913 -0.0429761 -0.846497 
v 3.14207 -0.700002 0.0537487 
v 2.87615 0.597872 -0.814973 
v 3.10588 -0.0429761 0.0531294 
v 2.9982 0.597872 0.0512876 
v -3.10508 0.357812 -0.0531151 
v -2.86765 0.417622 0.089301 
v -2.86414 0.439502 -0.0489936 
v -3.10785 0.340536 0.0560817 
v -3.10412 0.340536 -0.162343 
v -2.86414 0.439502 -0.0489936 
v -2.86292 0.417622 -0.187328 
v -3.10508 0.357812 -0.0531151 
v -3.10785 0.340536 0.0560817 
v -2.87311 0.354124 0.214019 
v -2.86765 0.417622 0.089301 
v -3.11216 0.290398 0.154559 
v -3.10506 0.290398 -0.260911 
v -2.86292 0.417622 -0.187328 
v -2.86411 0.354123 -0.31216 
v -3.10412 0.340536 -0.162343 
v -3.10781 0.212306 -0.339168 
v -2.86411 0.354123 -0.31216 
v -2.8676 0.255222 -0.411271 
v -3.10506 0.290398 -0.260911 
v -3.11216 0.290398 0.154559 
v -2.87999 0.255223 0.312953 
v -2.87311 0.354124 0.214019 
v -3.11759 0.212306 0.232677 
v -3.11211 0.113904 -0.389456 
v -2.8676 0.255222 -0.411271 
v -2.87304 0.1306 -0.474959 
v -3.10781 0.212306 -0.339168 
v -3.11759 0.212306 0.232677 
v -2.8876 0.1306 0.376419 
v -2.87999 0.255223 0.312953 
v -3.12361 0.113904 0.282788 
v -3.11753 0.00482497 -0.406851 
v -2.87304 0.1306 -0.474959 
v -2.8799 -0.00754579 -0.49699 
v -3.11211 0.113904 -0.389456 
v -3.12361 0.113904 0.282788 
v -2.89522 -0.00754533 0.398201 
v -2.8876 0.1306 0.376419 
v -3.12962 0.00482547 0.299989 
v -3.12354 -0.104254 -0.389651 
v -2.8799 -0.00754579 -0.49699 
v -2.88752 -0.145691 -0.475207 
v -3.11753 0.00482497 -0.406851 
v -3.12962 0.00482547 0.299989 
v -2.90208 -0.145691 0.376171 
v -2.89522 -0.00754533 0.398201 
v -3.13504 -0.104254 0.282593 
v -3.13504 -0.104254 0.282593 
v -2.90752 -0.270314 0.312484 
v -2.90208 -0.145691 0.376171 
v -3.13934 -0.202655 0.232305 
v -3.12956 -0.202656 -0.33954 
v -2.88752 -0.145691 -0.475207 
v -2.89514 -0.270314 -0.411742 
v -3.12354 -0.104254 -0.389651 
v -3.13934 -0.202655 0.232305 
v -2.91101 -0.369215 0.213372 
v -2.90752 -0.270314 0.312484 
v -3.14209 -0.280747 0.154048 
v -3.13499 -0.280747 -0.261423 
v -2.89514 -0.270314 -0.411742 
v -2.90201 -0.369215 -0.312809 
v -3.12956 -0.202656 -0.33954 
v -3.14209 -0.280747 0.154048 
v -2.91221 -0.432714 0.0885402 
v -2.91101 -0.369215 0.213372 
v -3.14303 -0.330886 0.0554812 
v -3.1393 -0.330886 -0.162945 
v -2.90201 -0.369215 -0.312809 
v -2.90747 -0.432714 -0.18809 
v -3.13499 -0.280747 -0.261423 
v -3.14303 -0.330886 0.0554812 
v -2.91099 -0.454594 -0.049795 
v -2.91221 -0.432714 0.0885402 
v -3.14207 -0.348162 -0.0537479 
v -3.14207 -0.348162 -0.0537479 
v -2.90747 -0.432714 -0.18809 
v -2.91099 -0.454594 -0.049795 
v -3.1393 -0.330886 -0.162945 
v -1.40209 0.597873 -2.28642 
v -0.57697 0.597872 -2.54287 
v -0.615942 0.597872 -2.67019 
v -1.32568 0.597873 -2.17738 
v 0.248041 0.597872 -2.65911 
v -1.9248 0.597873 -1.59841 
v 0.250318 0.597872 -2.79224 
v -2.03117 0.597873 -1.6785 
v 1.06859 0.597872 -2.51472 
v -2.31569 0.597873 -0.862634 
v 1.1119 0.597872 -2.64063 
v -2.4416 0.597873 -0.905939 
v 1.80437 0.597872 -2.12383 
v 1.88446 0.597872 -2.2302 
v 2.38334 0.597872 -1.52471 
v -2.46008 0.597873 -0.042082 
v 2.49238 0.597872 -1.60112 
v -2.59321 0.597873 -0.0443593 
v 2.74883 0.597872 -0.776 
v 2.87615 0.597872 -0.814973 
v 2.9982 0.597872 0.0512876 
v 2.86507 0.597872 0.0490103 
v -2.47116 0.597873 0.821901 
v -2.34384 0.597873 0.782928 
v -1.97835 0.597873 1.53164 
v -2.08739 0.597873 1.60805 
v -1.39938 0.597873 2.13076 
v -1.47947 0.597873 2.23713 
v -0.663603 0.597872 2.52165 
v -0.706908 0.597872 2.64756 
v 0.154671 0.597872 2.79917 
v 0.156948 0.597872 2.66604 
v 0.981958 0.597872 2.5498 
v 1.02093 0.597872 2.67711 
v 1.80708 0.597872 2.29335 
v 1.73067 0.597872 2.1843 
v 2.32979 0.597872 1.60533 
v 2.43616 0.597872 1.68543 
v 2.72068 0.597872 0.869562 
v 2.84659 0.597872 0.912867 
v 2.9982 0.597872 0.0512876 
v 2.86507 0.597872 0.0490103 
v -2.2289 -0.0429742 0.971652 
v -2.66331 -0.332228 0.913715 
v -2.24438 -0.35454 0.921967 
v -2.64785 -0.0210138 0.963346 
v -2.67557 -0.612979 0.770239 
v -2.63069 0.2902 0.914273 
v -2.25666 -0.635608 0.778328 
v -2.21173 0.268592 0.922524 
v -2.61353 0.57095 0.771299 
v -2.19455 0.549659 0.779389 
v -2.68343 -0.835784 0.546961 
v -2.59804 0.793755 0.54842 
v -2.26452 -0.858665 0.554797 
v -2.17904 0.772716 0.556258 
v -2.26721 -1.00188 0.273257 
v -2.58574 0.936804 0.267455 
v -2.68612 -0.978833 0.265739 
v -2.26446 -1.05122 -0.0387356 
v -2.68337 -1.02812 -0.0459014 
v -2.16672 0.915927 0.274974 
v -2.57782 0.986095 -0.0440959 
v -2.1588 0.965274 -0.0369281 
v -2.15605 0.915926 -0.34892 
v -2.57508 0.936803 -0.355736 
v -2.15874 0.772715 -0.630461 
v -2.57776 0.793754 -0.636958 
v -2.16661 0.549658 -0.85399 
v -2.58562 0.570949 -0.860235 
v -2.17888 0.268591 -0.997629 
v -2.59788 0.290199 -1.00371 
v -2.19436 -0.0429752 -1.04732 
v -2.61335 -0.0210149 -1.05334 
v -2.6305 -0.332229 -1.00427 
v -2.21153 -0.354541 -0.998188 
v -2.64766 -0.612979 -0.861296 
v -2.22872 -0.635609 -0.855052 
v -2.66315 -0.835784 -0.638418 
v -2.24422 -0.858665 -0.631923 
v -2.25654 -1.00188 -0.350639 
v -2.67546 -0.978833 -0.357452 
v -2.26446 -1.05122 -0.0387356 
v -2.68337 -1.02812 -0.0459014 
v -1.48181 -0.700001 2.24024 
v -0.708175 -0.700001 2.65124 
v -0.753708 -0.700001 2.78363 
v -1.56603 -0.700001 2.35208 
v 0.15221 -0.700002 2.94304 
v -2.09058 -0.700001 1.61028 
v 0.154604 -0.700002 2.80306 
v -2.20523 -0.700001 1.69062 
v 1.06305 -0.700002 2.81471 
v -2.47488 -0.700001 0.823041 
v 1.02207 -0.700002 2.68084 
v -2.60875 -0.700001 0.86402 
v 1.88965 -0.700002 2.41119 
v -2.73708 -0.700001 -0.0468204 
v 1.80931 -0.700002 2.29653 
v -2.5971 -0.700001 -0.0444259 
v 2.43927 -0.700002 1.68777 
v 2.55111 -0.700002 1.77198 
v 2.85027 -0.700002 0.914133 
v -2.44528 -0.700001 -0.907205 
v 2.98266 -0.700002 0.959667 
v -2.57767 -0.700001 -0.952739 
v 3.00209 -0.700002 0.0513542 
v 3.14207 -0.700002 0.0537487 
v -2.14612 -0.700001 -1.76506 
v -2.03428 -0.700001 -1.68084 
v -1.48466 -0.700001 -2.40426 
v -1.40432 -0.700001 -2.28961 
v -0.658062 -0.700001 -2.80778 
v -0.617083 -0.700001 -2.67391 
v 0.252779 -0.700002 -2.93611 
v 0.250385 -0.700002 -2.79613 
v 1.1587 -0.700002 -2.7767 
v 1.11316 -0.700002 -2.64431 
v 1.97102 -0.700002 -2.34515 
v 1.8868 -0.700002 -2.23331 
v 2.61022 -0.700002 -1.68369 
v 2.49557 -0.700002 -1.60335 
v 2.87987 -0.700002 -0.816113 
v 3.01374 -0.700002 -0.857092 
v 3.14207 -0.700002 0.0537487 
v 3.00209 -0.700002 0.0513542 

vn 0.244094 0.677165 -0.700787 
vn 0.015748 0.551181 -0.834646 
vn 0.015748 0.677165 -0.740157 
vn 0.00787402 0.795276 -0.614173 
vn 0.267717 0.551181 -0.787402 
vn 0.015748 0.433071 -0.897638 
vn 0.19685 0.795276 -0.574803 
vn 0.00787402 0.897638 -0.440945 
vn 0.448819 0.677165 -0.590551 
vn 0.141732 0.897638 -0.417323 
vn 0.00787402 0.968504 -0.23622 
vn 0.370079 0.795276 -0.488189 
vn 0.267717 0.897638 -0.354331 
vn 0.0787402 0.968504 -0.228346 
vn 0 1 0 
vn 0.141732 0.968504 -0.188976 
vn 0 1 0 
vn 0.19685 0.968504 -0.141732 
vn 0 1 0 
vn 0.503937 0.795276 -0.354331 
vn 0.362205 0.897638 -0.251969 
vn 0.425197 0.897638 -0.133858 
vn 0.606299 0.677165 -0.425197 
vn 0.582677 0.795276 -0.181102 
vn 0.228346 0.968504 -0.0708661 
vn 0 1 0 
vn 0.244094 0.968504 0.00787402 
vn 0 1 0 
vn 0.440945 0.897638 0.00787402 
vn 0.614173 0.795276 0.00787402 
vn 0.708661 0.677165 -0.212598 
vn 0.574803 0.795276 0.19685 
vn 0.417323 0.897638 0.141732 
vn 0.228346 0.968504 0.0787402 
vn 0 1 0 
vn 0.740157 0.677165 0.015748 
vn 0.188976 0.968504 0.141732 
vn 0 1 0 
vn 0.354331 0.897638 0.267717 
vn 0.488189 0.795276 0.370079 
vn 0.251969 0.897638 0.362205 
vn 0.141732 0.968504 0.19685 
vn 0 1 0 
vn 0.590551 0.677165 0.440945 
vn 0.354331 0.795276 0.496063 
vn 0.0708661 0.968504 0.228346 
vn 0 1 0 
vn 0.181102 0.795276 0.582677 
vn 0.133858 0.897638 0.425197 
vn 0.425197 0.677165 0.606299 
vn -0.00787402 0.795276 0.614173 
vn -0.00787402 0.897638 0.440945 
vn -0.00787402 0.968504 0.23622 
vn 0 1 0 
vn -0.0787402 0.968504 0.228346 
vn -0.141732 0.897638 0.417323 
vn -0.19685 0.795276 0.574803 
vn 0.212598 0.677165 0.708661 
vn -0.015748 0.677165 0.740157 
vn -0.370079 0.795276 0.488189 
vn -0.267717 0.897638 0.354331 
vn -0.141732 0.968504 0.188976 
vn 0 1 0 
vn -0.244094 0.677165 0.700787 
vn -0.015748 0.551181 0.834646 
vn 0.244094 0.551181 0.795276 
vn -0.267717 0.551181 0.787402 
vn -0.015748 0.433071 0.897638 
vn -0.440945 0.677165 0.590551 
vn -0.291339 0.433071 0.850394 
vn -0.503937 0.551181 0.661417 
vn -0.606299 0.677165 0.425197 
vn 0.425197 -0.700787 -0.566929 
vn 0.267717 -0.582677 -0.771654 
vn 0.488189 -0.582677 -0.645669 
vn 0.291339 -0.448819 -0.84252 
vn 0.661417 -0.582677 -0.464567 
vn 0.535433 -0.448819 -0.716535 
vn 0.307087 -0.307087 -0.897638 
vn 0.732283 -0.448819 -0.511811 
vn 0.850394 -0.448819 -0.259843 
vn 0.913386 -0.307087 -0.275591 
vn 0.574803 -0.307087 -0.76378 
vn 0.322835 -0.15748 -0.937008 
vn 0.779528 -0.307087 -0.543307 
vn 0.944882 -0.15748 -0.291339 
vn 0.590551 -0.15748 -0.787402 
vn 0.322835 -0.0787402 -0.944882 
vn 0.598425 -0.0787402 -0.795276 
vn 0.811024 -0.15748 -0.566929 
vn 0.952756 -0.0787402 -0.291339 
vn 0.818898 -0.0787402 -0.574803 
vn -1 0.0551181 -0.015748 
vn -1 0.0551181 -0.015748 
vn -1 0.0551181 -0.015748 
vn -1 0.0551181 -0.015748 
vn -1 0.0551181 -0.015748 
vn -1 0.0551181 -0.015748 
vn -1 0.0551181 -0.015748 
vn -1 0.0551181 -0.015748 
vn -1 0.0551181 -0.015748 
vn -1 0.0551181 -0.015748 
vn -1 0.0551181 -0.015748 
vn -1 0.0551181 -0.015748 
vn -1 0.0551181 -0.015748 
vn -1 0.0551181 -0.015748 
vn -1 0.0551181 -0.015748 
vn -1 0.0551181 -0.015748 
vn -1 0.0551181 -0.015748 
vn -1 0.0551181 -0.015748 
vn -1 0.0551181 -0.015748 
vn -1 0.0551181 -0.015748 
vn 0.015748 -0.307087 -0.952756 
vn 0.015748 -0.448819 -0.889764 
vn 0.015748 -0.15748 -0.984252 
vn 0.015748 -0.582677 -0.811024 
vn 0.228346 -0.700787 -0.669291 
vn 0.015748 -0.700787 -0.708661 
vn 0.00787402 -0.80315 -0.590551 
vn 0.015748 -0.0787402 -1 
vn 0.19685 -0.80315 -0.559055 
vn 0.00787402 -0.889764 -0.456693 
vn 0.149606 -0.889764 -0.433071 
vn 0.00787402 -0.944882 -0.314961 
vn 0.354331 -0.80315 -0.472441 
vn 0.102362 -0.952756 -0.299213 
vn 0 -0.984252 -0.165354 
vn 0.188976 -0.952756 -0.251969 
vn 0.0551181 -0.984252 -0.15748 
vn 0 -1 0 
vn 0.102362 -0.984252 -0.133858 
vn 0 -1 0 
vn 0.275591 -0.889764 -0.370079 
vn 0.133858 -0.984252 -0.0944882 
vn 0 -1 0 
vn 0.259843 -0.944882 -0.181102 
vn 0.488189 -0.80315 -0.338583 
vn 0.377953 -0.889764 -0.267717 
vn 0.299213 -0.944882 -0.0944882 
vn 0.15748 -0.984252 -0.0472441 
vn 0 -1 0 
vn 0.165354 -0.984252 0 
vn 0 -1 0 
vn 0.440945 -0.889764 -0.133858 
vn 0.314961 -0.944882 0.00787402 
vn 0.566929 -0.80315 -0.173228 
vn 0.456693 -0.889764 0.00787402 
vn 0.590551 -0.80315 0.00787402 
vn 0.582677 -0.700787 -0.409449 
vn 0.677165 -0.700787 -0.204724 
vn 0.559055 -0.80315 0.188976 
vn 0.708661 -0.700787 0.015748 
vn 0.779528 -0.582677 -0.23622 
vn 0.811024 -0.582677 0.015748 
vn 0.669291 -0.700787 0.228346 
vn 0.433071 -0.889764 0.149606 
vn 0.472441 -0.80315 0.354331 
vn 0.299213 -0.944882 0.102362 
vn 0.370079 -0.889764 0.275591 
vn 0.15748 -0.984252 0.0551181 
vn 0 -1 0 
vn 0.251969 -0.944882 0.188976 
vn 0.133858 -0.984252 0.102362 
vn 0 -1 0 
vn 0.0944882 -0.984252 0.133858 
vn 0 -1 0 
vn 0.181102 -0.952756 0.259843 
vn 0.267717 -0.889764 0.377953 
vn 0.0944882 -0.952756 0.299213 
vn 0.133858 -0.889764 0.440945 
vn 0.338583 -0.80315 0.488189 
vn 0.566929 -0.700787 0.425197 
vn 0.0472441 -0.984252 0.15748 
vn 0 -1 0 
vn -0.00787402 -0.889764 0.456693 
vn -0.00787402 -0.944882 0.314961 
vn 0 -0.984252 0.165354 
vn 0 -1 0 
vn -0.149606 -0.889764 0.433071 
vn 0.173228 -0.80315 0.566929 
vn -0.00787402 -0.80315 0.590551 
vn 0.409449 -0.700787 0.582677 
vn 0.204724 -0.700787 0.677165 
vn -0.102362 -0.944882 0.299213 
vn -0.0551181 -0.984252 0.15748 
vn 0 -1 0 
vn -0.102362 -0.984252 0.133858 
vn -0.188976 -0.952756 0.251969 
vn -0.275591 -0.889764 0.370079 
vn -0.188976 -0.80315 0.559055 
vn -0.377953 -0.889764 0.267717 
vn -0.133858 -0.984252 0.0944882 
vn 0 -1 0 
vn -0.259843 -0.944882 0.181102 
vn -0.15748 -0.984252 0.0472441 
vn 0 -1 0 
vn -0.354331 -0.80315 0.472441 
vn -0.440945 -0.889764 0.133858 
vn -0.299213 -0.944882 0.0944882 
vn -0.165354 -0.984252 0 
vn 0 -1 0 
vn -0.314961 -0.952756 -0.00787402 
vn -0.488189 -0.80315 0.338583 
vn -0.456693 -0.889764 -0.00787402 
vn -0.566929 -0.80315 0.173228 
vn -0.582677 -0.700787 0.409449 
vn -0.425197 -0.700787 0.566929 
vn -0.228346 -0.700787 0.669291 
vn -0.015748 -0.700787 0.708661 
vn -0.015748 -0.582677 0.811024 
vn -0.267717 -0.582677 0.771654 
vn 0.23622 -0.582677 0.779528 
vn -0.015748 -0.448819 0.889764 
vn -0.488189 -0.582677 0.645669 
vn -0.291339 -0.448819 0.84252 
vn 0.259843 -0.448819 0.850394 
vn -0.015748 -0.307087 0.952756 
vn -0.874016 0.188976 -0.448819 
vn -0.866142 0.314961 -0.385827 
vn -0.866142 0.314961 -0.385827 
vn -0.866142 0.417323 -0.283465 
vn -0.874016 0.188976 -0.448819 
vn -0.866142 0.417323 -0.283465 
vn -0.88189 0.0472441 -0.472441 
vn -0.866142 0.480315 -0.15748 
vn -0.88189 0.0472441 -0.472441 
vn -0.866142 0.480315 -0.15748 
vn -0.866142 0.503937 -0.015748 
vn -0.866142 0.503937 -0.015748 
vn -0.889764 -0.0944882 -0.448819 
vn -0.889764 -0.0944882 -0.448819 
vn -0.897638 -0.220472 -0.385827 
vn -0.897638 -0.220472 -0.385827 
vn -0.905512 -0.322835 -0.283465 
vn -0.905512 -0.322835 -0.283465 
vn -0.905512 -0.385827 -0.15748 
vn -0.905512 -0.385827 -0.15748 
vn -0.913386 -0.409449 -0.015748 
vn -0.913386 -0.409449 -0.015748 
vn -0.913386 -0.385827 0.125984 
vn -0.913386 -0.385827 0.125984 
vn -0.913386 -0.322835 0.251969 
vn -0.913386 -0.322835 0.251969 
vn -0.905512 -0.220472 0.354331 
vn -0.905512 -0.220472 0.354331 
vn -0.905512 -0.0944882 0.417323 
vn -0.905512 -0.0944882 0.417323 
vn -0.897638 0.0472441 0.440945 
vn -0.897638 0.0472441 0.440945 
vn -0.889764 0.188976 0.417323 
vn -0.889764 0.188976 0.417323 
vn -0.88189 0.314961 0.354331 
vn -0.88189 0.314961 0.354331 
vn -0.874016 0.417323 0.251969 
vn -0.874016 0.417323 0.251969 
vn -0.866142 0.480315 0.125984 
vn -0.866142 0.480315 0.125984 
vn -0.866142 0.503937 -0.015748 
vn -0.866142 0.503937 -0.015748 
vn -0.897638 0.433071 -0.015748 
vn -0.787402 0.551181 -0.267717 
vn -0.850394 0.433071 -0.291339 
vn -0.944882 0.322835 -0.015748 
vn -0.897638 0.322835 -0.307087 
vn -0.96063 0.267717 -0.015748 
vn -0.913386 0.267717 -0.314961 
vn -0.755906 0.322835 -0.566929 
vn -0.771654 0.267717 -0.582677 
vn -0.716535 0.433071 -0.543307 
vn -0.669291 0.551181 -0.503937 
vn -0.590551 0.677165 -0.440945 
vn -0.700787 0.677165 -0.244094 
vn -0.574803 0.795276 -0.19685 
vn -0.488189 0.795276 -0.370079 
vn -0.354331 0.897638 -0.267717 
vn -0.425197 0.677165 -0.606299 
vn -0.480315 0.551181 -0.685039 
vn -0.346457 0.795276 -0.503937 
vn -0.251969 0.897638 -0.362205 
vn -0.133858 0.968504 -0.19685 
vn -0.181102 0.795276 -0.582677 
vn -0.0708661 0.968504 -0.228346 
vn 0 1 0 
vn -0.125984 0.897638 -0.425197 
vn 0.00787402 0.968504 -0.23622 
vn 0 1 0 
vn 0.00787402 0.897638 -0.440945 
vn 0.00787402 0.795276 -0.614173 
vn -0.220472 0.677165 -0.708661 
vn 0.015748 0.677165 -0.740157 
vn 0.015748 0.551181 -0.834646 
vn -0.244094 0.551181 -0.795276 
vn 0.015748 0.433071 -0.897638 
vn -0.267717 0.433071 -0.858268 
vn 0.015748 0.322835 -0.944882 
vn -0.519685 0.433071 -0.740157 
vn -0.275591 0.322835 -0.905512 
vn 0.015748 0.267717 -0.96063 
vn -0.283465 0.267717 -0.92126 
vn -0.543307 0.322835 -0.779528 
vn -0.551181 0.267717 -0.787402 
vn -0.952756 0.204724 -0.228346 
vn -0.952756 0.259843 -0.165354 
vn -0.952756 0.259843 -0.165354 
vn -0.952756 0.204724 -0.228346 
vn -0.952756 0.291339 -0.0944882 
vn -0.952756 0.133858 -0.259843 
vn -0.952756 0.291339 -0.0944882 
vn -0.952756 0.133858 -0.259843 
vn -0.96063 0.0472441 -0.275591 
vn -0.96063 0.0472441 -0.275591 
vn -0.952756 0.307087 -0.015748 
vn -0.968504 -0.0314961 -0.259843 
vn -0.952756 0.307087 -0.015748 
vn -0.968504 -0.0314961 -0.259843 
vn -0.952756 0.291339 0.0629921 
vn -0.968504 -0.102362 -0.228346 
vn -0.952756 0.291339 0.0629921 
vn -0.968504 -0.102362 -0.228346 
vn -0.952756 0.259843 0.133858 
vn -0.976378 -0.15748 -0.165354 
vn -0.952756 0.259843 0.133858 
vn -0.976378 -0.15748 -0.165354 
vn -0.96063 0.204724 0.188976 
vn -0.976378 -0.19685 -0.0944882 
vn -0.96063 0.204724 0.188976 
vn -0.976378 -0.19685 -0.0944882 
vn -0.976378 -0.204724 -0.015748 
vn -0.976378 -0.204724 -0.015748 
vn -0.968504 0.133858 0.228346 
vn -0.968504 0.133858 0.228346 
vn -0.968504 0.0472441 0.244094 
vn -0.968504 0.0472441 0.244094 
vn -0.976378 -0.0314961 0.228346 
vn -0.976378 -0.0314961 0.228346 
vn -0.976378 -0.102362 0.188976 
vn -0.976378 -0.102362 0.188976 
vn -0.976378 -0.15748 0.133858 
vn -0.976378 -0.15748 0.133858 
vn -0.976378 -0.19685 0.0629921 
vn -0.976378 -0.19685 0.0629921 
vn -0.976378 -0.204724 -0.015748 
vn -0.976378 -0.204724 -0.015748 
vn -0.661417 -0.582677 0.464567 
vn -0.732283 -0.448819 0.511811 
vn -0.913386 -0.307087 0.275591 
vn -0.850394 -0.448819 0.259843 
vn -0.984252 -0.15748 -0.015748 
vn -0.952756 -0.307087 -0.015748 
vn -0.779528 -0.582677 0.23622 
vn -0.889764 -0.448819 -0.015748 
vn -0.897638 -0.307087 -0.307087 
vn -0.677165 -0.700787 0.204724 
vn -0.811024 -0.582677 -0.015748 
vn -0.590551 -0.80315 -0.00787402 
vn -0.708661 -0.700787 -0.00787402 
vn -0.559055 -0.80315 -0.188976 
vn -0.669291 -0.700787 -0.228346 
vn -0.771654 -0.582677 -0.267717 
vn -0.84252 -0.448819 -0.291339 
vn -0.433071 -0.889764 -0.149606 
vn -0.299213 -0.944882 -0.102362 
vn -0.370079 -0.889764 -0.275591 
vn -0.472441 -0.80315 -0.354331 
vn -0.251969 -0.944882 -0.188976 
vn -0.15748 -0.984252 -0.0551181 
vn 0 -1 0 
vn -0.566929 -0.700787 -0.425197 
vn -0.267717 -0.889764 -0.377953 
vn -0.133858 -0.984252 -0.102362 
vn 0 -1 0 
vn -0.0944882 -0.984252 -0.133858 
vn 0 -1 0 
vn -0.181102 -0.952756 -0.259843 
vn -0.338583 -0.80315 -0.488189 
vn -0.133858 -0.889764 -0.440945 
vn -0.0944882 -0.944882 -0.299213 
vn -0.0472441 -0.984252 -0.15748 
vn 0 -1 0 
vn 0.00787402 -0.944882 -0.314961 
vn 0 -0.984252 -0.165354 
vn 0 -1 0 
vn 0.00787402 -0.889764 -0.456693 
vn -0.173228 -0.80315 -0.566929 
vn 0.00787402 -0.80315 -0.590551 
vn 0.015748 -0.700787 -0.708661 
vn -0.409449 -0.700787 -0.582677 
vn -0.204724 -0.700787 -0.677165 
vn 0.015748 -0.582677 -0.811024 
vn -0.23622 -0.582677 -0.779528 
vn 0.015748 -0.448819 -0.889764 
vn -0.645669 -0.582677 -0.488189 
vn -0.464567 -0.582677 -0.661417 
vn -0.716535 -0.448819 -0.535433 
vn -0.259843 -0.448819 -0.850394 
vn 0.015748 -0.307087 -0.952756 
vn -0.511811 -0.448819 -0.732283 
vn -0.275591 -0.307087 -0.913386 
vn 0.015748 -0.15748 -0.984252 
vn -0.76378 -0.307087 -0.574803 
vn -0.543307 -0.307087 -0.779528 
vn -0.291339 -0.15748 -0.944882 
vn 0.015748 -0.0787402 -1 
vn -0.291339 -0.0787402 -0.952756 
vn -0.566929 -0.15748 -0.811024 
vn -0.574803 -0.0787402 -0.818898 
vn -0.795276 -0.0787402 -0.598425 
vn -0.787402 -0.15748 -0.590551 
vn -0.944882 -0.0787402 -0.322835 
vn -0.937008 -0.15748 -0.322835 
vn -1 -0.0787402 -0.015748 
vn 0.464567 -0.582677 0.661417 
vn 0.275591 -0.307087 0.913386 
vn 0.511811 -0.448819 0.732283 
vn 0.645669 -0.582677 0.488189 
vn 0.716535 -0.448819 0.535433 
vn 0.76378 -0.582677 0.267717 
vn 0.84252 -0.448819 0.291339 
vn 0.889764 -0.448819 0.015748 
vn 0.952756 -0.307087 0.015748 
vn 0.897638 -0.307087 0.307087 
vn 0.76378 -0.307087 0.574803 
vn 0.984252 -0.15748 0.015748 
vn 0.937008 -0.15748 0.322835 
vn 0.543307 -0.307087 0.779528 
vn 0.787402 -0.15748 0.590551 
vn 1 -0.0787402 0.015748 
vn 0.944882 -0.0787402 0.322835 
vn 0.795276 -0.0787402 0.598425 
vn 0.566929 -0.15748 0.811024 
vn 0.574803 -0.0787402 0.818898 
vn 0.291339 -0.0787402 0.952756 
vn 0.291339 -0.15748 0.944882 
vn -0.015748 -0.0787402 1 
vn -0.015748 -0.15748 0.984252 
vn -0.322835 -0.15748 0.937008 
vn -0.322835 -0.0787402 0.944882 
vn -0.307087 -0.307087 0.897638 
vn -0.590551 -0.15748 0.787402 
vn -0.598425 -0.0787402 0.795276 
vn -0.574803 -0.307087 0.76378 
vn -0.535433 -0.448819 0.716535 
vn -0.811024 -0.15748 0.566929 
vn -0.818898 -0.0787402 0.574803 
vn -0.952756 -0.0787402 0.291339 
vn -0.779528 -0.307087 0.543307 
vn -0.944882 -0.15748 0.291339 
vn -0.503937 0.795276 0.354331 
vn -0.362205 0.897638 0.251969 
vn -0.19685 0.968504 0.141732 
vn 0 1 0 
vn -0.228346 0.968504 0.0708661 
vn 0 1 0 
vn -0.425197 0.897638 0.133858 
vn -0.582677 0.795276 0.181102 
vn -0.244094 0.968504 0 
vn 0 1 0 
vn -0.440945 0.897638 -0.00787402 
vn -0.708661 0.677165 0.212598 
vn -0.228346 0.968504 -0.0787402 
vn 0 1 0 
vn -0.614173 0.795276 -0.00787402 
vn -0.417323 0.897638 -0.141732 
vn -0.188976 0.968504 -0.141732 
vn 0 1 0 
vn -0.740157 0.677165 -0.015748 
vn 0 1 0 
vn -0.834646 0.551181 -0.015748 
vn -0.795276 0.551181 0.244094 
vn -0.685039 0.551181 0.480315 
vn -0.858268 0.433071 0.259843 
vn -0.543307 0.433071 0.716535 
vn -0.740157 0.433071 0.519685 
vn -0.307087 0.322835 0.897638 
vn -0.905512 0.322835 0.275591 
vn -0.566929 0.322835 0.755906 
vn -0.779528 0.322835 0.543307 
vn -0.92126 0.267717 0.283465 
vn -0.787402 0.267717 0.551181 
vn -0.582677 0.267717 0.771654 
vn -0.314961 0.267717 0.913386 
vn -0.015748 0.267717 0.96063 
vn -0.015748 0.322835 0.944882 
vn 0.275591 0.322835 0.905512 
vn 0.283465 0.267717 0.92126 
vn 0.259843 0.433071 0.858268 
vn 0.543307 0.322835 0.779528 
vn 0.551181 0.267717 0.787402 
vn 0.771654 0.267717 0.582677 
vn 0.519685 0.433071 0.740157 
vn 0.755906 0.322835 0.566929 
vn 0.913386 0.267717 0.314961 
vn 0.480315 0.551181 0.685039 
vn 0.716535 0.433071 0.543307 
vn 0.897638 0.322835 0.307087 
vn 0.96063 0.267717 0.015748 
vn 0.661417 0.551181 0.503937 
vn 0.850394 0.433071 0.291339 
vn 0.944882 0.322835 0.015748 
vn 0.905512 0.322835 -0.275591 
vn 0.92126 0.267717 -0.283465 
vn 0.897638 0.433071 0.015748 
vn 0.787402 0.551181 0.267717 
vn 0.700787 0.677165 0.244094 
vn 0.834646 0.551181 0.015748 
vn 0.795276 0.551181 -0.244094 
vn 0.858268 0.433071 -0.259843 
vn 0.685039 0.551181 -0.480315 
vn 0.503937 0.551181 -0.661417 
vn 0.740157 0.433071 -0.519685 
vn 0.543307 0.433071 -0.716535 
vn 0.291339 0.433071 -0.850394 
vn 0.015748 0.322835 -0.944882 
vn 0.307087 0.322835 -0.897638 
vn 0.015748 0.267717 -0.96063 
vn 0.314961 0.267717 -0.913386 
vn 0.566929 0.322835 -0.755906 
vn 0.582677 0.267717 -0.771654 
vn 0.779528 0.322835 -0.543307 
vn 0.787402 0.267717 -0.551181 
vn 0.929134 0.165354 0.322835 
vn 0.992126 0.110236 0.015748 
vn 0.984252 0.165354 0.015748 
vn 0.937008 0.110236 0.322835 
vn 1 0.0551181 0.015748 
vn 0.787402 0.165354 0.590551 
vn 0.944882 0.0551181 0.322835 
vn 0.795276 0.110236 0.598425 
vn 0.795276 0.0551181 0.598425 
vn 0.574803 0.0551181 0.818898 
vn 0.566929 0.110236 0.811024 
vn 0.566929 0.165354 0.811024 
vn 0.291339 0.0551181 0.952756 
vn 0.291339 0.110236 0.952756 
vn 0.291339 0.165354 0.944882 
vn -0.015748 0.0551181 1 
vn -0.015748 0.110236 0.992126 
vn -0.015748 0.165354 0.984252 
vn -0.322835 0.165354 0.929134 
vn -0.322835 0.110236 0.937008 
vn -0.322835 0.0551181 0.944882 
vn -0.590551 0.165354 0.787402 
vn -0.598425 0.110236 0.795276 
vn -0.598425 0.0551181 0.795276 
vn -0.818898 0.0551181 0.574803 
vn -0.811024 0.110236 0.566929 
vn -0.811024 0.165354 0.566929 
vn -0.952756 0.0551181 0.291339 
vn -0.952756 0.110236 0.291339 
vn -0.944882 0.165354 0.291339 
vn -1 0.0551181 -0.015748 
vn -0.992126 0.110236 -0.015748 
vn -0.984252 0.165354 -0.015748 
vn -0.929134 0.165354 -0.322835 
vn -0.937008 0.110236 -0.322835 
vn -0.944882 0.0551181 -0.322835 
vn -0.787402 0.165354 -0.590551 
vn -0.795276 0.110236 -0.598425 
vn -0.795276 0.0551181 -0.598425 
vn -0.566929 0.165354 -0.811024 
vn -0.566929 0.110236 -0.811024 
vn -0.574803 0.0551181 -0.818898 
vn -0.291339 0.0551181 -0.952756 
vn -0.291339 0.110236 -0.952756 
vn -0.291339 0.165354 -0.944882 
vn 0.015748 0.0551181 -1 
vn 0.015748 0.110236 -0.992126 
vn 0.015748 0.165354 -0.984252 
vn 0.322835 0.165354 -0.929134 
vn 0.322835 0.110236 -0.937008 
vn 0.322835 0.0551181 -0.944882 
vn 0.590551 0.165354 -0.787402 
vn 0.598425 0.110236 -0.795276 
vn 0.598425 0.0551181 -0.795276 
vn 0.818898 0.0551181 -0.574803 
vn 0.811024 0.110236 -0.566929 
vn 0.811024 0.165354 -0.566929 
vn 0.952756 0.0551181 -0.291339 
vn 0.952756 0.110236 -0.291339 
vn 1 0.0551181 0.015748 
vn 0.944882 0.165354 -0.291339 
vn 0.992126 0.110236 0.015748 
vn 0.984252 0.165354 0.015748 
vn -0.322835 0.944882 -0.00787402 
vn -0.330709 0.905512 0.283465 
vn -0.322835 0.944882 -0.00787402 
vn -0.330709 0.905512 0.283465 
vn -0.314961 0.905512 -0.291339 
vn -0.322835 0.944882 -0.00787402 
vn -0.314961 0.905512 -0.291339 
vn -0.322835 0.944882 -0.00787402 
vn -0.330709 0.905512 0.283465 
vn -0.338583 0.771654 0.543307 
vn -0.330709 0.905512 0.283465 
vn -0.338583 0.771654 0.543307 
vn -0.322835 0.771654 -0.551181 
vn -0.314961 0.905512 -0.291339 
vn -0.322835 0.771654 -0.551181 
vn -0.314961 0.905512 -0.291339 
vn -0.330709 0.566929 -0.755906 
vn -0.322835 0.771654 -0.551181 
vn -0.330709 0.566929 -0.755906 
vn -0.322835 0.771654 -0.551181 
vn -0.338583 0.771654 0.543307 
vn -0.354331 0.566929 0.748031 
vn -0.338583 0.771654 0.543307 
vn -0.354331 0.566929 0.748031 
vn -0.338583 0.307087 -0.889764 
vn -0.330709 0.566929 -0.755906 
vn -0.338583 0.307087 -0.889764 
vn -0.330709 0.566929 -0.755906 
vn -0.354331 0.566929 0.748031 
vn -0.370079 0.307087 0.874016 
vn -0.354331 0.566929 0.748031 
vn -0.370079 0.307087 0.874016 
vn -0.354331 0.015748 -0.937008 
vn -0.338583 0.307087 -0.889764 
vn -0.354331 0.015748 -0.937008 
vn -0.338583 0.307087 -0.889764 
vn -0.370079 0.307087 0.874016 
vn -0.385827 0.015748 0.92126 
vn -0.370079 0.307087 0.874016 
vn -0.385827 0.015748 0.92126 
vn -0.370079 -0.267717 -0.889764 
vn -0.354331 0.015748 -0.937008 
vn -0.370079 -0.267717 -0.889764 
vn -0.354331 0.015748 -0.937008 
vn -0.385827 0.015748 0.92126 
vn -0.401575 -0.267717 0.874016 
vn -0.385827 0.015748 0.92126 
vn -0.401575 -0.267717 0.874016 
vn -0.401575 -0.267717 0.874016 
vn -0.409449 -0.527559 0.748031 
vn -0.401575 -0.267717 0.874016 
vn -0.409449 -0.527559 0.748031 
vn -0.385827 -0.527559 -0.755906 
vn -0.370079 -0.267717 -0.889764 
vn -0.385827 -0.527559 -0.755906 
vn -0.370079 -0.267717 -0.889764 
vn -0.409449 -0.527559 0.748031 
vn -0.417323 -0.732283 0.535433 
vn -0.409449 -0.527559 0.748031 
vn -0.417323 -0.732283 0.535433 
vn -0.401575 -0.732283 -0.551181 
vn -0.385827 -0.527559 -0.755906 
vn -0.401575 -0.732283 -0.551181 
vn -0.385827 -0.527559 -0.755906 
vn -0.417323 -0.732283 0.535433 
vn -0.417323 -0.866142 0.275591 
vn -0.417323 -0.732283 0.535433 
vn -0.417323 -0.866142 0.275591 
vn -0.409449 -0.866142 -0.291339 
vn -0.401575 -0.732283 -0.551181 
vn -0.409449 -0.866142 -0.291339 
vn -0.401575 -0.732283 -0.551181 
vn -0.417323 -0.866142 0.275591 
vn -0.417323 -0.905512 -0.00787402 
vn -0.417323 -0.866142 0.275591 
vn -0.417323 -0.905512 -0.00787402 
vn -0.417323 -0.905512 -0.00787402 
vn -0.409449 -0.866142 -0.291339 
vn -0.417323 -0.905512 -0.00787402 
vn -0.409449 -0.866142 -0.291339 
vn 0 1 0 
vn 0 1 0 
vn 0 1 0 
vn 0 1 0 
vn 0 1 0 
vn 0 1 0 
vn 0 1 0 
vn 0 1 0 
vn 0 1 0 
vn 0 1 0 
vn 0 1 0 
vn 0 1 0 
vn 0 1 0 
vn 0 1 0 
vn 0 1 0 
vn 0 1 0 
vn 0 1 0 
vn 0 1 0 
vn 0 1 0 
vn 0 1 0 
vn 0 1 0 
vn 0 1 0 
vn 0 1 0 
vn 0 1 0 
vn 0 1 0 
vn 0 1 0 
vn 0 1 0 
vn 0 1 0 
vn 0 1 0 
vn 0 1 0 
vn 0 1 0 
vn 0 1 0 
vn 0 1 0 
vn 0 1 0 
vn 0 1 0 
vn 0 1 0 
vn 0 1 0 
vn 0 1 0 
vn 0 1 0 
vn 0 1 0 
vn 0 1 0 
vn 0 1 0 
vn -0.023622 0 1 
vn -0.0314961 -0.307087 0.952756 
vn -0.0314961 -0.307087 0.952756 
vn -0.023622 0 1 
vn -0.0472441 -0.582677 0.811024 
vn 0 0.307087 0.952756 
vn -0.0472441 -0.582677 0.811024 
vn 0 0.307087 0.952756 
vn 0.015748 0.590551 0.811024 
vn 0.015748 0.590551 0.811024 
vn -0.0551181 -0.811024 0.590551 
vn 0.0314961 0.811024 0.590551 
vn -0.0551181 -0.811024 0.590551 
vn 0.0314961 0.811024 0.590551 
vn -0.0551181 -0.952756 0.307087 
vn 0.0393701 0.952756 0.307087 
vn -0.0551181 -0.952756 0.307087 
vn -0.0551181 -1 0 
vn -0.0551181 -1 0 
vn 0.0393701 0.952756 0.307087 
vn 0.0472441 1 0 
vn 0.0472441 1 0 
vn 0.0551181 0.952756 -0.307087 
vn 0.0551181 0.952756 -0.307087 
vn 0.0472441 0.811024 -0.590551 
vn 0.0472441 0.811024 -0.590551 
vn 0.0393701 0.590551 -0.811024 
vn 0.0393701 0.590551 -0.811024 
vn 0.0314961 0.307087 -0.952756 
vn 0.0314961 0.307087 -0.952756 
vn 0.015748 0 -1 
vn 0.015748 0 -1 
vn 0 -0.307087 -0.952756 
vn 0 -0.307087 -0.952756 
vn -0.015748 -0.582677 -0.811024 
vn -0.015748 -0.582677 -0.811024 
vn -0.0314961 -0.811024 -0.590551 
vn -0.0314961 -0.811024 -0.590551 
vn -0.0472441 -0.952756 -0.307087 
vn -0.0472441 -0.952756 -0.307087 
vn -0.0551181 -1 0 
vn -0.0551181 -1 0 
vn 0 -1 0 
vn 0 -1 0 
vn 0 -1 0 
vn 0 -1 0 
vn 0 -1 0 
vn 0 -1 0 
vn 0 -1 0 
vn 0 -1 0 
vn 0 -1 0 
vn 0 -1 0 
vn 0 -1 0 
vn 0 -1 0 
vn 0 -1 0 
vn 0 -1 0 
vn 0 -1 0 
vn 0 -1 0 
vn 0 -1 0 
vn 0 -1 0 
vn 0 -1 0 
vn 0 -1 0 
vn 0 -1 0 
vn 0 -1 0 
vn 0 -1 0 
vn 0 -1 0 
vn 0 -1 0 
vn 0 -1 0 
vn 0 -1 0 
vn 0 -1 0 
vn 0 -1 0 
vn 0 -1 0 
vn 0 -1 0 
vn 0 -1 0 
vn 0 -1 0 
vn 0 -1 0 
vn 0 -1 0 
vn 0 -1 0 
vn 0 -1 0 
vn 0 -1 0 
vn 0 -1 0 
vn 0 -1 0 
vn 0 -1 0 
vn 0 -1 0 

vt 0.89999 0.304864 
vt 0.999989 0.238271 
vt 0.999989 0.304864 
vt 0.999989 0.367271 
vt 0.89999 0.238271 
vt 0.999989 0.167543 
vt 0.89999 0.367271 
vt 0.999989 0.425882 
vt 0.799992 0.304864 
vt 0.89999 0.425882 
vt 0.999989 0.481573 
vt 0.799992 0.367271 
vt 0.799992 0.425882 
vt 0.89999 0.481573 
vt 0.89999 0.535666 
vt 0.799992 0.481573 
vt 0.799992 0.535666 
vt 0.699993 0.481573 
vt 0.699993 0.535666 
vt 0.699993 0.367271 
vt 0.699993 0.425882 
vt 0.599994 0.425882 
vt 0.699993 0.304864 
vt 0.599994 0.367271 
vt 0.599994 0.481573 
vt 0.599994 0.535666 
vt 0.499995 0.481573 
vt 0.499995 0.535666 
vt 0.499995 0.425882 
vt 0.499995 0.367271 
vt 0.599994 0.304864 
vt 0.399996 0.367271 
vt 0.399996 0.425882 
vt 0.399996 0.481573 
vt 0.399996 0.535666 
vt 0.499995 0.304864 
vt 0.299997 0.481573 
vt 0.299997 0.535666 
vt 0.299997 0.425882 
vt 0.299997 0.367271 
vt 0.199998 0.425882 
vt 0.199998 0.481573 
vt 0.199998 0.535666 
vt 0.299997 0.304864 
vt 0.199998 0.367271 
vt 0.099999 0.481573 
vt 0.099999 0.535666 
vt 0.099999 0.367271 
vt 0.099999 0.425882 
vt 0.199998 0.304864 
vt 0 0.367271 
vt 0 0.425882 
vt 0 0.481573 
vt 0 0.535666 
vt 0.099999 0.481573 
vt 0.099999 0.425882 
vt 0.099999 0.367271 
vt 0.099999 0.304864 
vt 0 0.304864 
vt 0.199998 0.367271 
vt 0.199998 0.425882 
vt 0.199998 0.481573 
vt 0.199998 0.535666 
vt 0.099999 0.304864 
vt 0 0.238271 
vt 0.099999 0.238271 
vt 0.099999 0.238271 
vt 0 0.167543 
vt 0.199998 0.304864 
vt 0.099999 0.167543 
vt 0.199998 0.238271 
vt 0.299997 0.304864 
vt 0.799992 0.266236 
vt 0.89999 0.21235 
vt 0.799992 0.21235 
vt 0.89999 0.158464 
vt 0.699993 0.21235 
vt 0.799992 0.158464 
vt 0.89999 0.104578 
vt 0.699993 0.158464 
vt 0.599994 0.158464 
vt 0.599994 0.104578 
vt 0.799992 0.104578 
vt 0.89999 0.0506924 
vt 0.699993 0.104578 
vt 0.599994 0.0506924 
vt 0.799992 0.0506924 
vt 0.89999 0.015625 
vt 0.799992 0.015625 
vt 0.699993 0.0506924 
vt 0.599994 0.015625 
vt 0.699993 0.015625 
vt 0.143917 0.785825 
vt 0.143916 0.956362 
vt 0.116211 0.781437 
vt 0.116211 0.96075 
vt 0.16891 0.943628 
vt 0.0885056 0.956362 
vt 0.16891 0.79856 
vt 0.0885056 0.785825 
vt 0.188745 0.818395 
vt 0.188745 0.923793 
vt 0.20148 0.843388 
vt 0.20148 0.898799 
vt 0.205868 0.871094 
vt 0.0635119 0.943628 
vt 0.0635119 0.79856 
vt 0.0436771 0.818395 
vt 0.0436771 0.923793 
vt 0.0309422 0.898799 
vt 0.0309422 0.843388 
vt 0.0265542 0.871094 
vt 0.999989 0.104578 
vt 0.999989 0.158464 
vt 0.999989 0.0506924 
vt 0.999989 0.21235 
vt 0.89999 0.266236 
vt 0.999989 0.266236 
vt 0.999989 0.320122 
vt 0.999989 0.015625 
vt 0.89999 0.320122 
vt 0.999989 0.374008 
vt 0.89999 0.374008 
vt 0.999989 0.427894 
vt 0.799992 0.320122 
vt 0.89999 0.427894 
vt 0.999989 0.48178 
vt 0.799992 0.427894 
vt 0.89999 0.48178 
vt 0.999989 0.535666 
vt 0.799992 0.48178 
vt 0.89999 0.535666 
vt 0.799992 0.374008 
vt 0.699993 0.48178 
vt 0.799992 0.535666 
vt 0.699993 0.427894 
vt 0.699993 0.320122 
vt 0.699993 0.374008 
vt 0.599994 0.427894 
vt 0.599994 0.48178 
vt 0.699993 0.535666 
vt 0.499995 0.48178 
vt 0.599994 0.535666 
vt 0.599994 0.374008 
vt 0.499995 0.427894 
vt 0.599994 0.320122 
vt 0.499995 0.374008 
vt 0.499995 0.320122 
vt 0.699993 0.266236 
vt 0.599994 0.266236 
vt 0.399996 0.320122 
vt 0.499995 0.266236 
vt 0.599994 0.21235 
vt 0.499995 0.21235 
vt 0.399996 0.266236 
vt 0.399996 0.374008 
vt 0.299997 0.320122 
vt 0.399996 0.427894 
vt 0.299997 0.374008 
vt 0.399996 0.48178 
vt 0.499995 0.535666 
vt 0.299997 0.427894 
vt 0.299997 0.48178 
vt 0.399996 0.535666 
vt 0.199998 0.48178 
vt 0.299997 0.535666 
vt 0.199998 0.427894 
vt 0.199998 0.374008 
vt 0.099999 0.427894 
vt 0.099999 0.374008 
vt 0.199998 0.320122 
vt 0.299997 0.266236 
vt 0.099999 0.48178 
vt 0.199998 0.535666 
vt 0 0.374008 
vt 0 0.427894 
vt 0 0.48178 
vt 0.099999 0.535666 
vt 0.099999 0.374008 
vt 0.099999 0.320122 
vt 0 0.320122 
vt 0.199998 0.266236 
vt 0.099999 0.266236 
vt 0.099999 0.427894 
vt 0.099999 0.48178 
vt 0 0.535666 
vt 0.199998 0.48178 
vt 0.199998 0.427894 
vt 0.199998 0.374008 
vt 0.099999 0.320122 
vt 0.299997 0.374008 
vt 0.299997 0.48178 
vt 0.199998 0.535666 
vt 0.299997 0.427894 
vt 0.399996 0.48178 
vt 0.299997 0.535666 
vt 0.199998 0.320122 
vt 0.399996 0.374008 
vt 0.399996 0.427894 
vt 0.499995 0.48178 
vt 0.399996 0.535666 
vt 0.499995 0.427894 
vt 0.299997 0.320122 
vt 0.499995 0.374008 
vt 0.399996 0.320122 
vt 0.299997 0.266236 
vt 0.199998 0.266236 
vt 0.099999 0.266236 
vt 0 0.266236 
vt 0 0.21235 
vt 0.099999 0.21235 
vt 0.099999 0.21235 
vt 0 0.158464 
vt 0.199998 0.21235 
vt 0.099999 0.158464 
vt 0.099999 0.158464 
vt 0 0.104578 
vt 0.822517 0.786867 
vt 0.859611 0.786867 
vt 0.859611 0.852803 
vt 0.896705 0.786867 
vt 0.822517 0.852803 
vt 0.896705 0.852803 
vt 0.785423 0.852803 
vt 0.933799 0.852803 
vt 0.785423 0.786867 
vt 0.933799 0.786867 
vt 0.970893 0.786867 
vt 0.970893 0.852803 
vt 0.748329 0.786867 
vt 0.748329 0.852803 
vt 0.711235 0.852803 
vt 0.711235 0.786867 
vt 0.674141 0.786867 
vt 0.674141 0.852803 
vt 0.637047 0.852803 
vt 0.637047 0.786867 
vt 0.599953 0.786867 
vt 0.599953 0.852803 
vt 0.562859 0.852803 
vt 0.562859 0.786867 
vt 0.525765 0.786867 
vt 0.525765 0.852803 
vt 0.488671 0.852803 
vt 0.488671 0.786867 
vt 0.451577 0.786867 
vt 0.451577 0.852803 
vt 0.414483 0.852803 
vt 0.414483 0.786867 
vt 0.377389 0.786867 
vt 0.377389 0.852803 
vt 0.340295 0.852803 
vt 0.340295 0.786867 
vt 0.303201 0.786867 
vt 0.303201 0.852803 
vt 0.266107 0.852803 
vt 0.266107 0.786867 
vt 0.229014 0.786867 
vt 0.229014 0.852803 
vt 0.499995 0.167543 
vt 0.599994 0.238271 
vt 0.599994 0.167543 
vt 0.499995 0.0930963 
vt 0.599994 0.0930963 
vt 0.499995 0.015625 
vt 0.599994 0.015625 
vt 0.699993 0.0930963 
vt 0.699993 0.015625 
vt 0.699993 0.167543 
vt 0.699993 0.238271 
vt 0.699993 0.304864 
vt 0.599994 0.304864 
vt 0.599994 0.367271 
vt 0.699993 0.367271 
vt 0.699993 0.425882 
vt 0.799992 0.304864 
vt 0.799992 0.238271 
vt 0.799992 0.367271 
vt 0.799992 0.425882 
vt 0.799992 0.481573 
vt 0.899991 0.367271 
vt 0.899991 0.481573 
vt 0.899991 0.535666 
vt 0.899991 0.425882 
vt 0.99999 0.481573 
vt 0.99999 0.535666 
vt 0.99999 0.425882 
vt 0.99999 0.367271 
vt 0.899991 0.304864 
vt 0.99999 0.304864 
vt 0.99999 0.238271 
vt 0.899991 0.238271 
vt 0.99999 0.167543 
vt 0.899991 0.167543 
vt 0.99999 0.0930963 
vt 0.799992 0.167543 
vt 0.899991 0.0930963 
vt 0.99999 0.015625 
vt 0.899991 0.015625 
vt 0.799992 0.0930963 
vt 0.799992 0.015625 
vt 0.599477 0.89702 
vt 0.627511 0.89702 
vt 0.627511 0.910246 
vt 0.599477 0.910246 
vt 0.655544 0.910246 
vt 0.571444 0.89702 
vt 0.655544 0.89702 
vt 0.571444 0.910246 
vt 0.543411 0.89702 
vt 0.543411 0.910246 
vt 0.683577 0.910246 
vt 0.515377 0.89702 
vt 0.683577 0.89702 
vt 0.515377 0.910246 
vt 0.711611 0.89702 
vt 0.487344 0.89702 
vt 0.711611 0.910246 
vt 0.487344 0.910246 
vt 0.739644 0.89702 
vt 0.459311 0.89702 
vt 0.739644 0.910246 
vt 0.459311 0.910246 
vt 0.767677 0.89702 
vt 0.431277 0.89702 
vt 0.767677 0.910246 
vt 0.431277 0.910247 
vt 0.403244 0.89702 
vt 0.403244 0.910247 
vt 0.795711 0.89702 
vt 0.795711 0.910246 
vt 0.823744 0.89702 
vt 0.823744 0.910246 
vt 0.851777 0.89702 
vt 0.851777 0.910246 
vt 0.87981 0.89702 
vt 0.87981 0.910246 
vt 0.907844 0.89702 
vt 0.907844 0.910246 
vt 0.935877 0.89702 
vt 0.935877 0.910246 
vt 0.963911 0.89702 
vt 0.963911 0.910246 
vt 0.299997 0.21235 
vt 0.299997 0.158464 
vt 0.399996 0.104578 
vt 0.399996 0.158464 
vt 0.499995 0.0506924 
vt 0.499995 0.104578 
vt 0.399996 0.21235 
vt 0.499995 0.158464 
vt 0.599994 0.104578 
vt 0.399996 0.266236 
vt 0.499995 0.21235 
vt 0.499995 0.320122 
vt 0.499995 0.266236 
vt 0.599994 0.320122 
vt 0.599994 0.266236 
vt 0.599994 0.21235 
vt 0.599994 0.158464 
vt 0.599994 0.374008 
vt 0.599994 0.427894 
vt 0.699993 0.374008 
vt 0.699993 0.320122 
vt 0.699993 0.427894 
vt 0.599994 0.48178 
vt 0.499995 0.535666 
vt 0.699993 0.266236 
vt 0.799992 0.374008 
vt 0.699993 0.48178 
vt 0.599994 0.535666 
vt 0.799992 0.48178 
vt 0.699993 0.535666 
vt 0.799992 0.427894 
vt 0.799992 0.320122 
vt 0.899991 0.374008 
vt 0.899991 0.427894 
vt 0.899991 0.48178 
vt 0.799992 0.535666 
vt 0.99999 0.427894 
vt 0.99999 0.48178 
vt 0.899991 0.535666 
vt 0.99999 0.374008 
vt 0.899991 0.320122 
vt 0.99999 0.320122 
vt 0.99999 0.266236 
vt 0.799992 0.266236 
vt 0.899991 0.266236 
vt 0.99999 0.21235 
vt 0.899991 0.21235 
vt 0.99999 0.158464 
vt 0.699993 0.21235 
vt 0.799992 0.21235 
vt 0.699993 0.158464 
vt 0.899991 0.158464 
vt 0.99999 0.104578 
vt 0.799992 0.158464 
vt 0.899991 0.104578 
vt 0.99999 0.0506923 
vt 0.699993 0.104578 
vt 0.799992 0.104578 
vt 0.899991 0.0506923 
vt 0.99999 0.015625 
vt 0.899991 0.015625 
vt 0.799992 0.0506923 
vt 0.799992 0.015625 
vt 0.699993 0.015625 
vt 0.699993 0.0506924 
vt 0.599994 0.015625 
vt 0.599994 0.0506924 
vt 0.499995 0.015625 
vt 0.199998 0.21235 
vt 0.099999 0.104578 
vt 0.199998 0.158464 
vt 0.299997 0.21235 
vt 0.299997 0.158464 
vt 0.399996 0.21235 
vt 0.399996 0.158464 
vt 0.499995 0.158464 
vt 0.499994 0.104578 
vt 0.399996 0.104578 
vt 0.299997 0.104578 
vt 0.499994 0.0506924 
vt 0.399996 0.0506924 
vt 0.199998 0.104578 
vt 0.299997 0.0506924 
vt 0.499994 0.015625 
vt 0.399996 0.015625 
vt 0.299997 0.015625 
vt 0.199998 0.0506924 
vt 0.199998 0.015625 
vt 0.099999 0.015625 
vt 0.099999 0.0506924 
vt 0 0.015625 
vt 0 0.0506924 
vt 0.099999 0.0506924 
vt 0.099999 0.015625 
vt 0.099999 0.104578 
vt 0.199998 0.0506924 
vt 0.199998 0.015625 
vt 0.199998 0.104578 
vt 0.199998 0.158464 
vt 0.299997 0.0506924 
vt 0.299997 0.015625 
vt 0.399996 0.015625 
vt 0.299997 0.104578 
vt 0.399996 0.0506924 
vt 0.299997 0.367271 
vt 0.299997 0.425882 
vt 0.299997 0.481573 
vt 0.299997 0.535666 
vt 0.399996 0.481573 
vt 0.399996 0.535666 
vt 0.399996 0.425882 
vt 0.399996 0.367271 
vt 0.499995 0.481573 
vt 0.499995 0.535666 
vt 0.499995 0.425882 
vt 0.399996 0.304864 
vt 0.599994 0.481573 
vt 0.599994 0.535666 
vt 0.499995 0.367271 
vt 0.599994 0.425882 
vt 0.699993 0.481573 
vt 0.699993 0.535666 
vt 0.499995 0.304864 
vt 0.799992 0.535666 
vt 0.499995 0.238271 
vt 0.399996 0.238271 
vt 0.299997 0.238271 
vt 0.399996 0.167543 
vt 0.199998 0.167543 
vt 0.299997 0.167543 
vt 0.099999 0.0930963 
vt 0.399996 0.0930963 
vt 0.199998 0.0930963 
vt 0.299997 0.0930963 
vt 0.399996 0.015625 
vt 0.299997 0.015625 
vt 0.199998 0.015625 
vt 0.099999 0.015625 
vt 0 0.015625 
vt 0 0.0930964 
vt 0.099999 0.0930963 
vt 0.099999 0.015625 
vt 0.099999 0.167543 
vt 0.199998 0.0930963 
vt 0.199998 0.015625 
vt 0.299997 0.015625 
vt 0.199998 0.167543 
vt 0.299997 0.0930963 
vt 0.399996 0.015625 
vt 0.199998 0.238271 
vt 0.299997 0.167543 
vt 0.399996 0.0930963 
vt 0.499994 0.015625 
vt 0.299997 0.238271 
vt 0.399996 0.167543 
vt 0.499994 0.0930963 
vt 0.599994 0.0930963 
vt 0.599994 0.015625 
vt 0.499995 0.167543 
vt 0.399996 0.238271 
vt 0.399996 0.304864 
vt 0.499995 0.238271 
vt 0.599994 0.238271 
vt 0.599994 0.167543 
vt 0.699993 0.238271 
vt 0.799992 0.238271 
vt 0.699993 0.167543 
vt 0.799992 0.167543 
vt 0.89999 0.167543 
vt 0.999989 0.0930963 
vt 0.89999 0.0930963 
vt 0.999989 0.015625 
vt 0.89999 0.015625 
vt 0.799992 0.0930963 
vt 0.799992 0.015625 
vt 0.699993 0.0930963 
vt 0.699993 0.015625 
vt 0.94999 0.701721 
vt 0.99999 0.661357 
vt 0.99999 0.701721 
vt 0.94999 0.661357 
vt 0.99999 0.620992 
vt 0.899991 0.701721 
vt 0.94999 0.620992 
vt 0.899991 0.661357 
vt 0.899991 0.620992 
vt 0.849991 0.620992 
vt 0.849991 0.661357 
vt 0.849991 0.701721 
vt 0.799992 0.620992 
vt 0.799992 0.661357 
vt 0.799992 0.701721 
vt 0.749992 0.620992 
vt 0.749992 0.661357 
vt 0.749992 0.701721 
vt 0.699993 0.701721 
vt 0.699993 0.661357 
vt 0.699993 0.620992 
vt 0.649993 0.701721 
vt 0.649993 0.661357 
vt 0.649993 0.620992 
vt 0.599994 0.620992 
vt 0.599994 0.661357 
vt 0.599994 0.701721 
vt 0.549994 0.620992 
vt 0.549994 0.661357 
vt 0.549994 0.701721 
vt 0.499995 0.620992 
vt 0.499995 0.661357 
vt 0.499995 0.701721 
vt 0.449995 0.701721 
vt 0.449995 0.661357 
vt 0.449995 0.620992 
vt 0.399996 0.701721 
vt 0.399996 0.661357 
vt 0.399996 0.620992 
vt 0.349996 0.701721 
vt 0.349996 0.661357 
vt 0.349996 0.620992 
vt 0.299997 0.620992 
vt 0.299997 0.661357 
vt 0.299997 0.701721 
vt 0.249997 0.620992 
vt 0.249997 0.661357 
vt 0.249997 0.701721 
vt 0.199998 0.701721 
vt 0.199998 0.661357 
vt 0.199998 0.620992 
vt 0.149998 0.701721 
vt 0.149998 0.661357 
vt 0.149998 0.620992 
vt 0.099999 0.620992 
vt 0.099999 0.661357 
vt 0.099999 0.701721 
vt 0.0499995 0.620992 
vt 0.0499995 0.661357 
vt 0 0.620992 
vt 0.0499995 0.701721 
vt 0 0.661357 
vt 0 0.701721 
vt 0.251637 0.875234 
vt 0.357188 0.980234 
vt 0.252187 0.980234 
vt 0.356347 0.875234 
vt 0.251637 0.875234 
vt 0.357188 0.980234 
vt 0.252187 0.980234 
vt 0.356347 0.875234 
vt 0.251637 0.875234 
vt 0.357188 0.980234 
vt 0.252187 0.980234 
vt 0.356347 0.875234 
vt 0.251637 0.875234 
vt 0.357188 0.980234 
vt 0.252187 0.980234 
vt 0.356347 0.875234 
vt 0.251637 0.875234 
vt 0.357188 0.980234 
vt 0.252187 0.980234 
vt 0.356347 0.875234 
vt 0.251637 0.875234 
vt 0.357188 0.980234 
vt 0.252187 0.980234 
vt 0.356347 0.875234 
vt 0.251637 0.875234 
vt 0.357188 0.980234 
vt 0.252187 0.980234 
vt 0.356347 0.875234 
vt 0.251637 0.875234 
vt 0.357188 0.980234 
vt 0.252187 0.980234 
vt 0.356347 0.875234 
vt 0.251637 0.875234 
vt 0.357188 0.980234 
vt 0.252187 0.980234 
vt 0.356347 0.875234 
vt 0.251637 0.875234 
vt 0.357188 0.980234 
vt 0.252187 0.980234 
vt 0.356347 0.875234 
vt 0.251637 0.875234 
vt 0.357188 0.980234 
vt 0.252187 0.980234 
vt 0.356347 0.875234 
vt 0.251637 0.875234 
vt 0.357188 0.980234 
vt 0.252187 0.980234 
vt 0.356347 0.875234 
vt 0.251637 0.875234 
vt 0.357188 0.980234 
vt 0.252187 0.980234 
vt 0.356347 0.875234 
vt 0.251637 0.875234 
vt 0.357188 0.980234 
vt 0.252187 0.980234 
vt 0.356347 0.875234 
vt 0.251637 0.875234 
vt 0.357188 0.980234 
vt 0.252187 0.980234 
vt 0.356347 0.875234 
vt 0.251637 0.875234 
vt 0.357188 0.980234 
vt 0.252187 0.980234 
vt 0.356347 0.875234 
vt 0.251637 0.875234 
vt 0.357188 0.980234 
vt 0.252187 0.980234 
vt 0.356347 0.875234 
vt 0.251637 0.875234 
vt 0.357188 0.980234 
vt 0.252187 0.980234 
vt 0.356347 0.875234 
vt 0.251637 0.875234 
vt 0.357188 0.980234 
vt 0.252187 0.980234 
vt 0.356347 0.875234 
vt 0.251637 0.875234 
vt 0.357188 0.980234 
vt 0.252187 0.980234 
vt 0.356347 0.875234 
vt 0.349996 0.701721 
vt 0.299997 0.742086 
vt 0.299997 0.701721 
vt 0.349996 0.742086 
vt 0.249997 0.742086 
vt 0.399996 0.742086 
vt 0.249997 0.701721 
vt 0.399996 0.701721 
vt 0.199998 0.742086 
vt 0.449995 0.742086 
vt 0.199998 0.701721 
vt 0.449995 0.701721 
vt 0.149998 0.742086 
vt 0.149998 0.701721 
vt 0.099999 0.742086 
vt 0.499995 0.742086 
vt 0.099999 0.701721 
vt 0.499995 0.701721 
vt 0.0499995 0.742086 
vt 0.0499995 0.701721 
vt 0 0.701721 
vt 0 0.742086 
vt 0.549994 0.701721 
vt 0.549994 0.742086 
vt 0.599994 0.742086 
vt 0.599994 0.701721 
vt 0.649993 0.742086 
vt 0.649993 0.701721 
vt 0.699993 0.742086 
vt 0.699993 0.701721 
vt 0.749992 0.701721 
vt 0.749992 0.742086 
vt 0.799992 0.742086 
vt 0.799992 0.701721 
vt 0.849991 0.701721 
vt 0.849991 0.742086 
vt 0.899991 0.742086 
vt 0.899991 0.701721 
vt 0.94999 0.742086 
vt 0.94999 0.701721 
vt 0.99999 0.701721 
vt 0.99999 0.742086 
vt 0.823768 0.98103 
vt 0.851803 0.937972 
vt 0.851803 0.98103 
vt 0.823768 0.937972 
vt 0.879838 0.937972 
vt 0.795733 0.937972 
vt 0.879838 0.98103 
vt 0.795733 0.98103 
vt 0.767698 0.937972 
vt 0.767698 0.98103 
vt 0.907873 0.937972 
vt 0.739663 0.937972 
vt 0.907873 0.98103 
vt 0.739663 0.98103 
vt 0.935908 0.98103 
vt 0.711629 0.937972 
vt 0.935908 0.937972 
vt 0.963943 0.98103 
vt 0.963943 0.937972 
vt 0.711629 0.98103 
vt 0.683594 0.937972 
vt 0.683594 0.98103 
vt 0.655559 0.98103 
vt 0.655559 0.937972 
vt 0.627524 0.98103 
vt 0.627524 0.937972 
vt 0.599489 0.98103 
vt 0.599489 0.937972 
vt 0.571454 0.98103 
vt 0.571454 0.937972 
vt 0.543419 0.98103 
vt 0.543419 0.937972 
vt 0.515384 0.937972 
vt 0.515384 0.98103 
vt 0.487349 0.937972 
vt 0.487349 0.98103 
vt 0.459314 0.937972 
vt 0.459314 0.98103 
vt 0.431279 0.98103 
vt 0.431279 0.937972 
vt 0.403244 0.98103 
vt 0.403244 0.937972 
vt 0.649993 0.580628 
vt 0.699993 0.580628 
vt 0.699993 0.620992 
vt 0.649993 0.620992 
vt 0.749992 0.620992 
vt 0.599994 0.580628 
vt 0.749992 0.580628 
vt 0.599994 0.620992 
vt 0.799992 0.620992 
vt 0.549994 0.580628 
vt 0.799992 0.580628 
vt 0.549994 0.620992 
vt 0.849991 0.620992 
vt 0.499995 0.620992 
vt 0.849991 0.580628 
vt 0.499995 0.580628 
vt 0.899991 0.580628 
vt 0.899991 0.620992 
vt 0.94999 0.580628 
vt 0.449995 0.580628 
vt 0.94999 0.620992 
vt 0.449995 0.620992 
vt 0.99999 0.580628 
vt 0.99999 0.620992 
vt 0.399996 0.620992 
vt 0.399996 0.580628 
vt 0.349996 0.620992 
vt 0.349996 0.580628 
vt 0.299997 0.620992 
vt 0.299997 0.580628 
vt 0.249997 0.620992 
vt 0.249997 0.580628 
vt 0.199998 0.620992 
vt 0.199998 0.580628 
vt 0.149998 0.620992 
vt 0.149998 0.580628 
vt 0.099999 0.620992 
vt 0.099999 0.580628 
vt 0.0499995 0.580628 
vt 0.0499995 0.620992 
vt 0 0.620992 
vt 0 0.580628 

usemtl Tier171Mtl

f 1/1/1 2/2/2 3/3/3 
f 4/4/4 1/1/1 3/3/3 
f 2/2/2 1/1/1 5/5/5 
f 5/5/5 6/6/6 2/2/2 
f 1/1/1 4/4/4 7/7/7 
f 8/8/8 7/7/7 4/4/4 
f 9/9/9 5/5/5 1/1/1 
f 7/7/7 8/8/8 10/10/10 
f 11/11/11 10/10/10 8/8/8 
f 12/12/12 1/1/1 7/7/7 
f 1/1/1 12/12/12 9/9/9 
f 13/13/13 7/7/7 10/10/10 
f 7/7/7 13/13/13 12/12/12 
f 10/10/10 11/11/11 14/14/14 
f 14/14/14 11/11/11 15/15/15 
f 14/14/14 13/13/13 10/10/10 
f 16/16/16 14/14/14 17/17/17 
f 13/13/13 14/14/14 16/16/16 
f 18/18/18 13/13/13 16/16/16 
f 18/18/18 16/16/16 19/19/19 
f 13/13/13 20/20/20 12/12/12 
f 13/13/13 18/18/18 21/21/21 
f 20/20/20 13/13/13 21/21/21 
f 18/18/18 22/22/22 21/21/21 
f 23/23/23 12/12/12 20/20/20 
f 12/12/12 23/23/23 9/9/9 
f 21/21/21 24/24/24 20/20/20 
f 24/24/24 21/21/21 22/22/22 
f 24/24/24 23/23/23 20/20/20 
f 22/22/22 18/18/18 25/25/25 
f 25/25/25 18/18/18 26/26/26 
f 22/22/22 25/25/25 27/27/27 
f 27/27/27 25/25/25 28/28/28 
f 29/29/29 22/22/22 27/27/27 
f 22/22/22 30/30/30 24/24/24 
f 30/30/30 22/22/22 29/29/29 
f 31/31/31 24/24/24 30/30/30 
f 23/23/23 24/24/24 31/31/31 
f 29/29/29 32/32/32 30/30/30 
f 27/27/27 33/33/33 29/29/29 
f 32/32/32 29/29/29 33/33/33 
f 34/34/34 27/27/27 35/35/35 
f 33/33/33 27/27/27 34/34/34 
f 36/36/36 31/31/31 30/30/30 
f 36/36/36 30/30/30 32/32/32 
f 37/37/37 33/33/33 34/34/34 
f 34/34/34 38/38/38 37/37/37 
f 37/37/37 39/39/39 33/33/33 
f 33/33/33 40/40/40 32/32/32 
f 40/40/40 33/33/33 39/39/39 
f 37/37/37 41/41/41 39/39/39 
f 41/41/41 40/40/40 39/39/39 
f 42/42/42 37/37/37 43/43/43 
f 41/41/41 37/37/37 42/42/42 
f 44/44/44 32/32/32 40/40/40 
f 40/40/40 41/41/41 45/45/45 
f 45/45/45 44/44/44 40/40/40 
f 46/46/46 41/41/41 42/42/42 
f 42/42/42 47/47/47 46/46/46 
f 41/41/41 48/48/48 45/45/45 
f 41/41/41 46/46/46 49/49/49 
f 48/48/48 41/41/41 49/49/49 
f 48/48/48 50/50/50 45/45/45 
f 44/44/44 45/45/45 50/50/50 
f 49/49/49 51/51/51 48/48/48 
f 46/46/46 52/52/52 49/49/49 
f 51/51/51 49/49/49 52/52/52 
f 52/52/52 46/46/46 53/53/53 
f 53/53/53 46/46/46 54/54/54 
f 55/55/55 53/53/53 47/47/47 
f 53/53/53 56/56/56 52/52/52 
f 56/56/56 53/53/53 55/55/55 
f 52/52/52 57/57/57 51/51/51 
f 57/57/57 52/52/52 56/56/56 
f 51/51/51 58/58/58 48/48/48 
f 50/50/50 48/48/48 58/58/58 
f 57/57/57 59/59/59 51/51/51 
f 58/58/58 51/51/51 59/59/59 
f 56/56/56 60/60/60 57/57/57 
f 55/55/55 61/61/61 56/56/56 
f 60/60/60 56/56/56 61/61/61 
f 62/62/62 55/55/55 63/63/63 
f 61/61/61 55/55/55 62/62/62 
f 59/59/59 57/57/57 64/64/64 
f 64/64/64 57/57/57 60/60/60 
f 65/65/65 58/58/58 59/59/59 
f 64/64/64 65/65/65 59/59/59 
f 58/58/58 65/65/65 66/66/66 
f 66/66/66 50/50/50 58/58/58 
f 65/65/65 64/64/64 67/67/67 
f 68/68/68 66/66/66 65/65/65 
f 67/67/67 68/68/68 65/65/65 
f 69/69/69 67/67/67 64/64/64 
f 69/69/69 64/64/64 60/60/60 
f 68/68/68 67/67/67 70/70/70 
f 67/67/67 69/69/69 71/71/71 
f 71/71/71 70/70/70 67/67/67 
f 60/60/60 72/72/72 69/69/69 
f 71/71/71 69/69/69 72/72/72 
f 73/73/73 74/74/74 75/75/75 
f 76/76/76 75/75/75 74/74/74 
f 77/77/77 73/73/73 75/75/75 
f 75/75/75 76/76/76 78/78/78 
f 78/78/78 77/77/77 75/75/75 
f 79/79/79 78/78/78 76/76/76 
f 77/77/77 78/78/78 80/80/80 
f 81/81/81 77/77/77 80/80/80 
f 80/80/80 82/82/82 81/81/81 
f 78/78/78 79/79/79 83/83/83 
f 83/83/83 80/80/80 78/78/78 
f 84/84/84 83/83/83 79/79/79 
f 82/82/82 80/80/80 85/85/85 
f 80/80/80 83/83/83 85/85/85 
f 85/85/85 86/86/86 82/82/82 
f 83/83/83 84/84/84 87/87/87 
f 87/87/87 85/85/85 83/83/83 
f 88/88/88 87/87/87 84/84/84 
f 87/87/87 88/88/88 89/89/89 
f 85/85/85 87/87/87 90/90/90 
f 86/86/86 85/85/85 90/90/90 
f 89/89/89 90/90/90 87/87/87 
f 90/90/90 91/91/91 86/86/86 
f 90/90/90 89/89/89 92/92/92 
f 91/91/91 90/90/90 92/92/92 
f 93/93/93 94/94/94 95/95/95 
f 96/96/96 95/95/95 94/94/94 
f 94/94/94 93/93/93 97/97/97 
f 95/95/95 96/96/96 98/98/98 
f 99/99/99 97/97/97 93/93/93 
f 95/95/95 98/98/98 100/100/100 
f 101/101/101 97/97/97 99/99/99 
f 97/97/97 101/101/101 102/102/102 
f 103/103/103 102/102/102 101/101/101 
f 102/102/102 103/103/103 104/104/104 
f 104/104/104 103/103/103 105/105/105 
f 106/106/106 100/100/100 98/98/98 
f 100/100/100 106/106/106 107/107/107 
f 107/107/107 106/106/106 108/108/108 
f 109/109/109 108/108/108 106/106/106 
f 110/110/110 108/108/108 109/109/109 
f 108/108/108 110/110/110 111/111/111 
f 111/111/111 110/110/110 112/112/112 
f 113/113/113 76/76/76 114/114/114 
f 76/76/76 113/113/113 79/79/79 
f 115/115/115 79/79/79 113/113/113 
f 74/74/74 114/114/114 76/76/76 
f 114/114/114 74/74/74 116/116/116 
f 117/117/117 116/116/116 74/74/74 
f 116/116/116 117/117/117 118/118/118 
f 118/118/118 117/117/117 119/119/119 
f 79/79/79 115/115/115 84/84/84 
f 120/120/120 84/84/84 115/115/115 
f 84/84/84 120/120/120 88/88/88 
f 119/119/119 117/117/117 121/121/121 
f 119/119/119 121/121/121 122/122/122 
f 122/122/122 121/121/121 123/123/123 
f 122/122/122 123/123/123 124/124/124 
f 117/117/117 125/125/125 121/121/121 
f 125/125/125 123/123/123 121/121/121 
f 125/125/125 117/117/117 73/73/73 
f 74/74/74 73/73/73 117/117/117 
f 124/124/124 123/123/123 126/126/126 
f 124/124/124 126/126/126 127/127/127 
f 123/123/123 128/128/128 126/126/126 
f 127/127/127 126/126/126 129/129/129 
f 127/127/127 129/129/129 130/130/130 
f 128/128/128 129/129/129 126/126/126 
f 131/131/131 132/132/132 129/129/129 
f 129/129/129 128/128/128 131/131/131 
f 128/128/128 123/123/123 133/133/133 
f 123/123/123 125/125/125 133/133/133 
f 128/128/128 134/134/134 131/131/131 
f 134/134/134 135/135/135 131/131/131 
f 133/133/133 136/136/136 128/128/128 
f 134/134/134 128/128/128 136/136/136 
f 137/137/137 133/133/133 125/125/125 
f 73/73/73 137/137/137 125/125/125 
f 136/136/136 133/133/133 138/138/138 
f 133/133/133 137/137/137 138/138/138 
f 139/139/139 134/134/134 136/136/136 
f 138/138/138 139/139/139 136/136/136 
f 140/140/140 141/141/141 134/134/134 
f 139/139/139 140/140/140 134/134/134 
f 139/139/139 142/142/142 140/140/140 
f 142/142/142 143/143/143 140/140/140 
f 139/139/139 138/138/138 144/144/144 
f 142/142/142 139/139/139 145/145/145 
f 144/144/144 145/145/145 139/139/139 
f 146/146/146 144/144/144 138/138/138 
f 146/146/146 138/138/138 137/137/137 
f 145/145/145 144/144/144 147/147/147 
f 144/144/144 146/146/146 148/148/148 
f 147/147/147 144/144/144 148/148/148 
f 149/149/149 146/146/146 137/137/137 
f 137/137/137 73/73/73 149/149/149 
f 150/150/150 148/148/148 146/146/146 
f 146/146/146 149/149/149 150/150/150 
f 148/148/148 151/151/151 147/147/147 
f 73/73/73 77/77/77 149/149/149 
f 148/148/148 150/150/150 152/152/152 
f 152/152/152 151/151/151 148/148/148 
f 149/149/149 153/153/153 150/150/150 
f 77/77/77 153/153/153 149/149/149 
f 150/150/150 154/154/154 152/152/152 
f 154/154/154 150/150/150 153/153/153 
f 151/151/151 152/152/152 155/155/155 
f 154/154/154 155/155/155 152/152/152 
f 147/147/147 151/151/151 156/156/156 
f 145/145/145 147/147/147 156/156/156 
f 155/155/155 157/157/157 151/151/151 
f 151/151/151 157/157/157 156/156/156 
f 145/145/145 156/156/156 158/158/158 
f 142/142/142 145/145/145 158/158/158 
f 156/156/156 159/159/159 158/158/158 
f 156/156/156 157/157/157 159/159/159 
f 142/142/142 158/158/158 160/160/160 
f 160/160/160 161/161/161 142/142/142 
f 160/160/160 158/158/158 162/162/162 
f 158/158/158 159/159/159 162/162/162 
f 160/160/160 162/162/162 163/163/163 
f 163/163/163 164/164/164 160/160/160 
f 162/162/162 165/165/165 163/163/163 
f 165/165/165 166/166/166 163/163/163 
f 159/159/159 167/167/167 162/162/162 
f 165/165/165 162/162/162 167/167/167 
f 167/167/167 159/159/159 168/168/168 
f 157/157/157 168/168/168 159/159/159 
f 169/169/169 165/165/165 167/167/167 
f 170/170/170 167/167/167 168/168/168 
f 167/167/167 170/170/170 169/169/169 
f 168/168/168 157/157/157 171/171/171 
f 171/171/171 170/170/170 168/168/168 
f 172/172/172 171/171/171 157/157/157 
f 157/157/157 155/155/155 172/172/172 
f 165/165/165 169/169/169 173/173/173 
f 173/173/173 174/174/174 165/165/165 
f 175/175/175 169/169/169 170/170/170 
f 176/176/176 173/173/173 169/169/169 
f 175/175/175 176/176/176 169/169/169 
f 176/176/176 177/177/177 173/173/173 
f 173/173/173 177/177/177 178/178/178 
f 179/179/179 176/176/176 175/175/175 
f 180/180/180 175/175/175 170/170/170 
f 170/170/170 171/171/171 180/180/180 
f 175/175/175 180/180/180 181/181/181 
f 181/181/181 179/179/179 175/175/175 
f 182/182/182 180/180/180 171/171/171 
f 171/171/171 172/172/172 182/182/182 
f 183/183/183 181/181/181 180/180/180 
f 180/180/180 182/182/182 183/183/183 
f 179/179/179 184/184/184 176/176/176 
f 184/184/184 177/177/177 176/176/176 
f 184/184/184 185/185/185 177/177/177 
f 185/185/185 186/186/186 177/177/177 
f 187/187/187 178/178/178 185/185/185 
f 185/185/185 184/184/184 188/188/188 
f 188/188/188 187/187/187 185/185/185 
f 184/184/184 179/179/179 189/189/189 
f 188/188/188 184/184/184 189/189/189 
f 190/190/190 189/189/189 179/179/179 
f 179/179/179 181/181/181 190/190/190 
f 188/188/188 189/189/189 191/191/191 
f 188/188/188 192/192/192 187/187/187 
f 192/192/192 193/193/193 187/187/187 
f 192/192/192 188/188/188 194/194/194 
f 188/188/188 191/191/191 194/194/194 
f 195/195/195 196/196/196 192/192/192 
f 197/197/197 191/191/191 189/189/189 
f 189/189/189 190/190/190 197/197/197 
f 191/191/191 198/198/198 194/194/194 
f 194/194/194 199/199/199 192/192/192 
f 192/192/192 199/199/199 195/195/195 
f 194/194/194 198/198/198 199/199/199 
f 199/199/199 200/200/200 195/195/195 
f 200/200/200 201/201/201 195/195/195 
f 200/200/200 199/199/199 202/202/202 
f 198/198/198 202/202/202 199/199/199 
f 203/203/203 198/198/198 191/191/191 
f 191/191/191 197/197/197 203/203/203 
f 202/202/202 198/198/198 204/204/204 
f 198/198/198 203/203/203 205/205/205 
f 205/205/205 204/204/204 198/198/198 
f 206/206/206 205/205/205 203/203/203 
f 207/207/207 203/203/203 197/197/197 
f 203/203/203 207/207/207 206/206/206 
f 197/197/197 208/208/208 207/207/207 
f 208/208/208 197/197/197 190/190/190 
f 190/190/190 209/209/209 208/208/208 
f 209/209/209 190/190/190 181/181/181 
f 181/181/181 183/183/183 209/209/209 
f 210/210/210 208/208/208 209/209/209 
f 183/183/183 210/210/210 209/209/209 
f 211/211/211 207/207/207 208/208/208 
f 208/208/208 210/210/210 211/211/211 
f 210/210/210 183/183/183 212/212/212 
f 182/182/182 212/212/212 183/183/183 
f 213/213/213 211/211/211 210/210/210 
f 212/212/212 213/213/213 210/210/210 
f 207/207/207 211/211/211 214/214/214 
f 214/214/214 206/206/206 207/207/207 
f 211/211/211 213/213/213 215/215/215 
f 215/215/215 214/214/214 211/211/211 
f 213/213/213 212/212/212 216/216/216 
f 217/217/217 215/215/215 213/213/213 
f 216/216/216 217/217/217 213/213/213 
f 218/218/218 219/219/219 220/220/220 
f 221/221/221 220/220/220 219/219/219 
f 222/222/222 218/218/218 220/220/220 
f 221/221/221 223/223/223 220/220/220 
f 218/218/218 222/222/222 224/224/224 
f 223/223/223 221/221/221 225/225/225 
f 218/218/218 224/224/224 226/226/226 
f 221/221/221 227/227/227 225/225/225 
f 228/228/228 225/225/225 227/227/227 
f 228/228/228 229/229/229 225/225/225 
f 230/230/230 226/226/226 224/224/224 
f 231/231/231 230/230/230 224/224/224 
f 230/230/230 231/231/231 232/232/232 
f 230/230/230 232/232/232 233/233/233 
f 234/234/234 233/233/233 232/232/232 
f 235/235/235 234/234/234 232/232/232 
f 234/234/234 235/235/235 236/236/236 
f 234/234/234 236/236/236 237/237/237 
f 238/238/238 237/237/237 236/236/236 
f 239/239/239 238/238/238 236/236/236 
f 238/238/238 239/239/239 240/240/240 
f 238/238/238 240/240/240 241/241/241 
f 242/242/242 241/241/241 240/240/240 
f 243/243/243 242/242/242 240/240/240 
f 242/242/242 243/243/243 244/244/244 
f 242/242/242 244/244/244 245/245/245 
f 246/246/246 245/245/245 244/244/244 
f 247/247/247 246/246/246 244/244/244 
f 246/246/246 247/247/247 248/248/248 
f 246/246/246 248/248/248 249/249/249 
f 250/250/250 249/249/249 248/248/248 
f 251/251/251 250/250/250 248/248/248 
f 250/250/250 251/251/251 252/252/252 
f 250/250/250 252/252/252 253/253/253 
f 254/254/254 253/253/253 252/252/252 
f 255/255/255 254/254/254 252/252/252 
f 254/254/254 255/255/255 256/256/256 
f 254/254/254 256/256/256 257/257/257 
f 258/258/258 257/257/257 256/256/256 
f 259/259/259 258/258/258 256/256/256 
f 260/260/260 261/261/261 262/262/262 
f 262/262/262 263/263/263 260/260/260 
f 263/263/263 262/262/262 264/264/264 
f 264/264/264 265/265/265 263/263/263 
f 265/265/265 264/264/264 266/266/266 
f 267/267/267 266/266/266 264/264/264 
f 266/266/266 267/267/267 268/268/268 
f 269/269/269 264/264/264 262/262/262 
f 264/264/264 269/269/269 267/267/267 
f 270/270/270 262/262/262 261/261/261 
f 262/262/262 270/270/270 269/269/269 
f 261/261/261 271/271/271 270/270/270 
f 271/271/271 261/261/261 272/272/272 
f 273/273/273 271/271/271 272/272/272 
f 271/271/271 273/273/273 274/274/274 
f 273/273/273 275/275/275 274/274/274 
f 271/271/271 276/276/276 270/270/270 
f 274/274/274 276/276/276 271/271/271 
f 277/277/277 269/269/269 270/270/270 
f 277/277/277 270/270/270 276/276/276 
f 275/275/275 278/278/278 274/274/274 
f 276/276/276 274/274/274 278/278/278 
f 278/278/278 275/275/275 279/279/279 
f 275/275/275 280/280/280 279/279/279 
f 276/276/276 278/278/278 281/281/281 
f 279/279/279 281/281/281 278/278/278 
f 279/279/279 280/280/280 282/282/282 
f 282/282/282 280/280/280 283/283/283 
f 281/281/281 279/279/279 284/284/284 
f 282/282/282 284/284/284 279/279/279 
f 285/285/285 284/284/284 282/282/282 
f 282/282/282 286/286/286 285/285/285 
f 285/285/285 287/287/287 284/284/284 
f 288/288/288 284/284/284 287/287/287 
f 284/284/284 288/288/288 281/281/281 
f 289/289/289 281/281/281 288/288/288 
f 289/289/289 276/276/276 281/281/281 
f 288/288/288 290/290/290 289/289/289 
f 291/291/291 289/289/289 290/290/290 
f 292/292/292 276/276/276 289/289/289 
f 289/289/289 291/291/291 292/292/292 
f 276/276/276 292/292/292 277/277/277 
f 293/293/293 292/292/292 291/291/291 
f 292/292/292 293/293/293 294/294/294 
f 294/294/294 277/277/277 292/292/292 
f 295/295/295 294/294/294 293/293/293 
f 277/277/277 294/294/294 296/296/296 
f 269/269/269 277/277/277 296/296/296 
f 296/296/296 267/267/267 269/269/269 
f 294/294/294 295/295/295 297/297/297 
f 297/297/297 296/296/296 294/294/294 
f 298/298/298 297/297/297 295/295/295 
f 297/297/297 298/298/298 299/299/299 
f 296/296/296 297/297/297 300/300/300 
f 267/267/267 296/296/296 300/300/300 
f 299/299/299 300/300/300 297/297/297 
f 300/300/300 268/268/268 267/267/267 
f 300/300/300 299/299/299 301/301/301 
f 268/268/268 300/300/300 301/301/301 
f 302/302/302 303/303/303 304/304/304 
f 302/302/302 304/304/304 305/305/305 
f 306/306/306 304/304/304 303/303/303 
f 305/305/305 307/307/307 302/302/302 
f 303/303/303 308/308/308 306/306/306 
f 307/307/307 305/305/305 309/309/309 
f 309/309/309 310/310/310 307/307/307 
f 310/310/310 309/309/309 311/311/311 
f 312/312/312 306/306/306 308/308/308 
f 311/311/311 313/313/313 310/310/310 
f 312/312/312 308/308/308 314/314/314 
f 313/313/313 311/311/311 315/315/315 
f 316/316/316 312/312/312 314/314/314 
f 315/315/315 317/317/317 313/313/313 
f 312/312/312 316/316/316 318/318/318 
f 315/315/315 319/319/319 317/317/317 
f 320/320/320 318/318/318 316/316/316 
f 319/319/319 321/321/321 317/317/317 
f 318/318/318 320/320/320 322/322/322 
f 319/319/319 323/323/323 321/321/321 
f 324/324/324 322/322/322 320/320/320 
f 325/325/325 321/321/321 323/323/323 
f 322/322/322 324/324/324 326/326/326 
f 323/323/323 327/327/327 325/325/325 
f 328/328/328 325/325/325 327/327/327 
f 328/328/328 327/327/327 329/329/329 
f 330/330/330 326/326/326 324/324/324 
f 326/326/326 330/330/330 331/331/331 
f 332/332/332 331/331/331 330/330/330 
f 331/331/331 332/332/332 333/333/333 
f 334/334/334 333/333/333 332/332/332 
f 333/333/333 334/334/334 335/335/335 
f 336/336/336 335/335/335 334/334/334 
f 335/335/335 336/336/336 337/337/337 
f 338/338/338 337/337/337 336/336/336 
f 337/337/337 338/338/338 339/339/339 
f 340/340/340 339/339/339 338/338/338 
f 339/339/339 340/340/340 341/341/341 
f 342/342/342 341/341/341 340/340/340 
f 341/341/341 342/342/342 343/343/343 
f 206/206/206 214/214/214 344/344/344 
f 345/345/345 346/346/346 347/347/347 
f 347/347/347 344/344/344 345/345/345 
f 346/346/346 348/348/348 349/349/349 
f 349/349/349 347/347/347 346/346/346 
f 344/344/344 350/350/350 206/206/206 
f 344/344/344 347/347/347 350/350/350 
f 347/347/347 349/349/349 351/351/351 
f 351/351/351 350/350/350 347/347/347 
f 348/348/348 352/352/352 349/349/349 
f 206/206/206 350/350/350 353/353/353 
f 205/205/205 206/206/206 353/353/353 
f 350/350/350 351/351/351 354/354/354 
f 354/354/354 353/353/353 350/350/350 
f 353/353/353 355/355/355 205/205/205 
f 204/204/204 205/205/205 355/355/355 
f 353/353/353 354/354/354 356/356/356 
f 355/355/355 353/353/353 356/356/356 
f 357/357/357 204/204/204 355/355/355 
f 356/356/356 357/357/357 355/355/355 
f 354/354/354 358/358/358 356/356/356 
f 357/357/357 356/356/356 358/358/358 
f 351/351/351 359/359/359 354/354/354 
f 358/358/358 354/354/354 359/359/359 
f 349/349/349 360/360/360 351/351/351 
f 359/359/359 351/351/351 360/360/360 
f 360/360/360 349/349/349 352/352/352 
f 204/204/204 357/357/357 361/361/361 
f 361/361/361 202/202/202 204/204/204 
f 202/202/202 361/361/361 362/362/362 
f 362/362/362 200/200/200 202/202/202 
f 357/357/357 363/363/363 361/361/361 
f 363/363/363 362/362/362 361/361/361 
f 363/363/363 357/357/357 364/364/364 
f 358/358/358 364/364/364 357/357/357 
f 363/363/363 365/365/365 362/362/362 
f 200/200/200 362/362/362 366/366/366 
f 366/366/366 367/367/367 200/200/200 
f 365/365/365 366/366/366 362/362/362 
f 364/364/364 358/358/358 368/368/368 
f 359/359/359 368/368/368 358/358/358 
f 364/364/364 369/369/369 363/363/363 
f 365/365/365 363/363/363 369/369/369 
f 365/365/365 370/370/370 366/366/366 
f 370/370/370 371/371/371 366/366/366 
f 365/365/365 372/372/372 370/370/370 
f 372/372/372 373/373/373 370/370/370 
f 369/369/369 374/374/374 365/365/365 
f 372/372/372 365/365/365 374/374/374 
f 369/369/369 364/364/364 375/375/375 
f 368/368/368 375/375/375 364/364/364 
f 374/374/374 369/369/369 376/376/376 
f 375/375/375 376/376/376 369/369/369 
f 372/372/372 374/374/374 377/377/377 
f 374/374/374 376/376/376 377/377/377 
f 377/377/377 378/378/378 372/372/372 
f 378/378/378 379/379/379 372/372/372 
f 378/378/378 377/377/377 380/380/380 
f 378/378/378 380/380/380 381/381/381 
f 381/381/381 382/382/382 378/378/378 
f 377/377/377 383/383/383 380/380/380 
f 376/376/376 383/383/383 377/377/377 
f 384/384/384 383/383/383 376/376/376 
f 376/376/376 375/375/375 384/384/384 
f 383/383/383 384/384/384 385/385/385 
f 384/384/384 386/386/386 385/385/385 
f 387/387/387 384/384/384 375/375/375 
f 375/375/375 368/368/368 387/387/387 
f 388/388/388 386/386/386 384/384/384 
f 384/384/384 387/387/387 388/388/388 
f 388/388/388 389/389/389 386/386/386 
f 389/389/389 388/388/388 390/390/390 
f 387/387/387 390/390/390 388/388/388 
f 390/390/390 391/391/391 389/389/389 
f 392/392/392 387/387/387 368/368/368 
f 368/368/368 359/359/359 392/392/392 
f 360/360/360 392/392/392 359/359/359 
f 387/387/387 392/392/392 393/393/393 
f 393/393/393 390/390/390 387/387/387 
f 392/392/392 360/360/360 394/394/394 
f 394/394/394 393/393/393 392/392/392 
f 352/352/352 394/394/394 360/360/360 
f 393/393/393 395/395/395 390/390/390 
f 391/391/391 390/390/390 395/395/395 
f 395/395/395 396/396/396 391/391/391 
f 395/395/395 393/393/393 397/397/397 
f 393/393/393 394/394/394 397/397/397 
f 396/396/396 395/395/395 398/398/398 
f 397/397/397 398/398/398 395/395/395 
f 398/398/398 399/399/399 396/396/396 
f 400/400/400 397/397/397 394/394/394 
f 394/394/394 352/352/352 400/400/400 
f 398/398/398 397/397/397 401/401/401 
f 397/397/397 400/400/400 401/401/401 
f 399/399/399 398/398/398 402/402/402 
f 401/401/401 402/402/402 398/398/398 
f 402/402/402 403/403/403 399/399/399 
f 403/403/403 402/402/402 404/404/404 
f 405/405/405 404/404/404 402/402/402 
f 402/402/402 401/401/401 405/405/405 
f 404/404/404 405/405/405 406/406/406 
f 405/405/405 407/407/407 406/406/406 
f 401/401/401 408/408/408 405/405/405 
f 407/407/407 405/405/405 408/408/408 
f 408/408/408 401/401/401 400/400/400 
f 408/408/408 409/409/409 407/407/407 
f 400/400/400 410/410/410 408/408/408 
f 409/409/409 408/408/408 410/410/410 
f 410/410/410 400/400/400 352/352/352 
f 410/410/410 411/411/411 409/409/409 
f 352/352/352 348/348/348 410/410/410 
f 411/411/411 410/410/410 348/348/348 
f 412/412/412 216/216/216 212/212/212 
f 412/412/412 212/212/212 182/182/182 
f 217/217/217 216/216/216 413/413/413 
f 216/216/216 412/412/412 414/414/414 
f 414/414/414 413/413/413 216/216/216 
f 182/182/182 415/415/415 412/412/412 
f 415/415/415 182/182/182 172/172/172 
f 412/412/412 416/416/416 414/414/414 
f 416/416/416 412/412/412 415/415/415 
f 172/172/172 417/417/417 415/415/415 
f 417/417/417 172/172/172 155/155/155 
f 155/155/155 154/154/154 417/417/417 
f 418/418/418 415/415/415 417/417/417 
f 415/415/415 418/418/418 416/416/416 
f 419/419/419 417/417/417 154/154/154 
f 417/417/417 419/419/419 418/418/418 
f 153/153/153 419/419/419 154/154/154 
f 419/419/419 153/153/153 81/81/81 
f 420/420/420 418/418/418 419/419/419 
f 81/81/81 420/420/420 419/419/419 
f 77/77/77 81/81/81 153/153/153 
f 418/418/418 420/420/420 421/421/421 
f 421/421/421 416/416/416 418/418/418 
f 420/420/420 81/81/81 82/82/82 
f 416/416/416 421/421/421 422/422/422 
f 422/422/422 414/414/414 416/416/416 
f 423/423/423 421/421/421 420/420/420 
f 82/82/82 423/423/423 420/420/420 
f 424/424/424 422/422/422 421/421/421 
f 421/421/421 423/423/423 424/424/424 
f 414/414/414 422/422/422 425/425/425 
f 413/413/413 414/414/414 425/425/425 
f 422/422/422 424/424/424 426/426/426 
f 426/426/426 425/425/425 422/422/422 
f 427/427/427 424/424/424 423/423/423 
f 428/428/428 426/426/426 424/424/424 
f 424/424/424 427/427/427 428/428/428 
f 426/426/426 428/428/428 429/429/429 
f 86/86/86 427/427/427 423/423/423 
f 423/423/423 82/82/82 86/86/86 
f 427/427/427 86/86/86 91/91/91 
f 429/429/429 430/430/430 426/426/426 
f 425/425/425 426/426/426 430/430/430 
f 430/430/430 429/429/429 431/431/431 
f 432/432/432 430/430/430 431/431/431 
f 433/433/433 425/425/425 430/430/430 
f 430/430/430 432/432/432 433/433/433 
f 425/425/425 433/433/433 413/413/413 
f 434/434/434 433/433/433 432/432/432 
f 435/435/435 413/413/413 433/433/433 
f 433/433/433 434/434/434 435/435/435 
f 413/413/413 435/435/435 217/217/217 
f 434/434/434 436/436/436 435/435/435 
f 436/436/436 434/434/434 437/437/437 
f 435/435/435 438/438/438 217/217/217 
f 438/438/438 435/435/435 436/436/436 
f 215/215/215 217/217/217 438/438/438 
f 437/437/437 439/439/439 436/436/436 
f 439/439/439 437/437/437 440/440/440 
f 436/436/436 441/441/441 438/438/438 
f 441/441/441 436/436/436 439/439/439 
f 438/438/438 442/442/442 215/215/215 
f 442/442/442 438/438/438 441/441/441 
f 214/214/214 215/215/215 442/442/442 
f 440/440/440 443/443/443 439/439/439 
f 443/443/443 440/440/440 444/444/444 
f 445/445/445 443/443/443 444/444/444 
f 446/446/446 439/439/439 443/443/443 
f 439/439/439 446/446/446 441/441/441 
f 443/443/443 445/445/445 447/447/447 
f 447/447/447 446/446/446 443/443/443 
f 411/411/411 447/447/447 445/445/445 
f 345/345/345 441/441/441 446/446/446 
f 441/441/441 345/345/345 442/442/442 
f 446/446/446 447/447/447 346/346/346 
f 346/346/346 345/345/345 446/446/446 
f 447/447/447 411/411/411 348/348/348 
f 348/348/348 346/346/346 447/447/447 
f 442/442/442 344/344/344 214/214/214 
f 344/344/344 442/442/442 345/345/345 
f 61/61/61 448/448/448 60/60/60 
f 72/72/72 60/60/60 448/448/448 
f 448/448/448 61/61/61 449/449/449 
f 450/450/450 449/449/449 61/61/61 
f 61/61/61 62/62/62 450/450/450 
f 450/450/450 62/62/62 451/451/451 
f 452/452/452 449/449/449 450/450/450 
f 452/452/452 450/450/450 453/453/453 
f 454/454/454 448/448/448 449/449/449 
f 452/452/452 454/454/454 449/449/449 
f 454/454/454 455/455/455 448/448/448 
f 455/455/455 72/72/72 448/448/448 
f 456/456/456 454/454/454 452/452/452 
f 456/456/456 452/452/452 457/457/457 
f 458/458/458 455/455/455 454/454/454 
f 454/454/454 456/456/456 458/458/458 
f 455/455/455 459/459/459 72/72/72 
f 460/460/460 456/456/456 461/461/461 
f 460/460/460 458/458/458 456/456/456 
f 455/455/455 458/458/458 462/462/462 
f 462/462/462 459/459/459 455/455/455 
f 458/458/458 460/460/460 463/463/463 
f 458/458/458 273/273/273 462/462/462 
f 273/273/273 458/458/458 463/463/463 
f 464/464/464 463/463/463 460/460/460 
f 464/464/464 460/460/460 465/465/465 
f 463/463/463 464/464/464 275/275/275 
f 275/275/275 273/273/273 463/463/463 
f 459/459/459 462/462/462 466/466/466 
f 275/275/275 464/464/464 280/280/280 
f 280/280/280 464/464/464 467/467/467 
f 462/462/462 272/272/272 466/466/466 
f 272/272/272 462/462/462 273/273/273 
f 468/468/468 459/459/459 466/466/466 
f 272/272/272 468/468/468 466/466/466 
f 459/459/459 468/468/468 469/469/469 
f 469/469/469 72/72/72 459/459/459 
f 468/468/468 272/272/272 261/261/261 
f 72/72/72 469/469/469 470/470/470 
f 470/470/470 71/71/71 72/72/72 
f 260/260/260 469/469/469 468/468/468 
f 261/261/261 260/260/260 468/468/468 
f 471/471/471 470/470/470 469/469/469 
f 469/469/469 260/260/260 471/471/471 
f 470/470/470 472/472/472 71/71/71 
f 70/70/70 71/71/71 472/472/472 
f 470/470/470 471/471/471 473/473/473 
f 472/472/472 470/470/470 473/473/473 
f 263/263/263 471/471/471 260/260/260 
f 472/472/472 474/474/474 70/70/70 
f 475/475/475 473/473/473 471/471/471 
f 471/471/471 263/263/263 475/475/475 
f 473/473/473 476/476/476 472/472/472 
f 474/474/474 472/472/472 476/476/476 
f 473/473/473 475/475/475 477/477/477 
f 476/476/476 473/473/473 477/477/477 
f 265/265/265 475/475/475 263/263/263 
f 475/475/475 265/265/265 478/478/478 
f 478/478/478 477/477/477 475/475/475 
f 477/477/477 478/478/478 479/479/479 
f 480/480/480 477/477/477 479/479/479 
f 477/477/477 480/480/480 476/476/476 
f 481/481/481 476/476/476 480/480/480 
f 476/476/476 481/481/481 474/474/474 
f 482/482/482 474/474/474 481/481/481 
f 483/483/483 70/70/70 474/474/474 
f 474/474/474 482/482/482 483/483/483 
f 70/70/70 483/483/483 68/68/68 
f 482/482/482 484/484/484 483/483/483 
f 484/484/484 482/482/482 485/485/485 
f 483/483/483 486/486/486 68/68/68 
f 486/486/486 483/483/483 484/484/484 
f 66/66/66 68/68/68 486/486/486 
f 485/485/485 487/487/487 484/484/484 
f 487/487/487 485/485/485 488/488/488 
f 489/489/489 487/487/487 488/488/488 
f 490/490/490 484/484/484 487/487/487 
f 484/484/484 490/490/490 486/486/486 
f 487/487/487 489/489/489 491/491/491 
f 491/491/491 490/490/490 487/487/487 
f 492/492/492 491/491/491 489/489/489 
f 486/486/486 493/493/493 66/66/66 
f 493/493/493 486/486/486 490/490/490 
f 50/50/50 66/66/66 493/493/493 
f 490/490/490 491/491/491 494/494/494 
f 494/494/494 493/493/493 490/490/490 
f 491/491/491 492/492/492 495/495/495 
f 495/495/495 494/494/494 491/491/491 
f 496/496/496 495/495/495 492/492/492 
f 497/497/497 50/50/50 493/493/493 
f 493/493/493 494/494/494 497/497/497 
f 50/50/50 497/497/497 44/44/44 
f 494/494/494 495/495/495 498/498/498 
f 498/498/498 497/497/497 494/494/494 
f 495/495/495 496/496/496 499/499/499 
f 499/499/499 498/498/498 495/495/495 
f 496/496/496 500/500/500 499/499/499 
f 500/500/500 496/496/496 501/501/501 
f 498/498/498 499/499/499 502/502/502 
f 497/497/497 498/498/498 503/503/503 
f 503/503/503 44/44/44 497/497/497 
f 502/502/502 503/503/503 498/498/498 
f 44/44/44 503/503/503 504/504/504 
f 32/32/32 44/44/44 504/504/504 
f 504/504/504 36/36/36 32/32/32 
f 505/505/505 504/504/504 503/503/503 
f 504/504/504 505/505/505 36/36/36 
f 503/503/503 502/502/502 505/505/505 
f 505/505/505 31/31/31 36/36/36 
f 31/31/31 505/505/505 506/506/506 
f 502/502/502 506/506/506 505/505/505 
f 506/506/506 23/23/23 31/31/31 
f 499/499/499 507/507/507 502/502/502 
f 506/506/506 502/502/502 507/507/507 
f 507/507/507 499/499/499 500/500/500 
f 23/23/23 506/506/506 508/508/508 
f 507/507/507 508/508/508 506/506/506 
f 509/509/509 23/23/23 508/508/508 
f 23/23/23 509/509/509 9/9/9 
f 5/5/5 9/9/9 509/509/509 
f 508/508/508 507/507/507 510/510/510 
f 500/500/500 510/510/510 507/507/507 
f 508/508/508 511/511/511 509/509/509 
f 511/511/511 508/508/508 510/510/510 
f 509/509/509 512/512/512 5/5/5 
f 512/512/512 509/509/509 511/511/511 
f 6/6/6 5/5/5 512/512/512 
f 512/512/512 513/513/513 6/6/6 
f 513/513/513 512/512/512 514/514/514 
f 511/511/511 514/514/514 512/512/512 
f 514/514/514 515/515/515 513/513/513 
f 515/515/515 514/514/514 516/516/516 
f 514/514/514 511/511/511 517/517/517 
f 517/517/517 516/516/516 514/514/514 
f 510/510/510 517/517/517 511/511/511 
f 516/516/516 517/517/517 518/518/518 
f 517/517/517 510/510/510 519/519/519 
f 519/519/519 518/518/518 517/517/517 
f 510/510/510 500/500/500 519/519/519 
f 518/518/518 519/519/519 520/520/520 
f 501/501/501 519/519/519 500/500/500 
f 519/519/519 501/501/501 520/520/520 
f 521/521/521 522/522/522 523/523/523 
f 522/522/522 521/521/521 524/524/524 
f 524/524/524 525/525/525 522/522/522 
f 526/526/526 524/524/524 521/521/521 
f 525/525/525 524/524/524 527/527/527 
f 528/528/528 527/527/527 524/524/524 
f 524/524/524 526/526/526 528/528/528 
f 527/527/527 528/528/528 529/529/529 
f 528/528/528 530/530/530 529/529/529 
f 526/526/526 531/531/531 528/528/528 
f 530/530/530 528/528/528 531/531/531 
f 531/531/531 526/526/526 532/532/532 
f 531/531/531 533/533/533 530/530/530 
f 532/532/532 534/534/534 531/531/531 
f 533/533/533 531/531/531 534/534/534 
f 534/534/534 532/532/532 535/535/535 
f 534/534/534 536/536/536 533/533/533 
f 535/535/535 537/537/537 534/534/534 
f 536/536/536 534/534/534 537/537/537 
f 537/537/537 535/535/535 538/538/538 
f 539/539/539 537/537/537 538/538/538 
f 540/540/540 536/536/536 537/537/537 
f 537/537/537 539/539/539 540/540/540 
f 536/536/536 540/540/540 541/541/541 
f 542/542/542 540/540/540 539/539/539 
f 543/543/543 541/541/541 540/540/540 
f 540/540/540 542/542/542 543/543/543 
f 541/541/541 543/543/543 544/544/544 
f 543/543/543 545/545/545 544/544/544 
f 542/542/542 546/546/546 543/543/543 
f 545/545/545 543/543/543 546/546/546 
f 546/546/546 542/542/542 547/547/547 
f 546/546/546 548/548/548 545/545/545 
f 547/547/547 549/549/549 546/546/546 
f 548/548/548 546/546/546 549/549/549 
f 549/549/549 547/547/547 550/550/550 
f 549/549/549 551/551/551 548/548/548 
f 550/550/550 552/552/552 549/549/549 
f 551/551/551 549/549/549 552/552/552 
f 552/552/552 550/550/550 553/553/553 
f 554/554/554 552/552/552 553/553/553 
f 555/555/555 551/551/551 552/552/552 
f 552/552/552 554/554/554 555/555/555 
f 551/551/551 555/555/555 556/556/556 
f 557/557/557 555/555/555 554/554/554 
f 558/558/558 556/556/556 555/555/555 
f 555/555/555 557/557/557 558/558/558 
f 556/556/556 558/558/558 559/559/559 
f 560/560/560 558/558/558 557/557/557 
f 561/561/561 559/559/559 558/558/558 
f 558/558/558 560/560/560 561/561/561 
f 559/559/559 561/561/561 562/562/562 
f 561/561/561 563/563/563 562/562/562 
f 560/560/560 564/564/564 561/561/561 
f 563/563/563 561/561/561 564/564/564 
f 564/564/564 560/560/560 565/565/565 
f 564/564/564 566/566/566 563/563/563 
f 565/565/565 567/567/567 564/564/564 
f 566/566/566 564/564/564 567/567/567 
f 567/567/567 565/565/565 568/568/568 
f 569/569/569 567/567/567 568/568/568 
f 570/570/570 566/566/566 567/567/567 
f 567/567/567 569/569/569 570/570/570 
f 566/566/566 570/570/570 571/571/571 
f 572/572/572 570/570/570 569/569/569 
f 573/573/573 571/571/571 570/570/570 
f 570/570/570 572/572/572 573/573/573 
f 571/571/571 573/573/573 574/574/574 
f 573/573/573 575/575/575 574/574/574 
f 572/572/572 576/576/576 573/573/573 
f 575/575/575 573/573/573 576/576/576 
f 576/576/576 572/572/572 577/577/577 
f 576/576/576 578/578/578 575/575/575 
f 577/577/577 579/579/579 576/576/576 
f 578/578/578 576/576/576 579/579/579 
f 579/579/579 580/580/580 578/578/578 
f 579/579/579 577/577/577 581/581/581 
f 580/580/580 579/579/579 582/582/582 
f 581/581/581 582/582/582 579/579/579 
f 582/582/582 581/581/581 583/583/583 
f 584/584/584 585/585/585 586/586/586 
f 584/584/584 587/587/587 585/585/585 
f 588/588/588 589/589/589 590/590/590 
f 588/588/588 591/591/591 589/589/589 
f 592/592/592 593/593/593 594/594/594 
f 592/592/592 595/595/595 593/593/593 
f 596/596/596 597/597/597 598/598/598 
f 596/596/596 599/599/599 597/597/597 
f 600/600/600 601/601/601 602/602/602 
f 600/600/600 603/603/603 601/601/601 
f 604/604/604 605/605/605 606/606/606 
f 604/604/604 607/607/607 605/605/605 
f 608/608/608 609/609/609 610/610/610 
f 608/608/608 611/611/611 609/609/609 
f 612/612/612 613/613/613 614/614/614 
f 612/612/612 615/615/615 613/613/613 
f 616/616/616 617/617/617 618/618/618 
f 616/616/616 619/619/619 617/617/617 
f 620/620/620 621/621/621 622/622/622 
f 620/620/620 623/623/623 621/621/621 
f 624/624/624 625/625/625 626/626/626 
f 624/624/624 627/627/627 625/625/625 
f 628/628/628 629/629/629 630/630/630 
f 628/628/628 631/631/631 629/629/629 
f 632/632/632 633/633/633 634/634/634 
f 632/632/632 635/635/635 633/633/633 
f 636/636/636 637/637/637 638/638/638 
f 636/636/636 639/639/639 637/637/637 
f 640/640/640 641/641/641 642/642/642 
f 640/640/640 643/643/643 641/641/641 
f 644/644/644 645/645/645 646/646/646 
f 644/644/644 647/647/647 645/645/645 
f 648/648/648 649/649/649 650/650/650 
f 648/648/648 651/651/651 649/649/649 
f 652/652/652 653/653/653 654/654/654 
f 652/652/652 655/655/655 653/653/653 
f 656/656/656 657/657/657 658/658/658 
f 656/656/656 659/659/659 657/657/657 
f 660/660/660 661/661/661 662/662/662 
f 660/660/660 663/663/663 661/661/661 
f 664/664/664 665/665/665 666/666/666 
f 665/665/665 664/664/664 667/667/667 
f 668/668/668 666/666/666 665/665/665 
f 664/664/664 669/669/669 667/667/667 
f 666/666/666 668/668/668 670/670/670 
f 664/664/664 671/671/671 669/669/669 
f 672/672/672 670/670/670 668/668/668 
f 673/673/673 669/669/669 671/671/671 
f 670/670/670 672/672/672 674/674/674 
f 671/671/671 675/675/675 673/673/673 
f 676/676/676 674/674/674 672/672/672 
f 674/674/674 676/676/676 677/677/677 
f 678/678/678 677/677/677 676/676/676 
f 679/679/679 673/673/673 675/675/675 
f 677/677/677 678/678/678 680/680/680 
f 675/675/675 681/681/681 679/679/679 
f 682/682/682 680/680/680 678/678/678 
f 680/680/680 682/682/682 683/683/683 
f 684/684/684 683/683/683 682/682/682 
f 684/684/684 682/682/682 685/685/685 
f 686/686/686 679/679/679 681/681/681 
f 679/679/679 686/686/686 687/687/687 
f 686/686/686 688/688/688 687/687/687 
f 688/688/688 686/686/686 689/689/689 
f 689/689/689 690/690/690 688/688/688 
f 689/689/689 691/691/691 690/690/690 
f 691/691/691 692/692/692 690/690/690 
f 691/691/691 693/693/693 692/692/692 
f 694/694/694 692/692/692 693/693/693 
f 692/692/692 694/694/694 695/695/695 
f 696/696/696 695/695/695 694/694/694 
f 694/694/694 697/697/697 696/696/696 
f 698/698/698 696/696/696 697/697/697 
f 696/696/696 698/698/698 699/699/699 
f 698/698/698 700/700/700 699/699/699 
f 700/700/700 698/698/698 701/701/701 
f 701/701/701 702/702/702 700/700/700 
f 702/702/702 701/701/701 703/703/703 
f 704/704/704 702/702/702 703/703/703 
f 702/702/702 704/704/704 705/705/705 
f 706/706/706 707/707/707 708/708/708 
f 707/707/707 706/706/706 709/709/709 
f 710/710/710 708/708/708 707/707/707 
f 711/711/711 709/709/709 706/706/706 
f 708/708/708 710/710/710 712/712/712 
f 713/713/713 711/711/711 706/706/706 
f 714/714/714 711/711/711 713/713/713 
f 715/715/715 714/714/714 713/713/713 
f 716/716/716 712/712/712 710/710/710 
f 717/717/717 714/714/714 715/715/715 
f 712/712/712 716/716/716 718/718/718 
f 719/719/719 717/717/717 715/715/715 
f 716/716/716 720/720/720 718/718/718 
f 719/719/719 721/721/721 717/717/717 
f 722/722/722 720/720/720 716/716/716 
f 722/722/722 723/723/723 720/720/720 
f 724/724/724 723/723/723 722/722/722 
f 719/719/719 725/725/725 721/721/721 
f 725/725/725 726/726/726 721/721/721 
f 725/725/725 727/727/727 726/726/726 
f 728/728/728 726/726/726 727/727/727 
f 726/726/726 728/728/728 729/729/729 
f 730/730/730 729/729/729 728/728/728 
f 729/729/729 730/730/730 731/731/731 
f 732/732/732 731/731/731 730/730/730 
f 731/731/731 732/732/732 733/733/733 
f 734/734/734 733/733/733 732/732/732 
f 733/733/733 734/734/734 735/735/735 
f 736/736/736 735/735/735 734/734/734 
f 735/735/735 736/736/736 737/737/737 
f 736/736/736 738/738/738 737/737/737 
f 738/738/738 736/736/736 739/739/739 
f 739/739/739 740/740/740 738/738/738 
f 740/740/740 739/739/739 741/741/741 
f 741/741/741 742/742/742 740/740/740 
f 742/742/742 741/741/741 743/743/743 
f 744/744/744 742/742/742 743/743/743 
f 742/742/742 744/744/744 745/745/745 
f 746/746/746 745/745/745 744/744/744 
f 745/745/745 746/746/746 747/747/747 
f 748/748/748 749/749/749 750/750/750 
f 748/748/748 750/750/750 751/751/751 
f 752/752/752 750/750/750 749/749/749 
f 751/751/751 753/753/753 748/748/748 
f 749/749/749 754/754/754 752/752/752 
f 753/753/753 751/751/751 755/755/755 
f 756/756/756 752/752/752 754/754/754 
f 755/755/755 757/757/757 753/753/753 
f 756/756/756 754/754/754 758/758/758 
f 757/757/757 755/755/755 759/759/759 
f 760/760/760 756/756/756 758/758/758 
f 761/761/761 757/757/757 759/759/759 
f 760/760/760 758/758/758 762/762/762 
f 757/757/757 761/761/761 763/763/763 
f 764/764/764 760/760/760 762/762/762 
f 760/760/760 764/764/764 765/765/765 
f 766/766/766 765/765/765 764/764/764 
f 761/761/761 767/767/767 763/763/763 
f 765/765/765 766/766/766 768/768/768 
f 761/761/761 769/769/769 767/767/767 
f 770/770/770 768/768/768 766/766/766 
f 768/768/768 770/770/770 771/771/771 
f 772/772/772 767/767/767 769/769/769 
f 767/767/767 772/772/772 773/773/773 
f 774/774/774 773/773/773 772/772/772 
f 773/773/773 774/774/774 775/775/775 
f 776/776/776 775/775/775 774/774/774 
f 775/775/775 776/776/776 777/777/777 
f 778/778/778 777/777/777 776/776/776 
f 777/777/777 778/778/778 779/779/779 
f 780/780/780 779/779/779 778/778/778 
f 779/779/779 780/780/780 781/781/781 
f 782/782/782 781/781/781 780/780/780 
f 781/781/781 782/782/782 783/783/783 
f 784/784/784 783/783/783 782/782/782 
f 783/783/783 784/784/784 785/785/785 
f 786/786/786 785/785/785 784/784/784 
f 784/784/784 787/787/787 786/786/786 
f 788/788/788 786/786/786 787/787/787 
f 786/786/786 788/788/788 789/789/789 

