# This file is brought to you by Roblox Corporation
# Generated by Roblox Studio

mtllib t6.mtl

g Tier121

v 0.14259 3.51477 -0.864126 
v -0.510203 3.51477 -0.711856 
v -1.20978e-07 3.63001 -5.1864e-07 
v -0.510203 3.51477 -0.711856 
v -0.864126 3.51477 -0.142591 
v -1.20978e-07 3.63001 -5.1864e-07 
v 0.711856 3.51477 -0.510203 
v 0.14259 3.51477 -0.864126 
v -1.20978e-07 3.63001 -5.1864e-07 
v -0.864126 3.51477 -0.142591 
v -0.711856 3.51477 0.510202 
v -1.20978e-07 3.63001 -5.1864e-07 
v 0.864126 3.51477 0.14259 
v 0.711856 3.51477 -0.510203 
v -1.20978e-07 3.63001 -5.1864e-07 
v -0.711856 3.51477 0.510202 
v -0.14259 3.51477 0.864125 
v -1.20978e-07 3.63001 -5.1864e-07 
v 0.510203 3.51477 0.711855 
v 0.864126 3.51477 0.14259 
v -1.20978e-07 3.63001 -5.1864e-07 
v -0.14259 3.51477 0.864125 
v 0.510203 3.51477 0.711855 
v -1.20978e-07 3.63001 -5.1864e-07 
v -0.510203 3.51477 -0.711856 
v -0.261777 3.28429 -1.12226 
v -0.97866 3.28429 -0.608451 
v -0.864126 3.51477 -0.142591 
v -0.97866 3.28429 -0.608451 
v -1.12226 3.28429 0.261777 
v 0.608451 3.28429 -0.97866 
v 0.711856 3.51477 -0.510203 
v 1.12226 3.28429 -0.261777 
v -0.39057 -3.04459 -1.6744 
v -0.327689 -3.04435 -1.40483 
v -0.454329 -2.90607 -1.51729 
v -0.263876 -2.90607 -1.56171 
v -0.390516 -2.76778 -1.67417 
v 0.124399 -3.28192 -1.41847 
v 0.098296 -3.2208 -1.19243 
v 0.0548029 -3.1253 -1.31845 
v 0.19868 -3.14387 -1.29681 
v 0.155187 -3.04837 -1.42283 
v -0.733114 -3.28192 -1.22068 
v -0.62137 -3.2208 -1.02247 
v -0.730629 -3.1253 -1.09886 
v -0.601513 -3.14387 -1.16593 
v -0.710772 -3.04837 -1.24231 
v 0.181308 -2.76023 -1.96809 
v 0.138633 -2.83758 -1.65989 
v 0.0521661 -2.62857 -1.81332 
v 0.29399 -2.65105 -1.78547 
v 0.207523 -2.44204 -1.93889 
v -1.01013 -2.76023 -1.69879 
v -0.863505 -2.83758 -1.42437 
v -1.02364 -2.62857 -1.49767 
v -0.811631 -2.65105 -1.61728 
v -0.971762 -2.44204 -1.69058 
v -0.496813 -2.4396 -2.12987 
v -0.422243 -2.60157 -1.81019 
v -0.595336 -2.34019 -1.90656 
v -0.309656 -2.34019 -1.9732 
v -0.482749 -2.07882 -2.06958 
v -1.30017 -3.04459 -1.12505 
v -1.09084 -3.04435 -0.943919 
v -1.2594 -2.90606 -0.960463 
v -1.13143 -2.90607 -1.10835 
v -1.29999 -2.76778 -1.12489 
v 0.864126 3.51477 0.14259 
v 0.97866 3.28429 0.60845 
v 1.12226 3.28429 -0.261777 
v 0.668212 -3.04459 -1.58419 
v 0.560632 -3.04435 -1.32914 
v 0.524279 -2.90607 -1.49456 
v 0.704472 -2.90606 -1.41855 
v 0.668119 -2.76778 -1.58397 
v 0.934396 -3.28192 -1.07444 
v 0.780416 -3.2208 -0.906919 
v 0.819302 -3.1253 -1.03444 
v 0.922985 -3.14387 -0.932364 
v 0.96187 -3.04837 -1.05988 
v -1.19221 -2.08669 -2.01817 
v -1.03742 -2.34184 -1.73324 
v -1.22423 -2.00808 -1.74395 
v -0.930284 -2.02462 -1.91846 
v -1.1171 -1.69086 -1.92917 
v -1.65384 -2.4396 -1.43108 
v -1.4056 -2.60157 -1.21628 
v -1.60229 -2.34019 -1.19251 
v -1.41034 -2.34019 -1.41434 
v -1.60702 -2.07882 -1.39057 
v 0.221732 -2.08669 -2.3335 
v 0.179484 -2.34184 -2.01199 
v 0.0346477 -2.00808 -2.13047 
v 0.375024 -2.02462 -2.09887 
v 0.230188 -1.69086 -2.21734 
v 0.849977 -2.4396 -2.01512 
v 0.7224 -2.60157 -1.71266 
v 0.639014 -2.34019 -1.89237 
v 0.909302 -2.34019 -1.77837 
v 0.825916 -2.07882 -1.95808 
v -1.3106 -3.28192 -0.556641 
v -1.10369 -3.2208 -0.461966 
v -1.23698 -3.1253 -0.459543 
v -1.17195 -3.14387 -0.589694 
v -1.30524 -3.04837 -0.587271 
v -0.555892 -1.71283 -2.38315 
v -0.487696 -2.06129 -2.09079 
v -0.692049 -1.67497 -2.10595 
v -0.311142 -1.67497 -2.1948 
v -0.515495 -1.28866 -2.20997 
v 1.30349 -2.76023 -1.48565 
v 1.08782 -2.83758 -1.2614 
v 1.10804 -2.62857 -1.43634 
v 1.28732 -2.65105 -1.27167 
v 1.30754 -2.44204 -1.44662 
v -1.81573 -2.76023 -0.780606 
v -1.53581 -2.83758 -0.644783 
v -1.70845 -2.62857 -0.609958 
v -1.60724 -2.65105 -0.831342 
v -1.77987 -2.44204 -0.796516 
v -1.71315 -3.04459 -0.145964 
v -1.43733 -3.04435 -0.122464 
v -1.58342 -2.90606 -0.0367743 
v -1.56682 -2.90606 -0.231634 
v -1.71291 -2.76778 -0.145944 
v -1.85051 -1.71283 -1.60126 
v -1.62349 -2.06129 -1.40482 
v -1.79773 -1.67497 -1.29697 
v -1.54179 -1.67497 -1.59275 
v -1.71603 -1.28866 -1.4849 
v 1.47176 -3.04459 -0.888874 
v 1.23481 -3.04435 -0.745767 
v 1.30263 -2.90606 -0.90096 
v 1.40373 -2.90606 -0.733556 
v 1.47156 -2.76778 -0.888749 
v 0.951054 -1.71283 -2.25475 
v 0.83438 -2.06129 -1.97814 
v 0.677968 -1.67497 -2.11053 
v 1.03835 -1.67497 -1.95852 
v 0.881941 -1.28866 -2.0909 
v -1.26098 -1.32524 -2.14367 
v -1.12991 -1.76526 -1.92666 
v -1.31824 -1.32524 -1.81292 
v -0.941585 -1.32524 -2.0404 
v -1.12991 -0.885218 -1.92666 
v 0.239864 -1.32524 -2.47545 
v 0.218342 -1.76526 -2.22285 
v -0.000875771 -1.32524 -2.24152 
v 0.437559 -1.32524 -2.20417 
v 0.218341 -0.885218 -2.22285 
v 1.38749 -3.28192 -0.32002 
v 1.16444 -3.2208 -0.274996 
v 1.27086 -3.1253 -0.355302 
v 1.29474 -3.14387 -0.211781 
v 1.40115 -3.04837 -0.292088 
v -2.15077 -2.08669 -0.931969 
v -1.85806 -2.34184 -0.792439 
v -2.01549 -2.00808 -0.691302 
v -1.88026 -2.02462 -1.00526 
v -2.03769 -1.69086 -0.904119 
v 1.55098 -2.08669 -1.75751 
v 1.32783 -2.34184 -1.52224 
v 1.28029 -2.00808 -1.70322 
v 1.53709 -2.02462 -1.47759 
v 1.48955 -1.69086 -1.65857 
v -0.56882 -0.748369 -2.43857 
v -0.51897 -1.27814 -2.22486 
v -0.739662 -0.79524 -2.09485 
v -0.263529 -0.79524 -2.20591 
v -0.484222 -0.312345 -2.07589 
v -1.38749 -3.28192 0.320021 
v -1.16444 -3.2208 0.274997 
v -1.27086 -3.1253 0.355303 
v -1.29474 -3.14387 0.211782 
v -1.40115 -3.04837 0.292089 
v -2.17915 -2.43959 -0.185669 
v -1.85207 -2.60157 -0.157801 
v -1.99722 -2.34019 -0.0229623 
v -1.97232 -2.34019 -0.315252 
v -2.11747 -2.07882 -0.180413 
v 1.87211 -2.43959 -1.13066 
v 1.59111 -2.60157 -0.960956 
v 1.62928 -2.34019 -1.15536 
v 1.78094 -2.34019 -0.904253 
v 1.81911 -2.07882 -1.09866 
v -1.34982 -3.18984 -0.115006 
v -1.58711 -2.95496 0.370211 
v -1.62383 -2.95496 -0.138353 
v -1.81585 -2.67995 0.423567 
v -0.964089 -3.3788 -0.40665 
v -1.24821 -3.18984 -0.526494 
v -1.85787 -2.67995 -0.158293 
v -1.99988 -2.37158 0.466493 
v -1.5016 -2.95496 -0.633374 
v -2.04615 -2.37158 -0.174335 
v -2.13466 -2.03745 0.497932 
v -1.71802 -2.67995 -0.724658 
v -2.18405 -2.03745 -0.186085 
v -2.21688 -1.68579 0.517111 
v -1.89213 -2.37158 -0.798098 
v -2.26818 -1.68579 -0.193253 
v -2.01965 -2.03745 -0.851886 
v -2.24452 -1.32524 0.523557 
v -1.5529 -2.37158 -1.34374 
v -1.41 -2.67995 -1.22009 
v -1.23239 -2.95496 -1.0664 
v -1.06165 -2.37158 -1.75784 
v -2.09744 -1.68579 -0.884699 
v -1.65756 -2.03745 -1.4343 
v -2.29645 -1.32524 -0.195662 
v -1.7214 -1.68579 -1.48954 
v -1.13321 -2.03745 -1.87631 
v -1.17685 -1.68579 -1.94858 
v -0.49793 -2.03745 -2.13466 
v -0.517108 -1.68579 -2.21688 
v -0.46649 -2.37158 -1.99988 
v -0.523554 -1.32524 -2.24451 
v -0.963962 -2.67995 -1.59609 
v -0.423564 -2.67995 -1.81585 
v -0.842534 -2.95496 -1.39503 
v -0.370208 -2.95496 -1.58711 
v -0.700359 -3.18984 -1.15962 
v -0.307737 -3.18984 -1.31929 
v -0.54094 -3.3788 -0.895664 
v -1.02443 -3.18984 -0.886445 
v -0.237688 -3.3788 -1.01899 
v -0.79124 -3.3788 -0.684667 
v -0.3682 -3.5172 -0.609649 
v -0.161787 -3.5172 -0.693591 
v -0.538572 -3.5172 -0.46603 
v -0.656224 -3.5172 -0.276793 
v -0.709641 -3.5172 -0.060461 
v -0.186395 -3.60163 -0.308623 
v -0.0819013 -3.60163 -0.351117 
v 5.90934e-07 -3.63001 2.47577e-06 
v -0.272642 -3.60163 -0.235919 
v 5.90934e-07 -3.63001 2.47577e-06 
v -0.332202 -3.60163 -0.14012 
v 5.90934e-07 -3.63001 2.47577e-06 
v -0.359243 -3.60163 -0.0306061 
v 5.90934e-07 -3.63001 2.47577e-06 
v -0.351119 -3.60163 0.0819044 
v 5.90934e-07 -3.63001 2.47577e-06 
v -1.89354 -0.748369 -1.6385 
v -1.7276 -1.27814 -1.49491 
v -1.82972 -0.79524 -1.26 
v -1.5098 -0.79524 -1.62972 
v -1.61192 -0.312345 -1.39481 
v 0.973172 -0.748369 -2.30719 
v 0.887885 -1.27814 -2.10499 
v 0.63292 -0.79524 -2.12953 
v 1.0834 -0.79524 -1.93952 
v 0.828436 -0.312345 -1.96405 
v 1.92779 -2.76023 -0.435737 
v 1.62149 -2.83758 -0.381087 
v 1.74069 -2.62857 -0.510732 
v 1.78893 -2.65105 -0.272139 
v 1.90812 -2.44204 -0.401784 
v -1.92779 -2.76023 0.435738 
v -1.62149 -2.83758 0.381088 
v -1.74069 -2.62857 0.510733 
v -1.78893 -2.65105 0.27214 
v -1.90812 -2.44204 0.401785 
v -2.28018 -1.32524 -0.993082 
v -2.04658 -1.76526 -0.894552 
v -2.13209 -1.32524 -0.691835 
v -1.96108 -1.32524 -1.09727 
v -2.04658 -0.885218 -0.894552 
v -1.47176 -3.04459 0.888875 
v -1.23481 -3.04435 0.745768 
v -1.30263 -2.90606 0.900961 
v -1.40373 -2.90606 0.733557 
v -1.47156 -2.76778 0.88875 
v 1.3106 -3.28192 0.556642 
v 1.10369 -3.2208 0.461967 
v 1.23699 -3.1253 0.459544 
v 1.17195 -3.14387 0.589695 
v 1.30524 -3.04837 0.587272 
v 1.64909 -1.32524 -1.8617 
v 1.4832 -1.76526 -1.66998 
v 1.31683 -1.32524 -1.81395 
v 1.64957 -1.32524 -1.52602 
v 1.4832 -0.885218 -1.66998 
v 1.71315 -3.04459 0.145965 
v 1.43733 -3.04435 0.122465 
v 1.58342 -2.90606 0.0367752 
v 1.56682 -2.90606 0.231635 
v 1.71291 -2.76778 0.145945 
v -2.43829 -1.71283 -0.207749 
v -2.13916 -2.06129 -0.182262 
v -2.21673 -1.67497 0.00740331 
v -2.18353 -1.67497 -0.382317 
v -2.2611 -1.28866 -0.192652 
v -0.934396 -3.28192 1.07445 
v -0.780416 -3.2208 0.90692 
v -0.819302 -3.1253 1.03444 
v -0.922985 -3.14387 0.932365 
v -0.96187 -3.04837 1.05988 
v -2.09744 -0.784424 -0.884699 
v -2.12359 -1.32524 -0.895727 
v -1.74286 -1.32524 -1.50811 
v -1.7214 -0.784424 -1.48954 
v -1.19152 -1.32524 -1.97287 
v -1.17685 -0.784424 -1.94858 
v -0.517109 -0.784424 -2.21688 
v -1.65756 -0.256923 -1.4343 
v -2.01965 -0.256923 -0.851887 
v -1.13321 -0.256923 -1.87631 
v -0.497929 -0.256923 -2.13466 
v -1.5529 0.244272 -1.34374 
v -1.89213 0.244272 -0.798099 
v -1.06166 0.244272 -1.75784 
v -0.46649 0.244272 -1.99988 
v -1.41 0.70682 -1.22009 
v -1.71802 0.70682 -0.724658 
v -0.963963 0.70682 -1.59609 
v 2.09473 -1.71283 -1.26512 
v 1.83775 -2.06129 -1.10991 
v 1.78902 -1.67497 -1.30895 
v 1.99123 -1.67497 -0.974145 
v 1.94251 -1.28866 -1.17318 
v -2.28781 -2.08669 0.510212 
v -1.96898 -2.34184 0.451042 
v -2.0369 -2.00808 0.6254 
v -2.11203 -2.02462 0.291918 
v -2.17995 -1.69086 0.466275 
v 0.733114 -3.28192 1.22069 
v 0.62137 -3.2208 1.02247 
v 0.730629 -3.1253 1.09886 
v 0.601513 -3.14387 1.16593 
v 0.710773 -3.04837 1.24231 
v 2.28781 -2.08669 -0.510211 
v 1.96898 -2.34184 -0.451041 
v 2.0369 -2.00808 -0.625399 
v 2.11203 -2.02462 -0.291917 
v 2.17995 -1.69086 -0.466275 
v 1.94859 -1.68579 -1.17685 
v 2.24452 -1.32524 -0.523552 
v 2.21688 -1.68579 -0.517106 
v 1.71802 -2.67995 0.724662 
v 2.04615 -2.37158 0.17434 
v 1.89213 -2.37158 0.798102 
v 1.41 -2.67995 1.22009 
v 1.87631 -2.03745 -1.1332 
v 2.13466 -2.03745 -0.497928 
v 1.99988 -2.37158 -0.466488 
v 1.75784 -2.37158 -1.06165 
v 1.85787 -2.67995 0.158297 
v 1.59609 -2.67995 -0.96396 
v 1.81585 -2.67995 -0.423562 
v 1.5016 -2.95496 0.633378 
v 1.23239 -2.95496 1.0664 
v 1.62383 -2.95496 0.138357 
v 1.39503 -2.95496 -0.842532 
v 1.58711 -2.95496 -0.370207 
v 1.24821 -3.18984 0.526498 
v 1.0664 -2.95496 -1.23238 
v 1.34982 -3.18984 0.11501 
v 1.31929 -3.18984 -0.307735 
v 1.15963 -3.18984 -0.700357 
v 0.895666 -3.3788 -0.540938 
v 1.01899 -3.3788 -0.237686 
v 1.04257 -3.3788 0.0888317 
v 0.709642 -3.5172 0.0604657 
v 0.96409 -3.3788 0.406654 
v 1.02443 -3.18984 0.886449 
v 0.791241 -3.3788 0.684671 
v 0.656225 -3.5172 0.276798 
v -0.124399 -3.28192 1.41847 
v -0.0982958 -3.2208 1.19243 
v -0.0548026 -3.1253 1.31845 
v -0.19868 -3.14387 1.29682 
v -0.155187 -3.04837 1.42284 
v -0.423564 0.70682 -1.81585 
v -1.23239 1.11933 -1.0664 
v -1.5016 1.11933 -0.633374 
v -0.842535 1.11933 -1.39503 
v -0.370209 1.11933 -1.58711 
v -1.02443 1.47165 -0.886446 
v -0.70036 1.47165 -1.15963 
v -0.307738 1.47165 -1.31929 
v -0.237689 1.7551 -1.01899 
v -0.540941 1.7551 -0.895665 
v -0.161787 1.9627 -0.693593 
v -1.24822 1.47165 -0.526495 
v -1.62383 1.11933 -0.138353 
v -0.791242 1.7551 -0.684668 
v -0.368201 1.9627 -0.609651 
v -0.081902 2.08934 -0.35112 
v -0.538573 1.9627 -0.466032 
v -0.186396 2.08934 -0.308625 
v 3.87392e-07 2.13191 1.52758e-06 
v -0.272644 2.08934 -0.235921 
v 3.87392e-07 2.13191 1.52758e-06 
v -0.332204 2.08934 -0.140122 
v 3.87392e-07 2.13191 1.52758e-06 
v -0.656226 1.9627 -0.276794 
v -0.96409 1.7551 -0.406651 
v -1.04257 1.7551 -0.0888278 
v -0.709643 1.9627 -0.0604619 
v -0.359245 2.08934 -0.0306071 
v 3.87392e-07 2.13191 1.52758e-06 
v -0.693594 1.9627 0.161789 
v -1.34982 1.47165 -0.115006 
v -1.01899 1.7551 0.237691 
v -1.58711 1.11933 0.370211 
v -1.81585 0.706821 0.423566 
v -1.39503 1.11933 0.842536 
v -1.31929 1.47165 0.30774 
v -1.15963 1.47165 0.700362 
v -0.886447 1.47165 1.02443 
v -0.895666 1.7551 0.540942 
v -0.684669 1.7551 0.791243 
v -0.406652 1.7551 0.964092 
v -0.609652 1.9627 0.368203 
v -0.351121 2.08934 0.0819039 
v 3.87392e-07 2.13191 1.52758e-06 
v -0.308627 2.08934 0.186398 
v 3.87392e-07 2.13191 1.52758e-06 
v -0.466033 1.9627 0.538575 
v -0.276795 1.9627 0.656228 
v -0.060463 1.9627 0.709644 
v -0.140123 2.08934 0.332206 
v -0.235922 2.08934 0.272646 
v 3.87392e-07 2.13191 1.52758e-06 
v 3.87392e-07 2.13191 1.52758e-06 
v -1.87211 -2.43959 1.13066 
v -1.59111 -2.60157 0.960956 
v -1.62928 -2.34019 1.15536 
v -1.78094 -2.34019 0.904254 
v -1.81911 -2.07882 1.09866 
v -2.495 -0.748369 -0.21258 
v -2.27634 -1.27814 -0.19395 
v -2.22089 -0.79524 0.056118 
v -2.17938 -0.79524 -0.431032 
v -2.12393 -0.312345 -0.180964 
v -0.668212 -3.04459 1.58419 
v -0.560632 -3.04435 1.32914 
v -0.524279 -2.90606 1.49456 
v -0.704471 -2.90606 1.41855 
v -0.668119 -2.76778 1.58397 
v 2.17915 -2.43959 0.18567 
v 1.85207 -2.60157 0.157802 
v 1.99722 -2.34019 0.022963 
v 1.97232 -2.34019 0.315253 
v 2.11747 -2.07882 0.180414 
v 1.30017 -3.04459 1.12505 
v 1.09084 -3.04435 0.94392 
v 1.2594 -2.90606 0.960464 
v 1.13143 -2.90606 1.10835 
v 1.29999 -2.76778 1.12489 
v 2.14345 -0.748369 -1.29454 
v 1.9556 -1.27814 -1.18109 
v 1.76375 -0.79524 -1.3508 
v 2.01651 -0.79524 -0.932294 
v 1.82466 -0.312345 -1.10201 
v 1.81573 -2.76023 0.780607 
v 1.53581 -2.83758 0.644784 
v 1.70845 -2.62857 0.609959 
v 1.60724 -2.65105 0.831343 
v 1.77987 -2.44204 0.796517 
v -1.30349 -2.76023 1.48565 
v -1.08782 -2.83758 1.2614 
v -1.10804 -2.62857 1.43634 
v -1.28732 -2.65105 1.27167 
v -1.30754 -2.44204 1.44662 
v 0.390571 -3.04459 1.6744 
v 0.32769 -3.04435 1.40483 
v 0.45433 -2.90606 1.51729 
v 0.263876 -2.90606 1.56171 
v 0.390516 -2.76778 1.67417 
v 0.540941 -3.3788 0.895668 
v 0.70036 -3.18984 1.15963 
v 0.538573 -3.5172 0.466035 
v 0.368202 -3.5172 0.609654 
v 0.359244 -3.60163 0.030611 
v 0.332203 -3.60163 0.140125 
v 5.90934e-07 -3.63001 2.47577e-06 
v 0.272644 -3.60163 0.235923 
v 5.90934e-07 -3.63001 2.47577e-06 
v 0.186396 -3.60163 0.308628 
v 5.90934e-07 -3.63001 2.47577e-06 
v 0.35112 -3.60163 -0.0818995 
v 5.90934e-07 -3.63001 2.47577e-06 
v 0.693594 -3.5172 -0.161785 
v 0.308626 -3.60163 -0.186393 
v 5.90934e-07 -3.63001 2.47577e-06 
v 0.609652 -3.5172 -0.368198 
v 0.68467 -3.3788 -0.791238 
v 0.466033 -3.5172 -0.53857 
v 0.235921 -3.60163 -0.27264 
v 5.90934e-07 -3.63001 2.47577e-06 
v 0.276796 -3.5172 -0.656222 
v 0.886447 -3.18984 -1.02442 
v 0.140123 -3.60163 -0.3322 
v 5.90934e-07 -3.63001 2.47577e-06 
v 0.406653 -3.3788 -0.964086 
v 0.060464 -3.5172 -0.709639 
v 0.0306092 -3.60163 -0.359241 
v 5.90934e-07 -3.63001 2.47577e-06 
v -0.161787 -3.5172 -0.693591 
v -0.0819013 -3.60163 -0.351117 
v 5.90934e-07 -3.63001 2.47577e-06 
v 0.08883 -3.3788 -1.04256 
v -0.237688 -3.3788 -1.01899 
v 0.526497 -3.18984 -1.24821 
v 0.115009 -3.18984 -1.34982 
v -0.307737 -3.18984 -1.31929 
v 0.633376 -2.95496 -1.5016 
v -0.370208 -2.95496 -1.58711 
v 0.138356 -2.95496 -1.62383 
v -0.423564 -2.67995 -1.81585 
v 0.158296 -2.67995 -1.85786 
v -0.46649 -2.37158 -1.99988 
v 0.72466 -2.67995 -1.71802 
v 0.174338 -2.37158 -2.04615 
v -0.49793 -2.03745 -2.13466 
v 1.22009 -2.67995 -1.41 
v 0.7981 -2.37158 -1.89213 
v 1.34374 -2.37158 -1.55289 
v 0.186088 -2.03745 -2.18405 
v -0.517108 -1.68579 -2.21688 
v 0.851889 -2.03745 -2.01965 
v 1.4343 -2.03745 -1.65755 
v 0.193255 -1.68579 -2.26817 
v -0.523554 -1.32524 -2.24451 
v 0.884701 -1.68579 -2.09744 
v 1.48955 -1.68579 -1.7214 
v 1.97287 -1.32524 -1.19152 
v 1.94858 -0.784423 -1.17685 
v 1.50811 -1.32524 -1.74286 
v 1.48955 -0.784424 -1.7214 
v 1.4343 -0.256923 -1.65755 
v 0.895729 -1.32524 -2.12359 
v 0.195664 -1.32524 -2.29645 
v 0.884701 -0.784424 -2.09744 
v 0.193255 -0.784424 -2.26817 
v -0.517109 -0.784424 -2.21688 
v 0.851889 -0.256923 -2.01965 
v 0.798101 0.244272 -1.89213 
v 0.186088 -0.256923 -2.18405 
v -0.497929 -0.256923 -2.13466 
v 0.174338 0.244272 -2.04615 
v -0.46649 0.244272 -1.99988 
v 0.72466 0.70682 -1.71802 
v 1.22009 0.70682 -1.41 
v 0.633376 1.11933 -1.5016 
v 0.158296 0.70682 -1.85786 
v 0.138355 1.11933 -1.62383 
v -0.423564 0.70682 -1.81585 
v -2.42842 -1.32524 0.536833 
v -2.18152 -1.76526 0.479243 
v -2.13155 -1.32524 0.693502 
v -2.2315 -1.32524 0.264983 
v -2.18152 -0.885218 0.479242 
v 2.42842 -1.32524 -0.536833 
v 2.18152 -1.76526 -0.479242 
v 2.13155 -1.32524 -0.693502 
v 2.2315 -1.32524 -0.264982 
v 2.18152 -0.885218 -0.479242 
v -1.94858 -0.784423 1.17686 
v -1.97287 -1.32524 1.19153 
v -1.94858 -1.68579 1.17686 
v -1.34374 -2.37158 1.5529 
v -0.851888 -2.03745 2.01966 
v -1.4343 -2.03745 1.65756 
v -0.7981 -2.37158 1.89213 
v -1.87631 -2.03745 1.13321 
v -1.22009 -2.67995 1.41 
v -0.724659 -2.67995 1.71802 
v -1.75784 -2.37158 1.06166 
v -1.59609 -2.67995 0.963965 
v -1.0664 -2.95496 1.23239 
v -0.633375 -2.95496 1.50161 
v -0.158295 -2.67995 1.85787 
v -1.39503 -2.95496 0.842537 
v -0.886446 -3.18984 1.02443 
v -0.138355 -2.95496 1.62384 
v 0.423565 -2.67995 1.81585 
v -0.526495 -3.18984 1.24822 
v 0.370209 -2.95496 1.58711 
v 0.842534 -2.95496 1.39503 
v -0.115007 -3.18984 1.34982 
v 0.307738 -3.18984 1.3193 
v 0.23769 -3.3788 1.01899 
v -0.0888285 -3.3788 1.04257 
v 0.161788 -3.5172 0.693596 
v -0.406651 -3.3788 0.964091 
v -0.0604627 -3.5172 0.709644 
v 0.0819025 -3.60163 0.351122 
v 5.90934e-07 -3.63001 2.47577e-06 
v -0.0306079 -3.60163 0.359246 
v 5.90934e-07 -3.63001 2.47577e-06 
v -0.140122 -3.60163 0.332205 
v 5.90934e-07 -3.63001 2.47577e-06 
v -0.276795 -3.5172 0.656227 
v -0.23592 -3.60163 0.272645 
v 5.90934e-07 -3.63001 2.47577e-06 
v -0.684668 -3.3788 0.791243 
v -0.466032 -3.5172 0.538575 
v -0.895665 -3.3788 0.540943 
v -0.308625 -3.60163 0.186398 
v 5.90934e-07 -3.63001 2.47577e-06 
v -0.609651 -3.5172 0.368203 
v 5.90934e-07 -3.63001 2.47577e-06 
v -1.01899 -3.3788 0.237691 
v -1.15963 -3.18984 0.700362 
v -0.693593 -3.5172 0.16179 
v -1.31929 -3.18984 0.30774 
v -1.04256 -3.3788 -0.0888269 
v -2.09473 -1.71283 1.26512 
v -1.83775 -2.06129 1.10992 
v -1.78902 -1.67497 1.30895 
v -1.99123 -1.67497 0.974145 
v -1.94251 -1.28866 1.17318 
v 1.01013 -2.76023 1.69879 
v 0.863505 -2.83758 1.42437 
v 1.02364 -2.62857 1.49767 
v 0.811631 -2.65105 1.61728 
v 0.971763 -2.44204 1.69058 
v -0.181308 -2.76023 1.96809 
v -0.138633 -2.83758 1.6599 
v -0.0521659 -2.62857 1.81332 
v -0.29399 -2.65105 1.78547 
v -0.207523 -2.44204 1.93889 
v 2.43829 -1.71283 0.207749 
v 2.13916 -2.06129 0.182263 
v 2.21673 -1.67497 -0.00740251 
v 2.18353 -1.67497 0.382318 
v 2.2611 -1.28866 0.192652 
v -0.849977 -2.43959 2.01512 
v -0.7224 -2.60157 1.71266 
v -0.639014 -2.34019 1.89237 
v -0.909302 -2.34019 1.77837 
v -0.825916 -2.07882 1.95808 
v -1.55098 -2.08669 1.75751 
v -1.32783 -2.34184 1.52224 
v -1.28029 -2.00808 1.70322 
v -1.53709 -2.02462 1.47759 
v -1.48955 -1.69086 1.65857 
v 1.65384 -2.43959 1.43108 
v 1.4056 -2.60157 1.21628 
v 1.60229 -2.34019 1.19251 
v 1.41034 -2.34019 1.41434 
v 1.60702 -2.07882 1.39057 
v 2.15077 -2.08669 0.93197 
v 1.85806 -2.34184 0.79244 
v 2.01549 -2.00808 0.691303 
v 1.88026 -2.02462 1.00526 
v 2.03769 -1.69086 0.904119 
v 0.496813 -2.43959 2.12987 
v 0.422244 -2.60157 1.81019 
v 0.595336 -2.34019 1.90657 
v 0.309656 -2.34019 1.9732 
v 0.482749 -2.07882 2.06958 
v -2.14345 -0.748369 1.29454 
v -1.9556 -1.27813 1.18109 
v -1.76375 -0.79524 1.3508 
v -2.01651 -0.79524 0.932295 
v -1.82466 -0.312344 1.10201 
v 2.495 -0.748369 0.21258 
v 2.27634 -1.27813 0.19395 
v 2.22089 -0.79524 -0.0561177 
v 2.17938 -0.79524 0.431032 
v 2.12393 -0.312344 0.180964 
v -0.221731 -2.08669 2.3335 
v -0.179483 -2.34184 2.012 
v -0.0346476 -2.00808 2.13047 
v -0.375024 -2.02462 2.09887 
v -0.230189 -1.69086 2.21734 
v -1.64909 -1.32524 1.8617 
v -1.4832 -1.76526 1.66998 
v -1.31683 -1.32524 1.81395 
v -1.64957 -1.32524 1.52602 
v -1.4832 -0.885218 1.66998 
v 1.19221 -2.08669 2.01817 
v 1.03742 -2.34184 1.73324 
v 1.22423 -2.00808 1.74395 
v 0.930284 -2.02462 1.91846 
v 1.1171 -1.69086 1.92917 
v -0.951054 -1.71283 2.25475 
v -0.83438 -2.06129 1.97814 
v -0.677968 -1.67497 2.11053 
v -1.03835 -1.67497 1.95852 
v -0.881942 -1.28866 2.0909 
v 2.28018 -1.32524 0.993082 
v 2.04658 -1.76526 0.894552 
v 2.13209 -1.32524 0.691836 
v 1.96108 -1.32524 1.09727 
v 2.04658 -0.885218 0.894552 
v 1.85051 -1.71283 1.60126 
v 1.62349 -2.06129 1.40482 
v 1.79773 -1.67497 1.29698 
v 1.54179 -1.67497 1.59275 
v 1.71603 -1.28866 1.4849 
v -0.526496 1.47165 1.24822 
v -0.138355 1.11933 1.62384 
v -0.115008 1.47165 1.34982 
v -0.088829 1.7551 1.04257 
v -0.633376 1.11933 1.50161 
v -0.149474 0.889309 1.75434 
v -0.63948 0.889309 1.63878 
v -0.759832 0.887398 1.58102 
v -0.689849 0.869181 1.62805 
v -0.727309 0.828394 1.64152 
v -0.742245 0.779918 1.66275 
v -1.22009 0.706821 1.41 
v -0.678856 0.15253 1.94735 
v -1.0664 1.11933 1.23239 
v -1.34374 0.244273 1.5529 
v -1.75784 0.244273 1.06166 
v -1.87631 -0.256923 1.13321 
v -1.59609 0.706821 0.963965 
v -1.99988 0.244272 0.466492 
v -2.13466 -0.256923 0.497932 
v -2.21688 -0.784423 0.517111 
v -2.26818 -0.784423 -0.193253 
v -2.18405 -0.256923 -0.186085 
v -2.04615 0.244272 -0.174336 
v -1.85787 0.70682 -0.158293 
v 0.115009 1.47165 -1.34982 
v -0.370209 1.11933 -1.58711 
v -0.307738 1.47165 -1.31929 
v -0.237689 1.7551 -1.01899 
v 0.0888299 1.7551 -1.04256 
v -0.161787 1.9627 -0.693593 
v 0.526497 1.47165 -1.24821 
v 0.0604639 1.9627 -0.709641 
v -0.081902 2.08934 -0.35112 
v 0.0306091 2.08934 -0.359244 
v 3.87392e-07 2.13191 1.52758e-06 
v 0.140124 2.08934 -0.332202 
v 3.87392e-07 2.13191 1.52758e-06 
v 0.276796 1.9627 -0.656225 
v 0.406653 1.7551 -0.964089 
v 0.235922 2.08934 -0.272643 
v 3.87392e-07 2.13191 1.52758e-06 
v 0.68467 1.7551 -0.79124 
v 0.466034 1.9627 -0.538572 
v 0.308627 2.08934 -0.186395 
v 3.87392e-07 2.13191 1.52758e-06 
v 0.895667 1.7551 -0.540939 
v 0.886448 1.47165 -1.02443 
v 0.609653 1.9627 -0.3682 
v 0.351122 2.08934 -0.0819008 
v 3.87392e-07 2.13191 1.52758e-06 
v 1.01899 1.7551 -0.237688 
v 0.693595 1.9627 -0.161786 
v 0.709643 1.9627 0.060465 
v 1.15963 1.47165 -0.700359 
v 1.04257 1.7551 0.0888309 
v 1.31929 1.47165 -0.307736 
v 0.359246 2.08934 0.0306102 
v 3.87392e-07 2.13191 1.52758e-06 
v 0.332204 2.08934 0.140125 
v 3.87392e-07 2.13191 1.52758e-06 
v 0.96409 1.7551 0.406654 
v 1.34982 1.47165 0.11501 
v 0.656227 1.9627 0.276797 
v 0.791242 1.7551 0.684671 
v 0.538574 1.9627 0.466035 
v 0.272645 2.08934 0.235923 
v 3.87392e-07 2.13191 1.52758e-06 
v 0.186397 2.08934 0.308628 
v 3.87392e-07 2.13191 1.52758e-06 
v 0.368202 1.9627 0.609654 
v 0.161788 1.9627 0.693596 
v 1.24822 1.47165 0.526498 
v 0.0819028 2.08934 0.351123 
v 3.87392e-07 2.13191 1.52758e-06 
v 1.02443 1.47165 0.886449 
v 0.540941 1.7551 0.895668 
v 0.23769 1.7551 1.01899 
v 0.700361 1.47165 1.15963 
v -0.0306082 2.08934 0.359247 
v 3.87392e-07 2.13191 1.52758e-06 
v 3.87392e-07 2.13191 1.52758e-06 
v 0.307738 1.47165 1.3193 
v 0.370209 1.11933 1.58711 
v 0.842535 1.11933 1.39503 
v 0.399962 0.889309 1.71466 
v 0.910246 0.889309 1.50715 
v 1.23239 1.11933 1.0664 
v 1.29953 0.889309 1.19091 
v 1.5016 1.11933 0.633378 
v 1.38158 0.887489 1.08461 
v 1.33991 0.869312 1.15901 
v 1.37951 0.828394 1.15451 
v 1.4023 0.779918 1.16694 
v 1.71802 0.706821 0.724661 
v 1.46789 0.15253 1.44813 
v 1.62384 1.11933 0.138357 
v 1.85787 0.706821 0.158297 
v 1.89213 0.244273 0.798102 
v 1.58711 1.11933 -0.370207 
v 1.81585 0.706821 -0.423563 
v 1.39503 1.11933 -0.842533 
v 2.04615 0.244273 0.174339 
v 1.99988 0.244272 -0.466489 
v 1.59609 0.70682 -0.963961 
v 1.0664 1.11933 -1.23238 
v 1.75784 0.244272 -1.06165 
v 2.13466 -0.256923 -0.497928 
v 1.34374 0.244272 -1.5529 
v 2.18405 -0.256923 0.186089 
v 1.87631 -0.256923 -1.1332 
v 2.21688 -0.784423 -0.517107 
v 2.26818 -0.784423 0.193256 
v 2.01965 -0.256922 0.85189 
v 0.555892 -1.71283 2.38315 
v 0.487696 -2.06129 2.09079 
v 0.692049 -1.67497 2.10595 
v 0.311142 -1.67497 2.1948 
v 0.515495 -1.28865 2.20997 
v -0.973172 -0.748369 2.30719 
v -0.887885 -1.27813 2.10499 
v -0.63292 -0.795239 2.12953 
v -1.0834 -0.79524 1.93952 
v -0.828436 -0.312344 1.96405 
v 1.89354 -0.748369 1.6385 
v 1.7276 -1.27813 1.49491 
v 1.82972 -0.79524 1.26 
v 1.5098 -0.795239 1.62972 
v 1.61192 -0.312344 1.39482 
v -0.239865 -1.32524 2.47546 
v -0.218341 -1.76526 2.22285 
v 0.00087595 -1.32524 2.24152 
v -0.437559 -1.32524 2.20417 
v -0.218341 -0.885217 2.22285 
v 1.26098 -1.32524 2.14367 
v 1.12991 -1.76526 1.92666 
v 1.31824 -1.32524 1.81292 
v 0.941585 -1.32524 2.0404 
v 1.12991 -0.885217 1.92666 
v -0.237526 0.49639 1.92576 
v -0.420263 0.336763 1.94699 
v -0.237214 0.434916 1.95139 
v -0.452966 0.654657 1.80679 
v -0.321289 0.339905 1.97012 
v -0.253392 0.383972 1.96857 
v -0.291915 0.34933 1.97346 
v -0.389836 0.654657 1.82238 
v -0.253331 0.566013 1.89292 
v -0.328699 0.644808 1.84157 
v -0.283573 0.61526 1.86499 
v 1.19316 0.535786 1.49314 
v 1.17232 0.502503 1.52828 
v 1.21546 0.540541 1.47184 
v 1.17943 0.522541 1.51171 
v 1.2668 0.503182 1.44827 
v 1.27397 0.478049 1.45549 
v 1.16981 0.478049 1.5433 
v 1.25457 0.52288 1.44819 
v 1.23707 0.536126 1.45595 
v -0.139503 0.344999 2.00289 
v -0.0638997 0.323093 2.00629 
v -0.0891365 0.39051 1.98084 
v -0.124692 0.388047 1.9844 
v -0.0948833 0.427105 1.96645 
v -0.119993 0.495031 1.94078 
v -0.095984 0.464294 1.95148 
v -0.0831412 0.532305 1.92304 
v -0.1436 0.599297 1.90031 
v -0.0475496 0.584099 1.89952 
v 0.0120079 0.614071 1.88309 
v -0.19351 0.67911 1.8543 
v -0.152151 0.833914 1.78576 
v 0.258958 0.748395 1.8043 
v 0.407127 0.833914 1.74538 
v 0.0517824 0.617977 1.87864 
v 0.113293 0.60626 1.87894 
v 0.165486 0.571108 1.88939 
v 0.186665 0.546485 1.89782 
v 0.216654 0.487899 1.91936 
v 0.307261 0.244273 2.01138 
v 0.227472 0.406048 1.95169 
v 0.238453 0.317744 1.98662 
v 0.191953 0.264337 2.01159 
v 0.158942 0.363934 1.97368 
v 0.00876316 0.406048 1.96748 
v 0.0169498 0.374123 1.97981 
v 0.128851 0.331669 1.9889 
v 0.0857878 0.319102 1.9971 
v 0.0299822 0.346273 1.99013 
v 0.0516612 0.326574 1.99654 
v 0.13388 0.240648 2.02489 
v 0.476557 0.0838069 2.04303 
v 0.408954 0.244273 2.00403 
v 0.0841818 0.236233 2.02968 
v -0.58571 0.833913 1.67871 
v -0.283221 0.730395 1.81337 
v -0.401163 0.748395 1.77382 
v -0.584539 0.748395 1.72854 
v -0.633783 0.813835 1.67847 
v -0.67085 0.772999 1.69297 
v -0.685005 0.724523 1.71756 
v -0.530995 0.244273 1.95809 
v -0.634883 0.244273 1.93244 
v -0.631332 0.193197 1.94766 
v -0.606856 0.144722 1.96732 
v -0.561094 0.103886 1.99009 
v -0.508746 0.0838064 2.00866 
v -0.337792 0.244273 2.00579 
v -0.178099 0.0838069 2.0903 
v -0.237769 0.259497 2.02416 
v -0.163319 0.308914 2.01921 
v 0.0444038 0.240223 2.03147 
v -0.0197794 0.27079 2.02426 
v 0.0318974 0.535787 1.91333 
v 0.00642878 0.502503 1.92863 
v 0.0582723 0.540541 1.9095 
v 0.0153653 0.522541 1.91988 
v 0.117636 0.503182 1.92033 
v 0.125366 0.47805 1.92994 
v 0.00277764 0.478049 1.93879 
v 0.103792 0.522881 1.91336 
v 0.0835828 0.536126 1.90946 
v 0.56882 -0.748369 2.43857 
v 0.51897 -1.27813 2.22486 
v 0.739663 -0.795239 2.09485 
v 0.26353 -0.795239 2.20591 
v 0.484222 -0.312344 2.07589 
v 0.360651 0.748395 1.79696 
v 0.455983 0.611184 1.84433 
v 0.479244 0.360537 1.94405 
v 0.48996 0.311291 1.96114 
v 0.513023 0.271894 1.96893 
v 0.550429 0.611184 1.80592 
v 0.651992 0.611184 1.76462 
v 0.548578 0.244273 1.9665 
v 0.572493 0.373443 1.90051 
v 0.676135 0.351028 1.86812 
v 0.65927 0.333382 1.88267 
v 0.631338 0.321395 1.89925 
v 0.577006 0.347462 1.90999 
v 0.613115 0.319102 1.90766 
v 0.584873 0.33065 1.91411 
v 0.595704 0.321989 1.91348 
v 0.746438 0.611184 1.72621 
v 0.926552 0.833914 1.53415 
v 0.595981 0.236233 1.94959 
v 0.963964 0.706821 1.59609 
v 1.27316 0.833914 1.24196 
v 1.35583 0.772999 1.21708 
v 1.31617 0.813835 1.22048 
v 1.3794 0.724523 1.23287 
v 0.693158 0.244273 1.9077 
v 0.646935 0.24744 1.92512 
v 0.690374 0.274271 1.89577 
v 0.780488 0.244273 1.87219 
v 0.890975 0.433898 1.74466 
v 0.775548 0.611184 1.71437 
v 0.806389 0.244273 1.86165 
v 1.08456 0.0838069 1.79578 
v 0.909187 0.244273 1.81985 
v 0.880991 0.611184 1.67149 
v 1.0095 0.244273 1.77906 
v 0.949106 0.344235 1.76007 
v 1.10803 0.244273 1.71875 
v 1.21086 0.240223 1.63352 
v 1.35013 0.0838064 1.57191 
v 1.15561 0.27079 1.66465 
v 1.24472 0.236233 1.60639 
v 1.11687 0.323093 1.66971 
v 1.28688 0.240648 1.56928 
v 0.988656 0.433897 1.70493 
v 1.38886 0.103886 1.5321 
v 1.41982 0.144722 1.49143 
v 1.43307 0.193197 1.46297 
v 1.0938 0.39051 1.65357 
v 1.08804 0.427105 1.63912 
v 1.08621 0.464294 1.62103 
v 1.09549 0.532305 1.57731 
v 1.42952 0.244273 1.44774 
v 1.06318 0.611184 1.56292 
v 1.12449 0.584099 1.52553 
v 1.17438 0.614072 1.46766 
v 1.33569 0.264337 1.51625 
v 1.37392 0.317744 1.45584 
v 0.967028 0.611184 1.6365 
v 1.20809 0.617977 1.43719 
v 0.931944 0.522201 1.68953 
v 1.26064 0.60626 1.39907 
v 1.30583 0.571108 1.37953 
v 1.32442 0.546485 1.37685 
v 1.35131 0.487899 1.3851 
v 1.36247 0.406048 1.41889 
v 1.30525 0.363933 1.48935 
v 1.17662 0.406048 1.57556 
v 1.28045 0.331669 1.52728 
v 1.18434 0.374122 1.5859 
v 1.24416 0.319102 1.56451 
v 1.19609 0.346273 1.59069 
v 1.21498 0.326574 1.58516 
v 1.06166 -2.37158 1.75785 
v 0.963963 -2.67995 1.59609 
v 0.466491 -2.37158 1.99988 
v 0.497931 -2.03745 2.13466 
v -0.174337 -2.37158 2.04615 
v -0.186086 -2.03745 2.18405 
v 0.517109 -1.68579 2.21688 
v -0.193254 -1.68579 2.26818 
v 0.523555 -1.32524 2.24452 
v -0.195663 -1.32524 2.29645 
v -0.193254 -0.784423 2.26818 
v -0.884701 -1.68579 2.09745 
v -0.8847 -0.784423 2.09745 
v -0.851888 -0.256922 2.01965 
v -0.895728 -1.32524 2.12359 
v -1.4343 -0.256922 1.65756 
v -1.48955 -0.784423 1.7214 
v -1.50811 -1.32524 1.74286 
v -1.48955 -1.68579 1.7214 
v -0.142132 0.894171 1.71011 
v 0.41877 0.67126 1.7953 
v 0.389938 0.894171 1.67169 
v 0.884095 0.894171 1.47074 
v -0.152907 0.67126 1.83658 
v -0.784992 0.894171 1.50454 
v -0.83105 0.67126 1.62352 
v -0.168668 0.216806 2.02157 
v -0.789369 0.216806 1.83658 
v -0.60251 -0.0195579 1.98085 
v -0.173286 0.0198368 2.07576 
v 0.473301 0.0198368 2.02907 
v 0.460945 0.216806 1.9761 
v 1.04569 0.216806 1.73831 
v 1.07381 0.0198368 1.78486 
v 1.41674 -0.0195579 1.50984 
v 1.52049 0.216806 1.29778 
v 1.4636 0.67126 1.08827 
v 0.949712 0.67126 1.57938 
v 1.36966 0.894171 1.00195 
v -0.32053 0.244273 1.9071 
v -0.530995 0.244273 1.95809 
v -0.337792 0.244273 2.00579 
v -0.505098 0.244273 1.85738 
v -0.225047 0.259497 1.92653 
v -0.237769 0.259497 2.02416 
v -0.163319 0.308914 2.01921 
v -0.154182 0.308914 1.92241 
v -0.139503 0.344999 2.00289 
v -0.131676 0.344999 1.9064 
v -0.124692 0.388047 1.9844 
v -0.117772 0.388047 1.88812 
v -0.119993 0.495031 1.94078 
v -0.113778 0.495031 1.84467 
v -0.1436 0.599297 1.90031 
v -0.136713 0.599297 1.80403 
v -0.19351 0.67911 1.8543 
v -0.187982 0.67911 1.76308 
v -0.283221 0.730395 1.81337 
v -0.270675 0.730395 1.71577 
v -0.401163 0.748395 1.77382 
v -0.383462 0.748395 1.67502 
v -0.584539 0.748395 1.72854 
v -0.558643 0.748395 1.62783 
v -0.505098 0.244273 1.85738 
v -0.530995 0.244273 1.95809 
v 0.910246 0.889309 1.50715 
v 0.399962 0.889309 1.71466 
v 0.379019 0.889309 1.62488 
v -0.149474 0.889309 1.75434 
v 0.86281 0.889309 1.42355 
v -0.143923 0.889309 1.65838 
v 1.29953 0.889309 1.19091 
v 1.22782 0.889309 1.10247 
v -0.63948 0.889309 1.63878 
v -0.613317 0.889309 1.53193 
v 1.26838 0.869312 1.0816 
v 1.33991 0.869312 1.15901 
v -0.658953 0.869181 1.53123 
v -0.689849 0.869181 1.62805 
v 1.37951 0.828394 1.15451 
v -0.727309 0.828394 1.64152 
v 1.3034 0.828394 1.0662 
v -0.697147 0.828394 1.53285 
v 1.32568 0.779918 1.08071 
v -0.710709 0.779918 1.55571 
v 1.4023 0.779918 1.16694 
v -0.742245 0.779918 1.66275 
v 1.39336 0.15253 1.37085 
v -0.646067 0.15253 1.84504 
v 1.46789 0.15253 1.44813 
v -0.678856 0.15253 1.94735 
v 1.38105 0.104055 1.39909 
v -0.622534 0.104055 1.86492 
v 1.45464 0.104055 1.47659 
v -0.65438 0.104055 1.96701 
v 1.352 0.0632183 1.43931 
v -0.57869 0.0632183 1.88814 
v 1.42367 0.0632183 1.51726 
v -0.608618 0.0632183 1.98978 
v 1.31555 0.0431394 1.47859 
v -0.528619 0.0431394 1.90724 
v 1.38494 0.0431394 1.55707 
v -0.55627 0.0431394 2.00835 
v 1.03769 0.04314 1.72301 
v -0.168259 0.04314 2.00431 
v 1.09037 0.04314 1.80539 
v -0.179052 0.04314 2.10149 
v 0.479108 0.04314 2.05397 
v 0.458166 0.04314 1.96419 
v 2.09744 -0.784423 0.884703 
v 1.65756 -0.256922 1.4343 
v 1.49717 -0.0119957 1.48236 
v 1.45464 0.104055 1.47659 
v 1.42367 0.0632183 1.51726 
v 1.38494 0.0431394 1.55707 
v 1.13321 -0.256922 1.87632 
v 1.09037 0.04314 1.80539 
v 0.49793 -0.256922 2.13466 
v 0.479108 0.04314 2.05397 
v -0.179052 0.04314 2.10149 
v -0.186087 -0.256922 2.18405 
v -0.55627 0.0431394 2.00835 
v 0.517109 -0.784423 2.21688 
v 1.17685 -0.784423 1.94859 
v -0.68934 -0.0119957 1.99114 
v -0.608618 0.0632183 1.98978 
v -0.65438 0.104055 1.96701 
v 1.7214 -0.784423 1.48955 
v 1.19152 -1.32524 1.97288 
v 1.74286 -1.32524 1.50812 
v 2.12359 -1.32524 0.895731 
v 1.7214 -1.68579 1.48955 
v 2.29645 -1.32524 0.195666 
v 2.09744 -1.68579 0.884703 
v 1.17685 -1.68579 1.94859 
v 1.65756 -2.03745 1.4343 
v 2.26818 -1.68579 0.193257 
v 2.01965 -2.03745 0.85189 
v 1.13321 -2.03745 1.87632 
v 1.5529 -2.37158 1.34374 
v 2.18405 -2.03745 0.186089 
v 1.19316 0.535786 1.49314 
v 1.11928 0.522541 1.43107 
v 1.17943 0.522541 1.51171 
v 1.13216 0.535786 1.41271 
v 1.11269 0.502503 1.44752 
v 1.21546 0.540541 1.47184 
v 1.17232 0.502503 1.52828 
v 1.15316 0.540541 1.3917 
v 1.11046 0.478049 1.46248 
v 1.16981 0.478049 1.5433 
v 1.17358 0.536126 1.37609 
v 1.23707 0.536126 1.45595 
v 1.19015 0.52288 1.36855 
v 1.25457 0.52288 1.44819 
v 1.20181 0.503182 1.36877 
v 1.2668 0.503182 1.44827 
v 1.20872 0.478049 1.37605 
v 1.27397 0.478049 1.45549 
v 0.003149 0.478049 1.84404 
v 0.00642878 0.502503 1.92863 
v 0.00651458 0.502503 1.83395 
v 0.00277764 0.478049 1.93879 
v 0.0153653 0.522541 1.91988 
v 0.0149305 0.522541 1.82532 
v 0.0318974 0.535787 1.91333 
v 0.0306062 0.535787 1.81896 
v 0.0582723 0.540541 1.9095 
v 0.0556881 0.540541 1.81544 
v 0.0797979 0.536126 1.81568 
v 0.0835828 0.536126 1.90946 
v 0.0990922 0.522881 1.81979 
v 0.103792 0.522881 1.91336 
v 0.112356 0.503182 1.82689 
v 0.117636 0.503182 1.92033 
v 0.119826 0.47805 1.83656 
v 0.125366 0.47805 1.92994 
v 0.00916806 0.406048 1.87272 
v 0.227472 0.406048 1.95169 
v 0.217331 0.406048 1.85939 
v 0.00876316 0.406048 1.96748 
v 1.11731 0.406048 1.49473 
v 1.36247 0.406048 1.41889 
v 1.29261 0.406048 1.34052 
v 1.17662 0.406048 1.57556 
v 1.18252 0.236233 1.52624 
v 1.28688 0.240648 1.56928 
v 1.22227 0.240648 1.48968 
v 1.24472 0.236233 1.60639 
v 1.33569 0.264337 1.51625 
v 1.15056 0.240223 1.55292 
v 1.26818 0.264337 1.43733 
v 1.21086 0.240223 1.63352 
v 1.37392 0.317744 1.45584 
v 1.30393 0.317744 1.3775 
v 1.15561 0.27079 1.66465 
v 1.09829 0.27079 1.58335 
v 1.11687 0.323093 1.66971 
v 1.06143 0.323093 1.58797 
v 1.0938 0.39051 1.65357 
v 1.03928 0.39051 1.57162 
v 1.08804 0.427105 1.63912 
v 1.03363 0.427105 1.55714 
v 1.08621 0.464294 1.62103 
v 1.03169 0.464294 1.53908 
v 1.09549 0.532305 1.57731 
v 1.04005 0.532305 1.49558 
v 1.12449 0.584099 1.52553 
v 1.0671 0.584099 1.44426 
v 1.17438 0.614072 1.46766 
v 1.11398 0.614071 1.38708 
v 1.20809 0.617977 1.43719 
v 1.14575 0.617977 1.35706 
v 1.19539 0.60626 1.31963 
v 1.26064 0.60626 1.39907 
v 1.23823 0.571108 1.30063 
v 1.30583 0.571108 1.37953 
v 1.2559 0.546485 1.29817 
v 1.32442 0.546485 1.37685 
v 1.28161 0.487899 1.30669 
v 1.35131 0.487899 1.3851 
v 1.29261 0.406048 1.34052 
v 1.36247 0.406048 1.41889 
v 0.390786 0.244273 1.91361 
v 0.293997 0.244273 1.91981 
v 0.307261 0.244273 2.01138 
v 0.408954 0.244273 2.00403 
v 0.660448 0.244273 1.82067 
v 0.780488 0.244273 1.87219 
v 0.743244 0.244273 1.78621 
v 0.693158 0.244273 1.9077 
v 0.865261 0.244273 1.73543 
v 0.949106 0.344235 1.76007 
v 0.902626 0.344235 1.67625 
v 0.909187 0.244273 1.81985 
v 0.806389 0.244273 1.86165 
v 0.7678 0.244273 1.77599 
v 0.177863 0.546485 1.80521 
v 0.165486 0.571108 1.88939 
v 0.157596 0.571108 1.79657 
v 0.186665 0.546485 1.89782 
v 0.113293 0.60626 1.87894 
v 0.206669 0.487899 1.82702 
v 0.107762 0.60626 1.78556 
v 0.216654 0.487899 1.91936 
v 0.217331 0.406048 1.85939 
v 0.227472 0.406048 1.95169 
v 0.0517824 0.617977 1.87864 
v 0.0491646 0.617977 1.78459 
v 0.0113255 0.614071 1.78859 
v 0.0120079 0.614071 1.88309 
v -0.0452261 0.584099 1.80431 
v -0.0475496 0.584099 1.89952 
v -0.0788698 0.532305 1.82738 
v -0.0831412 0.532305 1.92304 
v -0.090789 0.464294 1.85561 
v -0.095984 0.464294 1.95148 
v -0.089575 0.427105 1.87055 
v -0.0948833 0.427105 1.96645 
v -0.0839415 0.39051 1.88496 
v -0.0891365 0.39051 1.98084 
v -0.0596199 0.323093 1.91063 
v -0.0638997 0.323093 2.00629 
v -0.0173929 0.27079 1.92904 
v -0.0197794 0.27079 2.02426 
v 0.0438264 0.240223 1.93693 
v 0.0444038 0.240223 2.03147 
v 0.0841818 0.236233 2.02968 
v 0.0816984 0.236233 1.9356 
v 0.13388 0.240648 2.02489 
v 0.128987 0.240648 1.93136 
v 0.191953 0.264337 2.01159 
v 0.184159 0.264337 1.91874 
v 0.238453 0.317744 1.98662 
v 0.228177 0.317744 1.89435 
v 0.847081 0.433898 1.66023 
v 0.736792 0.611184 1.62875 
v 0.775548 0.611184 1.71437 
v 0.890975 0.433898 1.74466 
v 0.568343 0.236233 1.86137 
v 0.646935 0.24744 1.92512 
v 0.616609 0.24744 1.83753 
v 0.690374 0.274271 1.89577 
v 0.657663 0.274271 1.80873 
v 0.595981 0.236233 1.94959 
v 0.523374 0.244273 1.87771 
v 0.548578 0.244273 1.9665 
v 0.513023 0.271894 1.96893 
v 0.489532 0.271894 1.87974 
v 0.48996 0.311291 1.96114 
v 0.467476 0.311291 1.87172 
v 0.479244 0.360537 1.94405 
v 0.45708 0.360537 1.85455 
v 0.455983 0.611184 1.84433 
v 0.433819 0.611184 1.75483 
v 0.902626 0.344235 1.67625 
v 0.949106 0.344235 1.76007 
v 0.960363 0.244273 1.69585 
v 1.0095 0.244273 1.77906 
v 0.93969 0.433897 1.62169 
v 1.06318 0.611184 1.56292 
v 1.00911 0.611184 1.48087 
v 0.988656 0.433897 1.70493 
v 1.05356 0.244273 1.63679 
v 1.10803 0.244273 1.71875 
v 1.0095 0.244273 1.77906 
v 0.960363 0.244273 1.69585 
v -0.39974 0.336763 1.84754 
v -0.452966 0.654657 1.80679 
v -0.432443 0.654657 1.70734 
v -0.420263 0.336763 1.94699 
v 0.743244 0.244273 1.78621 
v 0.746438 0.611184 1.72621 
v 0.709193 0.611184 1.64023 
v 0.780488 0.244273 1.87219 
v 0.693158 0.244273 1.9077 
v 0.660448 0.244273 1.82067 
v 0.690374 0.274271 1.89577 
v 0.657663 0.274271 1.80873 
v 0.643794 0.351028 1.781 
v 0.619651 0.611184 1.6775 
v 0.651992 0.611184 1.76462 
v 0.676135 0.351028 1.86812 
v -0.27044 0.61526 1.76726 
v -0.328699 0.644808 1.84157 
v -0.283573 0.61526 1.86499 
v -0.313685 0.644808 1.7434 
v -0.241322 0.566013 1.79546 
v -0.389836 0.654657 1.82238 
v -0.253331 0.566013 1.89292 
v -0.372135 0.654657 1.72358 
v -0.452966 0.654657 1.80679 
v -0.432443 0.654657 1.70734 
v -0.225903 0.496389 1.82839 
v -0.237526 0.49639 1.92576 
v -0.225323 0.434916 1.85395 
v -0.237214 0.434916 1.95139 
v -0.240544 0.383972 1.87091 
v -0.253392 0.383972 1.96857 
v -0.277186 0.349329 1.87536 
v -0.291915 0.34933 1.97346 
v -0.305204 0.339905 1.8717 
v -0.321289 0.339905 1.97012 
v -0.420263 0.336763 1.94699 
v -0.39974 0.336763 1.84754 
v 0.14259 3.51477 -0.864126 
v 0.608451 3.28429 -0.97866 
v -0.261777 3.28429 -1.12226 
v -0.261777 3.28429 -1.12226 
v -6.55341e-08 2.13191 -2.80949e-07 
v -0.510203 3.51477 -0.711856 
v 0.14259 3.51477 -0.864126 
v 0.557369 0.33065 1.82586 
v 0.577006 0.347462 1.90999 
v 0.549829 0.347462 1.82166 
v 0.584873 0.33065 1.91411 
v 0.572493 0.373443 1.90051 
v 0.567679 0.321989 1.82535 
v 0.545425 0.373443 1.81216 
v 0.595704 0.321989 1.91348 
v 0.550429 0.611184 1.80592 
v 0.523361 0.611184 1.71757 
v 0.613115 0.319102 1.90766 
v 0.584199 0.319102 1.81974 
v 0.631338 0.321395 1.89925 
v 0.601466 0.321395 1.81155 
v 0.65927 0.333382 1.88267 
v 0.627889 0.333382 1.79532 
v 0.676135 0.351028 1.86812 
v 0.643794 0.351028 1.781 
v 0.7678 0.244273 1.77599 
v 0.847081 0.433898 1.66023 
v 0.890975 0.433898 1.74466 
v 0.806389 0.244273 1.86165 
v 0.885497 0.522201 1.6057 
v 0.880991 0.611184 1.67149 
v 0.836761 0.611184 1.58714 
v 0.931944 0.522201 1.68953 
v 0.258958 0.748395 1.8043 
v 0.342483 0.748395 1.70653 
v 0.360651 0.748395 1.79696 
v 0.390786 0.244273 1.91361 
v 0.408954 0.244273 2.00403 
v 0.245694 0.748395 1.71273 
v 0.293997 0.244273 1.91981 
v 0.307261 0.244273 2.01138 
v 0.158942 0.363934 1.97368 
v 0.228177 0.317744 1.89435 
v 0.238453 0.317744 1.98662 
v 0.152294 0.363934 1.88056 
v -0.97866 3.28429 -0.608451 
v -0.261777 3.28429 -1.12226 
v -6.55341e-08 2.13191 -2.80949e-07 
v -0.864126 3.51477 -0.142591 
v -0.510203 3.51477 -0.711856 
v -0.711856 3.51477 0.510202 
v -1.12226 3.28429 0.261777 
v -0.608451 3.28429 0.978659 
v -0.608451 3.28429 0.978659 
v -6.55341e-08 2.13191 -2.80949e-07 
v -0.14259 3.51477 0.864125 
v -0.711856 3.51477 0.510202 
v 0.0171028 0.374123 1.88511 
v 0.00876316 0.406048 1.96748 
v 0.00916806 0.406048 1.87272 
v 0.0169498 0.374123 1.97981 
v 0.0296314 0.346273 1.89555 
v 0.0299822 0.346273 1.99013 
v 0.0503532 0.326574 1.90218 
v 0.0516612 0.326574 1.99654 
v 0.0828678 0.319102 1.90311 
v 0.0857878 0.319102 1.9971 
v 0.128851 0.331669 1.9889 
v 0.123798 0.331669 1.89542 
v 0.158942 0.363934 1.97368 
v 0.152294 0.363934 1.88056 
v 1.30525 0.363933 1.48935 
v 1.30393 0.317744 1.3775 
v 1.37392 0.317744 1.45584 
v 1.23888 0.363933 1.41017 
v 1.00911 0.611184 1.48087 
v 1.06318 0.611184 1.56292 
v 0.918331 0.611184 1.5532 
v 0.967028 0.611184 1.6365 
v 0.885497 0.522201 1.6057 
v 0.931944 0.522201 1.68953 
v 1.28045 0.331669 1.52728 
v 1.21568 0.331669 1.44773 
v 1.30525 0.363933 1.48935 
v 1.23888 0.363933 1.41017 
v 1.18153 0.319102 1.48445 
v 1.24416 0.319102 1.56451 
v 1.21498 0.326574 1.58516 
v 1.15396 0.326574 1.50473 
v 1.13602 0.346273 1.51004 
v 1.19609 0.346273 1.59069 
v 1.18434 0.374122 1.5859 
v 1.12478 0.374122 1.50512 
v 1.17662 0.406048 1.57556 
v 1.11731 0.406048 1.49473 
v 0.608451 3.28429 -0.97866 
v 1.12226 3.28429 -0.261777 
v -6.55341e-08 2.13191 -2.80949e-07 
v 0.14259 3.51477 -0.864126 
v 0.711856 3.51477 -0.510203 
v -1.12226 3.28429 0.261777 
v -0.97866 3.28429 -0.608451 
v -6.55341e-08 2.13191 -2.80949e-07 
v -0.711856 3.51477 0.510202 
v -0.864126 3.51477 -0.142591 
v 1.20872 0.478049 1.37605 
v 1.27397 0.478049 1.45549 
v 1.11046 0.478049 1.46248 
v 1.16981 0.478049 1.5433 
v 0.003149 0.478049 1.84404 
v 0.125366 0.47805 1.92994 
v 0.00277764 0.478049 1.93879 
v 0.119826 0.47805 1.83656 
v 0.510203 3.51477 0.711855 
v 0.261777 3.28429 1.12226 
v 0.97866 3.28429 0.60845 
v 0.97866 3.28429 0.60845 
v -6.55341e-08 2.13191 -2.80949e-07 
v 0.864126 3.51477 0.14259 
v 0.510203 3.51477 0.711855 
v -0.14259 3.51477 0.864125 
v -0.608451 3.28429 0.978659 
v 0.261777 3.28429 1.12226 
v -6.55341e-08 2.13191 -2.80949e-07 
v 0.510203 3.51477 0.711855 
v -0.14259 3.51477 0.864125 
v 0.775548 0.611184 1.71437 
v 0.836761 0.611184 1.58714 
v 0.880991 0.611184 1.67149 
v 0.736792 0.611184 1.62875 
v 0.455983 0.611184 1.84433 
v 0.433819 0.611184 1.75483 
v 0.550429 0.611184 1.80592 
v 0.523361 0.611184 1.71757 
v 0.651992 0.611184 1.76462 
v 0.619651 0.611184 1.6775 
v 0.746438 0.611184 1.72621 
v 0.709193 0.611184 1.64023 
v 1.12226 3.28429 -0.261777 
v 0.97866 3.28429 0.60845 
v -6.55341e-08 2.13191 -2.80949e-07 
v 0.711856 3.51477 -0.510203 
v 0.864126 3.51477 0.14259 
v 0.386184 0.833914 1.6556 
v 0.926552 0.833914 1.53415 
v 0.878642 0.833914 1.45066 
v 0.407127 0.833914 1.74538 
v 1.27316 0.833914 1.24196 
v -0.152151 0.833914 1.78576 
v 1.20559 0.833914 1.16306 
v -0.146126 0.833914 1.68969 
v 1.24632 0.813835 1.14211 
v -0.58571 0.833913 1.67871 
v 1.31617 0.813835 1.22048 
v -0.560309 0.833913 1.57812 
v 1.28406 0.772999 1.13916 
v -0.606106 0.813835 1.57735 
v 1.35583 0.772999 1.21708 
v -0.633783 0.813835 1.67847 
v 1.30668 0.724523 1.15516 
v -0.641254 0.772999 1.5914 
v 1.3794 0.724523 1.23287 
v -0.67085 0.772999 1.69297 
v 1.35681 0.244273 1.37004 
v -0.654466 0.724523 1.61577 
v 1.42952 0.244273 1.44774 
v -0.685005 0.724523 1.71756 
v 1.36036 0.193197 1.38527 
v -0.604344 0.244273 1.83065 
v 1.43307 0.193197 1.46297 
v -0.634883 0.244273 1.93244 
v 1.34805 0.144722 1.41351 
v -0.600793 0.193197 1.84587 
v 1.41982 0.144722 1.49143 
v -0.631332 0.193197 1.94766 
v 1.31901 0.103886 1.45373 
v -0.57726 0.144722 1.86575 
v 1.38886 0.103886 1.5321 
v -0.606856 0.144722 1.96732 
v 1.28255 0.0838064 1.49301 
v -0.533417 0.103886 1.88897 
v 1.35013 0.0838064 1.57191 
v -0.561094 0.103886 1.99009 
v 1.03205 0.0838068 1.71336 
v -0.483345 0.0838064 1.90807 
v 1.08456 0.0838069 1.79578 
v -0.508746 0.0838064 2.00866 
v 0.476557 0.0838069 2.04303 
v 0.455615 0.0838069 1.95325 
v -0.167475 0.0838068 1.99316 
v -0.178099 0.0838069 2.0903 

vn 0.0787402 0.88189 -0.472441 
vn -0.275591 0.88189 -0.385827 
vn 0 1 0 
vn -0.275591 0.88189 -0.385827 
vn -0.472441 0.88189 -0.0787402 
vn 0 1 0 
vn 0.385827 0.88189 -0.275591 
vn 0.0787402 0.88189 -0.472441 
vn 0 1 0 
vn -0.472441 0.88189 -0.0787402 
vn -0.385827 0.88189 0.275591 
vn 0 1 0 
vn 0.472441 0.88189 0.0787402 
vn 0.385827 0.88189 -0.275591 
vn 0 1 0 
vn -0.385827 0.88189 0.275591 
vn -0.0787402 0.88189 0.472441 
vn 0 1 0 
vn 0.275591 0.88189 0.385827 
vn 0.472441 0.88189 0.0787402 
vn 0 1 0 
vn -0.0787402 0.88189 0.472441 
vn 0.275591 0.88189 0.385827 
vn 0 1 0 
vn -0.275591 0.88189 -0.385827 
vn -0.228346 0.0393701 -0.976378 
vn -0.850394 0.0393701 -0.527559 
vn -0.472441 0.88189 -0.0787402 
vn -0.850394 0.0393701 -0.527559 
vn -0.976378 0.0393701 0.228346 
vn 0.527559 0.0393701 -0.850394 
vn 0.385827 0.88189 -0.275591 
vn 0.976378 0.0393701 -0.228346 
vn -0.15748 -0.708661 -0.685039 
vn 0 -1 0 
vn -0.944882 -0.314961 -0.102362 
vn 0.80315 -0.314961 -0.511811 
vn -0.228346 0 -0.976378 
vn -0.015748 -0.795276 -0.598425 
vn -0.15748 -0.96063 0.244094 
vn -0.913386 -0.181102 -0.362205 
vn 0.905512 -0.409449 -0.0866142 
vn 0.141732 -0.0393701 -0.992126 
vn -0.362205 -0.795276 -0.480315 
vn 0.015748 -0.96063 0.291339 
vn -0.952756 -0.181102 0.244094 
vn 0.685039 -0.409449 -0.598425 
vn -0.464567 -0.0393701 -0.88189 
vn 0.0393701 -0.582677 -0.811024 
vn -0.0629921 -0.968504 -0.251969 
vn -0.834646 -0.212598 -0.511811 
vn 0.874016 -0.370079 -0.314961 
vn 0.11811 0.0787402 -0.992126 
vn -0.448819 -0.582677 -0.677165 
vn -0.19685 -0.968504 -0.165354 
vn -0.976378 -0.212598 0.0787402 
vn 0.519685 -0.370079 -0.76378 
vn -0.480315 0.0787402 -0.874016 
vn -0.204724 -0.456693 -0.866142 
vn -0.102362 -0.897638 -0.433071 
vn -0.92126 -0.251969 -0.291339 
vn 0.692913 -0.251969 -0.669291 
vn -0.220472 0.173228 -0.96063 
vn -0.535433 -0.708661 -0.464567 
vn 0 -1 0 
vn -0.826772 -0.314961 0.472441 
vn 0.346457 -0.314961 -0.88189 
vn -0.755906 0 -0.653543 
vn 0.472441 0.88189 0.0787402 
vn 0.850394 0.0393701 0.527559 
vn 0.976378 0.0393701 -0.228346 
vn 0.275591 -0.708661 -0.653543 
vn 0 -1 0 
vn -0.700787 -0.314961 -0.637795 
vn 0.944882 -0.314961 0.0551181 
vn 0.385827 0 -0.92126 
vn 0.346457 -0.795276 -0.496063 
vn -0.267717 -0.96063 0.102362 
vn -0.527559 -0.181102 -0.826772 
vn 0.787402 -0.409449 0.464567 
vn 0.700787 -0.0393701 -0.716535 
vn -0.496063 -0.307087 -0.811024 
vn -0.346457 -0.787402 -0.511811 
vn -0.984252 -0.141732 -0.0708661 
vn 0.393701 -0.220472 -0.889764 
vn -0.480315 0.275591 -0.834646 
vn -0.677165 -0.456693 -0.582677 
vn -0.338583 -0.897638 -0.291339 
vn -0.92126 -0.251969 0.307087 
vn 0.165354 -0.251969 -0.952756 
vn -0.748031 0.173228 -0.645669 
vn 0.0708661 -0.307087 -0.952756 
vn 0.015748 -0.787402 -0.622047 
vn -0.755906 -0.141732 -0.637795 
vn 0.84252 -0.220472 -0.488189 
vn 0.102362 0.275591 -0.952756 
vn 0.346457 -0.456693 -0.818898 
vn 0.173228 -0.897638 -0.409449 
vn -0.574803 -0.251969 -0.779528 
vn 0.96063 -0.251969 -0.133858 
vn 0.385827 0.173228 -0.905512 
vn -0.574803 -0.795276 -0.173228 
vn 0.181102 -0.96063 0.228346 
vn -0.622047 -0.181102 0.76378 
vn 0.19685 -0.409449 -0.889764 
vn -0.897638 -0.0393701 -0.440945 
vn -0.228346 -0.15748 -0.96063 
vn -0.173228 -0.653543 -0.740157 
vn -0.897638 -0.0944882 -0.425197 
vn 0.614173 -0.0944882 -0.779528 
vn -0.212598 0.385827 -0.897638 
vn 0.511811 -0.582677 -0.637795 
vn 0.0944882 -0.968504 -0.23622 
vn -0.370079 -0.212598 -0.905512 
vn 0.889764 -0.370079 0.259843 
vn 0.677165 0.0787402 -0.732283 
vn -0.76378 -0.582677 -0.291339 
vn -0.259843 -0.968504 -0.015748 
vn -0.740157 -0.212598 0.629921 
vn -0.0314961 -0.370079 -0.929134 
vn -0.905512 0.0787402 -0.417323 
vn -0.708661 -0.708661 -0.0629921 
vn 0 -1 0 
vn -0.393701 -0.314961 0.866142 
vn -0.23622 -0.314961 -0.92126 
vn -1 0 -0.0866142 
vn -0.748031 -0.15748 -0.645669 
vn -0.574803 -0.653543 -0.496063 
vn -0.976378 -0.0944882 0.181102 
vn 0.0393701 -0.0944882 -0.992126 
vn -0.700787 0.385827 -0.606299 
vn 0.606299 -0.708661 -0.362205 
vn 0 -1 0 
vn -0.188976 -0.314961 -0.929134 
vn 0.732283 -0.314961 0.606299 
vn 0.858268 0 -0.519685 
vn 0.385827 -0.15748 -0.913386 
vn 0.291339 -0.653543 -0.700787 
vn -0.472441 -0.0944882 -0.874016 
vn 0.96063 -0.0944882 -0.267717 
vn 0.362205 0.385827 -0.850394 
vn -0.519685 0 -0.858268 
vn -0.448819 -0.496063 -0.740157 
vn -0.984252 0 -0.173228 
vn 0.307087 0 -0.952756 
vn -0.448819 0.496063 -0.740157 
vn 0.0866142 0 -1 
vn 0.0708661 -0.496063 -0.866142 
vn -0.692913 0 -0.716535 
vn 0.811024 0 -0.590551 
vn 0.0708661 0.496063 -0.866142 
vn 0.566929 -0.795276 -0.19685 
vn -0.275591 -0.96063 -0.0787402 
vn 0.0551181 -0.181102 -0.984252 
vn 0.362205 -0.409449 0.834646 
vn 0.984252 -0.0393701 -0.165354 
vn -0.88189 -0.307087 -0.362205 
vn -0.582677 -0.787402 -0.212598 
vn -0.84252 -0.141732 0.519685 
vn -0.204724 -0.220472 -0.952756 
vn -0.874016 0.275591 -0.393701 
vn 0.614173 -0.307087 -0.724409 
vn 0.377953 -0.787402 -0.488189 
vn -0.23622 -0.141732 -0.96063 
vn 0.968504 -0.220472 0.0944882 
vn 0.645669 0.275591 -0.716535 
vn -0.228346 0.15748 -0.96063 
vn -0.212598 -0.385827 -0.897638 
vn -0.897638 0.102362 -0.433071 
vn 0.614173 0.102362 -0.787402 
vn -0.173228 0.645669 -0.740157 
vn -0.566929 -0.795276 0.19685 
vn 0.275591 -0.96063 0.0787402 
vn -0.0551181 -0.181102 0.984252 
vn -0.362205 -0.409449 -0.834646 
vn -0.984252 -0.0393701 0.165354 
vn -0.889764 -0.456693 -0.0787402 
vn -0.440945 -0.897638 -0.0393701 
vn -0.566929 -0.251969 0.787402 
vn -0.425197 -0.251969 -0.874016 
vn -0.984252 0.173228 -0.0866142 
vn 0.76378 -0.456693 -0.456693 
vn 0.377953 -0.897638 -0.228346 
vn -0.00787402 -0.251969 -0.968504 
vn 0.850394 -0.251969 0.456693 
vn 0.84252 0.173228 -0.511811 
vn -0.590551 -0.80315 -0.0472441 
vn -0.692913 -0.700787 0.165354 
vn -0.708661 -0.700787 -0.0629921 
vn -0.787402 -0.582677 0.181102 
vn -0.425197 -0.889764 -0.181102 
vn -0.543307 -0.80315 -0.228346 
vn -0.811024 -0.582677 -0.0708661 
vn -0.866142 -0.448819 0.204724 
vn -0.653543 -0.700787 -0.275591 
vn -0.889764 -0.448819 -0.0787402 
vn -0.929134 -0.307087 0.220472 
vn -0.748031 -0.582677 -0.314961 
vn -0.944882 -0.307087 -0.0787402 
vn -0.96063 -0.15748 0.228346 
vn -0.818898 -0.448819 -0.346457 
vn -0.984252 -0.15748 -0.0866142 
vn -0.874016 -0.307087 -0.370079 
vn -0.976378 -0.015748 0.228346 
vn -0.677165 -0.448819 -0.582677 
vn -0.614173 -0.582677 -0.527559 
vn -0.535433 -0.700787 -0.464567 
vn -0.464567 -0.448819 -0.76378 
vn -0.913386 -0.15748 -0.385827 
vn -0.716535 -0.307087 -0.622047 
vn -1 -0.015748 -0.0866142 
vn -0.748031 -0.15748 -0.645669 
vn -0.496063 -0.307087 -0.811024 
vn -0.511811 -0.15748 -0.84252 
vn -0.220472 -0.307087 -0.929134 
vn -0.228346 -0.15748 -0.96063 
vn -0.204724 -0.448819 -0.866142 
vn -0.228346 -0.015748 -0.976378 
vn -0.417323 -0.582677 -0.692913 
vn -0.181102 -0.582677 -0.787402 
vn -0.370079 -0.700787 -0.606299 
vn -0.165354 -0.700787 -0.692913 
vn -0.307087 -0.80315 -0.503937 
vn -0.133858 -0.80315 -0.574803 
vn -0.23622 -0.889764 -0.393701 
vn -0.448819 -0.80315 -0.385827 
vn -0.102362 -0.889764 -0.448819 
vn -0.346457 -0.889764 -0.299213 
vn -0.165354 -0.952756 -0.267717 
vn -0.0708661 -0.944882 -0.307087 
vn -0.23622 -0.944882 -0.204724 
vn -0.291339 -0.944882 -0.125984 
vn -0.314961 -0.952756 -0.023622 
vn -0.0866142 -0.984252 -0.141732 
vn -0.0393701 -0.984252 -0.15748 
vn 0 -1 0 
vn -0.125984 -0.984252 -0.110236 
vn 0 -1 0 
vn -0.149606 -0.984252 -0.0629921 
vn 0 -1 0 
vn -0.165354 -0.984252 -0.015748 
vn 0 -1 0 
vn -0.15748 -0.984252 0.0393701 
vn 0 -1 0 
vn -0.748031 0.15748 -0.645669 
vn -0.700787 -0.385827 -0.606299 
vn -0.976378 0.102362 0.181102 
vn 0.0314961 0.102362 -0.992126 
vn -0.574803 0.645669 -0.496063 
vn 0.385827 0.15748 -0.913386 
vn 0.362205 -0.385827 -0.850394 
vn -0.472441 0.102362 -0.874016 
vn 0.952756 0.102362 -0.275591 
vn 0.299213 0.645669 -0.700787 
vn 0.787402 -0.582677 -0.212598 
vn 0.220472 -0.968504 -0.133858 
vn 0.228346 -0.212598 -0.952756 
vn 0.566929 -0.370079 0.732283 
vn 0.976378 0.0787402 -0.188976 
vn -0.787402 -0.582677 0.212598 
vn -0.220472 -0.968504 0.133858 
vn -0.228346 -0.212598 0.952756 
vn -0.566929 -0.370079 -0.732283 
vn -0.976378 0.0787402 0.188976 
vn -0.92126 0 -0.385827 
vn -0.795276 -0.496063 -0.338583 
vn -0.897638 0 0.440945 
vn -0.307087 0 -0.952756 
vn -0.795276 0.496063 -0.338583 
vn -0.606299 -0.708661 0.362205 
vn 0 -1 0 
vn 0.188976 -0.314961 0.929134 
vn -0.732283 -0.314961 -0.606299 
vn -0.858268 0 0.519685 
vn 0.574803 -0.795276 0.173228 
vn -0.181102 -0.96063 -0.228346 
vn 0.622047 -0.181102 -0.76378 
vn -0.19685 -0.409449 0.889764 
vn 0.897638 -0.0393701 0.440945 
vn 0.653543 0 -0.755906 
vn 0.566929 -0.496063 -0.653543 
vn -0.141732 0 -0.992126 
vn 1 0 0 
vn 0.566929 0.496063 -0.653543 
vn 0.708661 -0.708661 0.0629921 
vn 0 -1 0 
vn 0.393701 -0.314961 -0.866142 
vn 0.23622 -0.314961 0.92126 
vn 1 0 0.0866142 
vn -0.984252 -0.15748 -0.0866142 
vn -0.755906 -0.653543 -0.0629921 
vn -0.685039 -0.0944882 0.724409 
vn -0.551181 -0.0944882 -0.826772 
vn -0.92126 0.385827 -0.0787402 
vn -0.346457 -0.795276 0.496063 
vn 0.267717 -0.96063 -0.102362 
vn 0.527559 -0.181102 0.826772 
vn -0.787402 -0.409449 -0.464567 
vn -0.700787 -0.0393701 0.716535 
vn -0.913386 0.102362 -0.385827 
vn -0.92126 -0.015748 -0.385827 
vn -0.755906 -0.015748 -0.653543 
vn -0.755906 0.102362 -0.653543 
vn -0.519685 -0.015748 -0.858268 
vn -0.511811 0.102362 -0.850394 
vn -0.228346 0.102362 -0.968504 
vn -0.740157 0.212598 -0.637795 
vn -0.897638 0.212598 -0.377953 
vn -0.503937 0.212598 -0.834646 
vn -0.220472 0.212598 -0.952756 
vn -0.716535 0.322835 -0.622047 
vn -0.874016 0.322835 -0.370079 
vn -0.488189 0.322835 -0.811024 
vn -0.212598 0.322835 -0.92126 
vn -0.677165 0.433071 -0.590551 
vn -0.826772 0.433071 -0.346457 
vn -0.464567 0.433071 -0.771654 
vn 0.84252 -0.15748 -0.511811 
vn 0.645669 -0.653543 -0.393701 
vn 0.125984 -0.0944882 -0.984252 
vn 0.937008 -0.0944882 0.346457 
vn 0.787402 0.385827 -0.480315 
vn -0.929134 -0.307087 0.220472 
vn -0.598425 -0.787402 0.173228 
vn -0.377953 -0.141732 0.913386 
vn -0.724409 -0.220472 -0.645669 
vn -0.937008 0.275591 0.19685 
vn 0.362205 -0.795276 0.480315 
vn -0.015748 -0.96063 -0.291339 
vn 0.952756 -0.181102 -0.244094 
vn -0.685039 -0.409449 0.598425 
vn 0.464567 -0.0393701 0.88189 
vn 0.929134 -0.307087 -0.220472 
vn 0.598425 -0.787402 -0.173228 
vn 0.377953 -0.141732 -0.913386 
vn 0.724409 -0.220472 0.645669 
vn 0.937008 0.275591 -0.19685 
vn 0.84252 -0.15748 -0.511811 
vn 0.976378 -0.015748 -0.228346 
vn 0.96063 -0.15748 -0.220472 
vn 0.748031 -0.582677 0.314961 
vn 0.889764 -0.448819 0.0787402 
vn 0.818898 -0.448819 0.346457 
vn 0.614173 -0.582677 0.527559 
vn 0.811024 -0.307087 -0.496063 
vn 0.929134 -0.307087 -0.212598 
vn 0.866142 -0.448819 -0.204724 
vn 0.76378 -0.448819 -0.464567 
vn 0.811024 -0.582677 0.0708661 
vn 0.692913 -0.582677 -0.417323 
vn 0.787402 -0.582677 -0.181102 
vn 0.653543 -0.700787 0.275591 
vn 0.535433 -0.700787 0.464567 
vn 0.708661 -0.700787 0.0629921 
vn 0.606299 -0.700787 -0.370079 
vn 0.692913 -0.700787 -0.15748 
vn 0.543307 -0.80315 0.228346 
vn 0.464567 -0.700787 -0.535433 
vn 0.590551 -0.80315 0.0472441 
vn 0.574803 -0.80315 -0.133858 
vn 0.503937 -0.80315 -0.307087 
vn 0.393701 -0.889764 -0.23622 
vn 0.448819 -0.889764 -0.102362 
vn 0.456693 -0.889764 0.0393701 
vn 0.314961 -0.952756 0.023622 
vn 0.425197 -0.889764 0.181102 
vn 0.448819 -0.80315 0.385827 
vn 0.346457 -0.889764 0.299213 
vn 0.291339 -0.944882 0.125984 
vn 0.015748 -0.795276 0.598425 
vn 0.15748 -0.96063 -0.244094 
vn 0.913386 -0.181102 0.362205 
vn -0.905512 -0.409449 0.0866142 
vn -0.141732 -0.0393701 0.992126 
vn -0.204724 0.433071 -0.874016 
vn -0.629921 0.551181 -0.543307 
vn -0.76378 0.551181 -0.322835 
vn -0.433071 0.551181 -0.716535 
vn -0.188976 0.551181 -0.811024 
vn -0.559055 0.677165 -0.480315 
vn -0.377953 0.677165 -0.629921 
vn -0.165354 0.677165 -0.716535 
vn -0.141732 0.795276 -0.598425 
vn -0.314961 0.795276 -0.519685 
vn -0.102362 0.897638 -0.433071 
vn -0.677165 0.677165 -0.283465 
vn -0.826772 0.551181 -0.0708661 
vn -0.464567 0.795276 -0.401575 
vn -0.228346 0.897638 -0.377953 
vn -0.0551181 0.968504 -0.23622 
vn -0.338583 0.897638 -0.291339 
vn -0.125984 0.968504 -0.204724 
vn 0 1 0 
vn -0.181102 0.968504 -0.15748 
vn 0 1 0 
vn -0.220472 0.968504 -0.0944882 
vn 0 1 0 
vn -0.409449 0.897638 -0.173228 
vn -0.559055 0.795276 -0.23622 
vn -0.606299 0.795276 -0.0551181 
vn -0.440945 0.897638 -0.0393701 
vn -0.23622 0.968504 -0.023622 
vn 0 1 0 
vn -0.433071 0.897638 0.102362 
vn -0.740157 0.677165 -0.0629921 
vn -0.598425 0.795276 0.141732 
vn -0.811024 0.551181 0.188976 
vn -0.874016 0.433071 0.204724 
vn -0.716535 0.551181 0.433071 
vn -0.716535 0.677165 0.165354 
vn -0.629921 0.677165 0.377953 
vn -0.480315 0.677165 0.559055 
vn -0.519685 0.795276 0.314961 
vn -0.401575 0.795276 0.464567 
vn -0.23622 0.795276 0.559055 
vn -0.377953 0.897638 0.228346 
vn -0.23622 0.968504 0.0551181 
vn 0 1 0 
vn -0.204724 0.968504 0.125984 
vn 0 1 0 
vn -0.291339 0.897638 0.338583 
vn -0.173228 0.897638 0.409449 
vn -0.0393701 0.897638 0.440945 
vn -0.0944882 0.968504 0.220472 
vn -0.15748 0.968504 0.181102 
vn 0 1 0 
vn 0 1 0 
vn -0.76378 -0.456693 0.456693 
vn -0.377953 -0.897638 0.228346 
vn 0.00787402 -0.251969 0.968504 
vn -0.850394 -0.251969 -0.456693 
vn -0.84252 0.173228 0.511811 
vn -0.984252 0.15748 -0.0866142 
vn -0.92126 -0.385827 -0.0787402 
vn -0.685039 0.102362 0.716535 
vn -0.559055 0.102362 -0.826772 
vn -0.755906 0.645669 -0.0629921 
vn -0.275591 -0.708661 0.653543 
vn 0 -1 0 
vn 0.700787 -0.314961 0.637795 
vn -0.944882 -0.314961 -0.0551181 
vn -0.385827 0 0.92126 
vn 0.889764 -0.456693 0.0787402 
vn 0.440945 -0.897638 0.0393701 
vn 0.566929 -0.251969 -0.787402 
vn 0.425197 -0.251969 0.874016 
vn 0.984252 0.173228 0.0866142 
vn 0.535433 -0.708661 0.464567 
vn 0 -1 0 
vn 0.826772 -0.314961 -0.472441 
vn -0.346457 -0.314961 0.88189 
vn 0.755906 0 0.653543 
vn 0.84252 0.15748 -0.511811 
vn 0.787402 -0.385827 -0.480315 
vn 0.133858 0.102362 -0.984252 
vn 0.937008 0.102362 0.338583 
vn 0.653543 0.645669 -0.393701 
vn 0.76378 -0.582677 0.291339 
vn 0.259843 -0.968504 0.015748 
vn 0.740157 -0.212598 -0.629921 
vn 0.0314961 -0.370079 0.929134 
vn 0.905512 0.0787402 0.417323 
vn -0.511811 -0.582677 0.637795 
vn -0.0944882 -0.968504 0.23622 
vn 0.370079 -0.212598 0.905512 
vn -0.889764 -0.370079 -0.259843 
vn -0.677165 0.0787402 0.732283 
vn 0.15748 -0.708661 0.685039 
vn 0 -1 0 
vn 0.944882 -0.314961 0.102362 
vn -0.80315 -0.314961 0.511811 
vn 0.228346 0 0.976378 
vn 0.23622 -0.889764 0.393701 
vn 0.307087 -0.80315 0.503937 
vn 0.23622 -0.944882 0.204724 
vn 0.165354 -0.952756 0.267717 
vn 0.165354 -0.984252 0.015748 
vn 0.149606 -0.984252 0.0629921 
vn 0 -1 0 
vn 0.125984 -0.984252 0.110236 
vn 0 -1 0 
vn 0.0866142 -0.984252 0.141732 
vn 0 -1 0 
vn 0.15748 -0.984252 -0.0393701 
vn 0 -1 0 
vn 0.307087 -0.944882 -0.0708661 
vn 0.141732 -0.984252 -0.0866142 
vn 0 -1 0 
vn 0.267717 -0.952756 -0.165354 
vn 0.299213 -0.889764 -0.346457 
vn 0.204724 -0.944882 -0.23622 
vn 0.110236 -0.984252 -0.125984 
vn 0 -1 0 
vn 0.125984 -0.944882 -0.291339 
vn 0.385827 -0.80315 -0.448819 
vn 0.0629921 -0.984252 -0.149606 
vn 0 -1 0 
vn 0.181102 -0.889764 -0.425197 
vn 0.023622 -0.952756 -0.314961 
vn 0.015748 -0.984252 -0.165354 
vn 0 -1 0 
vn -0.0708661 -0.944882 -0.307087 
vn -0.0393701 -0.984252 -0.15748 
vn 0 -1 0 
vn 0.0393701 -0.889764 -0.456693 
vn -0.102362 -0.889764 -0.448819 
vn 0.228346 -0.80315 -0.543307 
vn 0.0472441 -0.80315 -0.590551 
vn -0.133858 -0.80315 -0.574803 
vn 0.275591 -0.700787 -0.653543 
vn -0.165354 -0.700787 -0.692913 
vn 0.0629921 -0.700787 -0.708661 
vn -0.181102 -0.582677 -0.787402 
vn 0.0708661 -0.582677 -0.811024 
vn -0.204724 -0.448819 -0.866142 
vn 0.314961 -0.582677 -0.748031 
vn 0.0787402 -0.448819 -0.889764 
vn -0.220472 -0.307087 -0.929134 
vn 0.527559 -0.582677 -0.614173 
vn 0.346457 -0.448819 -0.818898 
vn 0.582677 -0.448819 -0.677165 
vn 0.0787402 -0.307087 -0.944882 
vn -0.228346 -0.15748 -0.96063 
vn 0.370079 -0.307087 -0.874016 
vn 0.622047 -0.307087 -0.716535 
vn 0.0866142 -0.15748 -0.984252 
vn -0.228346 -0.015748 -0.976378 
vn 0.385827 -0.15748 -0.913386 
vn 0.645669 -0.15748 -0.748031 
vn 0.858268 -0.015748 -0.519685 
vn 0.850394 0.102362 -0.511811 
vn 0.653543 -0.015748 -0.755906 
vn 0.653543 0.102362 -0.755906 
vn 0.637795 0.212598 -0.740157 
vn 0.385827 -0.015748 -0.92126 
vn 0.0866142 -0.015748 -1 
vn 0.385827 0.102362 -0.913386 
vn 0.0866142 0.102362 -0.992126 
vn -0.228346 0.102362 -0.968504 
vn 0.377953 0.212598 -0.897638 
vn 0.370079 0.322835 -0.874016 
vn 0.0866142 0.212598 -0.976378 
vn -0.220472 0.212598 -0.952756 
vn 0.0787402 0.322835 -0.944882 
vn -0.212598 0.322835 -0.92126 
vn 0.346457 0.433071 -0.826772 
vn 0.590551 0.433071 -0.677165 
vn 0.322835 0.551181 -0.76378 
vn 0.0787402 0.433071 -0.897638 
vn 0.0708661 0.551181 -0.826772 
vn -0.204724 0.433071 -0.874016 
vn -0.976378 0 0.228346 
vn -0.84252 -0.496063 0.19685 
vn -0.464567 0 0.88189 
vn -0.811024 0 -0.590551 
vn -0.84252 0.496063 0.19685 
vn 0.976378 0 -0.228346 
vn 0.84252 -0.496063 -0.19685 
vn 0.464567 0 -0.88189 
vn 0.811024 0 0.590551 
vn 0.84252 0.496063 -0.19685 
vn -0.850394 0.102362 0.511811 
vn -0.858268 -0.015748 0.519685 
vn -0.84252 -0.15748 0.511811 
vn -0.582677 -0.448819 0.677165 
vn -0.370079 -0.307087 0.874016 
vn -0.622047 -0.307087 0.716535 
vn -0.346457 -0.448819 0.818898 
vn -0.811024 -0.307087 0.496063 
vn -0.527559 -0.582677 0.614173 
vn -0.314961 -0.582677 0.748031 
vn -0.76378 -0.448819 0.464567 
vn -0.692913 -0.582677 0.417323 
vn -0.464567 -0.700787 0.535433 
vn -0.275591 -0.700787 0.653543 
vn -0.0708661 -0.582677 0.811024 
vn -0.606299 -0.700787 0.370079 
vn -0.385827 -0.80315 0.448819 
vn -0.0629921 -0.700787 0.708661 
vn 0.181102 -0.582677 0.787402 
vn -0.228346 -0.80315 0.543307 
vn 0.15748 -0.700787 0.692913 
vn 0.370079 -0.700787 0.606299 
vn -0.0472441 -0.80315 0.590551 
vn 0.133858 -0.80315 0.574803 
vn 0.102362 -0.889764 0.448819 
vn -0.0393701 -0.889764 0.456693 
vn 0.0708661 -0.944882 0.307087 
vn -0.181102 -0.889764 0.425197 
vn -0.023622 -0.952756 0.314961 
vn 0.0393701 -0.984252 0.15748 
vn 0 -1 0 
vn -0.015748 -0.984252 0.165354 
vn 0 -1 0 
vn -0.0629921 -0.984252 0.149606 
vn 0 -1 0 
vn -0.125984 -0.944882 0.291339 
vn -0.110236 -0.984252 0.125984 
vn 0 -1 0 
vn -0.299213 -0.889764 0.346457 
vn -0.204724 -0.944882 0.23622 
vn -0.393701 -0.889764 0.23622 
vn -0.141732 -0.984252 0.0866142 
vn 0 -1 0 
vn -0.267717 -0.952756 0.165354 
vn 0 -1 0 
vn -0.448819 -0.889764 0.102362 
vn -0.503937 -0.80315 0.307087 
vn -0.307087 -0.944882 0.0708661 
vn -0.574803 -0.80315 0.133858 
vn -0.456693 -0.889764 -0.0393701 
vn -0.84252 -0.15748 0.511811 
vn -0.645669 -0.653543 0.393701 
vn -0.125984 -0.0944882 0.984252 
vn -0.937008 -0.0944882 -0.346457 
vn -0.787402 0.385827 0.480315 
vn 0.448819 -0.582677 0.677165 
vn 0.19685 -0.968504 0.165354 
vn 0.976378 -0.212598 -0.0787402 
vn -0.519685 -0.370079 0.76378 
vn 0.480315 0.0787402 0.874016 
vn -0.0393701 -0.582677 0.811024 
vn 0.0629921 -0.968504 0.251969 
vn 0.834646 -0.212598 0.511811 
vn -0.874016 -0.370079 0.314961 
vn -0.11811 0.0787402 0.992126 
vn 0.984252 -0.15748 0.0866142 
vn 0.755906 -0.653543 0.0629921 
vn 0.685039 -0.0944882 -0.724409 
vn 0.551181 -0.0944882 0.826772 
vn 0.92126 0.385827 0.0787402 
vn -0.346457 -0.456693 0.818898 
vn -0.173228 -0.897638 0.409449 
vn 0.574803 -0.251969 0.779528 
vn -0.96063 -0.251969 0.133858 
vn -0.385827 0.173228 0.905512 
vn -0.614173 -0.307087 0.724409 
vn -0.377953 -0.787402 0.488189 
vn 0.23622 -0.141732 0.96063 
vn -0.968504 -0.220472 -0.0944882 
vn -0.645669 0.275591 0.716535 
vn 0.677165 -0.456693 0.582677 
vn 0.338583 -0.897638 0.291339 
vn 0.92126 -0.251969 -0.307087 
vn -0.165354 -0.251969 0.952756 
vn 0.748031 0.173228 0.645669 
vn 0.88189 -0.307087 0.362205 
vn 0.582677 -0.787402 0.212598 
vn 0.84252 -0.141732 -0.519685 
vn 0.204724 -0.220472 0.952756 
vn 0.874016 0.275591 0.393701 
vn 0.204724 -0.456693 0.866142 
vn 0.102362 -0.897638 0.433071 
vn 0.92126 -0.251969 0.291339 
vn -0.692913 -0.251969 0.669291 
vn 0.220472 0.173228 0.96063 
vn -0.84252 0.15748 0.511811 
vn -0.787402 -0.385827 0.480315 
vn -0.133858 0.102362 0.984252 
vn -0.937008 0.102362 -0.338583 
vn -0.653543 0.645669 0.393701 
vn 0.984252 0.15748 0.0866142 
vn 0.92126 -0.385827 0.0787402 
vn 0.685039 0.102362 -0.716535 
vn 0.559055 0.102362 0.826772 
vn 0.755906 0.645669 0.0629921 
vn -0.0708661 -0.307087 0.952756 
vn -0.015748 -0.787402 0.622047 
vn 0.755906 -0.141732 0.637795 
vn -0.84252 -0.220472 0.488189 
vn -0.102362 0.275591 0.952756 
vn -0.653543 0 0.755906 
vn -0.566929 -0.496063 0.653543 
vn 0.141732 0 0.992126 
vn -1 0 0 
vn -0.566929 0.496063 0.653543 
vn 0.496063 -0.307087 0.811024 
vn 0.346457 -0.787402 0.511811 
vn 0.984252 -0.141732 0.0708661 
vn -0.393701 -0.220472 0.889764 
vn 0.480315 0.275591 0.834646 
vn -0.385827 -0.15748 0.913386 
vn -0.291339 -0.653543 0.700787 
vn 0.472441 -0.0944882 0.874016 
vn -0.96063 -0.0944882 0.267717 
vn -0.362205 0.385827 0.850394 
vn 0.92126 0 0.385827 
vn 0.795276 -0.496063 0.338583 
vn 0.897638 0 -0.440945 
vn 0.307087 0 0.952756 
vn 0.795276 0.496063 0.338583 
vn 0.748031 -0.15748 0.645669 
vn 0.574803 -0.653543 0.496063 
vn 0.976378 -0.0944882 -0.181102 
vn -0.0393701 -0.0944882 0.992126 
vn 0.700787 0.385827 0.606299 
vn -0.283465 0.677165 0.677165 
vn -0.0708661 0.559055 0.826772 
vn -0.0629921 0.677165 0.740157 
vn -0.0551181 0.795276 0.606299 
vn -0.322835 0.559055 0.76378 
vn -0.0708661 0.496063 0.866142 
vn -0.299213 0.496063 0.811024 
vn -0.433071 0.496063 0.748031 
vn -0.370079 0.543307 0.755906 
vn -0.448819 0.503937 0.732283 
vn -0.480315 0.401575 0.779528 
vn -0.582677 0.425197 0.692913 
vn -0.433071 0.291339 0.858268 
vn -0.543307 0.551181 0.629921 
vn -0.598425 0.330709 0.732283 
vn -0.811024 0.322835 0.488189 
vn -0.834646 0.212598 0.503937 
vn -0.771654 0.433071 0.464567 
vn -0.92126 0.322835 0.212598 
vn -0.952756 0.212598 0.220472 
vn -0.968504 0.102362 0.228346 
vn -0.992126 0.102362 -0.0866142 
vn -0.976378 0.212598 -0.0866142 
vn -0.944882 0.322835 -0.0787402 
vn -0.897638 0.433071 -0.0787402 
vn 0.0629921 0.677165 -0.740157 
vn -0.188976 0.551181 -0.811024 
vn -0.165354 0.677165 -0.716535 
vn -0.141732 0.795276 -0.598425 
vn 0.0551181 0.795276 -0.606299 
vn -0.102362 0.897638 -0.433071 
vn 0.283465 0.677165 -0.677165 
vn 0.0393701 0.897638 -0.440945 
vn -0.0551181 0.968504 -0.23622 
vn 0.023622 0.968504 -0.23622 
vn 0 1 0 
vn 0.0944882 0.968504 -0.220472 
vn 0 1 0 
vn 0.173228 0.897638 -0.409449 
vn 0.23622 0.795276 -0.559055 
vn 0.15748 0.968504 -0.181102 
vn 0 1 0 
vn 0.401575 0.795276 -0.464567 
vn 0.291339 0.897638 -0.338583 
vn 0.204724 0.968504 -0.125984 
vn 0 1 0 
vn 0.519685 0.795276 -0.314961 
vn 0.480315 0.677165 -0.559055 
vn 0.377953 0.897638 -0.228346 
vn 0.23622 0.968504 -0.0551181 
vn 0 1 0 
vn 0.598425 0.795276 -0.141732 
vn 0.433071 0.897638 -0.102362 
vn 0.440945 0.897638 0.0393701 
vn 0.629921 0.677165 -0.377953 
vn 0.606299 0.795276 0.0551181 
vn 0.716535 0.677165 -0.165354 
vn 0.23622 0.968504 0.023622 
vn 0 1 0 
vn 0.220472 0.968504 0.0944882 
vn 0 1 0 
vn 0.559055 0.795276 0.23622 
vn 0.740157 0.677165 0.0629921 
vn 0.409449 0.897638 0.173228 
vn 0.464567 0.795276 0.401575 
vn 0.338583 0.897638 0.291339 
vn 0.181102 0.968504 0.15748 
vn 0 1 0 
vn 0.125984 0.968504 0.204724 
vn 0 1 0 
vn 0.228346 0.897638 0.377953 
vn 0.102362 0.897638 0.433071 
vn 0.677165 0.677165 0.283465 
vn 0.0551181 0.968504 0.23622 
vn 0 1 0 
vn 0.559055 0.677165 0.480315 
vn 0.314961 0.795276 0.519685 
vn 0.141732 0.795276 0.598425 
vn 0.377953 0.677165 0.629921 
vn -0.023622 0.968504 0.23622 
vn 0 1 0 
vn 0 1 0 
vn 0.165354 0.677165 0.716535 
vn 0.188976 0.551181 0.811024 
vn 0.425197 0.559055 0.708661 
vn 0.19685 0.496063 0.84252 
vn 0.440945 0.503937 0.740157 
vn 0.629921 0.559055 0.543307 
vn 0.622047 0.503937 0.598425 
vn 0.771654 0.551181 0.322835 
vn 0.724409 0.503937 0.472441 
vn 0.661417 0.551181 0.503937 
vn 0.732283 0.503937 0.448819 
vn 0.779528 0.401575 0.480315 
vn 0.826772 0.425197 0.362205 
vn 0.76378 0.291339 0.574803 
vn 0.826772 0.551181 0.0708661 
vn 0.897638 0.433071 0.0787402 
vn 0.858268 0.330709 0.385827 
vn 0.811024 0.551181 -0.188976 
vn 0.874016 0.433071 -0.204724 
vn 0.716535 0.551181 -0.433071 
vn 0.944882 0.322835 0.0787402 
vn 0.92126 0.322835 -0.212598 
vn 0.771654 0.433071 -0.464567 
vn 0.543307 0.551181 -0.629921 
vn 0.811024 0.322835 -0.488189 
vn 0.952756 0.212598 -0.220472 
vn 0.622047 0.322835 -0.716535 
vn 0.976378 0.212598 0.0866142 
vn 0.834646 0.212598 -0.503937 
vn 0.968504 0.102362 -0.228346 
vn 0.992126 0.102362 0.0866142 
vn 0.897638 0.212598 0.377953 
vn 0.220472 -0.15748 0.96063 
vn 0.173228 -0.653543 0.740157 
vn 0.897638 -0.0944882 0.425197 
vn -0.614173 -0.0944882 0.779528 
vn 0.212598 0.385827 0.897638 
vn -0.385827 0.15748 0.913386 
vn -0.362205 -0.385827 0.850394 
vn 0.472441 0.102362 0.874016 
vn -0.952756 0.102362 0.275591 
vn -0.299213 0.645669 0.700787 
vn 0.748031 0.15748 0.645669 
vn 0.700787 -0.385827 0.606299 
vn 0.976378 0.102362 -0.181102 
vn -0.0314961 0.102362 0.992126 
vn 0.574803 0.645669 0.496063 
vn -0.0866142 0 1 
vn -0.0708661 -0.496063 0.866142 
vn 0.692913 0 0.716535 
vn -0.811024 0 0.590551 
vn -0.0708661 0.496063 0.866142 
vn 0.519685 0 0.858268 
vn 0.448819 -0.496063 0.740157 
vn 0.984252 0 0.173228 
vn -0.307087 0 0.952756 
vn 0.448819 0.496063 0.740157 
vn -0.220472 0.370079 0.897638 
vn -0.220472 0.370079 0.897638 
vn -0.220472 0.370079 0.897638 
vn -0.220472 0.370079 0.897638 
vn -0.220472 0.370079 0.897638 
vn -0.220472 0.370079 0.897638 
vn -0.220472 0.370079 0.897638 
vn -0.220472 0.370079 0.897638 
vn -0.220472 0.370079 0.897638 
vn -0.220472 0.370079 0.897638 
vn -0.220472 0.370079 0.897638 
vn 0.598425 0.370079 0.708661 
vn 0.598425 0.370079 0.708661 
vn 0.598425 0.370079 0.708661 
vn 0.598425 0.370079 0.708661 
vn 0.598425 0.370079 0.708661 
vn 0.598425 0.370079 0.708661 
vn 0.598425 0.370079 0.708661 
vn 0.598425 0.370079 0.708661 
vn 0.598425 0.370079 0.708661 
vn 0.0629921 0.370079 0.92126 
vn 0.0629921 0.370079 0.92126 
vn 0.0629921 0.370079 0.92126 
vn 0.0629921 0.370079 0.92126 
vn 0.0629921 0.370079 0.92126 
vn 0.0629921 0.370079 0.92126 
vn 0.0629921 0.370079 0.92126 
vn 0.0629921 0.370079 0.92126 
vn 0.0551181 0.456693 0.889764 
vn 0.0629921 0.370079 0.92126 
vn 0.0393701 0.433071 0.897638 
vn -0.0393701 0.440945 0.897638 
vn -0.0629921 0.448819 0.889764 
vn 0.0629921 0.456693 0.88189 
vn 0.220472 0.456693 0.858268 
vn 0.0629921 0.417323 0.905512 
vn 0.0787402 0.401575 0.913386 
vn 0.0866142 0.393701 0.913386 
vn 0.0944882 0.385827 0.913386 
vn 0.102362 0.385827 0.913386 
vn 0.0708661 0.299213 0.952756 
vn 0.0629921 0.370079 0.92126 
vn 0.0629921 0.370079 0.92126 
vn 0.0629921 0.362205 0.929134 
vn 0.0629921 0.370079 0.92126 
vn 0.0629921 0.370079 0.92126 
vn 0.0629921 0.370079 0.92126 
vn 0.0629921 0.370079 0.92126 
vn 0.0629921 0.370079 0.92126 
vn 0.0629921 0.370079 0.92126 
vn 0.0629921 0.370079 0.92126 
vn 0.0708661 0.275591 0.96063 
vn 0.220472 0.275591 0.937008 
vn 0.149606 0.307087 0.937008 
vn 0.0708661 0.259843 0.96063 
vn -0.212598 0.488189 0.84252 
vn -0.188976 0.472441 0.858268 
vn -0.212598 0.488189 0.84252 
vn -0.204724 0.464567 0.866142 
vn -0.212598 0.488189 0.84252 
vn -0.212598 0.488189 0.84252 
vn -0.204724 0.433071 0.88189 
vn -0.228346 0.299213 0.929134 
vn -0.228346 0.330709 0.913386 
vn -0.228346 0.259843 0.937008 
vn -0.228346 0.259843 0.937008 
vn -0.228346 0.259843 0.937008 
vn -0.228346 0.259843 0.937008 
vn -0.228346 0.267717 0.937008 
vn -0.0787402 0.283465 0.952756 
vn -0.181102 0.291339 0.937008 
vn 0 0.330709 0.944882 
vn 0.0629921 0.275591 0.96063 
vn 0.0629921 0.346457 0.937008 
vn 0.0629921 0.370079 0.92126 
vn 0.0629921 0.370079 0.92126 
vn 0.0629921 0.370079 0.92126 
vn 0.0629921 0.370079 0.92126 
vn 0.0629921 0.370079 0.92126 
vn 0.0629921 0.370079 0.92126 
vn 0.0629921 0.370079 0.92126 
vn 0.0629921 0.370079 0.92126 
vn 0.0629921 0.370079 0.92126 
vn 0.220472 0.15748 0.96063 
vn 0.212598 -0.385827 0.897638 
vn 0.897638 0.102362 0.433071 
vn -0.614173 0.102362 0.787402 
vn 0.173228 0.645669 0.740157 
vn 0.125984 0.456693 0.88189 
vn 0.181102 0.409449 0.897638 
vn 0.141732 0.377953 0.913386 
vn 0.204724 0.338583 0.92126 
vn 0.251969 0.314961 0.913386 
vn 0.338583 0.417323 0.84252 
vn 0.338583 0.417323 0.84252 
vn 0.330709 0.283465 0.897638 
vn 0.346457 0.370079 0.858268 
vn 0.346457 0.370079 0.858268 
vn 0.346457 0.370079 0.858268 
vn 0.346457 0.370079 0.858268 
vn 0.346457 0.370079 0.858268 
vn 0.346457 0.370079 0.858268 
vn 0.346457 0.370079 0.858268 
vn 0.346457 0.370079 0.858268 
vn 0.338583 0.417323 0.84252 
vn 0.440945 0.480315 0.755906 
vn 0.362205 0.267717 0.889764 
vn 0.456693 0.433071 0.779528 
vn 0.559055 0.488189 0.669291 
vn 0.559055 0.488189 0.669291 
vn 0.559055 0.488189 0.669291 
vn 0.582677 0.440945 0.685039 
vn 0.362205 0.299213 0.88189 
vn 0.354331 0.322835 0.874016 
vn 0.346457 0.370079 0.858268 
vn 0.362205 0.299213 0.88189 
vn 0.346457 0.370079 0.858268 
vn 0.346457 0.370079 0.858268 
vn 0.362205 0.307087 0.88189 
vn 0.496063 0.275591 0.818898 
vn 0.362205 0.291339 0.889764 
vn 0.346457 0.370079 0.858268 
vn 0.401575 0.307087 0.866142 
vn 0.346457 0.370079 0.858268 
vn 0.574803 0.322835 0.748031 
vn 0.622047 0.275591 0.732283 
vn 0.622047 0.259843 0.740157 
vn 0.598425 0.370079 0.708661 
vn 0.622047 0.259843 0.740157 
vn 0.559055 0.385827 0.740157 
vn 0.622047 0.275591 0.732283 
vn 0.535433 0.385827 0.755906 
vn 0.622047 0.259843 0.740157 
vn 0.622047 0.259843 0.740157 
vn 0.622047 0.259843 0.740157 
vn 0.527559 0.370079 0.76378 
vn 0.527559 0.385827 0.755906 
vn 0.519685 0.409449 0.748031 
vn 0.559055 0.377953 0.740157 
vn 0.614173 0.322835 0.724409 
vn 0.590551 0.370079 0.724409 
vn 0.598425 0.370079 0.708661 
vn 0.598425 0.370079 0.708661 
vn 0.598425 0.362205 0.716535 
vn 0.598425 0.370079 0.708661 
vn 0.425197 0.362205 0.826772 
vn 0.598425 0.385827 0.700787 
vn 0.346457 0.370079 0.858268 
vn 0.598425 0.385827 0.700787 
vn 0.606299 0.377953 0.700787 
vn 0.606299 0.377953 0.700787 
vn 0.606299 0.377953 0.700787 
vn 0.598425 0.370079 0.708661 
vn 0.598425 0.370079 0.708661 
vn 0.598425 0.370079 0.708661 
vn 0.598425 0.370079 0.708661 
vn 0.598425 0.370079 0.708661 
vn 0.598425 0.370079 0.708661 
vn 0.598425 0.370079 0.708661 
vn 0.598425 0.377953 0.708661 
vn 0.464567 -0.448819 0.76378 
vn 0.417323 -0.582677 0.692913 
vn 0.204724 -0.448819 0.866142 
vn 0.212598 -0.307087 0.929134 
vn -0.0787402 -0.448819 0.889764 
vn -0.0787402 -0.307087 0.944882 
vn 0.220472 -0.15748 0.96063 
vn -0.0866142 -0.15748 0.984252 
vn 0.228346 -0.015748 0.976378 
vn -0.0866142 -0.015748 1 
vn -0.0866142 0.102362 0.992126 
vn -0.385827 -0.15748 0.913386 
vn -0.385827 0.102362 0.913386 
vn -0.377953 0.23622 0.897638 
vn -0.385827 -0.015748 0.92126 
vn -0.637795 0.212598 0.740157 
vn -0.653543 0.102362 0.755906 
vn -0.653543 -0.015748 0.755906 
vn -0.645669 -0.15748 0.748031 
vn -0.102362 0.496063 0.858268 
vn 0.204724 0.433071 0.874016 
vn 0.19685 0.496063 0.84252 
vn 0.472441 0.496063 0.724409 
vn -0.102362 0.440945 0.889764 
vn -0.259843 0.488189 0.826772 
vn -0.267717 0.440945 0.858268 
vn -0.102362 0.338583 0.937008 
vn -0.267717 0.354331 0.897638 
vn -0.251969 0.314961 0.913386 
vn -0.102362 0.291339 0.952756 
vn 0.220472 0.267717 0.937008 
vn 0.212598 0.322835 0.92126 
vn 0.503937 0.338583 0.795276 
vn 0.511811 0.291339 0.811024 
vn 0.637795 0.314961 0.708661 
vn 0.637795 0.354331 0.685039 
vn 0.622047 0.440945 0.653543 
vn 0.488189 0.440945 0.755906 
vn 0.606299 0.488189 0.629921 
vn -0.0708661 1 -0.00787402 
vn 0 1 0 
vn -0.0787402 1 -0.00787402 
vn 0 1 0 
vn -0.370079 0.929134 -0.0472441 
vn -0.354331 0.929134 -0.0472441 
vn -0.700787 0.716535 -0.0708661 
vn -0.748031 0.661417 -0.0708661 
vn -0.897638 0.433071 -0.0787402 
vn -0.92126 0.377953 -0.0708661 
vn -0.976378 0.188976 -0.0708661 
vn -0.992126 0.11811 -0.0708661 
vn -0.992126 -0.0866142 -0.0708661 
vn -0.984252 -0.149606 -0.0708661 
vn -0.929134 -0.362205 -0.0629921 
vn -0.897638 -0.440945 -0.0629921 
vn -0.716535 -0.692913 -0.0551181 
vn -0.637795 -0.771654 -0.0551181 
vn -0.354331 -0.937008 -0.0393701 
vn -0.291339 -0.952756 -0.0314961 
vn -0.0787402 -1 -0.015748 
vn -0.0708661 -1 -0.00787402 
vn 0.826772 -0.511811 0.212598 
vn 0.645669 -0.748031 0.165354 
vn 0.944882 0.212598 0.244094 
vn 0.944882 0.212598 0.244094 
vn 0 -1 0 
vn 0 -1 0 
vn 0 -1 0 
vn 0 -1 0 
vn 0 -1 0 
vn 0 -1 0 
vn -0.149606 -0.984252 0.125984 
vn -0.141732 -0.984252 0.11811 
vn 0.188976 -0.976378 0.0551181 
vn 0.181102 -0.984252 0.0472441 
vn -0.425197 -0.826772 0.370079 
vn -0.464567 -0.787402 0.409449 
vn 0.543307 -0.826772 0.15748 
vn 0.598425 -0.779528 0.173228 
vn -0.700787 -0.354331 0.622047 
vn 0.905512 -0.346457 0.259843 
vn -0.661417 -0.480315 0.582677 
vn 0.84252 -0.472441 0.244094 
vn -0.748031 -0.023622 0.669291 
vn 0.96063 -0.015748 0.283465 
vn -0.740157 0.0866142 0.669291 
vn 0.952756 0.0866142 0.283465 
vn -0.685039 0.346457 0.637795 
vn 0.897638 0.346457 0.275591 
vn -0.669291 0.401575 0.629921 
vn 0.874016 0.401575 0.275591 
vn -0.559055 0.637795 0.527559 
vn 0.740157 0.637795 0.228346 
vn -0.543307 0.661417 0.511811 
vn 0.716535 0.661417 0.220472 
vn -0.370079 0.858268 0.346457 
vn 0.488189 0.858268 0.141732 
vn -0.362205 0.874016 0.330709 
vn 0.472441 0.874016 0.141732 
vn -0.133858 0.984252 0.11811 
vn 0.173228 0.984252 0.0472441 
vn -0.125984 0.984252 0.11811 
vn 0.165354 0.984252 0.0472441 
vn 0 1 0 
vn 0 1 0 
vn 0 1 0 
vn 0 1 0 
vn 0 1 0 
vn 0 1 0 
vn 0.913386 0.102362 0.385827 
vn 0.740157 0.23622 0.629921 
vn 0.685039 0.291339 0.669291 
vn 0.622047 0.267717 0.740157 
vn 0.622047 0.267717 0.740157 
vn 0.622047 0.267717 0.740157 
vn 0.503937 0.212598 0.834646 
vn 0.496063 0.267717 0.826772 
vn 0.220472 0.212598 0.952756 
vn 0.220472 0.267717 0.937008 
vn -0.0787402 0.267717 0.96063 
vn -0.0866142 0.212598 0.976378 
vn -0.228346 0.267717 0.937008 
vn 0.228346 0.102362 0.968504 
vn 0.511811 0.102362 0.850394 
vn -0.314961 0.291339 0.905512 
vn -0.228346 0.267717 0.937008 
vn -0.228346 0.267717 0.937008 
vn 0.755906 0.102362 0.653543 
vn 0.519685 -0.015748 0.858268 
vn 0.755906 -0.015748 0.653543 
vn 0.92126 -0.015748 0.385827 
vn 0.748031 -0.15748 0.645669 
vn 1 -0.015748 0.0866142 
vn 0.913386 -0.15748 0.385827 
vn 0.511811 -0.15748 0.84252 
vn 0.716535 -0.307087 0.622047 
vn 0.984252 -0.15748 0.0866142 
vn 0.874016 -0.307087 0.370079 
vn 0.496063 -0.307087 0.811024 
vn 0.677165 -0.448819 0.582677 
vn 0.944882 -0.307087 0.0787402 
vn -0.291339 0.929134 0.220472 
vn -0.511811 0.771654 0.385827 
vn -0.559055 0.724409 0.417323 
vn -0.251969 0.944882 0.19685 
vn -0.677165 0.535433 0.503937 
vn 0 1 0 
vn -0.700787 0.488189 0.519685 
vn 0.00787402 1 -0.00787402 
vn -0.740157 0.401575 0.543307 
vn -0.740157 0.401575 0.543307 
vn 0.291339 0.929134 -0.23622 
vn 0.314961 0.913386 -0.251969 
vn 0.574803 0.669291 -0.464567 
vn 0.622047 0.598425 -0.503937 
vn 0.748031 0.275591 -0.606299 
vn 0.76378 0.188976 -0.622047 
vn 0.771654 0.0314961 -0.629921 
vn 0.771654 0.0314961 -0.629921 
vn -0.992126 0.141732 0 
vn -0.968504 0.23622 0 
vn -0.952756 0.307087 0 
vn -0.992126 0.141732 0 
vn -0.826772 0.559055 0 
vn -0.76378 0.645669 0.00787402 
vn -0.448819 0.889764 0.00787402 
vn -0.385827 0.92126 0.00787402 
vn -0.00787402 1 0 
vn 0 1 0 
vn 0.362205 0.937008 -0.015748 
vn 0.393701 0.92126 -0.015748 
vn 0.685039 0.732283 -0.0314961 
vn 0.732283 0.685039 -0.0393701 
vn 0.889764 0.448819 -0.0472441 
vn 0.92126 0.385827 -0.0551181 
vn 0.96063 0.267717 -0.0551181 
vn 0.96063 0.267717 -0.0551181 
vn 0 1 0 
vn 0 1 0 
vn 0 1 0 
vn 0 1 0 
vn 0 1 0 
vn 0 1 0 
vn 0 1 0 
vn 0 1 0 
vn 0 1 0 
vn -0.149606 0.984252 0.125984 
vn -0.165354 0.976378 0.133858 
vn 0.00787402 1 -0.00787402 
vn -0.346457 0.889764 0.299213 
vn 0.220472 0.96063 -0.165354 
vn -0.377953 0.866142 0.322835 
vn 0.212598 0.96063 -0.15748 
vn -0.464567 0.787402 0.409449 
vn -0.464567 0.787402 0.409449 
vn 0.519685 0.771654 -0.370079 
vn 0.559055 0.724409 -0.393701 
vn 0.755906 0.393701 -0.519685 
vn 0.787402 0.314961 -0.535433 
vn 0.826772 0.0551181 -0.559055 
vn 0.834646 0 -0.551181 
vn 0.826772 -0.141732 -0.551181 
vn 0.818898 -0.173228 -0.543307 
vn 0.795276 -0.299213 -0.527559 
vn 0.779528 -0.346457 -0.519685 
vn 0.692913 -0.543307 -0.472441 
vn 0.653543 -0.614173 -0.448819 
vn 0.472441 -0.811024 -0.330709 
vn 0.425197 -0.858268 -0.299213 
vn 0.204724 -0.968504 -0.149606 
vn 0.181102 -0.976378 -0.133858 
vn -0.0314961 -1 0.0314961 
vn -0.0393701 -1 0.0314961 
vn -0.299213 -0.92126 0.244094 
vn -0.322835 -0.905512 0.267717 
vn -0.543307 -0.700787 0.464567 
vn -0.574803 -0.645669 0.496063 
vn -0.685039 -0.425197 0.598425 
vn -0.700787 -0.354331 0.614173 
vn -0.748031 -0.0787402 0.661417 
vn -0.748031 0.015748 0.661417 
vn -0.732283 0.173228 0.653543 
vn -0.732283 0.173228 0.653543 
vn 0 1 0 
vn 0 1 0 
vn 0 1 0 
vn 0 1 0 
vn 0 1 0 
vn 0 1 0 
vn 0 1 0 
vn 0 1 0 
vn -0.448819 0.858268 0.244094 
vn -0.748031 0.527559 0.401575 
vn -0.748031 0.527559 0.401575 
vn -0.401575 0.889764 0.212598 
vn 0 1 0 
vn 0 1 0 
vn -0.834646 -0.551181 0.0787402 
vn -0.700787 -0.716535 0.0551181 
vn -0.661417 -0.748031 0.0551181 
vn -0.858268 -0.503937 0.0866142 
vn -0.409449 -0.913386 0.023622 
vn -0.952756 -0.299213 0.102362 
vn -0.370079 -0.929134 0.023622 
vn -0.968504 -0.220472 0.102362 
vn -0.992126 -0.0866142 0.110236 
vn -0.992126 -0.0866142 0.110236 
vn -0.0472441 -1 0 
vn -0.0472441 -1 0 
vn 0.267717 -0.96063 0 
vn 0.307087 -0.952756 0 
vn 0.629921 -0.779528 0.015748 
vn 0.708661 -0.708661 0.015748 
vn 0.913386 -0.409449 0.0393701 
vn 0.952756 -0.314961 0.0393701 
vn 0.992126 -0.0787402 0.0472441 
vn 1 -0.023622 0.0551181 
vn 0.992126 0.102362 0.0551181 
vn 0.992126 0.125984 0.0551181 
vn 0.968504 0.244094 0.0472441 
vn 0.952756 0.291339 0.0472441 
vn 0.874016 0.480315 0.0393701 
vn 0.84252 0.535433 0.0314961 
vn 0.629921 0.771654 0.015748 
vn 0.598425 0.80315 0.015748 
vn 0.275591 0.96063 0 
vn 0.267717 0.96063 0 
vn 0.00787402 1 0 
vn 0 1 0 
vn -0.228346 0.976378 0.015748 
vn -0.244094 0.968504 0.015748 
vn -0.551181 0.834646 0.0472441 
vn -0.598425 0.795276 0.0551181 
vn -0.748031 0.661417 0.0708661 
vn -0.748031 0.661417 0.0708661 
vn 0.80315 0.440945 -0.393701 
vn 0.80315 0.440945 -0.393701 
vn 0.80315 0.440945 -0.393701 
vn 0.80315 0.440945 -0.393701 
vn -0.0314961 1 0.015748 
vn -0.307087 0.944882 0.110236 
vn -0.338583 0.937008 0.11811 
vn -0.448819 0.88189 0.15748 
vn -0.448819 0.88189 0.15748 
vn -0.00787402 1 0.00787402 
vn 0.401575 0.905512 -0.110236 
vn 0.385827 0.913386 -0.110236 
vn 0.732283 0.653543 -0.19685 
vn 0.771654 0.606299 -0.204724 
vn 0.913386 0.322835 -0.23622 
vn 0.937008 0.259843 -0.23622 
vn 0.968504 0.0708661 -0.244094 
vn 0.968504 0.0472441 -0.244094 
vn 0.968504 -0.00787402 -0.23622 
vn 0.968504 -0.00787402 -0.23622 
vn 0.80315 0.385827 -0.456693 
vn 0.80315 0.385827 -0.456693 
vn 0.80315 0.385827 -0.456693 
vn 0.80315 0.385827 -0.456693 
vn -0.826772 0.23622 0.511811 
vn -0.677165 0.606299 0.417323 
vn -0.677165 0.606299 0.417323 
vn -0.850394 -0.0314961 0.527559 
vn -0.779528 0.401575 0.488189 
vn -0.622047 0.677165 0.393701 
vn 0 1 0 
vn 0 1 0 
vn -0.96063 -0.188976 -0.19685 
vn -0.96063 -0.188976 -0.19685 
vn -0.96063 -0.188976 -0.19685 
vn -0.96063 -0.188976 -0.19685 
vn -0.913386 0.0708661 0.393701 
vn -0.913386 0.0708661 0.393701 
vn -0.913386 0.0708661 0.393701 
vn -0.913386 0.0708661 0.393701 
vn 0.937008 -0.0551181 -0.354331 
vn 0.937008 -0.0551181 -0.354331 
vn 0.937008 -0.0551181 -0.354331 
vn 0.937008 -0.0551181 -0.354331 
vn 0.937008 -0.0551181 -0.346457 
vn 0.937008 -0.0551181 -0.346457 
vn 0.937008 -0.0551181 -0.346457 
vn 0.937008 -0.0551181 -0.346457 
vn 0.653543 0.748031 0.0866142 
vn 0.370079 0.929134 0.0551181 
vn 0.724409 0.685039 0.0944882 
vn 0.314961 0.944882 0.0472441 
vn 0.88189 0.456693 0.110236 
vn 0.0787402 1 0.015748 
vn 0.913386 0.377953 0.110236 
vn 0.0708661 1 0.015748 
vn 0 1 0 
vn 0 1 0 
vn 0.976378 0.188976 0.11811 
vn 0.984252 0.133858 0.11811 
vn 0.992126 -0.0629921 0.11811 
vn 0.984252 -0.133858 0.125984 
vn 0.874016 -0.472441 0.11811 
vn 0.826772 -0.551181 0.110236 
vn 0.519685 -0.850394 0.0787402 
vn 0.488189 -0.866142 0.0708661 
vn 0.165354 -0.984252 0.023622 
vn 0.173228 -0.984252 0.0314961 
vn 0.0314961 -1 0.00787402 
vn 0.0314961 -1 0.00787402 
vn 0.0787402 0.88189 -0.472441 
vn 0.527559 0.0393701 -0.850394 
vn -0.228346 0.0393701 -0.976378 
vn -0.228346 0.0393701 -0.976378 
vn 0 -1 0 
vn -0.275591 0.88189 -0.385827 
vn 0.0787402 0.88189 -0.472441 
vn -0.80315 -0.535433 0.251969 
vn -0.929134 -0.23622 0.283465 
vn -0.944882 -0.173228 0.291339 
vn -0.755906 -0.614173 0.23622 
vn -0.952756 -0.023622 0.291339 
vn -0.409449 -0.905512 0.133858 
vn -0.952756 -0.00787402 0.291339 
vn -0.385827 -0.913386 0.11811 
vn -0.952756 0.0314961 0.291339 
vn -0.952756 0.0314961 0.291339 
vn -0.023622 -1 0.00787402 
vn -0.015748 -1 0 
vn 0.212598 -0.976378 -0.0787402 
vn 0.23622 -0.968504 -0.0787402 
vn 0.464567 -0.874016 -0.165354 
vn 0.503937 -0.84252 -0.181102 
vn 0.614173 -0.755906 -0.220472 
vn 0.614173 -0.755906 -0.220472 
vn 0.755906 -0.551181 -0.362205 
vn 0.755906 -0.551181 -0.362205 
vn 0.755906 -0.551181 -0.362205 
vn 0.755906 -0.551181 -0.362205 
vn -0.818898 -0.370079 0.440945 
vn -0.818898 -0.370079 0.440945 
vn -0.818898 -0.370079 0.440945 
vn -0.818898 -0.370079 0.440945 
vn 0.771654 -0.622047 -0.110236 
vn -0.551181 -0.826772 0.110236 
vn -0.787402 -0.598425 0.15748 
vn -0.976378 -0.015748 0.19685 
vn -0.976378 -0.015748 0.19685 
vn 0.622047 -0.779528 -0.0866142 
vn 0.992126 0.0393701 -0.141732 
vn 0.992126 0.0393701 -0.141732 
vn -0.519685 -0.858268 0.0472441 
vn -0.519685 -0.858268 0.0472441 
vn -0.519685 -0.858268 0.0472441 
vn -0.519685 -0.858268 0.0472441 
vn -0.850394 0.0393701 -0.527559 
vn -0.228346 0.0393701 -0.976378 
vn 0 -1 0 
vn -0.472441 0.88189 -0.0787402 
vn -0.275591 0.88189 -0.385827 
vn -0.385827 0.88189 0.275591 
vn -0.976378 0.0393701 0.228346 
vn -0.527559 0.0393701 0.850394 
vn -0.527559 0.0393701 0.850394 
vn 0 -1 0 
vn -0.0787402 0.88189 0.472441 
vn -0.385827 0.88189 0.275591 
vn -0.952756 -0.314961 0 
vn -0.968504 -0.244094 0 
vn -0.968504 -0.244094 0 
vn -0.937008 -0.354331 0 
vn -0.826772 -0.559055 0 
vn -0.787402 -0.614173 0.00787402 
vn -0.488189 -0.874016 0.00787402 
vn -0.448819 -0.897638 0.00787402 
vn 0.0393701 -1 -0.00787402 
vn 0.023622 -1 0 
vn 0.488189 -0.874016 -0.0314961 
vn 0.551181 -0.834646 -0.0314961 
vn 0.732283 -0.685039 -0.0472441 
vn 0.732283 -0.685039 -0.0472441 
vn -0.409449 -0.84252 0.354331 
vn -0.409449 -0.84252 0.354331 
vn -0.409449 -0.84252 0.354331 
vn -0.409449 -0.84252 0.354331 
vn 0 -1 0 
vn 0 -1 0 
vn 0.362205 -0.905512 -0.204724 
vn 0.472441 -0.84252 -0.267717 
vn 0.740157 -0.527559 -0.417323 
vn 0.740157 -0.527559 -0.417323 
vn 0.314961 -0.913386 -0.259843 
vn 0.354331 -0.889764 -0.291339 
vn 0.464567 -0.795276 -0.385827 
vn 0.464567 -0.795276 -0.385827 
vn 0.015748 -1 -0.015748 
vn 0.00787402 -1 -0.00787402 
vn -0.377953 -0.88189 0.283465 
vn -0.417323 -0.858268 0.314961 
vn -0.724409 -0.417323 0.543307 
vn -0.692913 -0.511811 0.511811 
vn -0.795276 -0.141732 0.590551 
vn -0.80315 -0.0866142 0.590551 
vn -0.80315 0 0.590551 
vn -0.80315 0 0.590551 
vn 0.527559 0.0393701 -0.850394 
vn 0.976378 0.0393701 -0.228346 
vn 0 -1 0 
vn 0.0787402 0.88189 -0.472441 
vn 0.385827 0.88189 -0.275591 
vn -0.976378 0.0393701 0.228346 
vn -0.850394 0.0393701 -0.527559 
vn 0 -1 0 
vn -0.385827 0.88189 0.275591 
vn -0.472441 0.88189 -0.0787402 
vn 0 -1 0 
vn 0 -1 0 
vn 0 -1 0 
vn 0 -1 0 
vn 0 -1 0 
vn 0 -1 0 
vn 0 -1 0 
vn 0 -1 0 
vn 0.275591 0.88189 0.385827 
vn 0.228346 0.0393701 0.976378 
vn 0.850394 0.0393701 0.527559 
vn 0.850394 0.0393701 0.527559 
vn 0 -1 0 
vn 0.472441 0.88189 0.0787402 
vn 0.275591 0.88189 0.385827 
vn -0.0787402 0.88189 0.472441 
vn -0.527559 0.0393701 0.850394 
vn 0.228346 0.0393701 0.976378 
vn 0 -1 0 
vn 0.275591 0.88189 0.385827 
vn -0.0787402 0.88189 0.472441 
vn 0 -1 0 
vn 0 -1 0 
vn 0 -1 0 
vn 0 -1 0 
vn 0 -1 0 
vn 0 -1 0 
vn 0 -1 0 
vn 0 -1 0 
vn 0 -1 0 
vn 0 -1 0 
vn 0 -1 0 
vn 0 -1 0 
vn 0.976378 0.0393701 -0.228346 
vn 0.850394 0.0393701 0.527559 
vn 0 -1 0 
vn 0.385827 0.88189 -0.275591 
vn 0.472441 0.88189 0.0787402 
vn 0 1 0 
vn 0 1 0 
vn 0 1 0 
vn 0 1 0 
vn 0.165354 0.976378 -0.141732 
vn 0 1 0 
vn 0.141732 0.984252 -0.125984 
vn 0 1 0 
vn 0.425197 0.818898 -0.385827 
vn -0.212598 0.976378 -0.0551181 
vn 0.496063 0.748031 -0.440945 
vn -0.188976 0.984252 -0.0472441 
vn 0.661417 0.448819 -0.606299 
vn -0.551181 0.818898 -0.149606 
vn 0.700787 0.299213 -0.645669 
vn -0.637795 0.748031 -0.173228 
vn 0.732283 0 -0.685039 
vn -0.858268 0.448819 -0.244094 
vn 0.724409 -0.102362 -0.677165 
vn -0.913386 0.307087 -0.267717 
vn 0.716535 -0.19685 -0.669291 
vn -0.96063 0 -0.283465 
vn 0.716535 -0.181102 -0.669291 
vn -0.952756 -0.102362 -0.283465 
vn 0.692913 -0.307087 -0.645669 
vn -0.937008 -0.19685 -0.283465 
vn 0.685039 -0.362205 -0.637795 
vn -0.944882 -0.181102 -0.283465 
vn 0.566929 -0.629921 -0.519685 
vn -0.913386 -0.307087 -0.267717 
vn 0.551181 -0.661417 -0.503937 
vn -0.889764 -0.362205 -0.267717 
vn 0.377953 -0.858268 -0.338583 
vn -0.740157 -0.629921 -0.212598 
vn 0.362205 -0.874016 -0.322835 
vn -0.716535 -0.661417 -0.204724 
vn 0.133858 -0.984252 -0.11811 
vn -0.496063 -0.858268 -0.133858 
vn 0.125984 -0.984252 -0.110236 
vn -0.472441 -0.874016 -0.125984 
vn 0 -1 0 
vn -0.173228 -0.984252 -0.0472441 
vn 0 -1 0 
vn -0.165354 -0.984252 -0.0393701 
vn 0 -1 0 
vn 0 -1 0 
vn 0 -1 0 
vn 0 -1 0 

vt 0.632226 0.82085 
vt 0.736816 0.82085 
vt 0.736816 0.877249 
vt 0.50039 0.734864 
vt 0.60498 0.734864 
vt 0.60498 0.792285 
vt 0.50039 0.904787 
vt 0.60498 0.904787 
vt 0.60498 0.962211 
vt 0.765038 0.904787 
vt 0.869629 0.904787 
vt 0.869629 0.962211 
vt 0.235742 0.734835 
vt 0.340333 0.734835 
vt 0.340333 0.791234 
vt 0.765038 0.734884 
vt 0.869628 0.734884 
vt 0.869628 0.791283 
vt 0.367577 0.820805 
vt 0.472168 0.820805 
vt 0.472168 0.878226 
vt 0.235839 0.904934 
vt 0.34043 0.904934 
vt 0.34043 0.962357 
vt 0.60498 0.792285 
vt 0.60498 0.734864 
vt 0.50039 0.734864 
vt 0.869629 0.96221 
vt 0.869629 0.904787 
vt 0.765039 0.904787 
vt 0.60498 0.96221 
vt 0.60498 0.904787 
vt 0.500391 0.904787 
vt 0.869629 0.904787 
vt 0.765039 0.904787 
vt 0.869629 0.847367 
vt 0.869629 0.96221 
vt 0.974219 0.904787 
vt 0.869628 0.734884 
vt 0.765039 0.734884 
vt 0.869628 0.676439 
vt 0.869628 0.792308 
vt 0.974219 0.734884 
vt 0.869628 0.734884 
vt 0.765039 0.734884 
vt 0.869628 0.676439 
vt 0.869628 0.792308 
vt 0.974219 0.734884 
vt 0.60498 0.734864 
vt 0.50039 0.734864 
vt 0.60498 0.677441 
vt 0.60498 0.792285 
vt 0.70957 0.734864 
vt 0.60498 0.734864 
vt 0.50039 0.734864 
vt 0.60498 0.677441 
vt 0.60498 0.792285 
vt 0.70957 0.734864 
vt 0.736816 0.82085 
vt 0.632227 0.82085 
vt 0.736816 0.762405 
vt 0.736816 0.878274 
vt 0.841407 0.82085 
vt 0.869629 0.904787 
vt 0.765039 0.904787 
vt 0.869629 0.847367 
vt 0.869629 0.96221 
vt 0.974219 0.904787 
vt 0.340333 0.792259 
vt 0.340333 0.734835 
vt 0.235742 0.734835 
vt 0.869629 0.904787 
vt 0.765039 0.904787 
vt 0.869629 0.847367 
vt 0.869629 0.96221 
vt 0.974219 0.904787 
vt 0.869628 0.734884 
vt 0.765039 0.734884 
vt 0.869628 0.676439 
vt 0.869628 0.792308 
vt 0.974219 0.734884 
vt 0.60498 0.904787 
vt 0.500391 0.904787 
vt 0.60498 0.847367 
vt 0.60498 0.96221 
vt 0.709571 0.904787 
vt 0.736816 0.82085 
vt 0.632227 0.82085 
vt 0.736816 0.762405 
vt 0.736816 0.878274 
vt 0.841407 0.82085 
vt 0.60498 0.904787 
vt 0.500391 0.904787 
vt 0.60498 0.847367 
vt 0.60498 0.96221 
vt 0.709571 0.904787 
vt 0.736816 0.82085 
vt 0.632227 0.82085 
vt 0.736816 0.762405 
vt 0.736816 0.878274 
vt 0.841407 0.82085 
vt 0.869628 0.734884 
vt 0.765039 0.734884 
vt 0.869628 0.676439 
vt 0.869628 0.792308 
vt 0.974219 0.734884 
vt 0.340333 0.734835 
vt 0.235742 0.734835 
vt 0.340333 0.67639 
vt 0.340333 0.792259 
vt 0.444922 0.734835 
vt 0.60498 0.734864 
vt 0.50039 0.734864 
vt 0.60498 0.677441 
vt 0.60498 0.792285 
vt 0.70957 0.734864 
vt 0.60498 0.734864 
vt 0.50039 0.734864 
vt 0.60498 0.677441 
vt 0.60498 0.792285 
vt 0.70957 0.734864 
vt 0.869629 0.904787 
vt 0.765039 0.904787 
vt 0.869629 0.847367 
vt 0.869629 0.96221 
vt 0.974219 0.904787 
vt 0.340333 0.734835 
vt 0.235742 0.734835 
vt 0.340333 0.67639 
vt 0.340333 0.792259 
vt 0.444922 0.734835 
vt 0.869629 0.904787 
vt 0.765039 0.904787 
vt 0.869629 0.847367 
vt 0.869629 0.96221 
vt 0.974219 0.904787 
vt 0.340333 0.734835 
vt 0.235742 0.734835 
vt 0.340333 0.67639 
vt 0.340333 0.792259 
vt 0.444922 0.734835 
vt 0.472168 0.820805 
vt 0.367578 0.820805 
vt 0.472168 0.763382 
vt 0.472168 0.878226 
vt 0.576758 0.820805 
vt 0.472168 0.820805 
vt 0.367578 0.820805 
vt 0.472168 0.763382 
vt 0.472168 0.878226 
vt 0.576758 0.820805 
vt 0.869628 0.734884 
vt 0.765039 0.734884 
vt 0.869628 0.676439 
vt 0.869628 0.792308 
vt 0.974219 0.734884 
vt 0.60498 0.904787 
vt 0.500391 0.904787 
vt 0.60498 0.847367 
vt 0.60498 0.96221 
vt 0.709571 0.904787 
vt 0.60498 0.904787 
vt 0.500391 0.904787 
vt 0.60498 0.847367 
vt 0.60498 0.96221 
vt 0.709571 0.904787 
vt 0.34043 0.904934 
vt 0.23584 0.904934 
vt 0.34043 0.847513 
vt 0.34043 0.962357 
vt 0.44502 0.904934 
vt 0.869628 0.734884 
vt 0.765039 0.734884 
vt 0.869628 0.676439 
vt 0.869628 0.792308 
vt 0.974219 0.734884 
vt 0.736816 0.82085 
vt 0.632227 0.82085 
vt 0.736816 0.762405 
vt 0.736816 0.878274 
vt 0.841407 0.82085 
vt 0.736816 0.82085 
vt 0.632227 0.82085 
vt 0.736816 0.762405 
vt 0.736816 0.878274 
vt 0.841407 0.82085 
vt 0.199998 0.123397 
vt 0.249997 0.15034 
vt 0.199998 0.15034 
vt 0.249997 0.177283 
vt 0.149998 0.0964539 
vt 0.149998 0.123397 
vt 0.199998 0.177283 
vt 0.249997 0.204226 
vt 0.149998 0.15034 
vt 0.199998 0.204226 
vt 0.249997 0.231169 
vt 0.149998 0.177283 
vt 0.199998 0.231169 
vt 0.249997 0.258112 
vt 0.149998 0.204226 
vt 0.199998 0.258112 
vt 0.149998 0.231169 
vt 0.249997 0.285055 
vt 0.099999 0.204226 
vt 0.099999 0.177283 
vt 0.099999 0.15034 
vt 0.0499995 0.204226 
vt 0.149998 0.258112 
vt 0.099999 0.231169 
vt 0.199998 0.285055 
vt 0.099999 0.258112 
vt 0.0499995 0.231169 
vt 0.0499995 0.258112 
vt 0 0.231169 
vt 0 0.258112 
vt 0 0.204226 
vt 0 0.285055 
vt 0.0499995 0.177283 
vt 0 0.177283 
vt 0.0499995 0.15034 
vt 0 0.15034 
vt 0.0499995 0.123397 
vt 0 0.123397 
vt 0.0499995 0.0964539 
vt 0.099999 0.123397 
vt 0 0.0964539 
vt 0.099999 0.0964539 
vt 0.0499995 0.0695109 
vt 0 0.0695109 
vt 0.099999 0.0695109 
vt 0.149998 0.0695109 
vt 0.199998 0.0695109 
vt 0.0499995 0.042568 
vt 0 0.042568 
vt 0.0499995 0.015625 
vt 0.099999 0.042568 
vt 0.099999 0.015625 
vt 0.149998 0.042568 
vt 0.149998 0.015625 
vt 0.199998 0.042568 
vt 0.199998 0.015625 
vt 0.249997 0.042568 
vt 0.249997 0.015625 
vt 0.34043 0.904934 
vt 0.23584 0.904934 
vt 0.34043 0.847513 
vt 0.34043 0.962357 
vt 0.44502 0.904934 
vt 0.34043 0.904934 
vt 0.23584 0.904934 
vt 0.34043 0.847513 
vt 0.34043 0.962357 
vt 0.44502 0.904934 
vt 0.60498 0.734864 
vt 0.50039 0.734864 
vt 0.60498 0.677441 
vt 0.60498 0.792285 
vt 0.70957 0.734864 
vt 0.60498 0.734864 
vt 0.50039 0.734864 
vt 0.60498 0.677441 
vt 0.60498 0.792285 
vt 0.70957 0.734864 
vt 0.472168 0.820805 
vt 0.367578 0.820805 
vt 0.472168 0.763382 
vt 0.472168 0.878226 
vt 0.576758 0.820805 
vt 0.869629 0.904787 
vt 0.765039 0.904787 
vt 0.869629 0.847367 
vt 0.869629 0.96221 
vt 0.974219 0.904787 
vt 0.869628 0.734884 
vt 0.765039 0.734884 
vt 0.869628 0.676439 
vt 0.869628 0.792308 
vt 0.974219 0.734884 
vt 0.472168 0.820805 
vt 0.367578 0.820805 
vt 0.472168 0.763382 
vt 0.472168 0.878226 
vt 0.576758 0.820805 
vt 0.869629 0.904787 
vt 0.765039 0.904787 
vt 0.869629 0.847367 
vt 0.869629 0.96221 
vt 0.974219 0.904787 
vt 0.340333 0.734835 
vt 0.235742 0.734835 
vt 0.340333 0.67639 
vt 0.340333 0.792259 
vt 0.444922 0.734835 
vt 0.869628 0.734884 
vt 0.765039 0.734884 
vt 0.869628 0.676439 
vt 0.869628 0.792308 
vt 0.974219 0.734884 
vt 0.149998 0.3254 
vt 0.149998 0.285055 
vt 0.099999 0.285055 
vt 0.099999 0.3254 
vt 0.0499995 0.285055 
vt 0.0499995 0.3254 
vt 0 0.3254 
vt 0.099999 0.365198 
vt 0.149998 0.365198 
vt 0.0499995 0.365198 
vt 0 0.365198 
vt 0.099999 0.403934 
vt 0.149998 0.403934 
vt 0.0499995 0.403934 
vt 0 0.403934 
vt 0.099999 0.441157 
vt 0.149998 0.441157 
vt 0.0499995 0.441157 
vt 0.340333 0.734835 
vt 0.235742 0.734835 
vt 0.340333 0.67639 
vt 0.340333 0.792259 
vt 0.444922 0.734835 
vt 0.60498 0.904787 
vt 0.500391 0.904787 
vt 0.60498 0.847367 
vt 0.60498 0.96221 
vt 0.709571 0.904787 
vt 0.869628 0.734884 
vt 0.765039 0.734884 
vt 0.869628 0.676439 
vt 0.869628 0.792308 
vt 0.974219 0.734884 
vt 0.60498 0.904787 
vt 0.500391 0.904787 
vt 0.60498 0.847367 
vt 0.60498 0.96221 
vt 0.709571 0.904787 
vt 0.799992 0.258112 
vt 0.749992 0.285055 
vt 0.749992 0.258112 
vt 0.649993 0.177283 
vt 0.699993 0.204226 
vt 0.649993 0.204226 
vt 0.599994 0.177283 
vt 0.799992 0.231169 
vt 0.749992 0.231169 
vt 0.749992 0.204226 
vt 0.799992 0.204226 
vt 0.699993 0.177283 
vt 0.799992 0.177283 
vt 0.749992 0.177283 
vt 0.649993 0.15034 
vt 0.599994 0.15034 
vt 0.699993 0.15034 
vt 0.799992 0.15034 
vt 0.749992 0.15034 
vt 0.649993 0.123397 
vt 0.849991 0.15034 
vt 0.699993 0.123397 
vt 0.749992 0.123397 
vt 0.799992 0.123397 
vt 0.799992 0.0964539 
vt 0.749992 0.0964539 
vt 0.699993 0.0964539 
vt 0.699993 0.0695109 
vt 0.649993 0.0964539 
vt 0.599994 0.123397 
vt 0.599994 0.0964539 
vt 0.649993 0.0695109 
vt 0.869628 0.734884 
vt 0.765039 0.734884 
vt 0.869628 0.676439 
vt 0.869628 0.792308 
vt 0.974219 0.734884 
vt 0 0.441157 
vt 0.099999 0.476521 
vt 0.149998 0.476521 
vt 0.0499995 0.476521 
vt 0 0.476521 
vt 0.099999 0.509817 
vt 0.0499995 0.509817 
vt 0 0.509817 
vt 0 0.541021 
vt 0.0499995 0.541021 
vt 0 0.570326 
vt 0.149998 0.509817 
vt 0.199998 0.476521 
vt 0.099999 0.541021 
vt 0.0499995 0.570326 
vt 0 0.598172 
vt 0.099999 0.570326 
vt 0.0499995 0.598172 
vt 0 0.625218 
vt 0.099999 0.598172 
vt 0.0499995 0.625218 
vt 0.149998 0.598172 
vt 0.099999 0.625218 
vt 0.149998 0.570326 
vt 0.149998 0.541021 
vt 0.199998 0.541021 
vt 0.199998 0.570326 
vt 0.199998 0.598172 
vt 0.149998 0.625218 
vt 0.249997 0.570326 
vt 0.199998 0.509817 
vt 0.249997 0.541021 
vt 0.249997 0.476521 
vt 0.249997 0.441157 
vt 0.299997 0.476521 
vt 0.249997 0.509817 
vt 0.299997 0.509817 
vt 0.349996 0.509817 
vt 0.299997 0.541021 
vt 0.349996 0.541021 
vt 0.399996 0.541021 
vt 0.299997 0.570326 
vt 0.249997 0.598172 
vt 0.199998 0.625218 
vt 0.299997 0.598172 
vt 0.249997 0.625218 
vt 0.349996 0.570326 
vt 0.399996 0.570326 
vt 0.449995 0.570326 
vt 0.399996 0.598172 
vt 0.349996 0.598172 
vt 0.299997 0.625218 
vt 0.349996 0.625218 
vt 0.736816 0.82085 
vt 0.632227 0.82085 
vt 0.736816 0.762405 
vt 0.736816 0.878274 
vt 0.841407 0.82085 
vt 0.34043 0.904934 
vt 0.23584 0.904934 
vt 0.34043 0.847513 
vt 0.34043 0.962357 
vt 0.44502 0.904934 
vt 0.869629 0.904787 
vt 0.765039 0.904787 
vt 0.869629 0.847367 
vt 0.869629 0.96221 
vt 0.974219 0.904787 
vt 0.736816 0.82085 
vt 0.632227 0.82085 
vt 0.736816 0.762405 
vt 0.736816 0.878274 
vt 0.841407 0.82085 
vt 0.869629 0.904787 
vt 0.765039 0.904787 
vt 0.869629 0.847367 
vt 0.869629 0.96221 
vt 0.974219 0.904787 
vt 0.34043 0.904934 
vt 0.23584 0.904934 
vt 0.34043 0.847513 
vt 0.34043 0.962357 
vt 0.44502 0.904934 
vt 0.60498 0.734864 
vt 0.50039 0.734864 
vt 0.60498 0.677441 
vt 0.60498 0.792285 
vt 0.70957 0.734864 
vt 0.60498 0.734864 
vt 0.50039 0.734864 
vt 0.60498 0.677441 
vt 0.60498 0.792285 
vt 0.70957 0.734864 
vt 0.869629 0.904787 
vt 0.765039 0.904787 
vt 0.869629 0.847367 
vt 0.869629 0.96221 
vt 0.974219 0.904787 
vt 0.549994 0.0964539 
vt 0.549994 0.123397 
vt 0.599994 0.0695109 
vt 0.549994 0.0695109 
vt 0.699993 0.042568 
vt 0.649993 0.042568 
vt 0.699993 0.015625 
vt 0.599994 0.042568 
vt 0.649993 0.015625 
vt 0.549994 0.042568 
vt 0.599994 0.015625 
vt 0.749992 0.042568 
vt 0.749992 0.015625 
vt 0.749992 0.0695109 
vt 0.799992 0.042568 
vt 0.799992 0.015625 
vt 0.799992 0.0695109 
vt 0.849991 0.0964539 
vt 0.849991 0.0695109 
vt 0.849991 0.042568 
vt 0.849991 0.015625 
vt 0.899991 0.0695109 
vt 0.849991 0.123397 
vt 0.899991 0.042568 
vt 0.899991 0.015625 
vt 0.899991 0.0964539 
vt 0.94999 0.0695109 
vt 0.94999 0.042568 
vt 0.94999 0.015625 
vt 0.99999 0.0695109 
vt 0.99999 0.042568 
vt 0.99999 0.015625 
vt 0.94999 0.0964539 
vt 0.99999 0.0964539 
vt 0.899991 0.123397 
vt 0.94999 0.123397 
vt 0.99999 0.123397 
vt 0.899991 0.15034 
vt 0.99999 0.15034 
vt 0.94999 0.15034 
vt 0.99999 0.177283 
vt 0.94999 0.177283 
vt 0.99999 0.204226 
vt 0.899991 0.177283 
vt 0.94999 0.204226 
vt 0.99999 0.231169 
vt 0.849991 0.177283 
vt 0.899991 0.204226 
vt 0.849991 0.204226 
vt 0.94999 0.231169 
vt 0.99999 0.258112 
vt 0.899991 0.231169 
vt 0.849991 0.231169 
vt 0.94999 0.258112 
vt 0.99999 0.285055 
vt 0.899991 0.258112 
vt 0.849991 0.258112 
vt 0.799992 0.285055 
vt 0.799992 0.3254 
vt 0.849991 0.285055 
vt 0.849991 0.3254 
vt 0.849991 0.365198 
vt 0.899991 0.285055 
vt 0.94999 0.285055 
vt 0.899991 0.3254 
vt 0.94999 0.3254 
vt 0.99999 0.3254 
vt 0.899991 0.365198 
vt 0.899991 0.403934 
vt 0.94999 0.365198 
vt 0.99999 0.365198 
vt 0.94999 0.403934 
vt 0.99999 0.403934 
vt 0.899991 0.441157 
vt 0.849991 0.441157 
vt 0.899991 0.476521 
vt 0.94999 0.441157 
vt 0.94999 0.476521 
vt 0.99999 0.441157 
vt 0.472168 0.820805 
vt 0.367578 0.820805 
vt 0.472168 0.763382 
vt 0.472168 0.878226 
vt 0.576758 0.820805 
vt 0.472168 0.820805 
vt 0.367578 0.820805 
vt 0.472168 0.763382 
vt 0.472168 0.878226 
vt 0.576758 0.820805 
vt 0.299997 0.3254 
vt 0.299997 0.285055 
vt 0.299997 0.258112 
vt 0.349996 0.204226 
vt 0.399996 0.231169 
vt 0.349996 0.231169 
vt 0.399996 0.204226 
vt 0.299997 0.231169 
vt 0.349996 0.177283 
vt 0.399996 0.177283 
vt 0.299997 0.204226 
vt 0.299997 0.177283 
vt 0.349996 0.15034 
vt 0.399996 0.15034 
vt 0.449995 0.177283 
vt 0.299997 0.15034 
vt 0.349996 0.123397 
vt 0.449995 0.15034 
vt 0.499995 0.177283 
vt 0.399996 0.123397 
vt 0.499995 0.15034 
vt 0.549994 0.15034 
vt 0.449995 0.123397 
vt 0.499995 0.123397 
vt 0.499995 0.0964539 
vt 0.449995 0.0964539 
vt 0.499995 0.0695109 
vt 0.399996 0.0964539 
vt 0.449995 0.0695109 
vt 0.499995 0.042568 
vt 0.549994 0.015625 
vt 0.449995 0.042568 
vt 0.499995 0.015625 
vt 0.399996 0.042568 
vt 0.449995 0.015625 
vt 0.399996 0.0695109 
vt 0.349996 0.042568 
vt 0.399996 0.015625 
vt 0.349996 0.0964539 
vt 0.349996 0.0695109 
vt 0.299997 0.0964539 
vt 0.299997 0.042568 
vt 0.349996 0.015625 
vt 0.299997 0.0695109 
vt 0.299997 0.015625 
vt 0.249997 0.0964539 
vt 0.299997 0.123397 
vt 0.249997 0.0695109 
vt 0.249997 0.123397 
vt 0.199998 0.0964539 
vt 0.340333 0.734835 
vt 0.235742 0.734835 
vt 0.340333 0.67639 
vt 0.340333 0.792259 
vt 0.444922 0.734835 
vt 0.60498 0.734864 
vt 0.50039 0.734864 
vt 0.60498 0.677441 
vt 0.60498 0.792285 
vt 0.70957 0.734864 
vt 0.60498 0.734864 
vt 0.50039 0.734864 
vt 0.60498 0.677441 
vt 0.60498 0.792285 
vt 0.70957 0.734864 
vt 0.340333 0.734835 
vt 0.235742 0.734835 
vt 0.340333 0.67639 
vt 0.340333 0.792259 
vt 0.444922 0.734835 
vt 0.736816 0.82085 
vt 0.632227 0.82085 
vt 0.736816 0.762405 
vt 0.736816 0.878274 
vt 0.841407 0.82085 
vt 0.60498 0.904787 
vt 0.500391 0.904787 
vt 0.60498 0.847367 
vt 0.60498 0.96221 
vt 0.709571 0.904787 
vt 0.736816 0.82085 
vt 0.632227 0.82085 
vt 0.736816 0.762405 
vt 0.736816 0.878274 
vt 0.841407 0.82085 
vt 0.60498 0.904787 
vt 0.500391 0.904787 
vt 0.60498 0.847367 
vt 0.60498 0.96221 
vt 0.709571 0.904787 
vt 0.736816 0.82085 
vt 0.632227 0.82085 
vt 0.736816 0.762405 
vt 0.736816 0.878274 
vt 0.841407 0.82085 
vt 0.34043 0.904934 
vt 0.23584 0.904934 
vt 0.34043 0.847513 
vt 0.34043 0.962357 
vt 0.44502 0.904934 
vt 0.34043 0.904934 
vt 0.23584 0.904934 
vt 0.34043 0.847513 
vt 0.34043 0.962357 
vt 0.44502 0.904934 
vt 0.60498 0.904787 
vt 0.500391 0.904787 
vt 0.60498 0.847367 
vt 0.60498 0.96221 
vt 0.709571 0.904787 
vt 0.472168 0.820805 
vt 0.367578 0.820805 
vt 0.472168 0.763382 
vt 0.472168 0.878226 
vt 0.576758 0.820805 
vt 0.60498 0.904787 
vt 0.500391 0.904787 
vt 0.60498 0.847367 
vt 0.60498 0.96221 
vt 0.709571 0.904787 
vt 0.340333 0.734835 
vt 0.235742 0.734835 
vt 0.340333 0.67639 
vt 0.340333 0.792259 
vt 0.444922 0.734835 
vt 0.472168 0.820805 
vt 0.367578 0.820805 
vt 0.472168 0.763382 
vt 0.472168 0.878226 
vt 0.576758 0.820805 
vt 0.340333 0.734835 
vt 0.235742 0.734835 
vt 0.340333 0.67639 
vt 0.340333 0.792259 
vt 0.444922 0.734835 
vt 0.399996 0.509817 
vt 0.449995 0.476521 
vt 0.449995 0.509817 
vt 0.449995 0.541021 
vt 0.399996 0.476521 
vt 0.449995 0.456802 
vt 0.404065 0.456801 
vt 0.374996 0.458839 
vt 0.399996 0.455076 
vt 0.396701 0.451579 
vt 0.396339 0.447424 
vt 0.349996 0.441157 
vt 0.410176 0.396843 
vt 0.349996 0.476521 
vt 0.349996 0.403934 
vt 0.299997 0.403934 
vt 0.299997 0.365198 
vt 0.299997 0.441157 
vt 0.249997 0.403934 
vt 0.249997 0.365198 
vt 0.249997 0.3254 
vt 0.199998 0.3254 
vt 0.199998 0.365198 
vt 0.199998 0.403934 
vt 0.199998 0.441157 
vt 0.94999 0.509817 
vt 0.99999 0.476521 
vt 0.99999 0.509817 
vt 0.99999 0.541021 
vt 0.94999 0.541021 
vt 0.99999 0.570326 
vt 0.899991 0.509817 
vt 0.94999 0.570326 
vt 0.99999 0.598172 
vt 0.94999 0.598172 
vt 0.94999 0.625218 
vt 0.899991 0.598172 
vt 0.899991 0.625218 
vt 0.899991 0.570326 
vt 0.899991 0.541021 
vt 0.849991 0.598172 
vt 0.849991 0.625218 
vt 0.849991 0.541021 
vt 0.849991 0.570326 
vt 0.799992 0.598172 
vt 0.799992 0.625218 
vt 0.799992 0.541021 
vt 0.849991 0.509817 
vt 0.799992 0.570326 
vt 0.749992 0.598172 
vt 0.749992 0.625218 
vt 0.749992 0.541021 
vt 0.749992 0.570326 
vt 0.699993 0.570326 
vt 0.799992 0.509817 
vt 0.699993 0.541021 
vt 0.749992 0.509817 
vt 0.699993 0.598172 
vt 0.699993 0.625218 
vt 0.649993 0.598172 
vt 0.649993 0.625218 
vt 0.649993 0.541021 
vt 0.699993 0.509817 
vt 0.649993 0.570326 
vt 0.599994 0.541021 
vt 0.599994 0.570326 
vt 0.599994 0.598172 
vt 0.599994 0.625218 
vt 0.549994 0.598172 
vt 0.549994 0.625218 
vt 0.549994 0.570326 
vt 0.499995 0.570326 
vt 0.649993 0.509817 
vt 0.499995 0.598172 
vt 0.499995 0.625218 
vt 0.599994 0.509817 
vt 0.549994 0.541021 
vt 0.499995 0.541021 
vt 0.549994 0.509817 
vt 0.449995 0.598172 
vt 0.449995 0.625218 
vt 0.399996 0.625218 
vt 0.499995 0.509817 
vt 0.499995 0.476521 
vt 0.549994 0.476521 
vt 0.499995 0.456802 
vt 0.549994 0.456802 
vt 0.599994 0.476521 
vt 0.595925 0.456801 
vt 0.649993 0.476521 
vt 0.624994 0.458839 
vt 0.599994 0.455087 
vt 0.603289 0.451579 
vt 0.603651 0.447424 
vt 0.649993 0.441157 
vt 0.589562 0.396843 
vt 0.699993 0.476521 
vt 0.699993 0.441157 
vt 0.649993 0.403934 
vt 0.749992 0.476521 
vt 0.749992 0.441157 
vt 0.799992 0.476521 
vt 0.699993 0.403934 
vt 0.749992 0.403934 
vt 0.799992 0.441157 
vt 0.849991 0.476521 
vt 0.799992 0.403934 
vt 0.749992 0.365198 
vt 0.849991 0.403934 
vt 0.699993 0.365198 
vt 0.799992 0.365198 
vt 0.749992 0.3254 
vt 0.699993 0.3254 
vt 0.649993 0.365198 
vt 0.340333 0.734835 
vt 0.235742 0.734835 
vt 0.340333 0.67639 
vt 0.340333 0.792259 
vt 0.444922 0.734835 
vt 0.34043 0.904934 
vt 0.23584 0.904934 
vt 0.34043 0.847513 
vt 0.34043 0.962357 
vt 0.44502 0.904934 
vt 0.34043 0.904934 
vt 0.23584 0.904934 
vt 0.34043 0.847513 
vt 0.34043 0.962357 
vt 0.44502 0.904934 
vt 0.472168 0.820805 
vt 0.367578 0.820805 
vt 0.472168 0.763382 
vt 0.472168 0.878226 
vt 0.576758 0.820805 
vt 0.472168 0.820805 
vt 0.367578 0.820805 
vt 0.472168 0.763382 
vt 0.472168 0.878226 
vt 0.576758 0.820805 
vt 0.443941 0.424223 
vt 0.429633 0.411377 
vt 0.444192 0.419276 
vt 0.424431 0.436959 
vt 0.437671 0.41163 
vt 0.44304 0.415176 
vt 0.440022 0.412388 
vt 0.429964 0.436959 
vt 0.442327 0.429826 
vt 0.435386 0.436167 
vt 0.439492 0.433789 
vt 0.570841 0.427393 
vt 0.567705 0.424715 
vt 0.573391 0.427776 
vt 0.568999 0.426327 
vt 0.577883 0.424769 
vt 0.577932 0.422747 
vt 0.566803 0.422747 
vt 0.577128 0.426355 
vt 0.575612 0.42742 
vt 0.452522 0.412039 
vt 0.458586 0.410277 
vt 0.456469 0.415702 
vt 0.453609 0.415504 
vt 0.455933 0.418647 
vt 0.453733 0.424113 
vt 0.455766 0.42164 
vt 0.456681 0.427113 
vt 0.451518 0.432504 
vt 0.459559 0.431281 
vt 0.464558 0.433693 
vt 0.44673 0.438927 
vt 0.449995 0.452053 
vt 0.486091 0.444721 
vt 0.499995 0.452053 
vt 0.467927 0.434007 
vt 0.473114 0.433065 
vt 0.477419 0.430236 
vt 0.47911 0.428254 
vt 0.481372 0.423539 
vt 0.487571 0.403934 
vt 0.48192 0.416952 
vt 0.482451 0.409846 
vt 0.478629 0.405548 
vt 0.476297 0.413563 
vt 0.464328 0.416952 
vt 0.464987 0.414383 
vt 0.473834 0.410967 
vt 0.47041 0.409955 
vt 0.466019 0.412142 
vt 0.467723 0.410557 
vt 0.474038 0.403653 
vt 0.499995 0.391532 
vt 0.495506 0.403934 
vt 0.470156 0.403312 
vt 0.410224 0.452053 
vt 0.438748 0.443178 
vt 0.428086 0.444721 
vt 0.411756 0.444721 
vt 0.406187 0.450331 
vt 0.403583 0.446831 
vt 0.403208 0.442675 
vt 0.421407 0.403934 
vt 0.413079 0.403934 
vt 0.413682 0.399986 
vt 0.41594 0.39624 
vt 0.419811 0.393084 
vt 0.424049 0.391532 
vt 0.436893 0.403934 
vt 0.449995 0.391532 
vt 0.444829 0.405159 
vt 0.450702 0.409135 
vt 0.467058 0.40362 
vt 0.462072 0.406067 
vt 0.46621 0.427393 
vt 0.464107 0.424715 
vt 0.468405 0.427776 
vt 0.464839 0.426327 
vt 0.473271 0.424769 
vt 0.473855 0.422747 
vt 0.463817 0.422747 
vt 0.472162 0.426354 
vt 0.470505 0.42742 
vt 0.34043 0.904934 
vt 0.23584 0.904934 
vt 0.34043 0.847513 
vt 0.34043 0.962357 
vt 0.44502 0.904934 
vt 0.494922 0.444721 
vt 0.502095 0.433461 
vt 0.502043 0.41329 
vt 0.502559 0.409327 
vt 0.504179 0.406156 
vt 0.510624 0.433461 
vt 0.519865 0.433461 
vt 0.506891 0.403934 
vt 0.510211 0.414328 
vt 0.518863 0.412525 
vt 0.517219 0.411105 
vt 0.514708 0.41014 
vt 0.510344 0.412238 
vt 0.513134 0.409955 
vt 0.510849 0.410885 
vt 0.511683 0.410188 
vt 0.528469 0.433461 
vt 0.549994 0.452053 
vt 0.510812 0.403312 
vt 0.549994 0.441157 
vt 0.590367 0.452052 
vt 0.597003 0.44683 
vt 0.594403 0.450331 
vt 0.597365 0.442675 
vt 0.519037 0.403934 
vt 0.515191 0.404188 
vt 0.519164 0.406348 
vt 0.526374 0.403934 
vt 0.538575 0.419194 
vt 0.53112 0.433461 
vt 0.52855 0.403934 
vt 0.549994 0.391532 
vt 0.537186 0.403934 
vt 0.54071 0.433461 
vt 0.545613 0.403934 
vt 0.542106 0.411978 
vt 0.554715 0.403934 
vt 0.565111 0.40362 
vt 0.576457 0.391532 
vt 0.560211 0.406067 
vt 0.568487 0.403312 
vt 0.557478 0.410277 
vt 0.572854 0.403653 
vt 0.547108 0.419194 
vt 0.580696 0.393083 
vt 0.58457 0.39624 
vt 0.586831 0.399986 
vt 0.556637 0.415702 
vt 0.556879 0.418647 
vt 0.557554 0.42164 
vt 0.560178 0.427113 
vt 0.587437 0.403934 
vt 0.558604 0.433461 
vt 0.564641 0.431281 
vt 0.570939 0.433693 
vt 0.578426 0.405548 
vt 0.583819 0.409846 
vt 0.548468 0.433461 
vt 0.574773 0.434007 
vt 0.543709 0.4263 
vt 0.580231 0.433065 
vt 0.584131 0.430236 
vt 0.5854 0.428254 
vt 0.586495 0.423539 
vt 0.5852 0.416952 
vt 0.578016 0.413563 
vt 0.565699 0.416952 
vt 0.574571 0.410967 
vt 0.565708 0.414383 
vt 0.5705 0.409956 
vt 0.566231 0.412142 
vt 0.567686 0.410557 
vt 0.549994 0.204226 
vt 0.549994 0.177283 
vt 0.499995 0.204226 
vt 0.499995 0.231169 
vt 0.449995 0.204226 
vt 0.449995 0.231169 
vt 0.499995 0.258112 
vt 0.449995 0.258112 
vt 0.499995 0.285055 
vt 0.449995 0.285055 
vt 0.449995 0.3254 
vt 0.399996 0.258112 
vt 0.399996 0.3254 
vt 0.399996 0.365198 
vt 0.399996 0.285055 
vt 0.349996 0.365198 
vt 0.349996 0.3254 
vt 0.349996 0.285055 
vt 0.349996 0.258112 
vt 0.206231 0.900388 
vt 0.143849 0.812189 
vt 0.206231 0.812189 
vt 0.206231 0.72399 
vt 0.143849 0.900388 
vt 0.206231 0.988588 
vt 0.143849 0.988588 
vt 0.0781864 0.900388 
vt 0.0781864 0.988588 
vt 0.00985678 0.988588 
vt 0.00985678 0.900388 
vt 0.00985677 0.812189 
vt 0.0781864 0.812189 
vt 0.0781864 0.72399 
vt 0.00985677 0.72399 
vt 0.00985677 0.635791 
vt 0.0781864 0.635791 
vt 0.143849 0.635791 
vt 0.143849 0.72399 
vt 0.206231 0.635791 
vt 0.436893 0.403934 
vt 0.421407 0.403934 
vt 0.436893 0.403934 
vt 0.421407 0.403934 
vt 0.444829 0.405159 
vt 0.444829 0.405159 
vt 0.450702 0.409135 
vt 0.450702 0.409135 
vt 0.452522 0.412039 
vt 0.452522 0.412039 
vt 0.453609 0.415504 
vt 0.453609 0.415504 
vt 0.453733 0.424113 
vt 0.453733 0.424113 
vt 0.451518 0.432504 
vt 0.451518 0.432504 
vt 0.44673 0.438927 
vt 0.44673 0.438927 
vt 0.438748 0.443178 
vt 0.438748 0.443178 
vt 0.428086 0.444721 
vt 0.428086 0.444721 
vt 0.411756 0.444721 
vt 0.411756 0.444721 
vt 0.421407 0.403934 
vt 0.421407 0.403934 
vt 0.549994 0.456802 
vt 0.499995 0.456802 
vt 0.499995 0.456802 
vt 0.449995 0.456802 
vt 0.549994 0.456802 
vt 0.449995 0.456802 
vt 0.595925 0.456801 
vt 0.595925 0.456801 
vt 0.404065 0.456801 
vt 0.404065 0.456801 
vt 0.599994 0.455087 
vt 0.599994 0.455087 
vt 0.399996 0.455076 
vt 0.399996 0.455076 
vt 0.603289 0.451579 
vt 0.396701 0.451579 
vt 0.603289 0.451579 
vt 0.396701 0.451579 
vt 0.603651 0.447424 
vt 0.396339 0.447424 
vt 0.603651 0.447424 
vt 0.396339 0.447424 
vt 0.589562 0.396843 
vt 0.410176 0.396843 
vt 0.589562 0.396843 
vt 0.410176 0.396843 
vt 0.587287 0.393097 
vt 0.412453 0.393097 
vt 0.587287 0.393097 
vt 0.412453 0.393097 
vt 0.583416 0.389941 
vt 0.416325 0.389941 
vt 0.583416 0.389941 
vt 0.416325 0.389941 
vt 0.579195 0.388389 
vt 0.420547 0.388389 
vt 0.579195 0.388389 
vt 0.420547 0.388389 
vt 0.549994 0.388389 
vt 0.449995 0.388389 
vt 0.549994 0.388389 
vt 0.449995 0.388389 
vt 0.499995 0.388389 
vt 0.499995 0.388389 
vt 0.649993 0.3254 
vt 0.599994 0.365198 
vt 0.591804 0.384482 
vt 0.587287 0.393097 
vt 0.583416 0.389941 
vt 0.579195 0.388389 
vt 0.549994 0.365198 
vt 0.549994 0.388389 
vt 0.499995 0.365198 
vt 0.499995 0.388389 
vt 0.449995 0.388389 
vt 0.449995 0.365198 
vt 0.420547 0.388389 
vt 0.499995 0.3254 
vt 0.549994 0.3254 
vt 0.407933 0.384482 
vt 0.416325 0.389941 
vt 0.412453 0.393097 
vt 0.599994 0.3254 
vt 0.549994 0.285055 
vt 0.599994 0.285055 
vt 0.649993 0.285055 
vt 0.599994 0.258112 
vt 0.699993 0.285055 
vt 0.649993 0.258112 
vt 0.549994 0.258112 
vt 0.599994 0.231169 
vt 0.699993 0.258112 
vt 0.649993 0.231169 
vt 0.549994 0.231169 
vt 0.599994 0.204226 
vt 0.699993 0.231169 
vt 0.570841 0.427393 
vt 0.568999 0.426327 
vt 0.568999 0.426327 
vt 0.570841 0.427393 
vt 0.567705 0.424715 
vt 0.573391 0.427776 
vt 0.567705 0.424715 
vt 0.573391 0.427776 
vt 0.566803 0.422747 
vt 0.566803 0.422747 
vt 0.575612 0.42742 
vt 0.575612 0.42742 
vt 0.577128 0.426355 
vt 0.577128 0.426355 
vt 0.577883 0.424769 
vt 0.577883 0.424769 
vt 0.577932 0.422747 
vt 0.577932 0.422747 
vt 0.463817 0.422747 
vt 0.464107 0.424715 
vt 0.464107 0.424715 
vt 0.463817 0.422747 
vt 0.464839 0.426327 
vt 0.464839 0.426327 
vt 0.46621 0.427393 
vt 0.46621 0.427393 
vt 0.468405 0.427776 
vt 0.468405 0.427776 
vt 0.470505 0.42742 
vt 0.470505 0.42742 
vt 0.472162 0.426354 
vt 0.472162 0.426354 
vt 0.473271 0.424769 
vt 0.473271 0.424769 
vt 0.473855 0.422747 
vt 0.473855 0.422747 
vt 0.464328 0.416952 
vt 0.48192 0.416952 
vt 0.48192 0.416952 
vt 0.464328 0.416952 
vt 0.565699 0.416952 
vt 0.5852 0.416952 
vt 0.5852 0.416952 
vt 0.565699 0.416952 
vt 0.568487 0.403312 
vt 0.572854 0.403653 
vt 0.572854 0.403653 
vt 0.568487 0.403312 
vt 0.578426 0.405548 
vt 0.565111 0.40362 
vt 0.578426 0.405548 
vt 0.565111 0.40362 
vt 0.583819 0.409846 
vt 0.583819 0.409846 
vt 0.560211 0.406067 
vt 0.560211 0.406067 
vt 0.557478 0.410277 
vt 0.557478 0.410277 
vt 0.556637 0.415702 
vt 0.556637 0.415702 
vt 0.556879 0.418647 
vt 0.556879 0.418647 
vt 0.557554 0.42164 
vt 0.557554 0.42164 
vt 0.560178 0.427113 
vt 0.560178 0.427113 
vt 0.564641 0.431281 
vt 0.564641 0.431281 
vt 0.570939 0.433693 
vt 0.570939 0.433693 
vt 0.574773 0.434007 
vt 0.574773 0.434007 
vt 0.580231 0.433065 
vt 0.580231 0.433065 
vt 0.584131 0.430236 
vt 0.584131 0.430236 
vt 0.5854 0.428254 
vt 0.5854 0.428254 
vt 0.586495 0.423539 
vt 0.586495 0.423539 
vt 0.5852 0.416952 
vt 0.5852 0.416952 
vt 0.495506 0.403934 
vt 0.487571 0.403934 
vt 0.487571 0.403934 
vt 0.495506 0.403934 
vt 0.519037 0.403934 
vt 0.526374 0.403934 
vt 0.526374 0.403934 
vt 0.519037 0.403934 
vt 0.537186 0.403934 
vt 0.542106 0.411978 
vt 0.542106 0.411978 
vt 0.537186 0.403934 
vt 0.52855 0.403934 
vt 0.52855 0.403934 
vt 0.47911 0.428254 
vt 0.477419 0.430236 
vt 0.477419 0.430236 
vt 0.47911 0.428254 
vt 0.473114 0.433065 
vt 0.481372 0.423539 
vt 0.473114 0.433065 
vt 0.481372 0.423539 
vt 0.48192 0.416952 
vt 0.48192 0.416952 
vt 0.467927 0.434007 
vt 0.467927 0.434007 
vt 0.464558 0.433693 
vt 0.464558 0.433693 
vt 0.459559 0.431281 
vt 0.459559 0.431281 
vt 0.456681 0.427113 
vt 0.456681 0.427113 
vt 0.455766 0.42164 
vt 0.455766 0.42164 
vt 0.455933 0.418647 
vt 0.455933 0.418647 
vt 0.456469 0.415702 
vt 0.456469 0.415702 
vt 0.458586 0.410277 
vt 0.458586 0.410277 
vt 0.462072 0.406067 
vt 0.462072 0.406067 
vt 0.467058 0.40362 
vt 0.467058 0.40362 
vt 0.470156 0.403312 
vt 0.470156 0.403312 
vt 0.474038 0.403653 
vt 0.474038 0.403653 
vt 0.478629 0.405548 
vt 0.478629 0.405548 
vt 0.482451 0.409846 
vt 0.482451 0.409846 
vt 0.538575 0.419194 
vt 0.53112 0.433461 
vt 0.53112 0.433461 
vt 0.538575 0.419194 
vt 0.510812 0.403312 
vt 0.515191 0.404188 
vt 0.515191 0.404188 
vt 0.519164 0.406348 
vt 0.519164 0.406348 
vt 0.510812 0.403312 
vt 0.506891 0.403934 
vt 0.506891 0.403934 
vt 0.504179 0.406156 
vt 0.504179 0.406156 
vt 0.502559 0.409327 
vt 0.502559 0.409327 
vt 0.502043 0.41329 
vt 0.502043 0.41329 
vt 0.502095 0.433461 
vt 0.502095 0.433461 
vt 0.542106 0.411978 
vt 0.542106 0.411978 
vt 0.545613 0.403934 
vt 0.545613 0.403934 
vt 0.547108 0.419194 
vt 0.558604 0.433461 
vt 0.558604 0.433461 
vt 0.547108 0.419194 
vt 0.554715 0.403934 
vt 0.554715 0.403934 
vt 0.545613 0.403934 
vt 0.545613 0.403934 
vt 0.429633 0.411377 
vt 0.424431 0.436959 
vt 0.424431 0.436959 
vt 0.429633 0.411377 
vt 0.526374 0.403934 
vt 0.528469 0.433461 
vt 0.528469 0.433461 
vt 0.526374 0.403934 
vt 0.519037 0.403934 
vt 0.519037 0.403934 
vt 0.519164 0.406348 
vt 0.519164 0.406348 
vt 0.518863 0.412525 
vt 0.519865 0.433461 
vt 0.519865 0.433461 
vt 0.518863 0.412525 
vt 0.439492 0.433789 
vt 0.435386 0.436167 
vt 0.439492 0.433789 
vt 0.435386 0.436167 
vt 0.442327 0.429826 
vt 0.429964 0.436959 
vt 0.442327 0.429826 
vt 0.429964 0.436959 
vt 0.424431 0.436959 
vt 0.424431 0.436959 
vt 0.443941 0.424223 
vt 0.443941 0.424223 
vt 0.444192 0.419276 
vt 0.444192 0.419276 
vt 0.44304 0.415176 
vt 0.44304 0.415176 
vt 0.440022 0.412388 
vt 0.440022 0.412388 
vt 0.437671 0.41163 
vt 0.437671 0.41163 
vt 0.429633 0.411377 
vt 0.429633 0.411377 
vt 0.736816 0.878274 
vt 0.736816 0.82085 
vt 0.632227 0.82085 
vt 0.632227 0.82085 
vt 0.736816 0.878274 
vt 0.736816 0.877249 
vt 0.736816 0.82085 
vt 0.510849 0.410885 
vt 0.510344 0.412238 
vt 0.510344 0.412238 
vt 0.510849 0.410885 
vt 0.510211 0.414328 
vt 0.511683 0.410188 
vt 0.510211 0.414328 
vt 0.511683 0.410188 
vt 0.510624 0.433461 
vt 0.510624 0.433461 
vt 0.513134 0.409955 
vt 0.513134 0.409955 
vt 0.514708 0.41014 
vt 0.514708 0.41014 
vt 0.517219 0.411105 
vt 0.517219 0.411105 
vt 0.518863 0.412525 
vt 0.518863 0.412525 
vt 0.52855 0.403934 
vt 0.538575 0.419194 
vt 0.538575 0.419194 
vt 0.52855 0.403934 
vt 0.543709 0.4263 
vt 0.54071 0.433461 
vt 0.54071 0.433461 
vt 0.543709 0.4263 
vt 0.486091 0.444721 
vt 0.494922 0.444721 
vt 0.494922 0.444721 
vt 0.495506 0.403934 
vt 0.495506 0.403934 
vt 0.486091 0.444721 
vt 0.487571 0.403934 
vt 0.487571 0.403934 
vt 0.476297 0.413563 
vt 0.482451 0.409846 
vt 0.482451 0.409846 
vt 0.476297 0.413563 
vt 0.50039 0.734864 
vt 0.60498 0.734864 
vt 0.60498 0.792285 
vt 0.60498 0.792285 
vt 0.60498 0.734864 
vt 0.869628 0.792308 
vt 0.869628 0.734884 
vt 0.765039 0.734884 
vt 0.765039 0.734884 
vt 0.869628 0.792308 
vt 0.869628 0.791283 
vt 0.869628 0.734884 
vt 0.464987 0.414383 
vt 0.464328 0.416952 
vt 0.464328 0.416952 
vt 0.464987 0.414383 
vt 0.466019 0.412142 
vt 0.466019 0.412142 
vt 0.467723 0.410557 
vt 0.467723 0.410557 
vt 0.47041 0.409955 
vt 0.47041 0.409955 
vt 0.473834 0.410967 
vt 0.473834 0.410967 
vt 0.476297 0.413563 
vt 0.476297 0.413563 
vt 0.578016 0.413563 
vt 0.583819 0.409846 
vt 0.583819 0.409846 
vt 0.578016 0.413563 
vt 0.558604 0.433461 
vt 0.558604 0.433461 
vt 0.548468 0.433461 
vt 0.548468 0.433461 
vt 0.543709 0.4263 
vt 0.543709 0.4263 
vt 0.574571 0.410967 
vt 0.574571 0.410967 
vt 0.578016 0.413563 
vt 0.578016 0.413563 
vt 0.5705 0.409956 
vt 0.5705 0.409956 
vt 0.567686 0.410557 
vt 0.567686 0.410557 
vt 0.566231 0.412142 
vt 0.566231 0.412142 
vt 0.565708 0.414383 
vt 0.565708 0.414383 
vt 0.565699 0.416952 
vt 0.565699 0.416952 
vt 0.500391 0.904787 
vt 0.60498 0.904787 
vt 0.60498 0.96221 
vt 0.60498 0.96221 
vt 0.60498 0.904787 
vt 0.765039 0.904787 
vt 0.869629 0.904787 
vt 0.869629 0.96221 
vt 0.869629 0.96221 
vt 0.869629 0.904787 
vt 0.577932 0.422747 
vt 0.577932 0.422747 
vt 0.566803 0.422747 
vt 0.566803 0.422747 
vt 0.463817 0.422747 
vt 0.473855 0.422747 
vt 0.463817 0.422747 
vt 0.473855 0.422747 
vt 0.472168 0.878226 
vt 0.472168 0.820805 
vt 0.367578 0.820805 
vt 0.367578 0.820805 
vt 0.472168 0.878226 
vt 0.472168 0.878225 
vt 0.472168 0.820805 
vt 0.34043 0.962357 
vt 0.34043 0.904934 
vt 0.23584 0.904934 
vt 0.34043 0.962357 
vt 0.34043 0.962357 
vt 0.34043 0.904934 
vt 0.53112 0.433461 
vt 0.54071 0.433461 
vt 0.54071 0.433461 
vt 0.53112 0.433461 
vt 0.502095 0.433461 
vt 0.502095 0.433461 
vt 0.510624 0.433461 
vt 0.510624 0.433461 
vt 0.519865 0.433461 
vt 0.519865 0.433461 
vt 0.528469 0.433461 
vt 0.528469 0.433461 
vt 0.235742 0.734835 
vt 0.340333 0.734835 
vt 0.340333 0.792259 
vt 0.340333 0.791234 
vt 0.340333 0.734835 
vt 0.499995 0.452053 
vt 0.549994 0.452053 
vt 0.549994 0.452053 
vt 0.499995 0.452053 
vt 0.590367 0.452052 
vt 0.449995 0.452053 
vt 0.590367 0.452052 
vt 0.449995 0.452053 
vt 0.594403 0.450331 
vt 0.410224 0.452053 
vt 0.594403 0.450331 
vt 0.410224 0.452053 
vt 0.597003 0.44683 
vt 0.406187 0.450331 
vt 0.597003 0.44683 
vt 0.406187 0.450331 
vt 0.597365 0.442675 
vt 0.403583 0.446831 
vt 0.597365 0.442675 
vt 0.403583 0.446831 
vt 0.587437 0.403934 
vt 0.403208 0.442675 
vt 0.587437 0.403934 
vt 0.403208 0.442675 
vt 0.586831 0.399986 
vt 0.413079 0.403934 
vt 0.586831 0.399986 
vt 0.413079 0.403934 
vt 0.58457 0.39624 
vt 0.413682 0.399986 
vt 0.58457 0.39624 
vt 0.413682 0.399986 
vt 0.580696 0.393083 
vt 0.41594 0.39624 
vt 0.580696 0.393083 
vt 0.41594 0.39624 
vt 0.576457 0.391532 
vt 0.419811 0.393084 
vt 0.576457 0.391532 
vt 0.419811 0.393084 
vt 0.549994 0.391532 
vt 0.424049 0.391532 
vt 0.549994 0.391532 
vt 0.424049 0.391532 
vt 0.499995 0.391532 
vt 0.499995 0.391532 
vt 0.449995 0.391532 
vt 0.449995 0.391532 

usemtl Tier121Mtl

f 1/1/1 2/2/2 3/3/3 
f 4/4/4 5/5/5 6/6/6 
f 7/7/7 8/8/8 9/9/9 
f 10/10/10 11/11/11 12/12/12 
f 13/13/13 14/14/14 15/15/15 
f 16/16/16 17/17/17 18/18/18 
f 19/19/19 20/20/20 21/21/21 
f 22/22/22 23/23/23 24/24/24 
f 25/25/25 26/26/26 27/27/27 
f 28/28/28 29/29/29 30/30/30 
f 31/31/31 32/32/32 33/33/33 
f 34/34/34 35/35/35 36/36/36 
f 34/34/34 37/37/37 35/35/35 
f 34/34/34 36/36/36 38/38/38 
f 34/34/34 38/38/38 37/37/37 
f 39/39/39 40/40/40 41/41/41 
f 39/39/39 42/42/42 40/40/40 
f 39/39/39 41/41/41 43/43/43 
f 39/39/39 43/43/43 42/42/42 
f 44/44/44 45/45/45 46/46/46 
f 44/44/44 47/47/47 45/45/45 
f 44/44/44 46/46/46 48/48/48 
f 44/44/44 48/48/48 47/47/47 
f 49/49/49 50/50/50 51/51/51 
f 49/49/49 52/52/52 50/50/50 
f 49/49/49 51/51/51 53/53/53 
f 49/49/49 53/53/53 52/52/52 
f 54/54/54 55/55/55 56/56/56 
f 54/54/54 57/57/57 55/55/55 
f 54/54/54 56/56/56 58/58/58 
f 54/54/54 58/58/58 57/57/57 
f 59/59/59 60/60/60 61/61/61 
f 59/59/59 62/62/62 60/60/60 
f 59/59/59 61/61/61 63/63/63 
f 59/59/59 63/63/63 62/62/62 
f 64/64/64 65/65/65 66/66/66 
f 64/64/64 67/67/67 65/65/65 
f 64/64/64 66/66/66 68/68/68 
f 64/64/64 68/68/68 67/67/67 
f 69/69/69 70/70/70 71/71/71 
f 72/72/72 73/73/73 74/74/74 
f 72/72/72 75/75/75 73/73/73 
f 72/72/72 74/74/74 76/76/76 
f 72/72/72 76/76/76 75/75/75 
f 77/77/77 78/78/78 79/79/79 
f 77/77/77 80/80/80 78/78/78 
f 77/77/77 79/79/79 81/81/81 
f 77/77/77 81/81/81 80/80/80 
f 82/82/82 83/83/83 84/84/84 
f 82/82/82 85/85/85 83/83/83 
f 82/82/82 84/84/84 86/86/86 
f 82/82/82 86/86/86 85/85/85 
f 87/87/87 88/88/88 89/89/89 
f 87/87/87 90/90/90 88/88/88 
f 87/87/87 89/89/89 91/91/91 
f 87/87/87 91/91/91 90/90/90 
f 92/92/92 93/93/93 94/94/94 
f 92/92/92 95/95/95 93/93/93 
f 92/92/92 94/94/94 96/96/96 
f 92/92/92 96/96/96 95/95/95 
f 97/97/97 98/98/98 99/99/99 
f 97/97/97 100/100/100 98/98/98 
f 97/97/97 99/99/99 101/101/101 
f 97/97/97 101/101/101 100/100/100 
f 102/102/102 103/103/103 104/104/104 
f 102/102/102 105/105/105 103/103/103 
f 102/102/102 104/104/104 106/106/106 
f 102/102/102 106/106/106 105/105/105 
f 107/107/107 108/108/108 109/109/109 
f 107/107/107 110/110/110 108/108/108 
f 107/107/107 109/109/109 111/111/111 
f 107/107/107 111/111/111 110/110/110 
f 112/112/112 113/113/113 114/114/114 
f 112/112/112 115/115/115 113/113/113 
f 112/112/112 114/114/114 116/116/116 
f 112/112/112 116/116/116 115/115/115 
f 117/117/117 118/118/118 119/119/119 
f 117/117/117 120/120/120 118/118/118 
f 117/117/117 119/119/119 121/121/121 
f 117/117/117 121/121/121 120/120/120 
f 122/122/122 123/123/123 124/124/124 
f 122/122/122 125/125/125 123/123/123 
f 122/122/122 124/124/124 126/126/126 
f 122/122/122 126/126/126 125/125/125 
f 127/127/127 128/128/128 129/129/129 
f 127/127/127 130/130/130 128/128/128 
f 127/127/127 129/129/129 131/131/131 
f 127/127/127 131/131/131 130/130/130 
f 132/132/132 133/133/133 134/134/134 
f 132/132/132 135/135/135 133/133/133 
f 132/132/132 134/134/134 136/136/136 
f 132/132/132 136/136/136 135/135/135 
f 137/137/137 138/138/138 139/139/139 
f 137/137/137 140/140/140 138/138/138 
f 137/137/137 139/139/139 141/141/141 
f 137/137/137 141/141/141 140/140/140 
f 142/142/142 143/143/143 144/144/144 
f 142/142/142 145/145/145 143/143/143 
f 142/142/142 144/144/144 146/146/146 
f 142/142/142 146/146/146 145/145/145 
f 147/147/147 148/148/148 149/149/149 
f 147/147/147 150/150/150 148/148/148 
f 147/147/147 149/149/149 151/151/151 
f 147/147/147 151/151/151 150/150/150 
f 152/152/152 153/153/153 154/154/154 
f 152/152/152 155/155/155 153/153/153 
f 152/152/152 154/154/154 156/156/156 
f 152/152/152 156/156/156 155/155/155 
f 157/157/157 158/158/158 159/159/159 
f 157/157/157 160/160/160 158/158/158 
f 157/157/157 159/159/159 161/161/161 
f 157/157/157 161/161/161 160/160/160 
f 162/162/162 163/163/163 164/164/164 
f 162/162/162 165/165/165 163/163/163 
f 162/162/162 164/164/164 166/166/166 
f 162/162/162 166/166/166 165/165/165 
f 167/167/167 168/168/168 169/169/169 
f 167/167/167 170/170/170 168/168/168 
f 167/167/167 169/169/169 171/171/171 
f 167/167/167 171/171/171 170/170/170 
f 172/172/172 173/173/173 174/174/174 
f 172/172/172 175/175/175 173/173/173 
f 172/172/172 174/174/174 176/176/176 
f 172/172/172 176/176/176 175/175/175 
f 177/177/177 178/178/178 179/179/179 
f 177/177/177 180/180/180 178/178/178 
f 177/177/177 179/179/179 181/181/181 
f 177/177/177 181/181/181 180/180/180 
f 182/182/182 183/183/183 184/184/184 
f 182/182/182 185/185/185 183/183/183 
f 182/182/182 184/184/184 186/186/186 
f 182/182/182 186/186/186 185/185/185 
f 187/187/187 188/188/188 189/189/189 
f 190/190/190 189/189/189 188/188/188 
f 191/191/191 187/187/187 192/192/192 
f 189/189/189 192/192/192 187/187/187 
f 189/189/189 190/190/190 193/193/193 
f 194/194/194 193/193/193 190/190/190 
f 192/192/192 189/189/189 195/195/195 
f 193/193/193 195/195/195 189/189/189 
f 193/193/193 194/194/194 196/196/196 
f 197/197/197 196/196/196 194/194/194 
f 195/195/195 193/193/193 198/198/198 
f 196/196/196 198/198/198 193/193/193 
f 196/196/196 197/197/197 199/199/199 
f 200/200/200 199/199/199 197/197/197 
f 198/198/198 196/196/196 201/201/201 
f 199/199/199 201/201/201 196/196/196 
f 199/199/199 200/200/200 202/202/202 
f 201/201/201 199/199/199 203/203/203 
f 202/202/202 203/203/203 199/199/199 
f 204/204/204 202/202/202 200/200/200 
f 203/203/203 205/205/205 201/201/201 
f 201/201/201 206/206/206 198/198/198 
f 206/206/206 201/201/201 205/205/205 
f 207/207/207 198/198/198 206/206/206 
f 198/198/198 207/207/207 195/195/195 
f 208/208/208 206/206/206 205/205/205 
f 203/203/203 202/202/202 209/209/209 
f 205/205/205 203/203/203 210/210/210 
f 209/209/209 210/210/210 203/203/203 
f 211/211/211 209/209/209 202/202/202 
f 202/202/202 204/204/204 211/211/211 
f 210/210/210 209/209/209 212/212/212 
f 213/213/213 205/205/205 210/210/210 
f 205/205/205 213/213/213 208/208/208 
f 210/210/210 214/214/214 213/213/213 
f 214/214/214 210/210/210 212/212/212 
f 215/215/215 208/208/208 213/213/213 
f 213/213/213 216/216/216 215/215/215 
f 216/216/216 213/213/213 214/214/214 
f 208/208/208 215/215/215 217/217/217 
f 214/214/214 218/218/218 216/216/216 
f 217/217/217 219/219/219 208/208/208 
f 206/206/206 208/208/208 219/219/219 
f 219/219/219 217/217/217 220/220/220 
f 206/206/206 219/219/219 207/207/207 
f 220/220/220 221/221/221 219/219/219 
f 207/207/207 219/219/219 221/221/221 
f 221/221/221 220/220/220 222/222/222 
f 223/223/223 221/221/221 222/222/222 
f 223/223/223 207/207/207 221/221/221 
f 224/224/224 223/223/223 222/222/222 
f 225/225/225 223/223/223 224/224/224 
f 207/207/207 223/223/223 226/226/226 
f 225/225/225 226/226/226 223/223/223 
f 226/226/226 195/195/195 207/207/207 
f 195/195/195 226/226/226 192/192/192 
f 227/227/227 225/225/225 224/224/224 
f 228/228/228 192/192/192 226/226/226 
f 226/226/226 225/225/225 228/228/228 
f 192/192/192 228/228/228 191/191/191 
f 229/229/229 225/225/225 227/227/227 
f 227/227/227 230/230/230 229/229/229 
f 225/225/225 231/231/231 228/228/228 
f 225/225/225 229/229/229 231/231/231 
f 228/228/228 232/232/232 191/191/191 
f 232/232/232 228/228/228 231/231/231 
f 233/233/233 191/191/191 232/232/232 
f 234/234/234 229/229/229 230/230/230 
f 234/234/234 231/231/231 229/229/229 
f 230/230/230 235/235/235 234/234/234 
f 235/235/235 236/236/236 234/234/234 
f 231/231/231 234/234/234 237/237/237 
f 237/237/237 232/232/232 231/231/231 
f 234/234/234 238/238/238 237/237/237 
f 232/232/232 237/237/237 239/239/239 
f 237/237/237 240/240/240 239/239/239 
f 241/241/241 232/232/232 239/239/239 
f 232/232/232 241/241/241 233/233/233 
f 239/239/239 242/242/242 241/241/241 
f 243/243/243 233/233/233 241/241/241 
f 241/241/241 244/244/244 243/243/243 
f 245/245/245 246/246/246 247/247/247 
f 245/245/245 248/248/248 246/246/246 
f 245/245/245 247/247/247 249/249/249 
f 245/245/245 249/249/249 248/248/248 
f 250/250/250 251/251/251 252/252/252 
f 250/250/250 253/253/253 251/251/251 
f 250/250/250 252/252/252 254/254/254 
f 250/250/250 254/254/254 253/253/253 
f 255/255/255 256/256/256 257/257/257 
f 255/255/255 258/258/258 256/256/256 
f 255/255/255 257/257/257 259/259/259 
f 255/255/255 259/259/259 258/258/258 
f 260/260/260 261/261/261 262/262/262 
f 260/260/260 263/263/263 261/261/261 
f 260/260/260 262/262/262 264/264/264 
f 260/260/260 264/264/264 263/263/263 
f 265/265/265 266/266/266 267/267/267 
f 265/265/265 268/268/268 266/266/266 
f 265/265/265 267/267/267 269/269/269 
f 265/265/265 269/269/269 268/268/268 
f 270/270/270 271/271/271 272/272/272 
f 270/270/270 273/273/273 271/271/271 
f 270/270/270 272/272/272 274/274/274 
f 270/270/270 274/274/274 273/273/273 
f 275/275/275 276/276/276 277/277/277 
f 275/275/275 278/278/278 276/276/276 
f 275/275/275 277/277/277 279/279/279 
f 275/275/275 279/279/279 278/278/278 
f 280/280/280 281/281/281 282/282/282 
f 280/280/280 283/283/283 281/281/281 
f 280/280/280 282/282/282 284/284/284 
f 280/280/280 284/284/284 283/283/283 
f 285/285/285 286/286/286 287/287/287 
f 285/285/285 288/288/288 286/286/286 
f 285/285/285 287/287/287 289/289/289 
f 285/285/285 289/289/289 288/288/288 
f 290/290/290 291/291/291 292/292/292 
f 290/290/290 293/293/293 291/291/291 
f 290/290/290 292/292/292 294/294/294 
f 290/290/290 294/294/294 293/293/293 
f 295/295/295 296/296/296 297/297/297 
f 295/295/295 298/298/298 296/296/296 
f 295/295/295 297/297/297 299/299/299 
f 295/295/295 299/299/299 298/298/298 
f 211/211/211 300/300/300 301/301/301 
f 209/209/209 211/211/211 301/301/301 
f 301/301/301 212/212/212 209/209/209 
f 212/212/212 301/301/301 302/302/302 
f 303/303/303 301/301/301 300/300/300 
f 301/301/301 303/303/303 302/302/302 
f 304/304/304 212/212/212 302/302/302 
f 303/303/303 304/304/304 302/302/302 
f 212/212/212 304/304/304 214/214/214 
f 218/218/218 214/214/214 304/304/304 
f 305/305/305 218/218/218 304/304/304 
f 304/304/304 303/303/303 305/305/305 
f 218/218/218 305/305/305 306/306/306 
f 300/300/300 307/307/307 303/303/303 
f 307/307/307 305/305/305 303/303/303 
f 307/307/307 300/300/300 308/308/308 
f 309/309/309 306/306/306 305/305/305 
f 305/305/305 307/307/307 309/309/309 
f 306/306/306 309/309/309 310/310/310 
f 308/308/308 311/311/311 307/307/307 
f 311/311/311 309/309/309 307/307/307 
f 311/311/311 308/308/308 312/312/312 
f 313/313/313 310/310/310 309/309/309 
f 309/309/309 311/311/311 313/313/313 
f 310/310/310 313/313/313 314/314/314 
f 312/312/312 315/315/315 311/311/311 
f 315/315/315 313/313/313 311/311/311 
f 315/315/315 312/312/312 316/316/316 
f 317/317/317 314/314/314 313/313/313 
f 313/313/313 315/315/315 317/317/317 
f 318/318/318 319/319/319 320/320/320 
f 318/318/318 321/321/321 319/319/319 
f 318/318/318 320/320/320 322/322/322 
f 318/318/318 322/322/322 321/321/321 
f 323/323/323 324/324/324 325/325/325 
f 323/323/323 326/326/326 324/324/324 
f 323/323/323 325/325/325 327/327/327 
f 323/323/323 327/327/327 326/326/326 
f 328/328/328 329/329/329 330/330/330 
f 328/328/328 331/331/331 329/329/329 
f 328/328/328 330/330/330 332/332/332 
f 328/328/328 332/332/332 331/331/331 
f 333/333/333 334/334/334 335/335/335 
f 333/333/333 336/336/336 334/334/334 
f 333/333/333 335/335/335 337/337/337 
f 333/333/333 337/337/337 336/336/336 
f 338/338/338 339/339/339 340/340/340 
f 341/341/341 342/342/342 343/343/343 
f 343/343/343 344/344/344 341/341/341 
f 345/345/345 340/340/340 346/346/346 
f 340/340/340 345/345/345 338/338/338 
f 346/346/346 342/342/342 347/347/347 
f 346/346/346 348/348/348 345/345/345 
f 348/348/348 346/346/346 347/347/347 
f 349/349/349 347/347/347 342/342/342 
f 342/342/342 341/341/341 349/349/349 
f 347/347/347 350/350/350 348/348/348 
f 347/347/347 349/349/349 351/351/351 
f 350/350/350 347/347/347 351/351/351 
f 352/352/352 349/349/349 341/341/341 
f 353/353/353 341/341/341 344/344/344 
f 341/341/341 353/353/353 352/352/352 
f 354/354/354 351/351/351 349/349/349 
f 349/349/349 352/352/352 354/354/354 
f 351/351/351 355/355/355 350/350/350 
f 351/351/351 354/354/354 356/356/356 
f 355/355/355 351/351/351 356/356/356 
f 357/357/357 354/354/354 352/352/352 
f 358/358/358 350/350/350 355/355/355 
f 359/359/359 356/356/356 354/354/354 
f 354/354/354 357/357/357 359/359/359 
f 360/360/360 355/355/355 356/356/356 
f 356/356/356 359/359/359 360/360/360 
f 355/355/355 360/360/360 361/361/361 
f 361/361/361 358/358/358 355/355/355 
f 360/360/360 362/362/362 361/361/361 
f 363/363/363 360/360/360 359/359/359 
f 362/362/362 360/360/360 363/363/363 
f 364/364/364 363/363/363 359/359/359 
f 364/364/364 359/359/359 357/357/357 
f 365/365/365 363/363/363 364/364/364 
f 366/366/366 364/364/364 357/357/357 
f 365/365/365 364/364/364 366/366/366 
f 352/352/352 367/367/367 357/357/357 
f 367/367/367 352/352/352 353/353/353 
f 357/357/357 368/368/368 366/366/366 
f 368/368/368 357/357/357 367/367/367 
f 369/369/369 366/366/366 368/368/368 
f 369/369/369 365/365/365 366/366/366 
f 370/370/370 371/371/371 372/372/372 
f 370/370/370 373/373/373 371/371/371 
f 370/370/370 372/372/372 374/374/374 
f 370/370/370 374/374/374 373/373/373 
f 314/314/314 317/317/317 375/375/375 
f 316/316/316 376/376/376 315/315/315 
f 376/376/376 317/317/317 315/315/315 
f 376/376/376 316/316/316 377/377/377 
f 378/378/378 375/375/375 317/317/317 
f 317/317/317 376/376/376 378/378/378 
f 375/375/375 378/378/378 379/379/379 
f 377/377/377 380/380/380 376/376/376 
f 380/380/380 378/378/378 376/376/376 
f 381/381/381 379/379/379 378/378/378 
f 378/378/378 380/380/380 381/381/381 
f 379/379/379 381/381/381 382/382/382 
f 382/382/382 381/381/381 383/383/383 
f 381/381/381 384/384/384 383/383/383 
f 380/380/380 384/384/384 381/381/381 
f 383/383/383 384/384/384 385/385/385 
f 380/380/380 377/377/377 386/386/386 
f 387/387/387 386/386/386 377/377/377 
f 384/384/384 380/380/380 388/388/388 
f 386/386/386 388/388/388 380/380/380 
f 384/384/384 389/389/389 385/385/385 
f 385/385/385 389/389/389 390/390/390 
f 391/391/391 384/384/384 388/388/388 
f 384/384/384 391/391/391 389/389/389 
f 389/389/389 392/392/392 390/390/390 
f 391/391/391 392/392/392 389/389/389 
f 392/392/392 393/393/393 390/390/390 
f 392/392/392 391/391/391 394/394/394 
f 392/392/392 394/394/394 395/395/395 
f 391/391/391 396/396/396 394/394/394 
f 394/394/394 396/396/396 397/397/397 
f 388/388/388 398/398/398 391/391/391 
f 396/396/396 391/391/391 398/398/398 
f 398/398/398 388/388/388 399/399/399 
f 388/388/388 386/386/386 399/399/399 
f 400/400/400 398/398/398 399/399/399 
f 386/386/386 400/400/400 399/399/399 
f 401/401/401 396/396/396 398/398/398 
f 398/398/398 400/400/400 401/401/401 
f 396/396/396 401/401/401 402/402/402 
f 396/396/396 402/402/402 403/403/403 
f 400/400/400 404/404/404 401/401/401 
f 402/402/402 401/401/401 404/404/404 
f 400/400/400 386/386/386 405/405/405 
f 386/386/386 387/387/387 405/405/405 
f 405/405/405 406/406/406 400/400/400 
f 404/404/404 400/400/400 406/406/406 
f 407/407/407 405/405/405 387/387/387 
f 387/387/387 408/408/408 407/407/407 
f 408/408/408 409/409/409 407/407/407 
f 405/405/405 407/407/407 410/410/410 
f 406/406/406 405/405/405 410/410/410 
f 411/411/411 407/407/407 409/409/409 
f 407/407/407 411/411/411 410/410/410 
f 406/406/406 410/410/410 411/411/411 
f 409/409/409 412/412/412 411/411/411 
f 411/411/411 413/413/413 406/406/406 
f 411/411/411 412/412/412 413/413/413 
f 404/404/404 406/406/406 413/413/413 
f 412/412/412 414/414/414 413/413/413 
f 412/412/412 415/415/415 414/414/414 
f 404/404/404 413/413/413 416/416/416 
f 413/413/413 414/414/414 416/416/416 
f 417/417/417 404/404/404 416/416/416 
f 402/402/402 404/404/404 417/417/417 
f 402/402/402 417/417/417 418/418/418 
f 417/417/417 416/416/416 419/419/419 
f 417/417/417 419/419/419 420/420/420 
f 414/414/414 421/421/421 416/416/416 
f 419/419/419 416/416/416 421/421/421 
f 422/422/422 414/414/414 415/415/415 
f 414/414/414 422/422/422 421/421/421 
f 415/415/415 423/423/423 422/422/422 
f 423/423/423 424/424/424 422/422/422 
f 422/422/422 425/425/425 421/421/421 
f 421/421/421 425/425/425 419/419/419 
f 422/422/422 424/424/424 425/425/425 
f 419/419/419 425/425/425 426/426/426 
f 425/425/425 424/424/424 427/427/427 
f 428/428/428 429/429/429 430/430/430 
f 428/428/428 431/431/431 429/429/429 
f 428/428/428 430/430/430 432/432/432 
f 428/428/428 432/432/432 431/431/431 
f 433/433/433 434/434/434 435/435/435 
f 433/433/433 436/436/436 434/434/434 
f 433/433/433 435/435/435 437/437/437 
f 433/433/433 437/437/437 436/436/436 
f 438/438/438 439/439/439 440/440/440 
f 438/438/438 441/441/441 439/439/439 
f 438/438/438 440/440/440 442/442/442 
f 438/438/438 442/442/442 441/441/441 
f 443/443/443 444/444/444 445/445/445 
f 443/443/443 446/446/446 444/444/444 
f 443/443/443 445/445/445 447/447/447 
f 443/443/443 447/447/447 446/446/446 
f 448/448/448 449/449/449 450/450/450 
f 448/448/448 451/451/451 449/449/449 
f 448/448/448 450/450/450 452/452/452 
f 448/448/448 452/452/452 451/451/451 
f 453/453/453 454/454/454 455/455/455 
f 453/453/453 456/456/456 454/454/454 
f 453/453/453 455/455/455 457/457/457 
f 453/453/453 457/457/457 456/456/456 
f 458/458/458 459/459/459 460/460/460 
f 458/458/458 461/461/461 459/459/459 
f 458/458/458 460/460/460 462/462/462 
f 458/458/458 462/462/462 461/461/461 
f 463/463/463 464/464/464 465/465/465 
f 463/463/463 466/466/466 464/464/464 
f 463/463/463 465/465/465 467/467/467 
f 463/463/463 467/467/467 466/466/466 
f 468/468/468 469/469/469 470/470/470 
f 468/468/468 471/471/471 469/469/469 
f 468/468/468 470/470/470 472/472/472 
f 468/468/468 472/472/472 471/471/471 
f 367/367/367 473/473/473 368/368/368 
f 353/353/353 474/474/474 367/367/367 
f 473/473/473 367/367/367 474/474/474 
f 368/368/368 473/473/473 475/475/475 
f 369/369/369 368/368/368 475/475/475 
f 475/475/475 473/473/473 476/476/476 
f 477/477/477 365/365/365 369/369/369 
f 369/369/369 478/478/478 477/477/477 
f 478/478/478 479/479/479 477/477/477 
f 369/369/369 480/480/480 478/478/478 
f 480/480/480 369/369/369 475/475/475 
f 480/480/480 481/481/481 478/478/478 
f 475/475/475 482/482/482 480/480/480 
f 482/482/482 475/475/475 476/476/476 
f 482/482/482 483/483/483 480/480/480 
f 365/365/365 477/477/477 484/484/484 
f 477/477/477 485/485/485 484/484/484 
f 365/365/365 484/484/484 486/486/486 
f 363/363/363 365/365/365 486/486/486 
f 486/486/486 362/362/362 363/363/363 
f 486/486/486 484/484/484 487/487/487 
f 484/484/484 488/488/488 487/487/487 
f 362/362/362 486/486/486 489/489/489 
f 486/486/486 487/487/487 489/489/489 
f 489/489/489 490/490/490 362/362/362 
f 487/487/487 491/491/491 489/489/489 
f 490/490/490 489/489/489 491/491/491 
f 491/491/491 487/487/487 492/492/492 
f 487/487/487 493/493/493 492/492/492 
f 494/494/494 490/490/490 491/491/491 
f 492/492/492 494/494/494 491/491/491 
f 495/495/495 362/362/362 490/490/490 
f 362/362/362 495/495/495 361/361/361 
f 494/494/494 492/492/492 496/496/496 
f 492/492/492 497/497/497 496/496/496 
f 490/490/490 494/494/494 498/498/498 
f 498/498/498 495/495/495 490/490/490 
f 358/358/358 361/361/361 495/495/495 
f 499/499/499 498/498/498 494/494/494 
f 500/500/500 494/494/494 496/496/496 
f 500/500/500 499/499/499 494/494/494 
f 496/496/496 501/501/501 500/500/500 
f 500/500/500 502/502/502 499/499/499 
f 502/502/502 500/500/500 503/503/503 
f 503/503/503 500/500/500 504/504/504 
f 502/502/502 505/505/505 499/499/499 
f 505/505/505 498/498/498 499/499/499 
f 502/502/502 506/506/506 505/505/505 
f 505/505/505 507/507/507 498/498/498 
f 495/495/495 498/498/498 507/507/507 
f 506/506/506 508/508/508 505/505/505 
f 508/508/508 507/507/507 505/505/505 
f 509/509/509 508/508/508 506/506/506 
f 510/510/510 495/495/495 507/507/507 
f 508/508/508 510/510/510 507/507/507 
f 511/511/511 508/508/508 509/509/509 
f 495/495/495 510/510/510 358/358/358 
f 508/508/508 511/511/511 512/512/512 
f 512/512/512 510/510/510 508/508/508 
f 513/513/513 512/512/512 511/511/511 
f 512/512/512 513/513/513 514/514/514 
f 514/514/514 510/510/510 512/512/512 
f 515/515/515 514/514/514 513/513/513 
f 516/516/516 358/358/358 510/510/510 
f 510/510/510 514/514/514 516/516/516 
f 514/514/514 515/515/515 517/517/517 
f 517/517/517 516/516/516 514/514/514 
f 518/518/518 517/517/517 515/515/515 
f 358/358/358 516/516/516 519/519/519 
f 519/519/519 350/350/350 358/358/358 
f 519/519/519 348/348/348 350/350/350 
f 520/520/520 519/519/519 516/516/516 
f 516/516/516 517/517/517 520/520/520 
f 348/348/348 519/519/519 521/521/521 
f 519/519/519 520/520/520 521/521/521 
f 521/521/521 345/345/345 348/348/348 
f 517/517/517 518/518/518 522/522/522 
f 522/522/522 520/520/520 517/517/517 
f 523/523/523 522/522/522 518/518/518 
f 524/524/524 521/521/521 520/520/520 
f 520/520/520 522/522/522 524/524/524 
f 345/345/345 521/521/521 525/525/525 
f 521/521/521 524/524/524 525/525/525 
f 525/525/525 338/338/338 345/345/345 
f 522/522/522 523/523/523 526/526/526 
f 526/526/526 524/524/524 522/522/522 
f 527/527/527 526/526/526 523/523/523 
f 528/528/528 525/525/525 524/524/524 
f 524/524/524 526/526/526 528/528/528 
f 338/338/338 525/525/525 529/529/529 
f 525/525/525 528/528/528 529/529/529 
f 529/529/529 530/530/530 338/338/338 
f 339/339/339 338/338/338 530/530/530 
f 531/531/531 339/339/339 530/530/530 
f 530/530/530 529/529/529 532/532/532 
f 528/528/528 532/532/532 529/529/529 
f 530/530/530 533/533/533 531/531/531 
f 533/533/533 530/530/530 532/532/532 
f 534/534/534 531/531/531 533/533/533 
f 532/532/532 528/528/528 535/535/535 
f 535/535/535 533/533/533 532/532/532 
f 528/528/528 536/536/536 535/535/535 
f 536/536/536 528/528/528 526/526/526 
f 526/526/526 527/527/527 536/536/536 
f 533/533/533 535/535/535 537/537/537 
f 537/537/537 534/534/534 533/533/533 
f 536/536/536 537/537/537 535/535/535 
f 527/527/527 538/538/538 536/536/536 
f 537/537/537 536/536/536 538/538/538 
f 538/538/538 527/527/527 539/539/539 
f 534/534/534 537/537/537 540/540/540 
f 538/538/538 540/540/540 537/537/537 
f 541/541/541 534/534/534 540/540/540 
f 539/539/539 542/542/542 538/538/538 
f 540/540/540 538/538/538 542/542/542 
f 542/542/542 541/541/541 540/540/540 
f 542/542/542 539/539/539 543/543/543 
f 543/543/543 544/544/544 542/542/542 
f 541/541/541 542/542/542 544/544/544 
f 544/544/544 543/543/543 545/545/545 
f 544/544/544 546/546/546 541/541/541 
f 547/547/547 541/541/541 546/546/546 
f 548/548/548 547/547/547 546/546/546 
f 546/546/546 544/544/544 549/549/549 
f 549/549/549 548/548/548 546/546/546 
f 545/545/545 549/549/549 544/544/544 
f 548/548/548 549/549/549 550/550/550 
f 549/549/549 545/545/545 551/551/551 
f 551/551/551 550/550/550 549/549/549 
f 552/552/552 553/553/553 554/554/554 
f 552/552/552 555/555/555 553/553/553 
f 552/552/552 554/554/554 556/556/556 
f 552/552/552 556/556/556 555/555/555 
f 557/557/557 558/558/558 559/559/559 
f 557/557/557 560/560/560 558/558/558 
f 557/557/557 559/559/559 561/561/561 
f 557/557/557 561/561/561 560/560/560 
f 562/562/562 204/204/204 563/563/563 
f 204/204/204 564/564/564 563/563/563 
f 565/565/565 566/566/566 567/567/567 
f 566/566/566 565/565/565 568/568/568 
f 567/567/567 564/564/564 569/569/569 
f 569/569/569 565/565/565 567/567/567 
f 200/200/200 569/569/569 564/564/564 
f 564/564/564 204/204/204 200/200/200 
f 570/570/570 568/568/568 565/565/565 
f 568/568/568 570/570/570 571/571/571 
f 565/565/565 569/569/569 572/572/572 
f 572/572/572 570/570/570 565/565/565 
f 197/197/197 572/572/572 569/569/569 
f 569/569/569 200/200/200 197/197/197 
f 570/570/570 572/572/572 573/573/573 
f 574/574/574 571/571/571 570/570/570 
f 570/570/570 573/573/573 574/574/574 
f 194/194/194 573/573/573 572/572/572 
f 572/572/572 197/197/197 194/194/194 
f 573/573/573 194/194/194 190/190/190 
f 571/571/571 574/574/574 575/575/575 
f 575/575/575 576/576/576 571/571/571 
f 574/574/574 573/573/573 577/577/577 
f 190/190/190 577/577/577 573/573/573 
f 578/578/578 575/575/575 574/574/574 
f 576/576/576 575/575/575 579/579/579 
f 579/579/579 580/580/580 576/576/576 
f 581/581/581 579/579/579 575/575/575 
f 575/575/575 578/578/578 581/581/581 
f 580/580/580 579/579/579 582/582/582 
f 583/583/583 580/580/580 582/582/582 
f 579/579/579 581/581/581 584/584/584 
f 584/584/584 582/582/582 579/579/579 
f 585/585/585 583/583/583 582/582/582 
f 582/582/582 584/584/584 585/585/585 
f 583/583/583 585/585/585 474/474/474 
f 586/586/586 474/474/474 585/585/585 
f 474/474/474 586/586/586 473/473/473 
f 586/586/586 476/476/476 473/473/473 
f 585/585/585 587/587/587 586/586/586 
f 587/587/587 585/585/585 584/584/584 
f 476/476/476 586/586/586 588/588/588 
f 587/587/587 588/588/588 586/586/586 
f 588/588/588 482/482/482 476/476/476 
f 584/584/584 589/589/589 587/587/587 
f 589/589/589 584/584/584 581/581/581 
f 588/588/588 587/587/587 590/590/590 
f 589/589/589 590/590/590 587/587/587 
f 482/482/482 588/588/588 591/591/591 
f 482/482/482 591/591/591 592/592/592 
f 590/590/590 591/591/591 588/588/588 
f 591/591/591 590/590/590 593/593/593 
f 593/593/593 594/594/594 591/591/591 
f 590/590/590 595/595/595 593/593/593 
f 595/595/595 596/596/596 593/593/593 
f 595/595/595 590/590/590 597/597/597 
f 589/589/589 597/597/597 590/590/590 
f 597/597/597 598/598/598 595/595/595 
f 598/598/598 599/599/599 595/595/595 
f 597/597/597 589/589/589 600/600/600 
f 581/581/581 600/600/600 589/589/589 
f 600/600/600 581/581/581 578/578/578 
f 600/600/600 601/601/601 597/597/597 
f 598/598/598 597/597/597 601/601/601 
f 578/578/578 602/602/602 600/600/600 
f 601/601/601 600/600/600 602/602/602 
f 601/601/601 603/603/603 598/598/598 
f 603/603/603 604/604/604 598/598/598 
f 603/603/603 601/601/601 605/605/605 
f 601/601/601 602/602/602 605/605/605 
f 605/605/605 243/243/243 603/603/603 
f 243/243/243 606/606/606 603/603/603 
f 602/602/602 607/607/607 605/605/605 
f 602/602/602 578/578/578 608/608/608 
f 608/608/608 607/607/607 602/602/602 
f 574/574/574 608/608/608 578/578/578 
f 608/608/608 574/574/574 577/577/577 
f 243/243/243 605/605/605 609/609/609 
f 605/605/605 607/607/607 609/609/609 
f 607/607/607 608/608/608 610/610/610 
f 577/577/577 610/610/610 608/608/608 
f 610/610/610 577/577/577 188/188/188 
f 577/577/577 190/190/190 188/188/188 
f 610/610/610 187/187/187 607/607/607 
f 188/188/188 187/187/187 610/610/610 
f 607/607/607 611/611/611 609/609/609 
f 607/607/607 187/187/187 611/611/611 
f 609/609/609 611/611/611 233/233/233 
f 609/609/609 233/233/233 243/243/243 
f 187/187/187 191/191/191 611/611/611 
f 191/191/191 233/233/233 611/611/611 
f 612/612/612 613/613/613 614/614/614 
f 612/612/612 615/615/615 613/613/613 
f 612/612/612 614/614/614 616/616/616 
f 612/612/612 616/616/616 615/615/615 
f 617/617/617 618/618/618 619/619/619 
f 617/617/617 620/620/620 618/618/618 
f 617/617/617 619/619/619 621/621/621 
f 617/617/617 621/621/621 620/620/620 
f 622/622/622 623/623/623 624/624/624 
f 622/622/622 625/625/625 623/623/623 
f 622/622/622 624/624/624 626/626/626 
f 622/622/622 626/626/626 625/625/625 
f 627/627/627 628/628/628 629/629/629 
f 627/627/627 630/630/630 628/628/628 
f 627/627/627 629/629/629 631/631/631 
f 627/627/627 631/631/631 630/630/630 
f 632/632/632 633/633/633 634/634/634 
f 632/632/632 635/635/635 633/633/633 
f 632/632/632 634/634/634 636/636/636 
f 632/632/632 636/636/636 635/635/635 
f 637/637/637 638/638/638 639/639/639 
f 637/637/637 640/640/640 638/638/638 
f 637/637/637 639/639/639 641/641/641 
f 637/637/637 641/641/641 640/640/640 
f 642/642/642 643/643/643 644/644/644 
f 642/642/642 645/645/645 643/643/643 
f 642/642/642 644/644/644 646/646/646 
f 642/642/642 646/646/646 645/645/645 
f 647/647/647 648/648/648 649/649/649 
f 647/647/647 650/650/650 648/648/648 
f 647/647/647 649/649/649 651/651/651 
f 647/647/647 651/651/651 650/650/650 
f 652/652/652 653/653/653 654/654/654 
f 652/652/652 655/655/655 653/653/653 
f 652/652/652 654/654/654 656/656/656 
f 652/652/652 656/656/656 655/655/655 
f 657/657/657 658/658/658 659/659/659 
f 657/657/657 660/660/660 658/658/658 
f 657/657/657 659/659/659 661/661/661 
f 657/657/657 661/661/661 660/660/660 
f 662/662/662 663/663/663 664/664/664 
f 662/662/662 665/665/665 663/663/663 
f 662/662/662 664/664/664 666/666/666 
f 662/662/662 666/666/666 665/665/665 
f 667/667/667 668/668/668 669/669/669 
f 667/667/667 670/670/670 668/668/668 
f 667/667/667 669/669/669 671/671/671 
f 667/667/667 671/671/671 670/670/670 
f 672/672/672 673/673/673 674/674/674 
f 672/672/672 675/675/675 673/673/673 
f 672/672/672 674/674/674 676/676/676 
f 672/672/672 676/676/676 675/675/675 
f 677/677/677 678/678/678 679/679/679 
f 677/677/677 680/680/680 678/678/678 
f 677/677/677 679/679/679 681/681/681 
f 677/677/677 681/681/681 680/680/680 
f 682/682/682 683/683/683 684/684/684 
f 682/682/682 685/685/685 683/683/683 
f 682/682/682 684/684/684 686/686/686 
f 682/682/682 686/686/686 685/685/685 
f 687/687/687 688/688/688 689/689/689 
f 687/687/687 690/690/690 688/688/688 
f 687/687/687 689/689/689 691/691/691 
f 687/687/687 691/691/691 690/690/690 
f 692/692/692 693/693/693 694/694/694 
f 692/692/692 695/695/695 693/693/693 
f 692/692/692 694/694/694 696/696/696 
f 692/692/692 696/696/696 695/695/695 
f 697/697/697 698/698/698 699/699/699 
f 700/700/700 697/697/697 699/699/699 
f 698/698/698 697/697/697 701/701/701 
f 701/701/701 702/702/702 698/698/698 
f 702/702/702 701/701/701 703/703/703 
f 697/697/697 700/700/700 415/415/415 
f 423/423/423 415/415/415 700/700/700 
f 697/697/697 412/412/412 701/701/701 
f 415/415/415 412/412/412 697/697/697 
f 701/701/701 704/704/704 703/703/703 
f 704/704/704 705/705/705 703/703/703 
f 706/706/706 705/705/705 704/704/704 
f 706/706/706 704/704/704 707/707/707 
f 704/704/704 708/708/708 707/707/707 
f 707/707/707 708/708/708 709/709/709 
f 704/704/704 701/701/701 710/710/710 
f 704/704/704 710/710/710 708/708/708 
f 710/710/710 701/701/701 412/412/412 
f 708/708/708 711/711/711 709/709/709 
f 708/708/708 712/712/712 711/711/711 
f 713/713/713 711/711/711 712/712/712 
f 710/710/710 714/714/714 708/708/708 
f 712/712/712 708/708/708 714/714/714 
f 714/714/714 710/710/710 409/409/409 
f 412/412/412 409/409/409 710/710/710 
f 714/714/714 715/715/715 712/712/712 
f 712/712/712 716/716/716 713/713/713 
f 716/716/716 712/712/712 715/715/715 
f 717/717/717 713/713/713 716/716/716 
f 713/713/713 717/717/717 562/562/562 
f 204/204/204 562/562/562 717/717/717 
f 715/715/715 714/714/714 408/408/408 
f 409/409/409 408/408/408 714/714/714 
f 718/718/718 204/204/204 717/717/717 
f 204/204/204 718/718/718 211/211/211 
f 719/719/719 717/717/717 716/716/716 
f 717/717/717 719/719/719 718/718/718 
f 720/720/720 716/716/716 715/715/715 
f 716/716/716 720/720/720 719/719/719 
f 721/721/721 715/715/715 408/408/408 
f 715/715/715 721/721/721 720/720/720 
f 408/408/408 387/387/387 721/721/721 
f 308/308/308 718/718/718 719/719/719 
f 312/312/312 719/719/719 720/720/720 
f 719/719/719 312/312/312 308/308/308 
f 316/316/316 720/720/720 721/721/721 
f 720/720/720 316/316/316 312/312/312 
f 721/721/721 377/377/377 316/316/316 
f 377/377/377 721/721/721 387/387/387 
f 718/718/718 308/308/308 300/300/300 
f 300/300/300 211/211/211 718/718/718 
f 722/722/722 723/723/723 724/724/724 
f 725/725/725 722/722/722 724/724/724 
f 723/723/723 722/722/722 550/550/550 
f 550/550/550 551/551/551 723/723/723 
f 722/722/722 725/725/725 726/726/726 
f 727/727/727 726/726/726 725/725/725 
f 728/728/728 550/550/550 722/722/722 
f 726/726/726 727/727/727 729/729/729 
f 730/730/730 729/729/729 727/727/727 
f 729/729/729 730/730/730 731/731/731 
f 731/731/731 730/730/730 732/732/732 
f 733/733/733 729/729/729 731/731/731 
f 733/733/733 731/731/731 734/734/734 
f 735/735/735 726/726/726 729/729/729 
f 733/733/733 735/735/735 729/729/729 
f 736/736/736 722/722/722 726/726/726 
f 736/736/736 728/728/728 722/722/722 
f 735/735/735 736/736/736 726/726/726 
f 737/737/737 735/735/735 733/733/733 
f 737/737/737 733/733/733 738/738/738 
f 735/735/735 739/739/739 736/736/736 
f 735/735/735 737/737/737 740/740/740 
f 739/739/739 735/735/735 740/740/740 
f 741/741/741 740/740/740 737/737/737 
f 741/741/741 737/737/737 742/742/742 
f 740/740/740 743/743/743 739/739/739 
f 744/744/744 736/736/736 739/739/739 
f 736/736/736 744/744/744 728/728/728 
f 743/743/743 744/744/744 739/739/739 
f 740/740/740 741/741/741 745/745/745 
f 743/743/743 740/740/740 745/745/745 
f 746/746/746 745/745/745 741/741/741 
f 746/746/746 741/741/741 747/747/747 
f 745/745/745 748/748/748 743/743/743 
f 745/745/745 746/746/746 749/749/749 
f 748/748/748 745/745/745 749/749/749 
f 746/746/746 750/750/750 749/749/749 
f 748/748/748 751/751/751 743/743/743 
f 744/744/744 743/743/743 751/751/751 
f 749/749/749 752/752/752 748/748/748 
f 752/752/752 749/749/749 750/750/750 
f 751/751/751 748/748/748 753/753/753 
f 752/752/752 753/753/753 748/748/748 
f 754/754/754 746/746/746 755/755/755 
f 750/750/750 746/746/746 754/754/754 
f 750/750/750 754/754/754 756/756/756 
f 754/754/754 757/757/757 756/756/756 
f 750/750/750 758/758/758 752/752/752 
f 753/753/753 752/752/752 759/759/759 
f 759/759/759 752/752/752 758/758/758 
f 758/758/758 750/750/750 760/760/760 
f 756/756/756 760/760/760 750/750/750 
f 760/760/760 761/761/761 758/758/758 
f 756/756/756 762/762/762 760/760/760 
f 761/761/761 760/760/760 762/762/762 
f 762/762/762 756/756/756 763/763/763 
f 763/763/763 756/756/756 764/764/764 
f 765/765/765 762/762/762 763/763/763 
f 763/763/763 766/766/766 765/765/765 
f 765/765/765 767/767/767 762/762/762 
f 767/767/767 761/761/761 762/762/762 
f 765/765/765 768/768/768 767/767/767 
f 769/769/769 758/758/758 761/761/761 
f 769/769/769 759/759/759 758/758/758 
f 770/770/770 765/765/765 771/771/771 
f 768/768/768 765/765/765 770/770/770 
f 772/772/772 769/769/769 761/761/761 
f 767/767/767 773/773/773 761/761/761 
f 773/773/773 772/772/772 761/761/761 
f 767/767/767 774/774/774 773/773/773 
f 774/774/774 767/767/767 768/768/768 
f 774/774/774 775/775/775 773/773/773 
f 773/773/773 775/775/775 772/772/772 
f 768/768/768 700/700/700 774/774/774 
f 776/776/776 768/768/768 770/770/770 
f 776/776/776 770/770/770 777/777/777 
f 768/768/768 776/776/776 423/423/423 
f 700/700/700 768/768/768 423/423/423 
f 424/424/424 423/423/423 776/776/776 
f 424/424/424 776/776/776 778/778/778 
f 775/775/775 774/774/774 779/779/779 
f 700/700/700 779/779/779 774/774/774 
f 780/780/780 775/775/775 779/779/779 
f 779/779/779 700/700/700 699/699/699 
f 699/699/699 780/780/780 779/779/779 
f 775/775/775 780/780/780 781/781/781 
f 781/781/781 772/772/772 775/775/775 
f 781/781/781 780/780/780 782/782/782 
f 781/781/781 782/782/782 783/783/783 
f 698/698/698 782/782/782 780/780/780 
f 780/780/780 699/699/699 698/698/698 
f 782/782/782 698/698/698 702/702/702 
f 784/784/784 781/781/781 783/783/783 
f 772/772/772 781/781/781 784/784/784 
f 784/784/784 783/783/783 785/785/785 
f 784/784/784 786/786/786 772/772/772 
f 787/787/787 784/784/784 785/785/785 
f 786/786/786 784/784/784 787/787/787 
f 788/788/788 787/787/787 785/785/785 
f 788/788/788 789/789/789 787/787/787 
f 787/787/787 789/789/789 790/790/790 
f 786/786/786 769/769/769 772/772/772 
f 791/791/791 787/787/787 790/790/790 
f 786/786/786 787/787/787 791/791/791 
f 792/792/792 791/791/791 790/790/790 
f 793/793/793 769/769/769 786/786/786 
f 769/769/769 793/793/793 759/759/759 
f 794/794/794 786/786/786 791/791/791 
f 786/786/786 794/794/794 793/793/793 
f 791/791/791 792/792/792 795/795/795 
f 796/796/796 759/759/759 793/793/793 
f 759/759/759 796/796/796 753/753/753 
f 796/796/796 751/751/751 753/753/753 
f 793/793/793 797/797/797 796/796/796 
f 797/797/797 793/793/793 794/794/794 
f 751/751/751 796/796/796 798/798/798 
f 797/797/797 798/798/798 796/796/796 
f 798/798/798 744/744/744 751/751/751 
f 791/791/791 799/799/799 794/794/794 
f 799/799/799 791/791/791 795/795/795 
f 794/794/794 800/800/800 797/797/797 
f 800/800/800 794/794/794 799/799/799 
f 798/798/798 797/797/797 801/801/801 
f 800/800/800 801/801/801 797/797/797 
f 744/744/744 798/798/798 802/802/802 
f 801/801/801 802/802/802 798/798/798 
f 548/548/548 744/744/744 802/802/802 
f 744/744/744 548/548/548 728/728/728 
f 802/802/802 801/801/801 547/547/547 
f 547/547/547 548/548/548 802/802/802 
f 550/550/550 728/728/728 548/548/548 
f 801/801/801 800/800/800 803/803/803 
f 803/803/803 547/547/547 801/801/801 
f 804/804/804 803/803/803 800/800/800 
f 799/799/799 804/804/804 800/800/800 
f 547/547/547 803/803/803 805/805/805 
f 804/804/804 799/799/799 806/806/806 
f 803/803/803 804/804/804 807/807/807 
f 807/807/807 805/805/805 803/803/803 
f 795/795/795 806/806/806 799/799/799 
f 808/808/808 807/807/807 804/804/804 
f 806/806/806 808/808/808 804/804/804 
f 805/805/805 807/807/807 534/534/534 
f 541/541/541 547/547/547 805/805/805 
f 534/534/534 541/541/541 805/805/805 
f 807/807/807 808/808/808 531/531/531 
f 531/531/531 534/534/534 807/807/807 
f 808/808/808 806/806/806 809/809/809 
f 339/339/339 531/531/531 808/808/808 
f 809/809/809 339/339/339 808/808/808 
f 810/810/810 809/809/809 806/806/806 
f 806/806/806 795/795/795 810/810/810 
f 811/811/811 812/812/812 813/813/813 
f 811/811/811 814/814/814 812/812/812 
f 811/811/811 813/813/813 815/815/815 
f 811/811/811 815/815/815 814/814/814 
f 816/816/816 817/817/817 818/818/818 
f 816/816/816 819/819/819 817/817/817 
f 816/816/816 818/818/818 820/820/820 
f 816/816/816 820/820/820 819/819/819 
f 821/821/821 822/822/822 823/823/823 
f 821/821/821 824/824/824 822/822/822 
f 821/821/821 823/823/823 825/825/825 
f 821/821/821 825/825/825 824/824/824 
f 826/826/826 827/827/827 828/828/828 
f 826/826/826 829/829/829 827/827/827 
f 826/826/826 828/828/828 830/830/830 
f 826/826/826 830/830/830 829/829/829 
f 831/831/831 832/832/832 833/833/833 
f 831/831/831 834/834/834 832/832/832 
f 831/831/831 833/833/833 835/835/835 
f 831/831/831 835/835/835 834/834/834 
f 836/836/836 837/837/837 838/838/838 
f 837/837/837 836/836/836 839/839/839 
f 838/838/838 837/837/837 840/840/840 
f 840/840/840 841/841/841 838/838/838 
f 841/841/841 840/840/840 842/842/842 
f 836/836/836 843/843/843 839/839/839 
f 843/843/843 836/836/836 844/844/844 
f 843/843/843 844/844/844 845/845/845 
f 845/845/845 844/844/844 846/846/846 
f 847/847/847 848/848/848 849/849/849 
f 848/848/848 847/847/847 850/850/850 
f 848/848/848 851/851/851 849/849/849 
f 848/848/848 852/852/852 851/851/851 
f 852/852/852 848/848/848 853/853/853 
f 849/849/849 851/851/851 854/854/854 
f 849/849/849 854/854/854 855/855/855 
f 856/856/856 857/857/857 858/858/858 
f 859/859/859 856/856/856 858/858/858 
f 859/859/859 858/858/858 860/860/860 
f 861/861/861 859/859/859 860/860/860 
f 861/861/861 860/860/860 862/862/862 
f 861/861/861 862/862/862 863/863/863 
f 864/864/864 861/861/861 863/863/863 
f 864/864/864 863/863/863 865/865/865 
f 864/864/864 865/865/865 866/866/866 
f 867/867/867 864/864/864 866/866/866 
f 868/868/868 867/867/867 866/866/866 
f 869/869/869 868/868/868 866/866/866 
f 870/870/870 868/868/868 869/869/869 
f 866/866/866 871/871/871 869/869/869 
f 869/869/869 871/871/871 872/872/872 
f 869/869/869 872/872/872 873/873/873 
f 873/873/873 874/874/874 869/869/869 
f 874/874/874 875/875/875 869/869/869 
f 876/876/876 869/869/869 875/875/875 
f 877/877/877 876/876/876 875/875/875 
f 878/878/878 876/876/876 877/877/877 
f 878/878/878 879/879/879 876/876/876 
f 877/877/877 880/880/880 878/878/878 
f 877/877/877 881/881/881 880/880/880 
f 881/881/881 882/882/882 880/880/880 
f 883/883/883 880/880/880 882/882/882 
f 884/884/884 883/883/883 882/882/882 
f 882/882/882 885/885/885 884/884/884 
f 886/886/886 884/884/884 885/885/885 
f 879/879/879 887/887/887 876/876/876 
f 876/876/876 887/887/887 888/888/888 
f 889/889/889 876/876/876 888/888/888 
f 887/887/887 890/890/890 888/888/888 
f 868/868/868 891/891/891 892/892/892 
f 891/891/891 893/893/893 892/892/892 
f 892/892/892 867/867/867 868/868/868 
f 893/893/893 891/891/891 894/894/894 
f 891/891/891 895/895/895 894/894/894 
f 895/895/895 896/896/896 894/894/894 
f 896/896/896 897/897/897 894/894/894 
f 898/898/898 894/894/894 897/897/897 
f 898/898/898 897/897/897 899/899/899 
f 898/898/898 899/899/899 900/900/900 
f 900/900/900 901/901/901 898/898/898 
f 901/901/901 902/902/902 898/898/898 
f 902/902/902 903/903/903 898/898/898 
f 904/904/904 898/898/898 903/903/903 
f 903/903/903 905/905/905 904/904/904 
f 904/904/904 905/905/905 906/906/906 
f 907/907/907 906/906/906 905/905/905 
f 908/908/908 907/907/907 905/905/905 
f 909/909/909 907/907/907 908/908/908 
f 890/890/890 908/908/908 905/905/905 
f 857/857/857 907/907/907 909/909/909 
f 905/905/905 888/888/888 890/890/890 
f 856/856/856 907/907/907 857/857/857 
f 910/910/910 911/911/911 912/912/912 
f 911/911/911 910/910/910 913/913/913 
f 911/911/911 914/914/914 912/912/912 
f 911/911/911 915/915/915 914/914/914 
f 915/915/915 911/911/911 916/916/916 
f 912/912/912 914/914/914 917/917/917 
f 912/912/912 917/917/917 918/918/918 
f 919/919/919 920/920/920 921/921/921 
f 919/919/919 922/922/922 920/920/920 
f 919/919/919 921/921/921 923/923/923 
f 919/919/919 923/923/923 922/922/922 
f 869/869/869 924/924/924 870/870/870 
f 870/870/870 924/924/924 925/925/925 
f 926/926/926 925/925/925 924/924/924 
f 889/889/889 926/926/926 924/924/924 
f 889/889/889 927/927/927 926/926/926 
f 889/889/889 928/928/928 927/927/927 
f 929/929/929 870/870/870 925/925/925 
f 889/889/889 888/888/888 928/928/928 
f 930/930/930 870/870/870 929/929/929 
f 888/888/888 931/931/931 928/928/928 
f 929/929/929 932/932/932 930/930/930 
f 933/933/933 930/930/930 932/932/932 
f 934/934/934 933/933/933 932/932/932 
f 935/935/935 934/934/934 932/932/932 
f 932/932/932 936/936/936 935/935/935 
f 937/937/937 935/935/935 936/936/936 
f 936/936/936 938/938/938 937/937/937 
f 939/939/939 937/937/937 938/938/938 
f 930/930/930 940/940/940 870/870/870 
f 940/940/940 941/941/941 870/870/870 
f 931/931/931 888/888/888 942/942/942 
f 940/940/940 943/943/943 941/941/941 
f 944/944/944 941/941/941 943/943/943 
f 945/945/945 946/946/946 944/944/944 
f 944/944/944 947/947/947 945/945/945 
f 943/943/943 947/947/947 944/944/944 
f 942/942/942 888/888/888 948/948/948 
f 948/948/948 949/949/949 942/942/942 
f 948/948/948 950/950/950 949/949/949 
f 951/951/951 948/948/948 888/888/888 
f 951/951/951 952/952/952 940/940/940 
f 952/952/952 953/953/953 940/940/940 
f 940/940/940 953/953/953 943/943/943 
f 951/951/951 954/954/954 952/952/952 
f 954/954/954 951/951/951 955/955/955 
f 888/888/888 955/955/955 951/951/951 
f 956/956/956 954/954/954 955/955/955 
f 953/953/953 957/957/957 943/943/943 
f 955/955/955 958/958/958 956/956/956 
f 958/958/958 959/959/959 956/956/956 
f 955/955/955 960/960/960 958/958/958 
f 960/960/960 955/955/955 961/961/961 
f 955/955/955 962/962/962 961/961/961 
f 960/960/960 961/961/961 963/963/963 
f 961/961/961 962/962/962 964/964/964 
f 960/960/960 963/963/963 965/965/965 
f 966/966/966 964/964/964 962/962/962 
f 967/967/967 960/960/960 965/965/965 
f 962/962/962 968/968/968 966/966/966 
f 968/968/968 969/969/969 966/966/966 
f 969/969/969 970/970/970 966/966/966 
f 965/965/965 971/971/971 967/967/967 
f 972/972/972 967/967/967 971/971/971 
f 967/967/967 972/972/972 973/973/973 
f 967/967/967 973/973/973 974/974/974 
f 970/970/970 975/975/975 966/966/966 
f 976/976/976 967/967/967 974/974/974 
f 976/976/976 974/974/974 977/977/977 
f 976/976/976 977/977/977 978/978/978 
f 979/979/979 966/966/966 975/975/975 
f 980/980/980 979/979/979 975/975/975 
f 943/943/943 976/976/976 978/978/978 
f 943/943/943 981/981/981 976/976/976 
f 982/982/982 943/943/943 978/978/978 
f 957/957/957 981/981/981 943/943/943 
f 957/957/957 983/983/983 981/981/981 
f 947/947/947 943/943/943 982/982/982 
f 947/947/947 982/982/982 984/984/984 
f 984/984/984 985/985/985 947/947/947 
f 985/985/985 986/986/986 947/947/947 
f 986/986/986 987/987/987 947/947/947 
f 975/975/975 947/947/947 987/987/987 
f 988/988/988 975/975/975 987/987/987 
f 980/980/980 975/975/975 988/988/988 
f 988/988/988 989/989/989 980/980/980 
f 988/988/988 990/990/990 989/989/989 
f 991/991/991 989/989/989 990/990/990 
f 992/992/992 991/991/991 990/990/990 
f 993/993/993 991/991/991 992/992/992 
f 992/992/992 994/994/994 993/993/993 
f 995/995/995 993/993/993 994/994/994 
f 344/344/344 996/996/996 997/997/997 
f 344/344/344 997/997/997 353/353/353 
f 998/998/998 997/997/997 996/996/996 
f 996/996/996 999/999/999 998/998/998 
f 353/353/353 997/997/997 583/583/583 
f 474/474/474 353/353/353 583/583/583 
f 997/997/997 998/998/998 580/580/580 
f 580/580/580 583/583/583 997/997/997 
f 999/999/999 1000/1000/1000 998/998/998 
f 998/998/998 576/576/576 580/580/580 
f 576/576/576 998/998/998 1000/1000/1000 
f 1000/1000/1000 999/999/999 1001/1001/1001 
f 1002/1002/1002 1001/1001/1001 999/999/999 
f 1000/1000/1000 571/571/571 576/576/576 
f 1001/1001/1001 1002/1002/1002 1003/1003/1003 
f 1004/1004/1004 1003/1003/1003 1002/1002/1002 
f 1001/1001/1001 568/568/568 1000/1000/1000 
f 571/571/571 1000/1000/1000 568/568/568 
f 1003/1003/1003 566/566/566 1001/1001/1001 
f 568/568/568 1001/1001/1001 566/566/566 
f 1003/1003/1003 1004/1004/1004 1005/1005/1005 
f 1004/1004/1004 1006/1006/1006 1005/1005/1005 
f 566/566/566 1003/1003/1003 1007/1007/1007 
f 1005/1005/1005 1007/1007/1007 1003/1003/1003 
f 1008/1008/1008 1005/1005/1005 1006/1006/1006 
f 1006/1006/1006 1009/1009/1009 1008/1008/1008 
f 1005/1005/1005 1008/1008/1008 1010/1010/1010 
f 1007/1007/1007 1005/1005/1005 1010/1010/1010 
f 1011/1011/1011 1008/1008/1008 1009/1009/1009 
f 1011/1011/1011 1009/1009/1009 711/711/711 
f 1012/1012/1012 1010/1010/1010 1008/1008/1008 
f 1008/1008/1008 1011/1011/1011 1012/1012/1012 
f 1013/1013/1013 1007/1007/1007 1010/1010/1010 
f 1010/1010/1010 1012/1012/1012 1013/1013/1013 
f 1007/1007/1007 1013/1013/1013 1014/1014/1014 
f 1012/1012/1012 563/563/563 1013/1013/1013 
f 563/563/563 1014/1014/1014 1013/1013/1013 
f 1011/1011/1011 562/562/562 1012/1012/1012 
f 563/563/563 1012/1012/1012 562/562/562 
f 562/562/562 1011/1011/1011 713/713/713 
f 711/711/711 713/713/713 1011/1011/1011 
f 567/567/567 1007/1007/1007 1014/1014/1014 
f 1007/1007/1007 567/567/567 566/566/566 
f 1014/1014/1014 563/563/563 564/564/564 
f 564/564/564 567/567/567 1014/1014/1014 
f 1015/1015/1015 1016/1016/1016 1017/1017/1017 
f 1018/1018/1018 1017/1017/1017 1016/1016/1016 
f 1016/1016/1016 1015/1015/1015 1019/1019/1019 
f 1020/1020/1020 1019/1019/1019 1015/1015/1015 
f 1019/1019/1019 1020/1020/1020 1021/1021/1021 
f 1021/1021/1021 1022/1022/1022 1019/1019/1019 
f 1022/1022/1022 1021/1021/1021 1023/1023/1023 
f 1024/1024/1024 1022/1022/1022 1023/1023/1023 
f 1022/1022/1022 1024/1024/1024 1025/1025/1025 
f 1026/1026/1026 1022/1022/1022 1025/1025/1025 
f 1027/1027/1027 1019/1019/1019 1022/1022/1022 
f 1022/1022/1022 1026/1026/1026 1027/1027/1027 
f 1019/1019/1019 1027/1027/1027 1016/1016/1016 
f 1028/1028/1028 1027/1027/1027 1026/1026/1026 
f 1028/1028/1028 1026/1026/1026 1029/1029/1029 
f 1030/1030/1030 1028/1028/1028 1029/1029/1029 
f 1028/1028/1028 1030/1030/1030 1031/1031/1031 
f 1032/1032/1032 1028/1028/1028 1031/1031/1031 
f 1033/1033/1033 1016/1016/1016 1027/1027/1027 
f 1033/1033/1033 1027/1027/1027 1028/1028/1028 
f 1032/1032/1032 1033/1033/1033 1028/1028/1028 
f 1018/1018/1018 1016/1016/1016 1033/1033/1033 
f 1033/1033/1033 1032/1032/1032 1034/1034/1034 
f 1034/1034/1034 1018/1018/1018 1033/1033/1033 
f 1035/1035/1035 1036/1036/1036 1037/1037/1037 
f 1036/1036/1036 1035/1035/1035 1038/1038/1038 
f 1037/1037/1037 1039/1039/1039 1035/1035/1035 
f 1039/1039/1039 1037/1037/1037 1040/1040/1040 
f 1041/1041/1041 1039/1039/1039 1040/1040/1040 
f 1039/1039/1039 1041/1041/1041 1042/1042/1042 
f 1043/1043/1043 1042/1042/1042 1041/1041/1041 
f 1042/1042/1042 1043/1043/1043 1044/1044/1044 
f 1045/1045/1045 1044/1044/1044 1043/1043/1043 
f 1044/1044/1044 1045/1045/1045 1046/1046/1046 
f 1047/1047/1047 1046/1046/1046 1045/1045/1045 
f 1046/1046/1046 1047/1047/1047 1048/1048/1048 
f 1049/1049/1049 1048/1048/1048 1047/1047/1047 
f 1048/1048/1048 1049/1049/1049 1050/1050/1050 
f 1051/1051/1051 1050/1050/1050 1049/1049/1049 
f 1050/1050/1050 1051/1051/1051 1052/1052/1052 
f 1053/1053/1053 1052/1052/1052 1051/1051/1051 
f 1052/1052/1052 1053/1053/1053 1054/1054/1054 
f 1055/1055/1055 1054/1054/1054 1053/1053/1053 
f 1054/1054/1054 1055/1055/1055 1056/1056/1056 
f 1057/1057/1057 1056/1056/1056 1055/1055/1055 
f 1056/1056/1056 1057/1057/1057 1058/1058/1058 
f 1059/1059/1059 1058/1058/1058 1057/1057/1057 
f 1057/1057/1057 1060/1060/1060 1059/1059/1059 
f 1061/1061/1061 1062/1062/1062 1063/1063/1063 
f 1064/1064/1064 1063/1063/1063 1062/1062/1062 
f 1061/1061/1061 1063/1063/1063 1065/1065/1065 
f 1063/1063/1063 1064/1064/1064 1066/1066/1066 
f 1067/1067/1067 1061/1061/1061 1065/1065/1065 
f 1065/1065/1065 1068/1068/1068 1067/1067/1067 
f 1069/1069/1069 1066/1066/1066 1064/1064/1064 
f 1066/1066/1066 1069/1069/1069 1070/1070/1070 
f 1071/1071/1071 1067/1067/1067 1068/1068/1068 
f 1067/1067/1067 1071/1071/1071 1072/1072/1072 
f 1069/1069/1069 1073/1073/1073 1070/1070/1070 
f 1073/1073/1073 1069/1069/1069 1074/1074/1074 
f 1071/1071/1071 1075/1075/1075 1072/1072/1072 
f 1076/1076/1076 1073/1073/1073 1074/1074/1074 
f 1075/1075/1075 1071/1071/1071 1077/1077/1077 
f 1073/1073/1073 1076/1076/1076 1078/1078/1078 
f 1079/1079/1079 1075/1075/1075 1077/1077/1077 
f 1078/1078/1078 1076/1076/1076 1080/1080/1080 
f 1075/1075/1075 1079/1079/1079 1081/1081/1081 
f 1076/1076/1076 1082/1082/1082 1080/1080/1080 
f 1083/1083/1083 1081/1081/1081 1079/1079/1079 
f 1084/1084/1084 1080/1080/1080 1082/1082/1082 
f 1081/1081/1081 1083/1083/1083 1085/1085/1085 
f 1082/1082/1082 1086/1086/1086 1084/1084/1084 
f 1087/1087/1087 1085/1085/1085 1083/1083/1083 
f 1084/1084/1084 1086/1086/1086 1088/1088/1088 
f 1085/1085/1085 1087/1087/1087 1089/1089/1089 
f 1086/1086/1086 1090/1090/1090 1088/1088/1088 
f 1091/1091/1091 1089/1089/1089 1087/1087/1087 
f 1090/1090/1090 1092/1092/1092 1088/1088/1088 
f 1089/1089/1089 1091/1091/1091 1093/1093/1093 
f 1092/1092/1092 1090/1090/1090 1094/1094/1094 
f 1095/1095/1095 1093/1093/1093 1091/1091/1091 
f 1094/1094/1094 1096/1096/1096 1092/1092/1092 
f 1093/1093/1093 1095/1095/1095 1097/1097/1097 
f 1096/1096/1096 1094/1094/1094 1098/1098/1098 
f 1099/1099/1099 1097/1097/1097 1095/1095/1095 
f 1098/1098/1098 1100/1100/1100 1096/1096/1096 
f 1097/1097/1097 1099/1099/1099 1101/1101/1101 
f 1100/1100/1100 1098/1098/1098 1102/1102/1102 
f 1103/1103/1103 1101/1101/1101 1099/1099/1099 
f 1103/1103/1103 1100/1100/1100 1102/1102/1102 
f 1099/1099/1099 1104/1104/1104 1103/1103/1103 
f 1100/1100/1100 1103/1103/1103 1104/1104/1104 
f 809/809/809 810/810/810 1105/1105/1105 
f 810/810/810 795/795/795 1106/1106/1106 
f 1106/1106/1106 1105/1105/1105 810/810/810 
f 1107/1107/1107 1106/1106/1106 795/795/795 
f 792/792/792 1107/1107/1107 795/795/795 
f 1108/1108/1108 1107/1107/1107 792/792/792 
f 1109/1109/1109 1107/1107/1107 1108/1108/1108 
f 1110/1110/1110 1107/1107/1107 1109/1109/1109 
f 1107/1107/1107 1110/1110/1110 1111/1111/1111 
f 1106/1106/1106 1107/1107/1107 1111/1111/1111 
f 1112/1112/1112 1111/1111/1111 1110/1110/1110 
f 1112/1112/1112 1113/1113/1113 1111/1111/1111 
f 1112/1112/1112 1114/1114/1114 1113/1113/1113 
f 1115/1115/1115 1113/1113/1113 1114/1114/1114 
f 1113/1113/1113 1115/1115/1115 1116/1116/1116 
f 1115/1115/1115 1117/1117/1117 1116/1116/1116 
f 1118/1118/1118 1111/1111/1111 1113/1113/1113 
f 1116/1116/1116 1118/1118/1118 1113/1113/1113 
f 1119/1119/1119 1106/1106/1106 1111/1111/1111 
f 1111/1111/1111 1118/1118/1118 1119/1119/1119 
f 1117/1117/1117 1120/1120/1120 1116/1116/1116 
f 1121/1121/1121 1120/1120/1120 1117/1117/1117 
f 1122/1122/1122 1120/1120/1120 1121/1121/1121 
f 1120/1120/1120 1122/1122/1122 709/709/709 
f 1106/1106/1106 1119/1119/1119 1123/1123/1123 
f 1105/1105/1105 1106/1106/1106 1123/1123/1123 
f 1120/1120/1120 709/709/709 711/711/711 
f 1120/1120/1120 1009/1009/1009 1116/1116/1116 
f 1009/1009/1009 1120/1120/1120 711/711/711 
f 1009/1009/1009 1006/1006/1006 1116/1116/1116 
f 1118/1118/1118 1116/1116/1116 1006/1006/1006 
f 1004/1004/1004 1119/1119/1119 1118/1118/1118 
f 1006/1006/1006 1004/1004/1004 1118/1118/1118 
f 1124/1124/1124 1123/1123/1123 1119/1119/1119 
f 1119/1119/1119 1004/1004/1004 1124/1124/1124 
f 1123/1123/1123 1124/1124/1124 1125/1125/1125 
f 1125/1125/1125 1105/1105/1105 1123/1123/1123 
f 1105/1105/1105 1125/1125/1125 1126/1126/1126 
f 1124/1124/1124 1127/1127/1127 1125/1125/1125 
f 1128/1128/1128 1105/1105/1105 1126/1126/1126 
f 1105/1105/1105 1128/1128/1128 809/809/809 
f 1125/1125/1125 1129/1129/1129 1126/1126/1126 
f 1129/1129/1129 1125/1125/1125 1127/1127/1127 
f 1129/1129/1129 1128/1128/1128 1126/1126/1126 
f 339/339/339 809/809/809 1128/1128/1128 
f 1127/1127/1127 1124/1124/1124 1130/1130/1130 
f 1004/1004/1004 1130/1130/1130 1124/1124/1124 
f 1131/1131/1131 1129/1129/1129 1127/1127/1127 
f 1130/1130/1130 1131/1131/1131 1127/1127/1127 
f 1128/1128/1128 1129/1129/1129 1132/1132/1132 
f 1132/1132/1132 339/339/339 1128/1128/1128 
f 1129/1129/1129 1131/1131/1131 1133/1133/1133 
f 1133/1133/1133 1132/1132/1132 1129/1129/1129 
f 1131/1131/1131 1130/1130/1130 1134/1134/1134 
f 1135/1135/1135 1133/1133/1133 1131/1131/1131 
f 1134/1134/1134 1135/1135/1135 1131/1131/1131 
f 1002/1002/1002 1134/1134/1134 1130/1130/1130 
f 1130/1130/1130 1004/1004/1004 1002/1002/1002 
f 1135/1135/1135 1134/1134/1134 996/996/996 
f 1132/1132/1132 1133/1133/1133 1136/1136/1136 
f 1133/1133/1133 1135/1135/1135 343/343/343 
f 343/343/343 1136/1136/1136 1133/1133/1133 
f 344/344/344 343/343/343 1135/1135/1135 
f 996/996/996 344/344/344 1135/1135/1135 
f 1136/1136/1136 343/343/343 342/342/342 
f 999/999/999 996/996/996 1134/1134/1134 
f 1134/1134/1134 1002/1002/1002 999/999/999 
f 1136/1136/1136 340/340/340 1132/1132/1132 
f 339/339/339 1132/1132/1132 340/340/340 
f 340/340/340 1136/1136/1136 346/346/346 
f 342/342/342 346/346/346 1136/1136/1136 
f 1137/1137/1137 1138/1138/1138 1139/1139/1139 
f 1138/1138/1138 1137/1137/1137 1140/1140/1140 
f 1141/1141/1141 1139/1139/1139 1138/1138/1138 
f 1142/1142/1142 1140/1140/1140 1137/1137/1137 
f 1139/1139/1139 1141/1141/1141 1143/1143/1143 
f 1140/1140/1140 1142/1142/1142 1144/1144/1144 
f 1145/1145/1145 1143/1143/1143 1141/1141/1141 
f 1143/1143/1143 1145/1145/1145 1146/1146/1146 
f 1144/1144/1144 1142/1142/1142 1147/1147/1147 
f 1148/1148/1148 1147/1147/1147 1142/1142/1142 
f 1147/1147/1147 1148/1148/1148 1149/1149/1149 
f 1150/1150/1150 1149/1149/1149 1148/1148/1148 
f 1149/1149/1149 1150/1150/1150 1151/1151/1151 
f 1152/1152/1152 1151/1151/1151 1150/1150/1150 
f 1151/1151/1151 1152/1152/1152 1153/1153/1153 
f 1154/1154/1154 1153/1153/1153 1152/1152/1152 
f 1155/1155/1155 1156/1156/1156 1157/1157/1157 
f 1156/1156/1156 1155/1155/1155 1158/1158/1158 
f 1159/1159/1159 1157/1157/1157 1156/1156/1156 
f 1157/1157/1157 1159/1159/1159 1160/1160/1160 
f 1161/1161/1161 1160/1160/1160 1159/1159/1159 
f 1160/1160/1160 1161/1161/1161 1162/1162/1162 
f 1163/1163/1163 1162/1162/1162 1161/1161/1161 
f 1162/1162/1162 1163/1163/1163 1164/1164/1164 
f 1164/1164/1164 1163/1163/1163 1165/1165/1165 
f 1165/1165/1165 1163/1163/1163 1166/1166/1166 
f 1165/1165/1165 1166/1166/1166 1167/1167/1167 
f 1167/1167/1167 1166/1166/1166 1168/1168/1168 
f 1167/1167/1167 1168/1168/1168 1169/1169/1169 
f 1170/1170/1170 1169/1169/1169 1168/1168/1168 
f 1169/1169/1169 1170/1170/1170 1171/1171/1171 
f 1172/1172/1172 1171/1171/1171 1170/1170/1170 
f 1173/1173/1173 1174/1174/1174 1175/1175/1175 
f 1174/1174/1174 1173/1173/1173 1176/1176/1176 
f 1177/1177/1177 1178/1178/1178 1179/1179/1179 
f 1178/1178/1178 1177/1177/1177 1180/1180/1180 
f 1181/1181/1181 1182/1182/1182 1183/1183/1183 
f 1182/1182/1182 1181/1181/1181 1184/1184/1184 
f 1185/1185/1185 1183/1183/1183 1182/1182/1182 
f 1186/1186/1186 1184/1184/1184 1181/1181/1181 
f 1183/1183/1183 1185/1185/1185 1187/1187/1187 
f 1184/1184/1184 1186/1186/1186 1188/1188/1188 
f 1189/1189/1189 1187/1187/1187 1185/1185/1185 
f 1187/1187/1187 1189/1189/1189 1190/1190/1190 
f 1191/1191/1191 1188/1188/1188 1186/1186/1186 
f 1192/1192/1192 1191/1191/1191 1186/1186/1186 
f 1193/1193/1193 1191/1191/1191 1192/1192/1192 
f 1194/1194/1194 1193/1193/1193 1192/1192/1192 
f 1195/1195/1195 1193/1193/1193 1194/1194/1194 
f 1196/1196/1196 1195/1195/1195 1194/1194/1194 
f 1195/1195/1195 1196/1196/1196 1197/1197/1197 
f 1198/1198/1198 1197/1197/1197 1196/1196/1196 
f 1197/1197/1197 1198/1198/1198 1199/1199/1199 
f 1200/1200/1200 1199/1199/1199 1198/1198/1198 
f 1201/1201/1201 1199/1199/1199 1200/1200/1200 
f 1202/1202/1202 1201/1201/1201 1200/1200/1200 
f 1201/1201/1201 1202/1202/1202 1203/1203/1203 
f 1204/1204/1204 1203/1203/1203 1202/1202/1202 
f 1205/1205/1205 1203/1203/1203 1204/1204/1204 
f 1206/1206/1206 1205/1205/1205 1204/1204/1204 
f 1205/1205/1205 1206/1206/1206 1207/1207/1207 
f 1208/1208/1208 1207/1207/1207 1206/1206/1206 
f 1209/1209/1209 1207/1207/1207 1208/1208/1208 
f 1207/1207/1207 1209/1209/1209 1210/1210/1210 
f 1211/1211/1211 1210/1210/1210 1209/1209/1209 
f 1210/1210/1210 1211/1211/1211 1212/1212/1212 
f 1213/1213/1213 1212/1212/1212 1211/1211/1211 
f 1212/1212/1212 1213/1213/1213 1214/1214/1214 
f 1215/1215/1215 1214/1214/1214 1213/1213/1213 
f 1214/1214/1214 1215/1215/1215 1216/1216/1216 
f 1217/1217/1217 1216/1216/1216 1215/1215/1215 
f 1216/1216/1216 1217/1217/1217 1218/1218/1218 
f 1219/1219/1219 1220/1220/1220 1221/1221/1221 
f 1219/1219/1219 1221/1221/1221 1222/1222/1222 
f 1223/1223/1223 1224/1224/1224 1225/1225/1225 
f 1224/1224/1224 1223/1223/1223 1226/1226/1226 
f 1227/1227/1227 1228/1228/1228 1229/1229/1229 
f 1228/1228/1228 1227/1227/1227 1230/1230/1230 
f 1231/1231/1231 1230/1230/1230 1227/1227/1227 
f 1227/1227/1227 1232/1232/1232 1231/1231/1231 
f 1233/1233/1233 1234/1234/1234 1235/1235/1235 
f 1234/1234/1234 1233/1233/1233 1236/1236/1236 
f 1237/1237/1237 1235/1235/1235 1234/1234/1234 
f 1238/1238/1238 1236/1236/1236 1233/1233/1233 
f 1235/1235/1235 1237/1237/1237 1239/1239/1239 
f 1236/1236/1236 1238/1238/1238 1240/1240/1240 
f 1241/1241/1241 1240/1240/1240 1238/1238/1238 
f 1240/1240/1240 1241/1241/1241 1242/1242/1242 
f 1243/1243/1243 1239/1239/1239 1237/1237/1237 
f 1239/1239/1239 1243/1243/1243 1244/1244/1244 
f 1243/1243/1243 1245/1245/1245 1244/1244/1244 
f 1245/1245/1245 1243/1243/1243 1246/1246/1246 
f 1246/1246/1246 1247/1247/1247 1245/1245/1245 
f 1248/1248/1248 1247/1247/1247 1246/1246/1246 
f 1247/1247/1247 1248/1248/1248 1249/1249/1249 
f 1248/1248/1248 1250/1250/1250 1249/1249/1249 
f 1249/1249/1249 1250/1250/1250 1251/1251/1251 
f 1250/1250/1250 1252/1252/1252 1251/1251/1251 
f 1251/1251/1251 1252/1252/1252 1253/1253/1253 
f 1254/1254/1254 1253/1253/1253 1252/1252/1252 
f 1253/1253/1253 1254/1254/1254 1255/1255/1255 
f 1256/1256/1256 1255/1255/1255 1254/1254/1254 
f 1255/1255/1255 1256/1256/1256 1257/1257/1257 
f 1256/1256/1256 1258/1258/1258 1257/1257/1257 
f 1257/1257/1257 1258/1258/1258 1259/1259/1259 
f 1258/1258/1258 1260/1260/1260 1259/1259/1259 
f 1260/1260/1260 1261/1261/1261 1259/1259/1259 
f 1261/1261/1261 1260/1260/1260 1262/1262/1262 
f 1263/1263/1263 1261/1261/1261 1262/1262/1262 
f 1261/1261/1261 1263/1263/1263 1264/1264/1264 
f 1265/1265/1265 1264/1264/1264 1263/1263/1263 
f 1264/1264/1264 1265/1265/1265 1266/1266/1266 
f 1267/1267/1267 1266/1266/1266 1265/1265/1265 
f 1266/1266/1266 1267/1267/1267 1268/1268/1268 
f 1269/1269/1269 1268/1268/1268 1267/1267/1267 
f 1268/1268/1268 1269/1269/1269 1270/1270/1270 
f 1271/1271/1271 1272/1272/1272 1273/1273/1273 
f 1273/1273/1273 1274/1274/1274 1271/1271/1271 
f 1275/1275/1275 1276/1276/1276 1277/1277/1277 
f 1278/1278/1278 1277/1277/1277 1276/1276/1276 
f 1277/1277/1277 1278/1278/1278 1279/1279/1279 
f 1276/1276/1276 1275/1275/1275 1280/1280/1280 
f 1281/1281/1281 1280/1280/1280 1275/1275/1275 
f 1280/1280/1280 1281/1281/1281 1282/1282/1282 
f 1281/1281/1281 1283/1283/1283 1282/1282/1282 
f 1284/1284/1284 1283/1283/1283 1281/1281/1281 
f 1283/1283/1283 1284/1284/1284 1285/1285/1285 
f 1286/1286/1286 1285/1285/1285 1284/1284/1284 
f 1287/1287/1287 1285/1285/1285 1286/1286/1286 
f 1288/1288/1288 1287/1287/1287 1286/1286/1286 
f 1289/1289/1289 1287/1287/1287 1288/1288/1288 
f 1288/1288/1288 1290/1290/1290 1289/1289/1289 
f 1291/1291/1291 1292/1292/1292 1293/1293/1293 
f 1292/1292/1292 1294/1294/1294 1293/1293/1293 
f 1295/1295/1295 1296/1296/1296 1297/1297/1297 
f 1296/1296/1296 1295/1295/1295 1298/1298/1298 
f 1299/1299/1299 1298/1298/1298 1295/1295/1295 
f 1298/1298/1298 1299/1299/1299 1300/1300/1300 
f 1301/1301/1301 1300/1300/1300 1299/1299/1299 
f 1299/1299/1299 1302/1302/1302 1301/1301/1301 
f 1303/1303/1303 1304/1304/1304 1305/1305/1305 
f 1304/1304/1304 1303/1303/1303 1306/1306/1306 
f 1307/1307/1307 1308/1308/1308 1309/1309/1309 
f 1308/1308/1308 1307/1307/1307 1310/1310/1310 
f 1311/1311/1311 1312/1312/1312 1313/1313/1313 
f 1314/1314/1314 1313/1313/1313 1312/1312/1312 
f 1315/1315/1315 1316/1316/1316 1317/1317/1317 
f 1317/1317/1317 1318/1318/1318 1315/1315/1315 
f 1319/1319/1319 1320/1320/1320 1321/1321/1321 
f 1320/1320/1320 1319/1319/1319 1322/1322/1322 
f 1319/1319/1319 1321/1321/1321 1323/1323/1323 
f 1322/1322/1322 1324/1324/1324 1320/1320/1320 
f 1321/1321/1321 1325/1325/1325 1323/1323/1323 
f 1324/1324/1324 1322/1322/1322 1326/1326/1326 
f 1326/1326/1326 1327/1327/1327 1324/1324/1324 
f 1327/1327/1327 1326/1326/1326 1328/1328/1328 
f 1323/1323/1323 1325/1325/1325 1329/1329/1329 
f 1325/1325/1325 1330/1330/1330 1329/1329/1329 
f 1329/1329/1329 1330/1330/1330 1331/1331/1331 
f 1330/1330/1330 1332/1332/1332 1331/1331/1331 
f 1331/1331/1331 1332/1332/1332 1333/1333/1333 
f 1332/1332/1332 1334/1334/1334 1333/1333/1333 
f 1334/1334/1334 1335/1335/1335 1333/1333/1333 
f 1335/1335/1335 1334/1334/1334 1336/1336/1336 
f 1336/1336/1336 1337/1337/1337 1335/1335/1335 
f 1337/1337/1337 1336/1336/1336 1338/1338/1338 
f 1339/1339/1339 1337/1337/1337 1338/1338/1338 
f 1337/1337/1337 1339/1339/1339 1340/1340/1340 
f 1341/1341/1341 1342/1342/1342 1343/1343/1343 
f 1344/1344/1344 1342/1342/1342 1345/1345/1345 
f 1346/1346/1346 1347/1347/1347 1344/1344/1344 
f 1348/1348/1348 1349/1349/1349 1350/1350/1350 
f 1349/1349/1349 1348/1348/1348 1351/1351/1351 
f 1352/1352/1352 1350/1350/1350 1349/1349/1349 
f 1353/1353/1353 1351/1351/1351 1348/1348/1348 
f 1350/1350/1350 1352/1352/1352 1354/1354/1354 
f 1351/1351/1351 1353/1353/1353 1355/1355/1355 
f 1356/1356/1356 1354/1354/1354 1352/1352/1352 
f 1354/1354/1354 1356/1356/1356 1357/1357/1357 
f 1355/1355/1355 1353/1353/1353 1358/1358/1358 
f 1358/1358/1358 1353/1353/1353 1359/1359/1359 
f 1358/1358/1358 1359/1359/1359 1360/1360/1360 
f 1360/1360/1360 1359/1359/1359 1361/1361/1361 
f 1360/1360/1360 1361/1361/1361 1362/1362/1362 
f 1363/1363/1363 1362/1362/1362 1361/1361/1361 
f 1362/1362/1362 1363/1363/1363 1364/1364/1364 
f 1365/1365/1365 1364/1364/1364 1363/1363/1363 
f 1366/1366/1366 1367/1367/1367 1368/1368/1368 
f 1368/1368/1368 1369/1369/1369 1366/1366/1366 
f 1370/1370/1370 1371/1371/1371 1372/1372/1372 
f 1371/1371/1371 1370/1370/1370 1373/1373/1373 
f 1374/1374/1374 1375/1375/1375 1376/1376/1376 
f 1377/1377/1377 1376/1376/1376 1375/1375/1375 
f 1376/1376/1376 1377/1377/1377 1378/1378/1378 
f 1375/1375/1375 1374/1374/1374 1379/1379/1379 
f 1380/1380/1380 1379/1379/1379 1374/1374/1374 
f 1374/1374/1374 1381/1381/1381 1380/1380/1380 
f 1382/1382/1382 1383/1383/1383 1384/1384/1384 
f 1383/1383/1383 1382/1382/1382 1385/1385/1385 
f 1386/1386/1386 1387/1387/1387 1388/1388/1388 
f 1389/1389/1389 1390/1390/1390 1386/1386/1386 
f 1391/1391/1391 1392/1392/1392 1393/1393/1393 
f 1394/1394/1394 1392/1392/1392 1395/1395/1395 
f 1396/1396/1396 1397/1397/1397 1394/1394/1394 
f 1398/1398/1398 1399/1399/1399 1400/1400/1400 
f 1399/1399/1399 1398/1398/1398 1401/1401/1401 
f 1402/1402/1402 1401/1401/1401 1398/1398/1398 
f 1401/1401/1401 1402/1402/1402 1403/1403/1403 
f 1404/1404/1404 1403/1403/1403 1402/1402/1402 
f 1403/1403/1403 1404/1404/1404 1405/1405/1405 
f 1406/1406/1406 1405/1405/1405 1404/1404/1404 
f 1405/1405/1405 1406/1406/1406 1407/1407/1407 
f 1407/1407/1407 1406/1406/1406 1408/1408/1408 
f 1408/1408/1408 1406/1406/1406 1409/1409/1409 
f 1408/1408/1408 1409/1409/1409 1410/1410/1410 
f 1411/1411/1411 1410/1410/1410 1409/1409/1409 
f 1412/1412/1412 1413/1413/1413 1414/1414/1414 
f 1413/1413/1413 1412/1412/1412 1415/1415/1415 
f 1416/1416/1416 1417/1417/1417 1418/1418/1418 
f 1417/1417/1417 1419/1419/1419 1418/1418/1418 
f 1420/1420/1420 1418/1418/1418 1419/1419/1419 
f 1419/1419/1419 1421/1421/1421 1420/1420/1420 
f 1422/1422/1422 1423/1423/1423 1424/1424/1424 
f 1425/1425/1425 1424/1424/1424 1423/1423/1423 
f 1423/1423/1423 1422/1422/1422 1426/1426/1426 
f 1427/1427/1427 1426/1426/1426 1422/1422/1422 
f 1428/1428/1428 1426/1426/1426 1427/1427/1427 
f 1426/1426/1426 1428/1428/1428 1429/1429/1429 
f 1428/1428/1428 1430/1430/1430 1429/1429/1429 
f 1430/1430/1430 1428/1428/1428 1431/1431/1431 
f 1432/1432/1432 1430/1430/1430 1431/1431/1431 
f 1430/1430/1430 1432/1432/1432 1433/1433/1433 
f 1434/1434/1434 1433/1433/1433 1432/1432/1432 
f 1433/1433/1433 1434/1434/1434 1435/1435/1435 
f 1436/1436/1436 1437/1437/1437 1438/1438/1438 
f 1439/1439/1439 1440/1440/1440 1436/1436/1436 
f 1441/1441/1441 1442/1442/1442 1443/1443/1443 
f 1444/1444/1444 1445/1445/1445 1441/1441/1441 
f 1446/1446/1446 1447/1447/1447 1448/1448/1448 
f 1447/1447/1447 1449/1449/1449 1448/1448/1448 
f 1450/1450/1450 1451/1451/1451 1452/1452/1452 
f 1451/1451/1451 1450/1450/1450 1453/1453/1453 
f 1454/1454/1454 1455/1455/1455 1456/1456/1456 
f 1457/1457/1457 1455/1455/1455 1458/1458/1458 
f 1459/1459/1459 1460/1460/1460 1457/1457/1457 
f 1461/1461/1461 1462/1462/1462 1463/1463/1463 
f 1463/1463/1463 1462/1462/1462 1464/1464/1464 
f 1465/1465/1465 1466/1466/1466 1463/1463/1463 
f 1467/1467/1467 1468/1468/1468 1469/1469/1469 
f 1468/1468/1468 1467/1467/1467 1470/1470/1470 
f 1471/1471/1471 1472/1472/1472 1473/1473/1473 
f 1473/1473/1473 1472/1472/1472 1474/1474/1474 
f 1475/1475/1475 1476/1476/1476 1477/1477/1477 
f 1477/1477/1477 1476/1476/1476 1478/1478/1478 
f 1479/1479/1479 1480/1480/1480 1481/1481/1481 
f 1482/1482/1482 1483/1483/1483 1479/1479/1479 
f 1484/1484/1484 1485/1485/1485 1486/1486/1486 
f 1485/1485/1485 1484/1484/1484 1487/1487/1487 
f 1488/1488/1488 1486/1486/1486 1485/1485/1485 
f 1484/1484/1484 1489/1489/1489 1487/1487/1487 
f 1486/1486/1486 1488/1488/1488 1490/1490/1490 
f 1489/1489/1489 1484/1484/1484 1491/1491/1491 
f 1490/1490/1490 1488/1488/1488 1492/1492/1492 
f 1491/1491/1491 1493/1493/1493 1489/1489/1489 
f 1494/1494/1494 1492/1492/1492 1488/1488/1488 
f 1493/1493/1493 1491/1491/1491 1495/1495/1495 
f 1492/1492/1492 1494/1494/1494 1496/1496/1496 
f 1497/1497/1497 1493/1493/1493 1495/1495/1495 
f 1498/1498/1498 1496/1496/1496 1494/1494/1494 
f 1493/1493/1493 1497/1497/1497 1499/1499/1499 
f 1496/1496/1496 1498/1498/1498 1500/1500/1500 
f 1501/1501/1501 1499/1499/1499 1497/1497/1497 
f 1498/1498/1498 1502/1502/1502 1500/1500/1500 
f 1499/1499/1499 1501/1501/1501 1503/1503/1503 
f 1504/1504/1504 1500/1500/1500 1502/1502/1502 
f 1505/1505/1505 1503/1503/1503 1501/1501/1501 
f 1502/1502/1502 1506/1506/1506 1504/1504/1504 
f 1503/1503/1503 1505/1505/1505 1507/1507/1507 
f 1504/1504/1504 1506/1506/1506 1508/1508/1508 
f 1509/1509/1509 1507/1507/1507 1505/1505/1505 
f 1506/1506/1506 1510/1510/1510 1508/1508/1508 
f 1507/1507/1507 1509/1509/1509 1511/1511/1511 
f 1508/1508/1508 1510/1510/1510 1512/1512/1512 
f 1513/1513/1513 1511/1511/1511 1509/1509/1509 
f 1510/1510/1510 1514/1514/1514 1512/1512/1512 
f 1511/1511/1511 1513/1513/1513 1515/1515/1515 
f 1512/1512/1512 1514/1514/1514 1516/1516/1516 
f 1517/1517/1517 1515/1515/1515 1513/1513/1513 
f 1518/1518/1518 1516/1516/1516 1514/1514/1514 
f 1515/1515/1515 1517/1517/1517 1519/1519/1519 
f 1516/1516/1516 1518/1518/1518 1520/1520/1520 
f 1521/1521/1521 1519/1519/1519 1517/1517/1517 
f 1522/1522/1522 1520/1520/1520 1518/1518/1518 
f 1519/1519/1519 1521/1521/1521 1523/1523/1523 
f 1524/1524/1524 1520/1520/1520 1522/1522/1522 
f 1525/1525/1525 1523/1523/1523 1521/1521/1521 
f 1522/1522/1522 1526/1526/1526 1524/1524/1524 
f 1523/1523/1523 1525/1525/1525 1527/1527/1527 
f 1528/1528/1528 1524/1524/1524 1526/1526/1526 
f 1524/1524/1524 1528/1528/1528 1529/1529/1529 
f 1530/1530/1530 1527/1527/1527 1525/1525/1525 
f 1528/1528/1528 1530/1530/1530 1529/1529/1529 
f 1527/1527/1527 1530/1530/1530 1531/1531/1531 
f 1530/1530/1530 1528/1528/1528 1531/1531/1531 

