# This file is brought to you by Roblox Corporation
# Generated by Roblox Studio

mtllib t1.mtl

g Tier11

v -4.06803e-07 -3.36297 0.86525 
v -0.392816 -3.19483 1.20896 
v -0.267377 -3.36297 0.822901 
v -0.74718 -3.19483 1.0284 
v -0.135355 -3.46553 0.416579 
v -4.17234e-07 -3.46553 0.438017 
v -3.49684e-07 -3.50001 -9.64754e-08 
v -0.508582 -3.36297 0.700002 
v -0.257461 -3.46553 0.354364 
v -3.49684e-07 -3.50001 -9.64754e-08 
v -0.354364 -3.46553 0.25746 
v -3.49684e-07 -3.50001 -9.64754e-08 
v -1.0284 -3.19483 0.747179 
v -1.33148 -2.96524 0.967379 
v -0.700002 -3.36297 0.508581 
v -0.41658 -3.46553 0.135355 
v -3.49684e-07 -3.50001 -9.64754e-08 
v -0.822902 -3.36297 0.267377 
v -1.20896 -3.19483 0.392815 
v -0.86525 -3.36297 1.67588e-08 
v -1.56525 -2.96524 0.508581 
v -0.438018 -3.46553 -9.38295e-08 
v -3.49684e-07 -3.50001 -9.64754e-08 
v -1.60178 -2.67991 1.16376 
v -0.822902 -3.36297 -0.267377 
v -1.27118 -3.19483 2.32905e-08 
v -1.6458 -2.96524 2.27586e-07 
v -1.883 -2.67991 0.611824 
v -2.15439 -2.3458 0.700002 
v -1.9799 -2.67991 1.28043e-07 
v -1.56525 -2.96524 -0.508581 
v -1.20896 -3.19483 -0.392815 
v -1.883 -2.67991 -0.611824 
v -2.26525 -2.3458 1.5582e-08 
v -1.33148 -2.96524 -0.967379 
v 1.33148 -2.96524 -0.967379 
v 1.56525 -2.96524 -0.508581 
v 1.20896 -3.19483 -0.392815 
v 1.60178 -2.67991 -1.16376 
v 1.0284 -3.19483 -0.747179 
v 2.15439 -2.3458 -0.700002 
v 1.83263 -2.3458 -1.33148 
v 2.37272 -1.97117 -0.770943 
v 0.967378 -2.96524 -1.33148 
v 0.747178 -3.19483 -1.0284 
v 1.16376 -2.67991 -1.60178 
v 1.33148 -2.3458 -1.83263 
v 2.01836 -1.97117 -1.46642 
v 2.53263 -1.56524 -0.822902 
v 1.46642 -1.97117 -2.01836 
v 0.700002 -2.3458 -2.15438 
v 0.770943 -1.97117 -2.37272 
v 0.611824 -2.67991 -1.883 
v -4.58957e-07 -1.97117 -2.49483 
v 0.508581 -2.96524 -1.56525 
v 0.392815 -3.19483 -1.20896 
v -5.42404e-07 -2.96524 -1.6458 
v -1.87755e-07 -2.67991 -1.9799 
v -2.92064e-07 -2.3458 -2.26525 
v -0.611824 -2.67991 -1.883 
v -0.44996 3.41343 0.280457 
v -0.304471 3.45092 0.276337 
v -0.354366 3.44829 0.257463 
v -0.198487 3.47301 0.107987 
v -0.416582 3.44829 0.135357 
v -3.70546e-07 3.50001 1.08152e-06 
v -0.43802 3.44829 1.07952e-06 
v -3.70546e-07 3.50001 1.08152e-06 
v -0.52564 3.41283 0.0687646 
v -0.503723 3.42464 1.08128e-06 
v -0.466182 3.43144 -0.11778 
v -0.421167 3.44829 -0.106407 
v -3.70546e-07 3.50001 1.08152e-06 
v -2.01836 -1.97117 1.46642 
v -1.83263 -2.3458 1.33148 
v -1.46642 -1.97117 2.01836 
v -1.33148 -2.3458 1.83263 
v -1.56525 -1.56524 2.15438 
v -2.15438 -1.56524 1.56525 
v -1.62554 -1.13802 2.23737 
v -2.37272 -1.97117 0.770943 
v -2.53263 -1.56524 0.822902 
v -2.23737 -1.13802 1.62554 
v -2.26525 -0.700002 1.6458 
v -2.63018 -1.13802 0.854597 
v -2.66297 -0.700002 0.86525 
v -2.23737 -0.0429811 1.62554 
v -2.63018 -0.0429811 0.854598 
v -2.15439 0.597868 1.56525 
v -2.80001 -0.700002 2.83717e-07 
v -2.76554 -1.13802 2.12355e-07 
v -2.66297 -1.56524 4.34813e-07 
v -2.49483 -1.97117 2.43509e-07 
v -2.15439 -2.3458 -0.700002 
v -1.60178 -2.67991 -1.16376 
v -2.37272 -1.97117 -0.770943 
v -1.83263 -2.3458 -1.33148 
v -1.16376 -2.67991 -1.60178 
v -1.33148 -2.3458 -1.83263 
v -2.01836 -1.97117 -1.46642 
v -1.46642 -1.97117 -2.01836 
v -2.53263 -1.56524 -0.822901 
v -0.135356 3.44829 0.416582 
v -0.101766 3.34588 0.400002 
v -3.70546e-07 3.50001 1.08152e-06 
v -0.167097 3.37497 0.615185 
v -0.14062 3.26351 0.622596 
v -0.0788874 3.44829 0.425526 
v -0.14062 3.26351 0.622596 
v -0.128945 3.34821 0.695544 
v -0.128945 3.34821 0.695544 
v -0.314262 3.29444 0.799016 
v -3.44218e-07 3.29444 0.865253 
v -3.65079e-07 3.44829 0.438021 
v -0.0788874 3.44829 0.425526 
v -3.70546e-07 3.50001 1.08152e-06 
v -0.392816 3.04223 1.20896 
v -1.87755e-07 3.04223 1.27118 
v -0.503773 3.181 0.90483 
v -0.508582 2.69787 1.56525 
v -0.775851 2.76314 1.35037 
v -0.781596 3.11709 -0.825694 
v -0.640937 3.11341 -0.633475 
v -0.628903 3.11549 -0.708637 
v -0.781596 3.11709 -0.825694 
v -0.70376 3.11549 -0.63378 
v -0.640937 3.11341 -0.633475 
v -0.96738 2.69787 1.33148 
v -0.611825 2.26986 1.883 
v -3.7551e-07 2.26986 1.97991 
v -2.92064e-07 1.7687 2.26526 
v -2.71202e-07 2.69787 1.64581 
v -0.700003 1.7687 2.15439 
v -4.17234e-07 1.20676 2.49483 
v -1.16376 2.26986 1.60178 
v -0.770944 1.20676 2.37272 
v -3.7551e-07 0.597868 2.66297 
v -1.33148 1.7687 1.83263 
v -0.822902 0.597868 2.53263 
v -1.2517e-07 -0.0429811 2.76554 
v -1.46642 1.20676 2.01836 
v -1.83263 1.7687 1.33148 
v -0.854598 -0.0429811 2.63018 
v -3.7551e-07 -0.700002 2.80001 
v -1.56525 0.597868 2.15438 
v -1.62554 -0.0429811 2.23737 
v -0.86525 -0.700002 2.66297 
v -0.854598 -1.13802 2.63018 
v -3.7551e-07 -1.13802 2.76554 
v -1.6458 -0.700002 2.26525 
v -0.822902 -1.56524 2.53263 
v -2.08617e-07 -1.56524 2.66297 
v -0.770944 -1.97117 2.37272 
v -2.92064e-07 -1.97117 2.49483 
v -0.700002 -2.3458 2.15438 
v -3.7551e-07 -2.3458 2.26525 
v -0.611825 -2.67991 1.883 
v -3.96372e-07 -2.67991 1.9799 
v -1.16376 -2.67991 1.60178 
v -0.508582 -2.96524 1.56525 
v -4.17234e-07 -2.96524 1.6458 
v -3.12925e-07 -3.19483 1.27118 
v -0.967379 -2.96524 1.33148 
v -0.508582 2.69787 -1.56525 
v -5.21542e-07 3.04223 -1.27118 
v -5.63265e-07 2.69787 -1.6458 
v 0.392815 3.04223 -1.20896 
v -0.392816 3.04223 -1.20896 
v -0.765096 2.86033 -1.23865 
v -0.69402 3.04223 -1.05549 
v -0.970608 2.69787 -1.32825 
v -0.267378 3.29444 -0.822902 
v -0.542411 3.29444 -0.666174 
v -4.58957e-07 3.29444 -0.86525 
v -0.135356 3.44829 -0.41658 
v -0.274588 3.44829 -0.337239 
v -3.70546e-07 3.50001 1.08152e-06 
v -4.58957e-07 3.44829 -0.438019 
v -3.70546e-07 3.50001 1.08152e-06 
v 0.135355 3.44829 -0.41658 
v -3.70546e-07 3.50001 1.08152e-06 
v 0.267377 3.29444 -0.822902 
v 0.257461 3.44829 -0.354364 
v -3.70546e-07 3.50001 1.08152e-06 
v 0.747179 3.04223 -1.0284 
v -3.70546e-07 3.50001 1.08152e-06 
v 0.271606 3.44829 -0.34022 
v 0.536521 3.29444 -0.672063 
v 0.508582 3.29444 -0.700002 
v 0.639518 3.19124 -0.80108 
v 0.991364 3.0501 -0.766559 
v 1.18658 2.84083 -0.895064 
v 0.967379 2.69787 -1.33148 
v 0.508581 2.69787 -1.56525 
v -2.5034e-07 2.26986 -1.9799 
v 0.611824 2.26986 -1.883 
v -0.611825 2.26986 -1.883 
v -6.2585e-07 1.7687 -2.26525 
v -1.16376 2.26986 -1.60178 
v -1.21279 2.37891 -1.43385 
v -1.26439 1.63202 -1.92871 
v -0.700003 1.7687 -2.15438 
v -0.770944 1.20676 -2.37272 
v -1.46642 1.20676 -2.01836 
v -2.08617e-07 1.20676 -2.49482 
v 0.700002 1.7687 -2.15438 
v 0.770944 1.20676 -2.37272 
v -1.66893e-07 0.597868 -2.66297 
v 1.16376 2.26986 -1.60178 
v 1.33148 1.7687 -1.83263 
v 1.60178 2.26986 -1.16376 
v -0.822902 0.597868 -2.53263 
v -4.58957e-07 -0.0429811 -2.76554 
v -1.56525 0.597868 -2.15438 
v -0.854598 -0.0429811 -2.63018 
v 1.33148 2.69787 -0.967379 
v 1.44122 2.56331 -0.980513 
v 1.42127 2.725 -0.72698 
v 1.06143 3.05695 -0.630853 
v 0.96738 2.69787 1.33149 
v 0.876989 2.83923 1.20707 
v 0.806736 2.69787 1.41334 
v 1.16376 2.26986 1.60178 
v 1.18927 2.73002 1.06074 
v 0.988602 2.9796 0.882159 
v 1.60178 2.26986 1.16376 
v 1.40119 2.69787 0.830571 
v 1.52497 2.634 0.696135 
v 1.83263 1.7687 1.33148 
v 1.33148 1.7687 1.83263 
v 2.01836 1.20676 1.46642 
v 2.15439 1.7687 0.700003 
v 2.37272 1.20676 0.770945 
v 1.883 2.26986 0.611825 
v 1.56525 2.69787 0.508582 
v 1.435 2.69787 0.76422 
v 2.53263 0.597868 0.822903 
v 2.15439 0.597868 1.56525 
v 2.49483 1.20676 1.0116e-06 
v 2.63018 -0.0429811 0.854598 
v 2.23737 -0.0429811 1.62554 
v 2.66297 -0.700002 0.865251 
v 2.66297 0.597868 7.87231e-07 
v 2.76554 -0.0429811 4.74207e-07 
v 2.80001 -0.700002 5.34057e-07 
v 2.63018 -1.13802 0.854598 
v 2.53263 0.597868 -0.822901 
v 2.37272 1.20676 -0.770943 
v 2.63018 -0.0429811 -0.854597 
v 2.01836 1.20676 -1.46642 
v 2.76554 -1.13802 6.29588e-07 
v 2.53263 -1.56524 0.822902 
v 2.15439 0.597868 -1.56525 
v 2.66297 -1.56524 1.01027e-07 
v 2.37272 -1.97117 0.770944 
v 2.49483 -1.97117 1.1834e-07 
v 2.15439 -2.3458 0.700003 
v 2.26525 -2.3458 4.32815e-07 
v 1.883 -2.67991 0.611825 
v 1.9799 -2.67991 2.53213e-07 
v 1.56525 -2.96524 0.508581 
v 1.883 -2.67991 -0.611824 
v 1.6458 -2.96524 1.89692e-08 
v 1.27118 -3.19483 -1.22741e-07 
v 0.668558 3.12668 -0.642848 
v 0.991364 3.0501 -0.766559 
v 0.639518 3.19124 -0.80108 
v 0.975077 2.97084 -0.663771 
v -1.40171 2.37891 -1.24493 
v -1.24189 2.32995 -1.27242 
v -1.26439 1.63202 -1.92871 
v -1.0284 -3.19483 -0.747179 
v -0.700002 -3.36297 -0.508581 
v -0.74718 -3.19483 -1.0284 
v -0.41658 -3.46553 -0.135355 
v -3.49684e-07 -3.50001 -9.64754e-08 
v -0.354364 -3.46553 -0.25746 
v -3.49684e-07 -3.50001 -9.64754e-08 
v -0.257461 -3.46553 -0.354364 
v -3.49684e-07 -3.50001 -9.64754e-08 
v -0.508582 -3.36297 -0.700002 
v -0.135355 -3.46553 -0.41658 
v -3.49684e-07 -3.50001 -9.64754e-08 
v -0.267377 -3.36297 -0.822901 
v -0.392816 -3.19483 -1.20896 
v -0.967379 -2.96524 -1.33148 
v -0.508582 -2.96524 -1.56525 
v -6.67573e-07 -3.19483 -1.27118 
v -4.06803e-07 -3.36297 -0.86525 
v -3.33787e-07 -3.46553 -0.438018 
v -3.49684e-07 -3.50001 -9.64754e-08 
v 0.267377 -3.36297 -0.822901 
v 0.135355 -3.46553 -0.41658 
v -3.49684e-07 -3.50001 -9.64754e-08 
v 0.25746 -3.46553 -0.354364 
v -3.49684e-07 -3.50001 -9.64754e-08 
v 0.508581 -3.36297 -0.700002 
v 0.354364 -3.46553 -0.25746 
v -3.49684e-07 -3.50001 -9.64754e-08 
v 0.700001 -3.36297 -0.508581 
v 0.416579 -3.46553 -0.135355 
v -3.49684e-07 -3.50001 -9.64754e-08 
v 0.822901 -3.36297 -0.267377 
v 0.438017 -3.46553 -3.12444e-08 
v -3.49684e-07 -3.50001 -9.64754e-08 
v 0.86525 -3.36297 5.84821e-08 
v 0.822901 -3.36297 0.267377 
v 1.20896 -3.19483 0.392815 
v 0.416579 -3.46553 0.135355 
v -3.49684e-07 -3.50001 -9.64754e-08 
v 0.700002 -3.36297 0.508581 
v 0.354363 -3.46553 0.25746 
v -3.49684e-07 -3.50001 -9.64754e-08 
v 1.0284 -3.19483 0.747179 
v 0.25746 -3.46553 0.354364 
v -3.49684e-07 -3.50001 -9.64754e-08 
v 0.747179 -3.19483 1.0284 
v 0.508581 -3.36297 0.700002 
v 0.135354 -3.46553 0.41658 
v -3.49684e-07 -3.50001 -9.64754e-08 
v 0.392815 -3.19483 1.20896 
v -4.17234e-07 -3.46553 0.438017 
v -3.49684e-07 -3.50001 -9.64754e-08 
v -4.06803e-07 -3.36297 0.86525 
v 0.267376 -3.36297 0.822902 
v -3.12925e-07 -3.19483 1.27118 
v -4.17234e-07 -2.96524 1.6458 
v 0.508581 -2.96524 1.56525 
v -3.96372e-07 -2.67991 1.9799 
v 0.967379 -2.96524 1.33148 
v 0.611824 -2.67991 1.883 
v -3.7551e-07 -2.3458 2.26525 
v 1.16376 -2.67991 1.60178 
v 0.700002 -2.3458 2.15439 
v -2.92064e-07 -1.97117 2.49483 
v 1.33148 -2.96524 0.967379 
v 1.60178 -2.67991 1.16376 
v 0.770944 -1.97117 2.37272 
v -2.08617e-07 -1.56524 2.66297 
v 1.33148 -2.3458 1.83263 
v 1.83263 -2.3458 1.33148 
v 2.01836 -1.97117 1.46642 
v 1.46642 -1.97117 2.01836 
v 0.822902 -1.56524 2.53263 
v -3.7551e-07 -1.13802 2.76554 
v 0.854597 -1.13802 2.63018 
v -3.7551e-07 -0.700002 2.80001 
v 1.56525 -1.56524 2.15439 
v 2.15439 -1.56524 1.56525 
v 2.23737 -1.13802 1.62554 
v 1.62554 -1.13802 2.23737 
v 0.86525 -0.700002 2.66297 
v 1.6458 -0.700002 2.26525 
v 0.854598 -0.0429811 2.63018 
v -1.2517e-07 -0.0429811 2.76554 
v 1.62554 -0.0429811 2.23737 
v 2.26525 -0.700002 1.6458 
v 1.56525 0.597868 2.15439 
v 0.822902 0.597868 2.53263 
v -3.7551e-07 0.597868 2.66297 
v 0.770943 1.20676 2.37272 
v -4.17234e-07 1.20676 2.49483 
v 1.46642 1.20676 2.01836 
v 0.700002 1.7687 2.15439 
v -2.92064e-07 1.7687 2.26526 
v 0.611824 2.26986 1.883 
v -3.7551e-07 2.26986 1.97991 
v 0.508582 2.69787 1.56525 
v -2.71202e-07 2.69787 1.64581 
v -1.87755e-07 3.04223 1.27118 
v 0.392816 3.04223 1.20896 
v -3.44218e-07 3.29444 0.865253 
v 0.841927 2.89407 1.15881 
v 0.267377 3.29444 0.822904 
v -3.65079e-07 3.44829 0.438021 
v 0.74718 3.04223 1.02841 
v 0.873035 3.01974 0.936721 
v 0.814127 3.11254 0.803405 
v 0.508582 3.29444 0.700004 
v 0.608299 3.29444 0.600288 
v 0.135355 3.44829 0.416583 
v -3.70546e-07 3.50001 1.08152e-06 
v 0.257461 3.44829 0.354367 
v -3.70546e-07 3.50001 1.08152e-06 
v 0.307941 3.44829 0.303887 
v -3.70546e-07 3.50001 1.08152e-06 
v -2.15439 -1.56524 -1.56525 
v -2.63018 -1.13802 -0.854597 
v -1.56525 -1.56524 -2.15438 
v -0.822902 -1.56524 -2.53263 
v -2.23737 -1.13802 -1.62554 
v -0.854598 -1.13802 -2.63018 
v -2.08617e-07 -1.13802 -2.76554 
v -1.2517e-07 -0.700002 -2.80001 
v -1.62554 -1.13802 -2.23736 
v -0.86525 -0.700002 -2.66297 
v -1.6458 -0.700002 -2.26525 
v -1.62554 -0.0429811 -2.23736 
v -2.26525 -0.700002 -1.6458 
v -2.23737 -0.0429811 -1.62554 
v -2.66297 -0.700002 -0.86525 
v -2.63018 -0.0429811 -0.854597 
v -2.15439 0.597868 -1.56525 
v -2.76554 -0.0429811 4.74207e-07 
v -2.53263 0.597868 -0.822901 
v -2.53263 0.597868 0.822902 
v -2.66297 0.597868 4.11721e-07 
v -2.01836 1.20676 -1.46642 
v -2.37272 1.20676 -0.770943 
v -2.01836 1.20676 1.46642 
v -2.37272 1.20676 0.770944 
v -2.49483 1.20676 5.10922e-07 
v -2.15439 1.7687 0.700003 
v -1.60178 2.26986 1.16376 
v -2.26526 1.7687 1.01971e-06 
v -1.883 2.26986 0.611825 
v -1.33148 2.69787 0.96738 
v -2.15439 1.7687 -0.700001 
v -1.83263 1.7687 -1.33148 
v -1.60178 2.26986 -1.16376 
v -1.883 2.26986 -0.611823 
v -1.40171 2.37891 -1.24493 
v -1.33148 2.69787 -0.967378 
v -1.11063 2.69787 -1.18823 
v -1.97991 2.26986 8.30153e-07 
v -1.56525 2.69787 -0.50858 
v -0.964841 2.8849 -1.04983 
v -0.863628 2.89208 -1.14011 
v -0.781596 3.11709 -0.825694 
v -1.02841 3.04223 -0.747179 
v -0.700004 3.29444 -0.508581 
v -1.6458 2.69787 1.04592e-06 
v -1.20896 3.04223 -0.392814 
v -0.822904 3.29444 -0.267376 
v -1.27118 3.04223 1.16461e-06 
v -1.56525 2.69787 0.508583 
v -0.865252 3.29444 1.09096e-06 
v -1.20896 3.04223 0.392817 
v -0.822904 3.29444 0.267379 
v -1.02841 3.04223 0.747181 
v -0.504358 3.41366 -0.17231 
v -0.593369 3.37226 -0.247772 
v -0.519569 3.41894 1.0817e-06 
v -0.795374 3.29937 -0.291694 
v -0.616484 3.35329 -0.317031 
v -0.354366 3.44829 -0.25746 
v -0.378261 3.45305 -0.122903 
v -3.70546e-07 3.50001 1.08152e-06 
v -0.700004 3.29444 0.508583 
v -0.508583 3.29444 0.700004 
v -0.74718 3.04223 1.02841 
v -0.644877 3.12783 0.927797 
v -0.389479 3.29444 0.76069 
v -0.167097 3.37497 0.615185 
v -0.257462 3.44829 0.354366 
v -0.135356 3.44829 0.416582 
v -3.70546e-07 3.50001 1.08152e-06 
v -0.25563 3.45389 0.290147 
v -0.173667 3.47467 0.126177 
v -3.70546e-07 3.50001 1.08152e-06 
v -0.70376 3.11549 -0.63378 
v -0.700004 3.29444 -0.508581 
v -0.640937 3.11341 -0.633475 
v -0.700004 3.29444 -0.508581 
v -0.590147 3.19972 -0.558008 
v -0.640937 3.11341 -0.633475 
v -0.970608 2.69787 -1.32825 
v -0.773644 2.8024 -1.12991 
v -0.765096 2.86033 -1.23865 
v -0.988589 2.63297 -1.19533 
v -1.21279 2.37891 -1.43385 
v -1.24189 2.32995 -1.27242 
v -0.640937 3.11341 -0.633475 
v -0.542411 3.29444 -0.666174 
v -0.628903 3.11549 -0.708637 
v -0.700002 -2.3458 -2.15438 
v -0.770944 -1.97117 -2.37272 
v -5.84127e-07 -1.56524 -2.66297 
v 0.822901 -1.56524 -2.53263 
v 1.56525 -1.56524 -2.15438 
v 0.854598 -1.13802 -2.63018 
v 2.15438 -1.56524 -1.56525 
v 1.62554 -1.13802 -2.23736 
v 2.63018 -1.13802 -0.854597 
v 2.23737 -1.13802 -1.62554 
v 2.66297 -0.700002 -0.86525 
v 2.26525 -0.700002 -1.6458 
v 2.23737 -0.0429811 -1.62554 
v 1.6458 -0.700002 -2.26525 
v 0.86525 -0.700002 -2.66297 
v 1.62554 -0.0429811 -2.23737 
v 0.854597 -0.0429811 -2.63018 
v 1.56525 0.597868 -2.15438 
v 0.822902 0.597868 -2.53263 
v 1.46642 1.20676 -2.01836 
v 1.83263 1.7687 -1.33148 
v 2.15439 1.7687 -0.700001 
v 2.26525 1.7687 7.69367e-07 
v 1.97991 2.26986 8.92738e-07 
v 1.883 2.26986 -0.611824 
v 1.6597 2.27674 -1.03839 
v 1.52835 2.48026 -0.950557 
v 1.56525 2.69787 -0.508581 
v 1.46579 2.69787 -0.703788 
v 1.53857 2.70849 -0.53581 
v 1.43307 2.77954 -0.574711 
v 1.4052 2.84081 -0.484398 
v 1.13149 3.05644 -0.495148 
v 1.41358 2.85745 -0.370194 
v 1.6458 2.69787 8.58163e-07 
v 1.27118 3.04223 9.5599e-07 
v 1.18502 3.05219 -0.404916 
v 1.20896 3.04223 0.392817 
v 0.865251 3.29444 1.08053e-06 
v 1.0284 3.04223 0.747181 
v 1.18083 2.80413 0.956568 
v 0.938663 3.04223 0.836923 
v 0.87337 3.09758 0.777779 
v 0.829232 3.19519 0.602473 
v 0.770671 3.29444 0.369889 
v 0.70905 3.34355 0.125147 
v 0.822903 3.29444 -0.267376 
v 0.767972 3.24387 -0.552283 
v 0.701933 3.29444 -0.504792 
v 0.487814 3.41458 -0.199212 
v 0.354365 3.44829 -0.257461 
v 0.407919 3.44829 -0.152356 
v 0.296332 3.46339 -0.0869132 
v -3.70546e-07 3.50001 1.08152e-06 
v 0.549369 3.40463 0.0626347 
v 0.354365 3.44829 0.257463 
v 0.732303 3.25964 0.554551 
v 0.416581 3.44829 0.135357 
v -3.70546e-07 3.50001 1.08152e-06 
v 0.438019 3.44829 1.03779e-06 
v -3.70546e-07 3.50001 1.08152e-06 
v 0.457832 3.43111 -0.158258 
v 0.416581 3.44829 -0.135355 
v 0.280183 3.46611 -0.0442939 
v -3.70546e-07 3.50001 1.08152e-06 
v -0.542411 3.29444 -0.666174 
v -0.640937 3.11341 -0.633475 
v -0.590147 3.19972 -0.558008 
v 0.767972 3.24387 -0.552283 
v 0.975077 2.97084 -0.663771 
v 0.668558 3.12668 -0.642848 
v 1.06143 3.05695 -0.630853 
v 0.767972 3.24387 -0.552283 
v 0.588266 3.19972 -0.559006 
v 0.701933 3.29444 -0.504792 
v 0.668558 3.12668 -0.642848 
v 0.354365 3.44829 -0.257461 
v 0.297336 3.34588 -0.283898 
v -3.70546e-07 3.50001 1.08152e-06 
v 0.536521 3.29444 -0.672063 
v 0.668558 3.12668 -0.642848 
v 0.639518 3.19124 -0.80108 
v 0.588266 3.19972 -0.559006 
v 0.297336 3.34588 -0.283898 
v 0.271606 3.44829 -0.34022 
v -3.70546e-07 3.50001 1.08152e-06 
v 0.87337 3.09758 0.777779 
v 0.726692 3.11301 0.616399 
v 0.801561 3.0198 0.751062 
v 0.741729 3.13604 0.549587 
v -1.26439 1.63202 -1.92871 
v -1.24189 2.32995 -1.27242 
v -1.21279 2.37891 -1.43385 
v -0.274588 3.44829 -0.337239 
v -0.298753 3.34588 -0.282482 
v -3.70546e-07 3.50001 1.08152e-06 
v -0.542411 3.29444 -0.666174 
v -0.590147 3.19972 -0.558008 
v 1.18658 2.84083 -0.895064 
v 0.975077 2.97084 -0.663771 
v 1.06143 3.05695 -0.630853 
v 1.06143 3.05695 -0.630853 
v 0.767972 3.24387 -0.552283 
v 1.04164 2.97385 -0.534851 
v 1.06143 3.05695 -0.630853 
v 1.35581 2.68465 -0.618303 
v 1.42127 2.725 -0.72698 
v 1.04164 2.97385 -0.534851 
v -0.781596 3.11709 -0.825694 
v -0.628903 3.11549 -0.708637 
v -0.863628 2.89208 -1.14011 
v -0.773644 2.8024 -1.12991 
v -3.70546e-07 3.50001 1.08152e-06 
v -0.298753 3.34588 -0.282482 
v -0.354366 3.44829 -0.25746 
v -0.590147 3.19972 -0.558008 
v -0.700004 3.29444 -0.508581 
v -0.863628 2.89208 -1.14011 
v -0.988589 2.63297 -1.19533 
v -1.11063 2.69787 -1.18823 
v -0.773644 2.8024 -1.12991 
v -1.24189 2.32995 -1.27242 
v -1.40171 2.37891 -1.24493 
v 0.991364 3.0501 -0.766559 
v 0.975077 2.97084 -0.663771 
v 1.18658 2.84083 -0.895064 
v 1.43307 2.77954 -0.574711 
v 1.04164 2.97385 -0.534851 
v 1.13149 3.05644 -0.495148 
v 1.35581 2.68465 -0.618303 
v -0.69402 3.04223 -1.05549 
v -0.628903 3.11549 -0.708637 
v -0.542411 3.29444 -0.666174 
v -0.773644 2.8024 -1.12991 
v -0.765096 2.86033 -1.23865 
v 0.988602 2.9796 0.882159 
v 0.816485 2.79332 1.1238 
v 0.876989 2.83923 1.20707 
v 0.884277 2.9197 0.863968 
v 0.806736 2.69787 1.41334 
v -0.775851 2.76314 1.35037 
v -0.503773 3.181 0.90483 
v -0.545609 3.06672 0.870498 
v 1.40119 2.69787 0.830571 
v 1.1258 2.69873 0.95822 
v 1.18927 2.73002 1.06074 
v 1.34719 2.63297 0.757526 
v 1.52497 2.634 0.696135 
v -0.644877 3.12783 0.927797 
v -0.775851 2.76314 1.35037 
v -0.545609 3.06672 0.870498 
v 1.10034 2.97159 -0.42753 
v 1.4052 2.84081 -0.484398 
v 1.13149 3.05644 -0.495148 
v 1.33892 2.77668 -0.405931 
v -0.781596 3.11709 -0.825694 
v -0.964841 2.8849 -1.04983 
v -0.70376 3.11549 -0.63378 
v 1.41055 2.46571 -0.917258 
v 1.46579 2.69787 -0.703788 
v 1.52835 2.48026 -0.950557 
v 1.37135 2.64586 -0.679615 
v 1.35581 2.68465 -0.618303 
v 1.43307 2.77954 -0.574711 
v 0.770671 3.29444 0.369889 
v 0.70905 3.34355 0.125147 
v 0.713913 3.18318 0.439109 
v 0.829232 3.19519 0.602473 
v 0.741729 3.13604 0.549587 
v 0.87337 3.09758 0.777779 
v 1.53857 2.70849 -0.53581 
v 1.33892 2.77668 -0.405931 
v 1.41358 2.85745 -0.370194 
v 1.10034 2.97159 -0.42753 
v 1.13149 3.05644 -0.495148 
v 0.767972 3.24387 -0.552283 
v 1.13149 3.05644 -0.495148 
v 1.04164 2.97385 -0.534851 
v 0.767972 3.24387 -0.552283 
v 0.87337 3.09758 0.777779 
v 0.860556 2.94944 0.842481 
v 0.938663 3.04223 0.836923 
v 0.801561 3.0198 0.751062 
v 0.884277 2.9197 0.863968 
v 0.988602 2.9796 0.882159 
v 1.4052 2.84081 -0.484398 
v 1.33892 2.77668 -0.405931 
v 1.53857 2.70849 -0.53581 
v -0.314262 3.29444 0.799016 
v -0.14062 3.26351 0.622596 
v -0.334277 3.19972 0.74086 
v -0.128945 3.34821 0.695544 
v -0.503773 3.181 0.90483 
v -0.545609 3.06672 0.870498 
v -0.795374 3.29937 -0.291694 
v -0.57468 3.26464 -0.268281 
v -0.616484 3.35329 -0.317031 
v 0.354365 3.44829 0.257463 
v -3.70546e-07 3.50001 1.08152e-06 
v 0.314595 3.34588 0.266641 
v 0.636786 3.18318 0.548548 
v 0.732303 3.25964 0.554551 
v 0.726692 3.11301 0.616399 
v 0.314595 3.34588 0.266641 
v -3.70546e-07 3.50001 1.08152e-06 
v 0.307941 3.44829 0.303887 
v 0.608299 3.29444 0.600288 
v 0.636786 3.18318 0.548548 
v 0.726692 3.11301 0.616399 
v 0.801561 3.0198 0.751062 
v 0.814127 3.11254 0.803405 
v -0.700004 3.29444 -0.508581 
v -0.70376 3.11549 -0.63378 
v -0.964841 2.8849 -1.04983 
v 0.988602 2.9796 0.882159 
v 1.1258 2.69873 0.95822 
v 1.18083 2.80413 0.956568 
v 1.18502 3.05219 -0.404916 
v 1.33892 2.77668 -0.405931 
v 1.10034 2.97159 -0.42753 
v 1.41358 2.85745 -0.370194 
v 0.814127 3.11254 0.803405 
v 0.860556 2.94944 0.842481 
v 0.801561 3.0198 0.751062 
v 0.873035 3.01974 0.936721 
v 0.884277 2.9197 0.863968 
v 1.52835 2.48026 -0.950557 
v 1.6597 2.27674 -1.03839 
v 1.41055 2.46571 -0.917258 
v 0.487814 3.41458 -0.199212 
v 0.449182 3.3217 -0.169798 
v 0.549369 3.40463 0.0626347 
v 1.18927 2.73002 1.06074 
v 1.1258 2.69873 0.95822 
v 0.988602 2.9796 0.882159 
v -0.593369 3.37226 -0.247772 
v -0.57468 3.26464 -0.268281 
v -0.795374 3.29937 -0.291694 
v -0.334277 3.19972 0.74086 
v -0.167097 3.37497 0.615185 
v -0.389479 3.29444 0.76069 
v -0.14062 3.26351 0.622596 
v -0.545609 3.06672 0.870498 
v -0.644877 3.12783 0.927797 
v -0.519569 3.41894 1.0817e-06 
v -0.52564 3.41283 0.0687646 
v -0.486064 3.32069 1.17762e-06 
v -0.461006 3.32142 -0.137793 
v -0.504358 3.41366 -0.17231 
v -0.471805 3.3114 -0.171665 
v -0.379728 3.34814 -0.108922 
v 1.44122 2.56331 -0.980513 
v 1.41055 2.46571 -0.917258 
v 1.6597 2.27674 -1.03839 
v -0.616484 3.35329 -0.317031 
v -0.471805 3.3114 -0.171665 
v -0.378261 3.45305 -0.122903 
v -0.57468 3.26464 -0.268281 
v -0.379728 3.34814 -0.108922 
v 1.18502 3.05219 -0.404916 
v 1.10034 2.97159 -0.42753 
v 0.767972 3.24387 -0.552283 
v -0.173667 3.47467 0.126177 
v -0.266048 3.34979 0.26908 
v -0.25563 3.45389 0.290147 
v -0.176773 3.37015 0.111228 
v -0.198487 3.47301 0.107987 
v -0.266048 3.34979 0.26908 
v -0.176773 3.37015 0.111228 
v -0.304471 3.45092 0.276337 
v 0.280183 3.46611 -0.0442939 
v 0.273845 3.36152 -0.0623232 
v -3.70546e-07 3.50001 1.08152e-06 
v 0.732303 3.25964 0.554551 
v 0.713913 3.18318 0.439109 
v 0.70905 3.34355 0.125147 
v 0.741729 3.13604 0.549587 
v 0.726692 3.11301 0.616399 
v -3.70546e-07 3.50001 1.08152e-06 
v 0.273845 3.36152 -0.0623232 
v 0.296332 3.46339 -0.0869132 
v 1.37135 2.64586 -0.679615 
v 1.44122 2.56331 -0.980513 
v 1.42127 2.725 -0.72698 
v 1.41055 2.46571 -0.917258 
v 1.35581 2.68465 -0.618303 
v 0.841927 2.89407 1.15881 
v 0.884277 2.9197 0.863968 
v 0.873035 3.01974 0.936721 
v 0.816485 2.79332 1.1238 
v 0.806736 2.69787 1.41334 
v -0.471805 3.3114 -0.171665 
v -0.593369 3.37226 -0.247772 
v -0.504358 3.41366 -0.17231 
v -0.57468 3.26464 -0.268281 
v -3.70546e-07 3.50001 1.08152e-06 
v -0.176773 3.37015 0.111228 
v -0.173667 3.47467 0.126177 
v -0.378261 3.45305 -0.122903 
v -0.379728 3.34814 -0.108922 
v -3.70546e-07 3.50001 1.08152e-06 
v 0.457832 3.43111 -0.158258 
v 0.391637 3.34588 -0.136662 
v 0.416581 3.44829 -0.135355 
v 0.449182 3.3217 -0.169798 
v 0.273845 3.36152 -0.0623232 
v 0.280183 3.46611 -0.0442939 
v -3.70546e-07 3.50001 1.08152e-06 
v -0.379728 3.34814 -0.108922 
v -0.421167 3.44829 -0.106407 
v -0.466182 3.43144 -0.11778 
v -0.461006 3.32142 -0.137793 
v -0.198487 3.47301 0.107987 
v -0.176773 3.37015 0.111228 
v -3.70546e-07 3.50001 1.08152e-06 
v 0.449182 3.3217 -0.169798 
v 0.457832 3.43111 -0.158258 
v 0.549369 3.40463 0.0626347 
v -0.44996 3.41343 0.280457 
v -0.25563 3.45389 0.290147 
v -0.266048 3.34979 0.26908 
v -0.503723 3.42464 1.08128e-06 
v -0.486064 3.32069 1.17762e-06 
v -0.52564 3.41283 0.0687646 
v -0.466182 3.43144 -0.11778 
v -0.461006 3.32142 -0.137793 
v 1.18083 2.80413 0.956568 
v 1.34719 2.63297 0.757526 
v 1.435 2.69787 0.76422 
v 1.1258 2.69873 0.95822 
v 1.52497 2.634 0.696135 
v 0.391637 3.34588 -0.136662 
v 0.487814 3.41458 -0.199212 
v 0.407919 3.44829 -0.152356 
v 0.449182 3.3217 -0.169798 
v 0.296332 3.46339 -0.0869132 
v 0.273845 3.36152 -0.0623232 
v -0.304471 3.45092 0.276337 
v -0.44996 3.41343 0.280457 
v -0.266048 3.34979 0.26908 

vn 0 -0.944882 0.314961 
vn -0.141732 -0.889764 0.440945 
vn -0.0944882 -0.952756 0.299213 
vn -0.267717 -0.889764 0.370079 
vn -0.0472441 -0.984252 0.15748 
vn 0 -0.984252 0.165354 
vn 0 -1 0 
vn -0.188976 -0.944882 0.251969 
vn -0.0944882 -0.984252 0.133858 
vn 0 -1 0 
vn -0.133858 -0.984252 0.0944882 
vn 0 -1 0 
vn -0.370079 -0.889764 0.267717 
vn -0.480315 -0.80315 0.346457 
vn -0.251969 -0.944882 0.188976 
vn -0.15748 -0.984252 0.0472441 
vn 0 -1 0 
vn -0.299213 -0.952756 0.0944882 
vn -0.440945 -0.889764 0.141732 
vn -0.314961 -0.944882 0 
vn -0.566929 -0.80315 0.181102 
vn -0.165354 -0.984252 0 
vn 0 -1 0 
vn -0.574803 -0.700787 0.417323 
vn -0.299213 -0.952756 -0.0944882 
vn -0.456693 -0.889764 0 
vn -0.590551 -0.80315 0 
vn -0.677165 -0.700787 0.220472 
vn -0.771654 -0.582677 0.251969 
vn -0.708661 -0.700787 0 
vn -0.566929 -0.80315 -0.181102 
vn -0.440945 -0.889764 -0.141732 
vn -0.677165 -0.700787 -0.220472 
vn -0.811024 -0.582677 0 
vn -0.480315 -0.80315 -0.346457 
vn 0.480315 -0.80315 -0.346457 
vn 0.566929 -0.80315 -0.181102 
vn 0.440945 -0.889764 -0.141732 
vn 0.574803 -0.700787 -0.417323 
vn 0.370079 -0.889764 -0.267717 
vn 0.771654 -0.582677 -0.251969 
vn 0.653543 -0.582677 -0.480315 
vn 0.850394 -0.448819 -0.275591 
vn 0.346457 -0.80315 -0.480315 
vn 0.267717 -0.889764 -0.370079 
vn 0.417323 -0.700787 -0.574803 
vn 0.480315 -0.582677 -0.653543 
vn 0.724409 -0.448819 -0.527559 
vn 0.905512 -0.307087 -0.291339 
vn 0.527559 -0.448819 -0.724409 
vn 0.251969 -0.582677 -0.771654 
vn 0.275591 -0.448819 -0.850394 
vn 0.220472 -0.700787 -0.677165 
vn 0 -0.448819 -0.889764 
vn 0.181102 -0.80315 -0.566929 
vn 0.141732 -0.889764 -0.440945 
vn 0 -0.80315 -0.590551 
vn 0 -0.700787 -0.708661 
vn 0 -0.582677 -0.811024 
vn -0.220472 -0.700787 -0.677165 
vn -0.275591 0.944882 0.188976 
vn -0.110236 0.984252 0.149606 
vn -0.188976 0.952756 0.23622 
vn -0.102362 0.992126 0.0551181 
vn -0.228346 0.968504 0.0708661 
vn -0.11811 0.992126 0.015748 
vn -0.23622 0.968504 0 
vn -0.11811 0.992126 0.015748 
vn -0.338583 0.937008 0.0551181 
vn -0.338583 0.937008 0.00787402 
vn -0.338583 0.937008 -0.0551181 
vn -0.23622 0.968504 -0.0393701 
vn -0.11811 0.992126 0.015748 
vn -0.724409 -0.448819 0.527559 
vn -0.653543 -0.582677 0.480315 
vn -0.527559 -0.448819 0.724409 
vn -0.480315 -0.582677 0.653543 
vn -0.559055 -0.307087 0.771654 
vn -0.771654 -0.307087 0.559055 
vn -0.582677 -0.15748 0.80315 
vn -0.850394 -0.448819 0.275591 
vn -0.905512 -0.307087 0.291339 
vn -0.80315 -0.15748 0.582677 
vn -0.811024 -0.015748 0.590551 
vn -0.937008 -0.15748 0.307087 
vn -0.952756 -0.015748 0.307087 
vn -0.80315 0.102362 0.582677 
vn -0.944882 0.102362 0.307087 
vn -0.787402 0.212598 0.574803 
vn -1 -0.015748 0 
vn -0.984252 -0.15748 0 
vn -0.952756 -0.307087 0 
vn -0.889764 -0.448819 0 
vn -0.771654 -0.582677 -0.251969 
vn -0.574803 -0.700787 -0.417323 
vn -0.850394 -0.448819 -0.275591 
vn -0.653543 -0.582677 -0.480315 
vn -0.417323 -0.700787 -0.574803 
vn -0.480315 -0.582677 -0.653543 
vn -0.724409 -0.448819 -0.527559 
vn -0.527559 -0.448819 -0.724409 
vn -0.905512 -0.307087 -0.291339 
vn 0.92126 0.259843 0.291339 
vn -0.0551181 0.937008 0.330709 
vn -0.0787402 0.937008 0.338583 
vn 0.937008 0.244094 0.251969 
vn 0.937008 0.23622 0.251969 
vn -0.96063 0.244094 -0.11811 
vn -0.968504 0.220472 -0.0944882 
vn -0.968504 0.220472 -0.102362 
vn -0.0629921 0.937008 0.346457 
vn -0.125984 0.874016 0.464567 
vn -0.00787402 0.897638 0.448819 
vn 0 0.968504 0.23622 
vn -0.0393701 0.968504 0.228346 
vn 0.0314961 0.992126 0.110236 
vn -0.220472 0.795276 0.566929 
vn 0 0.795276 0.606299 
vn -0.283465 0.826772 0.480315 
vn -0.228346 0.677165 0.700787 
vn -0.307087 0.740157 0.598425 
vn -0.00787402 1 0.023622 
vn -0.00787402 1 0.023622 
vn -0.00787402 1 0.023622 
vn 0.0314961 1 -0.00787402 
vn 0.0314961 1 -0.00787402 
vn 0.0314961 1 -0.00787402 
vn -0.433071 0.677165 0.598425 
vn -0.259843 0.551181 0.795276 
vn 0 0.551181 0.834646 
vn 0 0.433071 0.897638 
vn 0 0.677165 0.740157 
vn -0.275591 0.433071 0.858268 
vn 0 0.322835 0.944882 
vn -0.488189 0.551181 0.677165 
vn -0.291339 0.322835 0.897638 
vn 0 0.212598 0.976378 
vn -0.527559 0.433071 0.732283 
vn -0.299213 0.212598 0.929134 
vn 0 0.102362 0.992126 
vn -0.559055 0.322835 0.76378 
vn -0.732283 0.433071 0.527559 
vn -0.307087 0.102362 0.944882 
vn 0 -0.015748 1 
vn -0.574803 0.212598 0.787402 
vn -0.582677 0.102362 0.80315 
vn -0.307087 -0.015748 0.952756 
vn -0.307087 -0.15748 0.937008 
vn 0 -0.15748 0.984252 
vn -0.590551 -0.015748 0.811024 
vn -0.291339 -0.307087 0.905512 
vn 0 -0.307087 0.952756 
vn -0.275591 -0.448819 0.850394 
vn 0 -0.448819 0.889764 
vn -0.251969 -0.582677 0.771654 
vn 0 -0.582677 0.811024 
vn -0.220472 -0.700787 0.677165 
vn 0 -0.700787 0.708661 
vn -0.417323 -0.700787 0.574803 
vn -0.181102 -0.80315 0.566929 
vn 0 -0.80315 0.590551 
vn 0 -0.889764 0.456693 
vn -0.346457 -0.80315 0.480315 
vn -0.228346 0.677165 -0.700787 
vn 0 0.795276 -0.614173 
vn 0 0.677165 -0.740157 
vn 0.188976 0.795276 -0.582677 
vn -0.188976 0.795276 -0.582677 
vn -0.307087 0.732283 -0.606299 
vn -0.275591 0.795276 -0.535433 
vn -0.370079 0.653543 -0.661417 
vn -0.141732 0.897638 -0.417323 
vn -0.212598 0.897638 -0.385827 
vn 0 0.897638 -0.440945 
vn -0.0787402 0.968504 -0.228346 
vn -0.11811 0.968504 -0.212598 
vn 0 0.992126 -0.110236 
vn 0 0.968504 -0.23622 
vn 0 0.992126 -0.110236 
vn 0.0708661 0.968504 -0.228346 
vn 0 0.992126 -0.110236 
vn 0.133858 0.897638 -0.425197 
vn 0.141732 0.968504 -0.19685 
vn 0 0.992126 -0.110236 
vn 0.362205 0.795276 -0.496063 
vn 0 0.992126 -0.110236 
vn 0.15748 0.976378 -0.15748 
vn 0.307087 0.897638 -0.307087 
vn 0.259843 0.897638 -0.362205 
vn 0.377953 0.84252 -0.377953 
vn 0.448819 0.771654 -0.448819 
vn 0.535433 0.740157 -0.409449 
vn 0.433071 0.677165 -0.598425 
vn 0.228346 0.677165 -0.700787 
vn 0 0.551181 -0.834646 
vn 0.259843 0.551181 -0.795276 
vn -0.259843 0.551181 -0.795276 
vn 0 0.433071 -0.897638 
vn -0.590551 0.496063 -0.629921 
vn -0.614173 0.566929 -0.551181 
vn -0.503937 0.425197 -0.748031 
vn -0.283465 0.433071 -0.858268 
vn -0.291339 0.322835 -0.897638 
vn -0.559055 0.330709 -0.76378 
vn 0 0.322835 -0.944882 
vn 0.275591 0.433071 -0.858268 
vn 0.291339 0.322835 -0.897638 
vn 0 0.212598 -0.976378 
vn 0.488189 0.551181 -0.677165 
vn 0.527559 0.433071 -0.732283 
vn 0.677165 0.551181 -0.488189 
vn -0.299213 0.212598 -0.929134 
vn 0 0.102362 -0.992126 
vn -0.574803 0.212598 -0.787402 
vn -0.307087 0.102362 -0.944882 
vn 0.598425 0.677165 -0.425197 
vn 0.708661 0.614173 -0.354331 
vn 0.629921 0.708661 -0.322835 
vn 0.590551 0.740157 -0.322835 
vn 0.433071 0.677165 0.598425 
vn 0.440945 0.732283 0.511811 
vn 0.338583 0.669291 0.661417 
vn 0.488189 0.559055 0.669291 
vn 0.543307 0.669291 0.503937 
vn 0.480315 0.732283 0.480315 
vn 0.669291 0.559055 0.488189 
vn 0.661417 0.629921 0.409449 
vn 0.708661 0.614173 0.362205 
vn 0.732283 0.433071 0.527559 
vn 0.527559 0.433071 0.732283 
vn 0.76378 0.322835 0.559055 
vn 0.858268 0.433071 0.275591 
vn 0.897638 0.322835 0.291339 
vn 0.795276 0.551181 0.259843 
vn 0.700787 0.677165 0.228346 
vn 0.622047 0.700787 0.338583 
vn 0.929134 0.212598 0.299213 
vn 0.787402 0.212598 0.574803 
vn 0.944882 0.322835 0 
vn 0.944882 0.102362 0.307087 
vn 0.80315 0.102362 0.582677 
vn 0.952756 -0.015748 0.307087 
vn 0.976378 0.212598 0 
vn 0.992126 0.102362 0 
vn 1 -0.015748 0 
vn 0.937008 -0.15748 0.307087 
vn 0.929134 0.212598 -0.299213 
vn 0.897638 0.322835 -0.291339 
vn 0.944882 0.102362 -0.307087 
vn 0.76378 0.322835 -0.559055 
vn 0.984252 -0.15748 0 
vn 0.905512 -0.307087 0.291339 
vn 0.787402 0.212598 -0.574803 
vn 0.952756 -0.307087 0 
vn 0.850394 -0.448819 0.275591 
vn 0.889764 -0.448819 0 
vn 0.771654 -0.582677 0.251969 
vn 0.811024 -0.582677 0 
vn 0.677165 -0.700787 0.220472 
vn 0.708661 -0.700787 0 
vn 0.566929 -0.80315 0.181102 
vn 0.677165 -0.700787 -0.220472 
vn 0.590551 -0.80315 0 
vn 0.456693 -0.889764 0 
vn 0.346457 0.866142 0.370079 
vn 0.385827 0.755906 0.527559 
vn 0.330709 0.897638 0.307087 
vn 0.393701 0.692913 0.598425 
vn 0.0866142 0.685039 -0.724409 
vn 0.0866142 0.685039 -0.724409 
vn 0.0866142 0.685039 -0.724409 
vn -0.370079 -0.889764 -0.267717 
vn -0.251969 -0.944882 -0.188976 
vn -0.267717 -0.889764 -0.370079 
vn -0.15748 -0.984252 -0.0472441 
vn 0 -1 0 
vn -0.133858 -0.984252 -0.0944882 
vn 0 -1 0 
vn -0.0944882 -0.984252 -0.133858 
vn 0 -1 0 
vn -0.188976 -0.944882 -0.251969 
vn -0.0472441 -0.984252 -0.15748 
vn 0 -1 0 
vn -0.0944882 -0.952756 -0.299213 
vn -0.141732 -0.889764 -0.440945 
vn -0.346457 -0.80315 -0.480315 
vn -0.181102 -0.80315 -0.566929 
vn 0 -0.889764 -0.456693 
vn 0 -0.944882 -0.314961 
vn 0 -0.984252 -0.165354 
vn 0 -1 0 
vn 0.0944882 -0.952756 -0.299213 
vn 0.0472441 -0.984252 -0.15748 
vn 0 -1 0 
vn 0.0944882 -0.984252 -0.133858 
vn 0 -1 0 
vn 0.188976 -0.944882 -0.251969 
vn 0.133858 -0.984252 -0.0944882 
vn 0 -1 0 
vn 0.251969 -0.944882 -0.188976 
vn 0.15748 -0.984252 -0.0472441 
vn 0 -1 0 
vn 0.299213 -0.952756 -0.0944882 
vn 0.165354 -0.984252 0 
vn 0 -1 0 
vn 0.314961 -0.944882 0 
vn 0.299213 -0.952756 0.0944882 
vn 0.440945 -0.889764 0.141732 
vn 0.15748 -0.984252 0.0472441 
vn 0 -1 0 
vn 0.251969 -0.944882 0.188976 
vn 0.133858 -0.984252 0.0944882 
vn 0 -1 0 
vn 0.370079 -0.889764 0.267717 
vn 0.0944882 -0.984252 0.133858 
vn 0 -1 0 
vn 0.267717 -0.889764 0.370079 
vn 0.188976 -0.944882 0.251969 
vn 0.0472441 -0.984252 0.15748 
vn 0 -1 0 
vn 0.141732 -0.889764 0.440945 
vn 0 -0.984252 0.165354 
vn 0 -1 0 
vn 0 -0.944882 0.314961 
vn 0.0944882 -0.952756 0.299213 
vn 0 -0.889764 0.456693 
vn 0 -0.80315 0.590551 
vn 0.181102 -0.80315 0.566929 
vn 0 -0.700787 0.708661 
vn 0.346457 -0.80315 0.480315 
vn 0.220472 -0.700787 0.677165 
vn 0 -0.582677 0.811024 
vn 0.417323 -0.700787 0.574803 
vn 0.251969 -0.582677 0.771654 
vn 0 -0.448819 0.889764 
vn 0.480315 -0.80315 0.346457 
vn 0.574803 -0.700787 0.417323 
vn 0.275591 -0.448819 0.850394 
vn 0 -0.307087 0.952756 
vn 0.480315 -0.582677 0.653543 
vn 0.653543 -0.582677 0.480315 
vn 0.724409 -0.448819 0.527559 
vn 0.527559 -0.448819 0.724409 
vn 0.291339 -0.307087 0.905512 
vn 0 -0.15748 0.984252 
vn 0.307087 -0.15748 0.937008 
vn 0 -0.015748 1 
vn 0.559055 -0.307087 0.771654 
vn 0.771654 -0.307087 0.559055 
vn 0.80315 -0.15748 0.582677 
vn 0.582677 -0.15748 0.80315 
vn 0.307087 -0.015748 0.952756 
vn 0.590551 -0.015748 0.811024 
vn 0.307087 0.102362 0.944882 
vn 0 0.102362 0.992126 
vn 0.582677 0.102362 0.80315 
vn 0.811024 -0.015748 0.590551 
vn 0.574803 0.212598 0.787402 
vn 0.299213 0.212598 0.929134 
vn 0 0.212598 0.976378 
vn 0.291339 0.322835 0.897638 
vn 0 0.322835 0.944882 
vn 0.559055 0.322835 0.76378 
vn 0.275591 0.433071 0.858268 
vn 0 0.433071 0.897638 
vn 0.259843 0.551181 0.795276 
vn 0 0.551181 0.834646 
vn 0.228346 0.677165 0.700787 
vn 0 0.677165 0.740157 
vn 0 0.795276 0.606299 
vn 0.188976 0.795276 0.582677 
vn -0.00787402 0.897638 0.448819 
vn 0.346457 0.732283 0.582677 
vn 0.133858 0.897638 0.425197 
vn 0 0.968504 0.23622 
vn 0.362205 0.795276 0.488189 
vn 0.448819 0.787402 0.425197 
vn 0.385827 0.84252 0.377953 
vn 0.259843 0.897638 0.362205 
vn 0.314961 0.897638 0.314961 
vn 0.0708661 0.968504 0.228346 
vn 0.0314961 0.992126 0.110236 
vn 0.141732 0.968504 0.19685 
vn 0.0314961 0.992126 0.110236 
vn 0.165354 0.976378 0.165354 
vn 0.0314961 0.992126 0.110236 
vn -0.771654 -0.307087 -0.559055 
vn -0.937008 -0.15748 -0.307087 
vn -0.559055 -0.307087 -0.771654 
vn -0.291339 -0.307087 -0.905512 
vn -0.80315 -0.15748 -0.582677 
vn -0.307087 -0.15748 -0.937008 
vn 0 -0.15748 -0.984252 
vn 0 -0.015748 -1 
vn -0.582677 -0.15748 -0.80315 
vn -0.307087 -0.015748 -0.952756 
vn -0.590551 -0.015748 -0.811024 
vn -0.582677 0.102362 -0.80315 
vn -0.811024 -0.015748 -0.590551 
vn -0.80315 0.102362 -0.582677 
vn -0.952756 -0.015748 -0.307087 
vn -0.944882 0.102362 -0.307087 
vn -0.787402 0.212598 -0.574803 
vn -0.992126 0.102362 0 
vn -0.929134 0.212598 -0.299213 
vn -0.929134 0.212598 0.299213 
vn -0.976378 0.212598 0 
vn -0.76378 0.330709 -0.559055 
vn -0.897638 0.322835 -0.291339 
vn -0.76378 0.322835 0.559055 
vn -0.897638 0.322835 0.291339 
vn -0.944882 0.322835 0 
vn -0.858268 0.433071 0.275591 
vn -0.677165 0.551181 0.488189 
vn -0.897638 0.433071 0 
vn -0.795276 0.551181 0.259843 
vn -0.598425 0.677165 0.433071 
vn -0.858268 0.433071 -0.275591 
vn -0.716535 0.440945 -0.543307 
vn -0.661417 0.543307 -0.511811 
vn -0.795276 0.551181 -0.259843 
vn -0.559055 0.574803 -0.598425 
vn -0.598425 0.677165 -0.433071 
vn -0.511811 0.692913 -0.511811 
vn -0.834646 0.551181 0 
vn -0.700787 0.677165 -0.228346 
vn -0.456693 0.755906 -0.472441 
vn -0.464567 0.755906 -0.456693 
vn -0.448819 0.779528 -0.440945 
vn -0.448819 0.80315 -0.385827 
vn -0.385827 0.889764 -0.23622 
vn -0.740157 0.677165 0 
vn -0.582677 0.795276 -0.188976 
vn -0.425197 0.897638 -0.133858 
vn -0.614173 0.795276 0 
vn -0.700787 0.677165 0.228346 
vn -0.440945 0.897638 0 
vn -0.582677 0.795276 0.188976 
vn -0.425197 0.897638 0.133858 
vn -0.496063 0.795276 0.362205 
vn -0.330709 0.937008 -0.0708661 
vn -0.307087 0.937008 -0.15748 
vn -0.338583 0.944882 -0.00787402 
vn -0.307087 0.937008 -0.15748 
vn -0.307087 0.937008 -0.149606 
vn -0.244094 0.968504 -0.0866142 
vn -0.188976 0.976378 -0.0708661 
vn -0.102362 0.992126 -0.0551181 
vn -0.362205 0.897638 0.259843 
vn -0.259843 0.897638 0.354331 
vn -0.244094 0.795276 0.551181 
vn -0.212598 0.84252 0.496063 
vn -0.181102 0.913386 0.370079 
vn -0.149606 0.937008 0.307087 
vn -0.15748 0.968504 0.181102 
vn -0.11811 0.968504 0.228346 
vn -0.0708661 0.992126 0.0944882 
vn -0.125984 0.984252 0.0787402 
vn -0.0866142 0.992126 0.0866142 
vn -0.0708661 0.992126 0.0944882 
vn 0.023622 0.574803 -0.818898 
vn 0.023622 0.574803 -0.818898 
vn 0.023622 0.574803 -0.818898 
vn 0.15748 0.598425 -0.787402 
vn 0.15748 0.598425 -0.787402 
vn 0.15748 0.598425 -0.787402 
vn -0.732283 0.645669 0.228346 
vn -0.661417 0.692913 0.291339 
vn -0.669291 0.677165 0.307087 
vn -0.740157 0.645669 0.19685 
vn -0.779528 0.614173 0.0787402 
vn -0.771654 0.629921 0.0551181 
vn -0.88189 0.456693 -0.125984 
vn -0.88189 0.456693 -0.125984 
vn -0.88189 0.456693 -0.125984 
vn -0.251969 -0.582677 -0.771654 
vn -0.275591 -0.448819 -0.850394 
vn 0 -0.307087 -0.952756 
vn 0.291339 -0.307087 -0.905512 
vn 0.559055 -0.307087 -0.771654 
vn 0.307087 -0.15748 -0.937008 
vn 0.771654 -0.307087 -0.559055 
vn 0.582677 -0.15748 -0.80315 
vn 0.937008 -0.15748 -0.307087 
vn 0.80315 -0.15748 -0.582677 
vn 0.952756 -0.015748 -0.307087 
vn 0.811024 -0.015748 -0.590551 
vn 0.80315 0.102362 -0.582677 
vn 0.590551 -0.015748 -0.811024 
vn 0.307087 -0.015748 -0.952756 
vn 0.582677 0.102362 -0.80315 
vn 0.307087 0.102362 -0.944882 
vn 0.574803 0.212598 -0.787402 
vn 0.299213 0.212598 -0.929134 
vn 0.559055 0.322835 -0.76378 
vn 0.732283 0.433071 -0.527559 
vn 0.858268 0.433071 -0.275591 
vn 0.897638 0.433071 0 
vn 0.834646 0.551181 0 
vn 0.795276 0.551181 -0.259843 
vn 0.740157 0.551181 -0.377953 
vn 0.708661 0.614173 -0.362205 
vn 0.692913 0.685039 -0.228346 
vn 0.677165 0.645669 -0.346457 
vn 0.598425 0.748031 -0.299213 
vn 0.606299 0.732283 -0.314961 
vn 0.598425 0.740157 -0.314961 
vn 0.590551 0.740157 -0.314961 
vn 0.661417 0.740157 -0.11811 
vn 0.740157 0.677165 0 
vn 0.606299 0.795276 0 
vn 0.566929 0.811024 -0.133858 
vn 0.574803 0.795276 0.188976 
vn 0.440945 0.897638 0.00787402 
vn 0.496063 0.787402 0.362205 
vn 0.566929 0.716535 0.401575 
vn 0.433071 0.795276 0.433071 
vn 0.377953 0.84252 0.377953 
vn 0.456693 0.850394 0.267717 
vn 0.472441 0.866142 0.15748 
vn 0.346457 0.937008 0.0944882 
vn 0.417323 0.897638 -0.133858 
vn 0.472441 0.850394 -0.244094 
vn 0.401575 0.897638 -0.204724 
vn 0.314961 0.944882 -0.11811 
vn 0.212598 0.968504 -0.110236 
vn 0.204724 0.976378 -0.102362 
vn 0.110236 0.992126 -0.0551181 
vn 0.110236 0.992126 -0.0551181 
vn 0.338583 0.937008 0.015748 
vn 0.23622 0.968504 0.11811 
vn 0.338583 0.929134 0.165354 
vn 0.23622 0.968504 0.0866142 
vn 0.110236 0.992126 0.023622 
vn 0.259843 0.968504 -0.00787402 
vn 0.110236 0.992126 0.023622 
vn 0.370079 0.929134 -0.0551181 
vn 0.267717 0.96063 -0.0393701 
vn 0.11811 0.992126 -0.015748 
vn 0.110236 0.992126 0.023622 
vn -0.874016 0.480315 0.0393701 
vn -0.874016 0.480315 0.0393701 
vn -0.874016 0.480315 0.0393701 
vn 0.149606 0.464567 -0.874016 
vn 0.0393701 0.401575 -0.913386 
vn 0.19685 0.496063 -0.850394 
vn -0.015748 0.370079 -0.929134 
vn -0.125984 0.629921 -0.76378 
vn -0.19685 0.645669 -0.740157 
vn -0.165354 0.629921 -0.755906 
vn -0.141732 0.677165 -0.724409 
vn -0.448819 0.488189 -0.748031 
vn -0.480315 0.456693 -0.748031 
vn -0.480315 0.456693 -0.748031 
vn 0.724409 0.645669 0.228346 
vn 0.76378 0.629921 0.141732 
vn 0.771654 0.629921 0.110236 
vn 0.700787 0.669291 0.23622 
vn 0.748031 0.480315 0.456693 
vn 0.76378 0.448819 0.472441 
vn 0.724409 0.464567 0.511811 
vn -0.606299 0.519685 0.598425 
vn -0.307087 0.874016 0.362205 
vn -0.661417 0.393701 0.637795 
vn -0.204724 0.937008 0.275591 
vn -0.976378 0.15748 -0.125984 
vn -0.976378 0.15748 -0.125984 
vn -0.976378 0.15748 -0.125984 
vn -0.755906 0.440945 0.480315 
vn -0.748031 0.464567 0.464567 
vn -0.724409 0.448819 0.519685 
vn -0.677165 0.645669 0.346457 
vn -0.645669 0.692913 0.322835 
vn -0.362205 0.629921 -0.685039 
vn -0.362205 0.629921 -0.685039 
vn -0.362205 0.629921 -0.685039 
vn 0.535433 0.582677 0.614173 
vn 0.535433 0.582677 0.614173 
vn 0.535433 0.582677 0.614173 
vn 0.629921 0.519685 0.574803 
vn 0.629921 0.519685 0.574803 
vn 0.629921 0.519685 0.574803 
vn 0.629921 0.519685 0.574803 
vn 0.464567 0.661417 -0.590551 
vn 0.503937 0.622047 -0.598425 
vn 0.574803 0.551181 -0.598425 
vn 0.598425 0.535433 -0.598425 
vn 0.480315 0.448819 -0.755906 
vn 0.480315 0.448819 -0.755906 
vn 0.456693 0.472441 -0.755906 
vn 0.275591 0.622047 -0.732283 
vn 0.23622 0.653543 -0.724409 
vn 0.173228 0.125984 -0.976378 
vn 0.0708661 0.181102 -0.984252 
vn 0.0314961 0.204724 -0.976378 
vn 0.212598 0.102362 -0.968504 
vn -0.0629921 0.244094 -0.968504 
vn -0.0866142 0.251969 -0.96063 
vn 0.771654 0.440945 0.456693 
vn 0.771654 0.440945 0.456693 
vn 0.771654 0.440945 0.456693 
vn 0.0866142 0.362205 -0.929134 
vn 0.0787402 0.354331 -0.929134 
vn 0.0787402 0.354331 -0.929134 
vn 0.0866142 0.362205 -0.929134 
vn -0.944882 0.299213 0.110236 
vn -0.913386 0.393701 0.0866142 
vn -0.905512 0.417323 0.0787402 
vn -0.952756 0.291339 0.0944882 
vn -0.952756 0.291339 0.0787402 
vn -0.559055 0.80315 0.220472 
vn -0.685039 0.716535 0.141732 
vn -0.716535 0.685039 0.149606 
vn -0.511811 0.818898 0.259843 
vn -0.740157 0.645669 0.188976 
vn -0.905512 0.385827 -0.188976 
vn -0.905512 0.385827 -0.188976 
vn -0.905512 0.385827 -0.188976 
vn -0.212598 0.834646 -0.511811 
vn -0.133858 0.944882 -0.299213 
vn -0.102362 0.968504 -0.228346 
vn -0.220472 0.80315 -0.551181 
vn -0.19685 0.80315 -0.566929 
vn 0.637795 0.472441 0.606299 
vn 0.637795 0.472441 0.606299 
vn 0.637795 0.472441 0.606299 
vn 0.362205 0.503937 0.779528 
vn 0.370079 0.527559 0.76378 
vn 0.362205 0.496063 0.787402 
vn 0.370079 0.535433 0.755906 
vn -0.866142 0.346457 0.354331 
vn -0.866142 0.346457 0.354331 
vn -0.866142 0.346457 0.354331 
vn -0.322835 0.685039 -0.661417 
vn -0.480315 0.661417 -0.574803 
vn -0.275591 0.685039 -0.677165 
vn -0.503937 0.653543 -0.559055 
vn -0.503937 0.661417 -0.551181 
vn -0.503937 0.661417 -0.551181 
vn -0.732283 0.590551 0.338583 
vn -0.755906 0.574803 0.307087 
vn -0.692913 0.598425 0.401575 
vn -0.669291 0.582677 0.464567 
vn -0.669291 0.590551 0.440945 
vn -0.669291 0.559055 0.480315 
vn -0.283465 0.598425 -0.748031 
vn -0.283465 0.598425 -0.748031 
vn -0.283465 0.598425 -0.748031 
vn 0.173228 0.574803 0.80315 
vn 0.173228 0.574803 0.80315 
vn 0.173228 0.574803 0.80315 
vn 0.244094 0.188976 -0.952756 
vn 0.244094 0.188976 -0.952756 
vn 0.244094 0.188976 -0.952756 
vn -0.535433 0.377953 0.755906 
vn -0.433071 0.362205 0.826772 
vn -0.385827 0.370079 0.84252 
vn -0.637795 0.354331 0.685039 
vn -0.354331 0.346457 0.866142 
vn -0.354331 0.346457 0.866142 
vn 0.590551 0.307087 0.748031 
vn 0.590551 0.307087 0.748031 
vn 0.590551 0.307087 0.748031 
vn -0.582677 0.519685 -0.622047 
vn -0.527559 0.574803 -0.622047 
vn -0.606299 0.496063 -0.622047 
vn -0.511811 0.598425 -0.614173 
vn -0.645669 0.440945 -0.622047 
vn -0.653543 0.425197 -0.622047 
vn -0.015748 0.472441 0.88189 
vn -0.015748 0.472441 0.88189 
vn -0.015748 0.472441 0.88189 
vn -0.527559 0.299213 0.795276 
vn -0.535433 0.283465 0.795276 
vn -0.543307 0.283465 0.795276 
vn -0.393701 0.409449 0.826772 
vn -0.385827 0.417323 0.826772 
vn -0.354331 0.377953 0.858268 
vn 0.724409 0.291339 -0.629921 
vn 0.700787 0.283465 -0.661417 
vn 0.716535 0.275591 -0.637795 
vn 0.748031 0.425197 -0.511811 
vn 0.724409 0.433071 -0.535433 
vn 0.834646 0.527559 -0.181102 
vn 0.818898 0.322835 -0.472441 
vn 0.779528 0.228346 -0.582677 
vn 0.637795 0.433071 -0.637795 
vn 0.637795 0.433071 -0.637795 
vn 0.637795 0.433071 -0.637795 
vn -0.244094 0.141732 0.96063 
vn -0.244094 0.141732 0.96063 
vn -0.244094 0.141732 0.96063 
vn 0.19685 0.110236 -0.976378 
vn 0.251969 0.149606 -0.952756 
vn 0.165354 0.0944882 -0.984252 
vn 0.283465 0.15748 -0.944882 
vn 0.913386 0.165354 -0.377953 
vn 0.889764 0.275591 -0.370079 
vn 0.874016 0.141732 -0.456693 
vn 0.92126 0.244094 -0.307087 
vn 0.834646 0.377953 -0.393701 
vn -0.291339 0.212598 -0.929134 
vn -0.291339 0.212598 -0.929134 
vn -0.291339 0.212598 -0.929134 
vn -0.874016 0.433071 0.220472 
vn -0.874016 0.433071 0.220472 
vn -0.874016 0.433071 0.220472 
vn 0.795276 0.23622 -0.559055 
vn 0.795276 0.23622 -0.559055 
vn 0.795276 0.23622 -0.559055 
vn 0.133858 0.204724 -0.968504 
vn 0.133858 0.204724 -0.968504 
vn 0.133858 0.204724 -0.968504 
vn 0.488189 0.11811 0.866142 
vn 0.480315 0.15748 0.858268 
vn 0.496063 0.102362 0.858268 
vn 0.472441 0.173228 0.866142 
vn 0.511811 0.0551181 0.858268 
vn 0.519685 0.0551181 0.850394 
vn 0.929134 0.346457 0.11811 
vn 0.937008 0.322835 0.110236 
vn 0.937008 0.314961 0.15748 
vn 0.574803 0.795276 -0.188976 
vn 0.905512 0.417323 -0.023622 
vn 0.677165 0.614173 -0.401575 
vn -0.23622 0.952756 -0.204724 
vn 0.590551 0.299213 0.748031 
vn 0.590551 0.299213 0.748031 
vn 0.590551 0.299213 0.748031 
vn -0.685039 0.11811 0.716535 
vn -0.661417 0.15748 0.732283 
vn -0.629921 0.149606 0.76378 
vn -0.700787 0.0629921 0.716535 
vn -0.590551 0.11811 0.795276 
vn 0.307087 -0.0551181 -0.952756 
vn 0.307087 -0.0551181 -0.952756 
vn 0.307087 -0.0551181 -0.952756 
vn -0.88189 0.11811 -0.464567 
vn -0.88189 0.149606 -0.440945 
vn -0.889764 0.173228 -0.425197 
vn -0.874016 0.0944882 -0.480315 
vn 0.826772 0.220472 0.511811 
vn 0.811024 0.244094 0.527559 
vn 0.84252 0.19685 0.503937 
vn 0.80315 0.267717 0.535433 
vn -0.133858 0.173228 -0.976378 
vn -0.133858 0.173228 -0.976378 
vn -0.133858 0.173228 -0.976378 
vn 1 0.00787402 -0.0708661 
vn 0.992126 -0.0551181 -0.11811 
vn 0.992126 -0.11811 -0.0787402 
vn 0.992126 0.0708661 0.0629921 
vn 0.968504 0.0629921 0.23622 
vn 0.299213 0.165354 0.944882 
vn 0.299213 0.165354 0.944882 
vn 0.299213 0.165354 0.944882 
vn 0.88189 -0.307087 0.354331 
vn 0.944882 -0.188976 0.267717 
vn 0.874016 -0.354331 0.330709 
vn 0.96063 -0.133858 0.259843 
vn 0.866142 -0.299213 0.409449 
vn 0.976378 -0.220472 0.0551181 
vn 0.992126 -0.0708661 0.133858 
vn 0.992126 0.00787402 0.141732 
vn 0.968504 -0.251969 0.0314961 
vn 0.968504 -0.228346 -0.0472441 
vn 0.590551 0.212598 -0.779528 
vn 0.598425 0.220472 -0.771654 
vn 0.582677 0.181102 -0.787402 
vn 0.598425 0.251969 -0.755906 
vn -0.598425 0.133858 -0.795276 
vn -0.598425 0.133858 -0.795276 
vn -0.598425 0.133858 -0.795276 
vn -0.322835 0.125984 0.937008 
vn -0.322835 0.125984 0.937008 
vn -0.322835 0.125984 0.937008 
vn -0.448819 0.125984 -0.889764 
vn -0.480315 0.133858 -0.866142 
vn -0.480315 0.133858 -0.866142 
vn -0.456693 0.125984 -0.88189 
vn -0.527559 0.165354 -0.834646 
vn -0.527559 0.173228 -0.826772 
vn 0.228346 0.11811 -0.968504 
vn 0.244094 0.141732 -0.96063 
vn 0.212598 0.110236 -0.968504 
vn 0.23622 0.141732 -0.96063 
vn 0.275591 0.188976 -0.944882 
vn 0.456693 0.125984 0.88189 
vn 0.456693 0.125984 0.88189 
vn 0.456693 0.125984 0.88189 
vn 0.92126 -0.0314961 -0.385827 
vn 0.92126 -0.0314961 -0.385827 
vn 0.92126 -0.0314961 -0.385827 
vn 0.00787402 0.19685 -0.976378 
vn 0.00787402 0.19685 -0.976378 
vn 0.00787402 0.19685 -0.976378 
vn -0.937008 -0.15748 -0.314961 
vn -0.952756 -0.110236 -0.267717 
vn -0.929134 -0.15748 -0.322835 
vn -0.968504 -0.0708661 -0.23622 
vn -0.984252 -0.015748 -0.181102 
vn 0.551181 -0.346457 0.755906 
vn 0.370079 -0.496063 0.787402 
vn 0.314961 -0.503937 0.80315 
vn 0.590551 -0.299213 0.748031 
vn 0.291339 -0.480315 0.826772 
vn 0.519685 0.0551181 0.850394 
vn 0.519685 0.0551181 0.850394 
vn 0.511811 0.0472441 0.858268 
vn 0.519685 0.0551181 0.858268 
vn 0.527559 0.0708661 0.84252 
vn 0.543307 0.0866142 0.834646 
vn 0.0393701 -0.0551181 1 
vn 0.0393701 -0.0551181 1 
vn 0.0393701 -0.0551181 1 

vt 0.99999 0.0695109 
vt 0.94999 0.0964539 
vt 0.94999 0.0695109 
vt 0.899991 0.0964539 
vt 0.94999 0.042568 
vt 0.99999 0.042568 
vt 0.99999 0.015625 
vt 0.899991 0.0695109 
vt 0.899991 0.042568 
vt 0.94999 0.015625 
vt 0.849991 0.042568 
vt 0.899991 0.015625 
vt 0.849991 0.0964539 
vt 0.849991 0.123397 
vt 0.849991 0.0695109 
vt 0.799992 0.042568 
vt 0.849991 0.015625 
vt 0.799992 0.0695109 
vt 0.799992 0.0964539 
vt 0.749992 0.0695109 
vt 0.799992 0.123397 
vt 0.749992 0.042568 
vt 0.799992 0.015625 
vt 0.849991 0.15034 
vt 0.699993 0.0695109 
vt 0.749992 0.0964539 
vt 0.749992 0.123397 
vt 0.799992 0.15034 
vt 0.799992 0.177283 
vt 0.749992 0.15034 
vt 0.699993 0.123397 
vt 0.699993 0.0964539 
vt 0.699993 0.15034 
vt 0.749992 0.177283 
vt 0.649993 0.123397 
vt 0.349996 0.123397 
vt 0.299997 0.123397 
vt 0.299997 0.0964539 
vt 0.349996 0.15034 
vt 0.349996 0.0964539 
vt 0.299997 0.177283 
vt 0.349996 0.177283 
vt 0.299997 0.204226 
vt 0.399996 0.123397 
vt 0.399996 0.0964539 
vt 0.399996 0.15034 
vt 0.399996 0.177283 
vt 0.349996 0.204226 
vt 0.299997 0.231169 
vt 0.399996 0.204226 
vt 0.449995 0.177283 
vt 0.449995 0.204226 
vt 0.449995 0.15034 
vt 0.499995 0.204226 
vt 0.449995 0.123397 
vt 0.449995 0.0964539 
vt 0.499995 0.123397 
vt 0.499995 0.15034 
vt 0.499995 0.177283 
vt 0.549994 0.15034 
vt 0.838899 0.591862 
vt 0.866465 0.599543 
vt 0.849991 0.598172 
vt 0.815271 0.611097 
vt 0.799992 0.598172 
vt 0.799992 0.625218 
vt 0.749992 0.598172 
vt 0.749992 0.625218 
vt 0.770608 0.591751 
vt 0.749992 0.593889 
vt 0.710292 0.59512 
vt 0.710686 0.598172 
vt 0.699993 0.625218 
vt 0.849991 0.204226 
vt 0.849991 0.177283 
vt 0.899991 0.204226 
vt 0.899991 0.177283 
vt 0.899991 0.231169 
vt 0.849991 0.231169 
vt 0.899991 0.258112 
vt 0.799992 0.204226 
vt 0.799992 0.231169 
vt 0.849991 0.258112 
vt 0.849991 0.285055 
vt 0.799992 0.258112 
vt 0.799992 0.285055 
vt 0.849991 0.3254 
vt 0.799992 0.3254 
vt 0.849991 0.365198 
vt 0.749992 0.285055 
vt 0.749992 0.258112 
vt 0.749992 0.231169 
vt 0.749992 0.204226 
vt 0.699993 0.177283 
vt 0.649993 0.15034 
vt 0.699993 0.204226 
vt 0.649993 0.177283 
vt 0.599994 0.15034 
vt 0.599994 0.177283 
vt 0.649993 0.204226 
vt 0.599994 0.204226 
vt 0.699993 0.231169 
vt 0.873818 0.725645 
vt 0.876794 0.700146 
vt 0.977744 0.724146 
vt 0.824991 0.712977 
vt 0.821403 0.686145 
vt 0.886652 0.676688 
vt 0.821403 0.686145 
vt 0.819718 0.659144 
vt 0.970892 0.580056 
vt 0.940272 0.570326 
vt 0.99999 0.570326 
vt 0.99999 0.598172 
vt 0.970849 0.598172 
vt 0.94999 0.625218 
vt 0.94999 0.541021 
vt 0.99999 0.541021 
vt 0.919138 0.557146 
vt 0.94999 0.509817 
vt 0.91713 0.515731 
vt 0.459949 0.885442 
vt 0.520762 0.902661 
vt 0.504312 0.914089 
vt 0.459949 0.885442 
vt 0.516053 0.886879 
vt 0.520762 0.902661 
vt 0.899991 0.509817 
vt 0.94999 0.476521 
vt 0.99999 0.476521 
vt 0.99999 0.441157 
vt 0.99999 0.509817 
vt 0.94999 0.441157 
vt 0.99999 0.403934 
vt 0.899991 0.476521 
vt 0.94999 0.403934 
vt 0.99999 0.365198 
vt 0.899991 0.441157 
vt 0.94999 0.365198 
vt 0.99999 0.3254 
vt 0.899991 0.403934 
vt 0.849991 0.441157 
vt 0.94999 0.3254 
vt 0.99999 0.285055 
vt 0.899991 0.365198 
vt 0.899991 0.3254 
vt 0.94999 0.285055 
vt 0.94999 0.258112 
vt 0.99999 0.258112 
vt 0.899991 0.285055 
vt 0.94999 0.231169 
vt 0.99999 0.231169 
vt 0.94999 0.204226 
vt 0.99999 0.204226 
vt 0.94999 0.177283 
vt 0.99999 0.177283 
vt 0.94999 0.15034 
vt 0.99999 0.15034 
vt 0.899991 0.15034 
vt 0.94999 0.123397 
vt 0.99999 0.123397 
vt 0.99999 0.0964539 
vt 0.899991 0.123397 
vt 0.549994 0.509817 
vt 0.499995 0.541021 
vt 0.499995 0.509817 
vt 0.449995 0.541021 
vt 0.549994 0.541021 
vt 0.587991 0.524537 
vt 0.592493 0.541021 
vt 0.600437 0.509817 
vt 0.549994 0.570326 
vt 0.60883 0.570326 
vt 0.499995 0.570326 
vt 0.549994 0.598172 
vt 0.60883 0.598172 
vt 0.549994 0.625218 
vt 0.499995 0.598172 
vt 0.499995 0.625218 
vt 0.449995 0.598172 
vt 0.449995 0.625218 
vt 0.449995 0.570326 
vt 0.399996 0.598172 
vt 0.399996 0.625218 
vt 0.399996 0.541021 
vt 0.349996 0.625218 
vt 0.392698 0.598172 
vt 0.392698 0.570326 
vt 0.399996 0.570326 
vt 0.392794 0.558335 
vt 0.354905 0.541934 
vt 0.352907 0.52277 
vt 0.399996 0.509817 
vt 0.449995 0.509817 
vt 0.499995 0.476521 
vt 0.449995 0.476521 
vt 0.549994 0.476521 
vt 0.499995 0.441157 
vt 0.599994 0.476521 
vt 0.611887 0.485004 
vt 0.592336 0.432103 
vt 0.549994 0.441157 
vt 0.549994 0.403934 
vt 0.599994 0.403934 
vt 0.499995 0.403934 
vt 0.449995 0.441157 
vt 0.449995 0.403934 
vt 0.499995 0.365198 
vt 0.399996 0.476521 
vt 0.399996 0.441157 
vt 0.349996 0.476521 
vt 0.549994 0.365198 
vt 0.499995 0.3254 
vt 0.599994 0.365198 
vt 0.549994 0.3254 
vt 0.349996 0.509817 
vt 0.345099 0.49935 
vt 0.325242 0.512275 
vt 0.335183 0.54273 
vt 0.099999 0.509817 
vt 0.099999 0.522626 
vt 0.0824922 0.509817 
vt 0.099999 0.476521 
vt 0.133945 0.512731 
vt 0.134122 0.535345 
vt 0.149998 0.476521 
vt 0.164908 0.509817 
vt 0.181861 0.504848 
vt 0.149998 0.441157 
vt 0.099999 0.441157 
vt 0.149998 0.403934 
vt 0.199998 0.441157 
vt 0.199998 0.403934 
vt 0.199998 0.476521 
vt 0.199998 0.509817 
vt 0.172139 0.509817 
vt 0.199998 0.365198 
vt 0.149998 0.365198 
vt 0.249997 0.403934 
vt 0.199998 0.3254 
vt 0.149998 0.3254 
vt 0.199998 0.285055 
vt 0.249997 0.365198 
vt 0.249997 0.3254 
vt 0.249997 0.285055 
vt 0.199998 0.258112 
vt 0.299997 0.365198 
vt 0.299997 0.403934 
vt 0.299997 0.3254 
vt 0.349996 0.403934 
vt 0.249997 0.258112 
vt 0.199998 0.231169 
vt 0.349996 0.365198 
vt 0.249997 0.231169 
vt 0.199998 0.204226 
vt 0.249997 0.204226 
vt 0.199998 0.177283 
vt 0.249997 0.177283 
vt 0.199998 0.15034 
vt 0.249997 0.15034 
vt 0.199998 0.123397 
vt 0.299997 0.15034 
vt 0.249997 0.123397 
vt 0.249997 0.0964539 
vt 0.243213 0.810281 
vt 0.317889 0.853065 
vt 0.226221 0.849333 
vt 0.324675 0.822953 
vt 0.204512 0.859864 
vt 0.209513 0.8974 
vt 0.0150907 0.984261 
vt 0.649993 0.0964539 
vt 0.649993 0.0695109 
vt 0.599994 0.0964539 
vt 0.699993 0.042568 
vt 0.749992 0.015625 
vt 0.649993 0.042568 
vt 0.699993 0.015625 
vt 0.599994 0.042568 
vt 0.649993 0.015625 
vt 0.599994 0.0695109 
vt 0.549994 0.042568 
vt 0.599994 0.015625 
vt 0.549994 0.0695109 
vt 0.549994 0.0964539 
vt 0.599994 0.123397 
vt 0.549994 0.123397 
vt 0.499995 0.0964539 
vt 0.499995 0.0695109 
vt 0.499995 0.042568 
vt 0.549994 0.015625 
vt 0.449995 0.0695109 
vt 0.449995 0.042568 
vt 0.499995 0.015625 
vt 0.399996 0.042568 
vt 0.449995 0.015625 
vt 0.399996 0.0695109 
vt 0.349996 0.042568 
vt 0.399996 0.015625 
vt 0.349996 0.0695109 
vt 0.299997 0.042568 
vt 0.349996 0.015625 
vt 0.299997 0.0695109 
vt 0.249997 0.042568 
vt 0.299997 0.015625 
vt 0.249997 0.0695109 
vt 0.199998 0.0695109 
vt 0.199998 0.0964539 
vt 0.199998 0.042568 
vt 0.249997 0.015625 
vt 0.149998 0.0695109 
vt 0.149998 0.042568 
vt 0.199998 0.015625 
vt 0.149998 0.0964539 
vt 0.099999 0.042568 
vt 0.149998 0.015625 
vt 0.099999 0.0964539 
vt 0.099999 0.0695109 
vt 0.0499995 0.042568 
vt 0.099999 0.015625 
vt 0.0499995 0.0964539 
vt 0 0.042568 
vt 0.0499995 0.015625 
vt 0 0.0695109 
vt 0.0499995 0.0695109 
vt 0 0.0964539 
vt 0 0.123397 
vt 0.0499995 0.123397 
vt 0 0.15034 
vt 0.099999 0.123397 
vt 0.0499995 0.15034 
vt 0 0.177283 
vt 0.099999 0.15034 
vt 0.0499995 0.177283 
vt 0 0.204226 
vt 0.149998 0.123397 
vt 0.149998 0.15034 
vt 0.0499995 0.204226 
vt 0 0.231169 
vt 0.099999 0.177283 
vt 0.149998 0.177283 
vt 0.149998 0.204226 
vt 0.099999 0.204226 
vt 0.0499995 0.231169 
vt 0 0.258112 
vt 0.0499995 0.258112 
vt 0 0.285055 
vt 0.099999 0.231169 
vt 0.149998 0.231169 
vt 0.149998 0.258112 
vt 0.099999 0.258112 
vt 0.0499995 0.285055 
vt 0.099999 0.285055 
vt 0.0499995 0.3254 
vt 0 0.3254 
vt 0.099999 0.3254 
vt 0.149998 0.285055 
vt 0.099999 0.365198 
vt 0.0499995 0.365198 
vt 0 0.365198 
vt 0.0499995 0.403934 
vt 0 0.403934 
vt 0.099999 0.403934 
vt 0.0499995 0.441157 
vt 0 0.441157 
vt 0.0499995 0.476521 
vt 0 0.476521 
vt 0.0499995 0.509817 
vt 0 0.509817 
vt 0 0.541021 
vt 0.0499995 0.541021 
vt 0 0.570326 
vt 0.099999 0.527595 
vt 0.0499995 0.570326 
vt 0 0.598172 
vt 0.099999 0.541021 
vt 0.119389 0.538983 
vt 0.126032 0.54919 
vt 0.099999 0.570326 
vt 0.126045 0.570326 
vt 0.0499995 0.598172 
vt 0 0.625218 
vt 0.099999 0.598172 
vt 0.0499995 0.625218 
vt 0.126045 0.598172 
vt 0.099999 0.625218 
vt 0.649993 0.231169 
vt 0.699993 0.258112 
vt 0.599994 0.231169 
vt 0.549994 0.231169 
vt 0.649993 0.258112 
vt 0.549994 0.258112 
vt 0.499995 0.258112 
vt 0.499995 0.285055 
vt 0.599994 0.258112 
vt 0.549994 0.285055 
vt 0.599994 0.285055 
vt 0.599994 0.3254 
vt 0.649993 0.285055 
vt 0.649993 0.3254 
vt 0.699993 0.285055 
vt 0.699993 0.3254 
vt 0.649993 0.365198 
vt 0.749992 0.3254 
vt 0.699993 0.365198 
vt 0.799992 0.365198 
vt 0.749992 0.365198 
vt 0.649993 0.403934 
vt 0.699993 0.403934 
vt 0.849991 0.403934 
vt 0.799992 0.403934 
vt 0.749992 0.403934 
vt 0.799992 0.441157 
vt 0.849991 0.476521 
vt 0.749992 0.441157 
vt 0.799992 0.476521 
vt 0.849991 0.509817 
vt 0.699993 0.441157 
vt 0.649993 0.441157 
vt 0.649993 0.476521 
vt 0.699993 0.476521 
vt 0.634284 0.485004 
vt 0.649993 0.509817 
vt 0.619666 0.509817 
vt 0.749992 0.476521 
vt 0.699993 0.509817 
vt 0.618298 0.526764 
vt 0.603178 0.527416 
vt 0.620711 0.549719 
vt 0.649993 0.541021 
vt 0.649993 0.570326 
vt 0.749992 0.509817 
vt 0.699993 0.541021 
vt 0.699993 0.570326 
vt 0.749992 0.541021 
vt 0.799992 0.509817 
vt 0.749992 0.570326 
vt 0.799992 0.541021 
vt 0.799992 0.570326 
vt 0.849991 0.541021 
vt 0.697679 0.591904 
vt 0.686992 0.584409 
vt 0.749992 0.592857 
vt 0.693829 0.571216 
vt 0.674406 0.580976 
vt 0.649993 0.598172 
vt 0.695393 0.60066 
vt 0.649993 0.625218 
vt 0.849991 0.570326 
vt 0.899991 0.570326 
vt 0.899991 0.541021 
vt 0.903418 0.550968 
vt 0.92468 0.570326 
vt 0.957811 0.5849 
vt 0.899991 0.598172 
vt 0.94999 0.598172 
vt 0.899991 0.625218 
vt 0.881197 0.601092 
vt 0.849991 0.611963 
vt 0.849991 0.625218 
vt 0.516053 0.886879 
vt 0.570424 0.874789 
vt 0.520762 0.902661 
vt 0.570424 0.874789 
vt 0.552208 0.910153 
vt 0.520762 0.902661 
vt 0.299508 0.950377 
vt 0.366718 0.932935 
vt 0.36132 0.96134 
vt 0.301281 0.916221 
vt 0.207665 0.935291 
vt 0.209513 0.8974 
vt 0.520762 0.902661 
vt 0.543871 0.947633 
vt 0.504312 0.914089 
vt 0.549994 0.177283 
vt 0.549994 0.204226 
vt 0.499995 0.231169 
vt 0.449995 0.231169 
vt 0.399996 0.231169 
vt 0.449995 0.258112 
vt 0.349996 0.231169 
vt 0.399996 0.258112 
vt 0.299997 0.258112 
vt 0.349996 0.258112 
vt 0.299997 0.285055 
vt 0.349996 0.285055 
vt 0.349996 0.3254 
vt 0.399996 0.285055 
vt 0.449995 0.285055 
vt 0.399996 0.3254 
vt 0.449995 0.3254 
vt 0.399996 0.365198 
vt 0.449995 0.365198 
vt 0.399996 0.403934 
vt 0.349996 0.441157 
vt 0.299997 0.441157 
vt 0.249997 0.441157 
vt 0.249997 0.476521 
vt 0.299997 0.476521 
vt 0.338878 0.477056 
vt 0.338488 0.492889 
vt 0.299997 0.509817 
vt 0.321271 0.509817 
vt 0.303439 0.51078 
vt 0.310891 0.517218 
vt 0.302885 0.52277 
vt 0.315794 0.54267 
vt 0.290688 0.524276 
vt 0.249997 0.509817 
vt 0.249997 0.541021 
vt 0.302529 0.542178 
vt 0.199998 0.541021 
vt 0.249997 0.570326 
vt 0.149998 0.541021 
vt 0.141475 0.519446 
vt 0.134043 0.541021 
vt 0.134014 0.547452 
vt 0.149998 0.558794 
vt 0.178748 0.570326 
vt 0.222253 0.579215 
vt 0.299997 0.570326 
vt 0.349253 0.564449 
vt 0.349211 0.570326 
vt 0.311496 0.59207 
vt 0.349996 0.598172 
vt 0.299997 0.603653 
vt 0.299997 0.603653 
vt 0.299997 0.625218 
vt 0.232027 0.590268 
vt 0.149998 0.598172 
vt 0.146974 0.566281 
vt 0.199998 0.598172 
vt 0.149998 0.625218 
vt 0.249997 0.598172 
vt 0.199998 0.625218 
vt 0.302797 0.59506 
vt 0.299997 0.598172 
vt 0.26636 0.607485 
vt 0.249997 0.625218 
vt 0.543871 0.947633 
vt 0.520762 0.902661 
vt 0.552208 0.910153 
vt 0.258565 0.769271 
vt 0.324675 0.822953 
vt 0.243213 0.810281 
vt 0.339543 0.796959 
vt 0.258565 0.769271 
vt 0.215732 0.78835 
vt 0.239829 0.756221 
vt 0.243213 0.810281 
vt 0.144826 0.697151 
vt 0.129881 0.722112 
vt 0.0455526 0.655957 
vt 0.190507 0.818384 
vt 0.243213 0.810281 
vt 0.226221 0.849333 
vt 0.215732 0.78835 
vt 0.129881 0.722112 
vt 0.108498 0.74236 
vt 0.0455526 0.655957 
vt 0.651023 0.742398 
vt 0.691575 0.792585 
vt 0.642026 0.766084 
vt 0.71418 0.7874 
vt 0.0150907 0.984261 
vt 0.209513 0.8974 
vt 0.207665 0.935291 
vt 0.64966 0.976343 
vt 0.655266 0.948451 
vt 0.752656 0.984261 
vt 0.543871 0.947633 
vt 0.552208 0.910153 
vt 0.392223 0.866295 
vt 0.324675 0.822953 
vt 0.339543 0.796959 
vt 0.339543 0.796959 
vt 0.258565 0.769271 
vt 0.349545 0.768353 
vt 0.339543 0.796959 
vt 0.453034 0.780978 
vt 0.457926 0.81274 
vt 0.349545 0.768353 
vt 0.459949 0.885442 
vt 0.504312 0.914089 
vt 0.368789 0.904168 
vt 0.366718 0.932935 
vt 0.752656 0.984261 
vt 0.655266 0.948451 
vt 0.668086 0.923882 
vt 0.552208 0.910153 
vt 0.570424 0.874789 
vt 0.368789 0.904168 
vt 0.301281 0.916221 
vt 0.299227 0.884273 
vt 0.366718 0.932935 
vt 0.209513 0.8974 
vt 0.204512 0.859864 
vt 0.317889 0.853065 
vt 0.324675 0.822953 
vt 0.392223 0.866295 
vt 0.451803 0.748985 
vt 0.349545 0.768353 
vt 0.352188 0.738061 
vt 0.453034 0.780978 
vt 0.422259 0.95939 
vt 0.504312 0.914089 
vt 0.543871 0.947633 
vt 0.366718 0.932935 
vt 0.36132 0.96134 
vt 0.613296 0.713986 
vt 0.530669 0.731186 
vt 0.522041 0.705387 
vt 0.601569 0.74275 
vt 0.457203 0.717708 
vt 0.551399 0.659144 
vt 0.708224 0.662691 
vt 0.692432 0.687428 
vt 0.920342 0.780805 
vt 0.873126 0.833839 
vt 0.850595 0.813272 
vt 0.931631 0.80506 
vt 0.971601 0.78438 
vt 0.675017 0.712738 
vt 0.551399 0.659144 
vt 0.692432 0.687428 
vt 0.347814 0.712435 
vt 0.422695 0.70167 
vt 0.352188 0.738061 
vt 0.405565 0.681246 
vt 0.459949 0.885442 
vt 0.390141 0.824082 
vt 0.516053 0.886879 
vt 0.528908 0.822863 
vt 0.484601 0.767409 
vt 0.550929 0.807154 
vt 0.469171 0.790008 
vt 0.453034 0.780978 
vt 0.451803 0.748985 
vt 0.771096 0.761458 
vt 0.82977 0.779012 
vt 0.746452 0.785398 
vt 0.705299 0.753921 
vt 0.71418 0.7874 
vt 0.651023 0.742398 
vt 0.460469 0.672364 
vt 0.405565 0.681246 
vt 0.401281 0.655957 
vt 0.347814 0.712435 
vt 0.352188 0.738061 
vt 0.258565 0.769271 
vt 0.352188 0.738061 
vt 0.349545 0.768353 
vt 0.258565 0.769271 
vt 0.651023 0.742398 
vt 0.610827 0.749344 
vt 0.632383 0.726775 
vt 0.642026 0.766084 
vt 0.601569 0.74275 
vt 0.613296 0.713986 
vt 0.422695 0.70167 
vt 0.405565 0.681246 
vt 0.460469 0.672364 
vt 0.767045 0.659636 
vt 0.821403 0.686145 
vt 0.762006 0.687283 
vt 0.819718 0.659144 
vt 0.708224 0.662691 
vt 0.692432 0.687428 
vt 0.0394758 0.712893 
vt 0.0460776 0.760058 
vt 0.0234808 0.754593 
vt 0.787985 0.899102 
vt 0.816596 0.978433 
vt 0.769256 0.908566 
vt 0.715007 0.829737 
vt 0.733431 0.813115 
vt 0.691575 0.792585 
vt 0.769256 0.908566 
vt 0.816596 0.978433 
vt 0.754144 0.923258 
vt 0.701777 0.853642 
vt 0.715007 0.829737 
vt 0.691575 0.792585 
vt 0.642026 0.766084 
vt 0.628384 0.792061 
vt 0.570424 0.874789 
vt 0.516053 0.886879 
vt 0.390141 0.824082 
vt 0.83642 0.905486 
vt 0.873126 0.833839 
vt 0.8889 0.859013 
vt 0.337476 0.685269 
vt 0.405565 0.681246 
vt 0.347814 0.712435 
vt 0.401281 0.655957 
vt 0.628384 0.792061 
vt 0.610827 0.749344 
vt 0.642026 0.766084 
vt 0.590057 0.77229 
vt 0.601569 0.74275 
vt 0.550929 0.807154 
vt 0.603514 0.838322 
vt 0.528908 0.822863 
vt 0.971673 0.893118 
vt 0.953082 0.877407 
vt 0.99046 0.828554 
vt 0.850595 0.813272 
vt 0.873126 0.833839 
vt 0.83642 0.905486 
vt 0.0683131 0.754999 
vt 0.0460776 0.760058 
vt 0.0394758 0.712893 
vt 0.762006 0.687283 
vt 0.824991 0.712977 
vt 0.758159 0.714695 
vt 0.821403 0.686145 
vt 0.692432 0.687428 
vt 0.675017 0.712738 
vt 0.108978 0.798643 
vt 0.11821 0.811481 
vt 0.0980648 0.811368 
vt 0.0635503 0.805783 
vt 0.0817043 0.780907 
vt 0.0570671 0.796253 
vt 0.0542791 0.833017 
vt 0.5184 0.848021 
vt 0.528908 0.822863 
vt 0.603514 0.838322 
vt 0.0234808 0.754593 
vt 0.0570671 0.796253 
vt 0.0281817 0.837402 
vt 0.0460776 0.760058 
vt 0.0542791 0.833017 
vt 0.337476 0.685269 
vt 0.347814 0.712435 
vt 0.258565 0.769271 
vt 0.225658 0.696192 
vt 0.267317 0.672434 
vt 0.271841 0.696193 
vt 0.231455 0.670616 
vt 0.227603 0.644596 
vt 0.267317 0.672434 
vt 0.231455 0.670616 
vt 0.277038 0.650302 
vt 0.89159 0.887738 
vt 0.910908 0.902873 
vt 0.851859 0.945393 
vt 0.733431 0.813115 
vt 0.746452 0.785398 
vt 0.82977 0.779012 
vt 0.71418 0.7874 
vt 0.691575 0.792585 
vt 0.851859 0.945393 
vt 0.910908 0.902873 
vt 0.924515 0.923531 
vt 0.469171 0.790008 
vt 0.5184 0.848021 
vt 0.457926 0.81274 
vt 0.528908 0.822863 
vt 0.453034 0.780978 
vt 0.527964 0.757892 
vt 0.601569 0.74275 
vt 0.590057 0.77229 
vt 0.530669 0.731186 
vt 0.457203 0.717708 
vt 0.0570671 0.796253 
vt 0.0683131 0.754999 
vt 0.0817043 0.780907 
vt 0.0460776 0.760058 
vt 0.169396 0.672059 
vt 0.231455 0.670616 
vt 0.225658 0.696192 
vt 0.0281817 0.837402 
vt 0.0542791 0.833017 
vt 0.0234808 0.931574 
vt 0.936931 0.85769 
vt 0.938875 0.88639 
vt 0.925265 0.862407 
vt 0.953082 0.877407 
vt 0.910908 0.902873 
vt 0.89159 0.887738 
vt 0.0234808 0.931574 
vt 0.0542791 0.833017 
vt 0.0782909 0.844113 
vt 0.08352 0.834097 
vt 0.0635503 0.805783 
vt 0.227603 0.644596 
vt 0.231455 0.670616 
vt 0.169396 0.672059 
vt 0.953082 0.877407 
vt 0.936931 0.85769 
vt 0.99046 0.828554 
vt 0.31133 0.666684 
vt 0.271841 0.696193 
vt 0.267317 0.672434 
vt 0.108344 0.82493 
vt 0.0980648 0.811368 
vt 0.11821 0.811481 
vt 0.08352 0.834097 
vt 0.0635503 0.805783 
vt 0.8889 0.859013 
vt 0.931631 0.80506 
vt 0.954736 0.815075 
vt 0.873126 0.833839 
vt 0.971601 0.78438 
vt 0.938875 0.88639 
vt 0.971673 0.893118 
vt 0.953015 0.908572 
vt 0.953082 0.877407 
vt 0.924515 0.923531 
vt 0.910908 0.902873 
vt 0.277038 0.650302 
vt 0.31133 0.666684 
vt 0.267317 0.672434 

usemtl Tier11Mtl

f 1/1/1 2/2/2 3/3/3 
f 4/4/4 3/3/3 2/2/2 
f 1/1/1 3/3/3 5/5/5 
f 6/6/6 1/1/1 5/5/5 
f 6/6/6 5/5/5 7/7/7 
f 8/8/8 5/5/5 3/3/3 
f 3/3/3 4/4/4 8/8/8 
f 9/9/9 10/10/10 5/5/5 
f 5/5/5 8/8/8 9/9/9 
f 8/8/8 11/11/11 9/9/9 
f 11/11/11 12/12/12 9/9/9 
f 13/13/13 8/8/8 4/4/4 
f 4/4/4 14/14/14 13/13/13 
f 15/15/15 11/11/11 8/8/8 
f 8/8/8 13/13/13 15/15/15 
f 15/15/15 16/16/16 11/11/11 
f 16/16/16 17/17/17 11/11/11 
f 13/13/13 18/18/18 15/15/15 
f 16/16/16 15/15/15 18/18/18 
f 18/18/18 13/13/13 19/19/19 
f 14/14/14 19/19/19 13/13/13 
f 20/20/20 16/16/16 18/18/18 
f 19/19/19 20/20/20 18/18/18 
f 19/19/19 14/14/14 21/21/21 
f 16/16/16 20/20/20 22/22/22 
f 22/22/22 23/23/23 16/16/16 
f 24/24/24 21/21/21 14/14/14 
f 25/25/25 22/22/22 20/20/20 
f 20/20/20 19/19/19 26/26/26 
f 26/26/26 25/25/25 20/20/20 
f 27/27/27 19/19/19 21/21/21 
f 19/19/19 27/27/27 26/26/26 
f 21/21/21 24/24/24 28/28/28 
f 28/28/28 27/27/27 21/21/21 
f 24/24/24 29/29/29 28/28/28 
f 27/27/27 28/28/28 30/30/30 
f 31/31/31 26/26/26 27/27/27 
f 30/30/30 31/31/31 27/27/27 
f 26/26/26 31/31/31 32/32/32 
f 25/25/25 26/26/26 32/32/32 
f 31/31/31 30/30/30 33/33/33 
f 28/28/28 34/34/34 30/30/30 
f 34/34/34 33/33/33 30/30/30 
f 34/34/34 28/28/28 29/29/29 
f 33/33/33 35/35/35 31/31/31 
f 32/32/32 31/31/31 35/35/35 
f 36/36/36 37/37/37 38/38/38 
f 37/37/37 36/36/36 39/39/39 
f 38/38/38 40/40/40 36/36/36 
f 41/41/41 39/39/39 42/42/42 
f 42/42/42 43/43/43 41/41/41 
f 40/40/40 44/44/44 36/36/36 
f 44/44/44 40/40/40 45/45/45 
f 36/36/36 46/46/46 39/39/39 
f 46/46/46 36/36/36 44/44/44 
f 39/39/39 47/47/47 42/42/42 
f 47/47/47 39/39/39 46/46/46 
f 43/43/43 42/42/42 48/48/48 
f 48/48/48 49/49/49 43/43/43 
f 50/50/50 42/42/42 47/47/47 
f 42/42/42 50/50/50 48/48/48 
f 47/47/47 46/46/46 51/51/51 
f 50/50/50 47/47/47 52/52/52 
f 52/52/52 47/47/47 51/51/51 
f 51/51/51 46/46/46 53/53/53 
f 44/44/44 53/53/53 46/46/46 
f 51/51/51 54/54/54 52/52/52 
f 45/45/45 55/55/55 44/44/44 
f 53/53/53 44/44/44 55/55/55 
f 55/55/55 45/45/45 56/56/56 
f 56/56/56 57/57/57 55/55/55 
f 55/55/55 58/58/58 53/53/53 
f 58/58/58 55/55/55 57/57/57 
f 53/53/53 59/59/59 51/51/51 
f 59/59/59 53/53/53 58/58/58 
f 54/54/54 51/51/51 59/59/59 
f 60/60/60 58/58/58 57/57/57 
f 60/60/60 59/59/59 58/58/58 
f 61/61/61 62/62/62 63/63/63 
f 63/63/63 62/62/62 64/64/64 
f 61/61/61 63/63/63 65/65/65 
f 65/65/65 63/63/63 64/64/64 
f 64/64/64 66/66/66 65/65/65 
f 67/67/67 65/65/65 68/68/68 
f 69/69/69 65/65/65 67/67/67 
f 69/69/69 67/67/67 70/70/70 
f 67/67/67 71/71/71 70/70/70 
f 71/71/71 67/67/67 72/72/72 
f 73/73/73 72/72/72 67/67/67 
f 74/74/74 75/75/75 76/76/76 
f 76/76/76 75/75/75 77/77/77 
f 77/77/77 75/75/75 24/24/24 
f 78/78/78 74/74/74 76/76/76 
f 29/29/29 24/24/24 75/75/75 
f 74/74/74 78/78/78 79/79/79 
f 80/80/80 79/79/79 78/78/78 
f 81/81/81 75/75/75 74/74/74 
f 75/75/75 81/81/81 29/29/29 
f 82/82/82 74/74/74 79/79/79 
f 74/74/74 82/82/82 81/81/81 
f 83/83/83 79/79/79 80/80/80 
f 80/80/80 84/84/84 83/83/83 
f 79/79/79 85/85/85 82/82/82 
f 85/85/85 79/79/79 83/83/83 
f 86/86/86 83/83/83 84/84/84 
f 83/83/83 86/86/86 85/85/85 
f 87/87/87 86/86/86 84/84/84 
f 88/88/88 86/86/86 87/87/87 
f 89/89/89 88/88/88 87/87/87 
f 90/90/90 85/85/85 86/86/86 
f 88/88/88 90/90/90 86/86/86 
f 91/91/91 82/82/82 85/85/85 
f 85/85/85 90/90/90 91/91/91 
f 82/82/82 91/91/91 92/92/92 
f 92/92/92 81/81/81 82/82/82 
f 81/81/81 92/92/92 93/93/93 
f 93/93/93 29/29/29 81/81/81 
f 29/29/29 93/93/93 34/34/34 
f 93/93/93 94/94/94 34/34/34 
f 34/34/34 94/94/94 33/33/33 
f 94/94/94 95/95/95 33/33/33 
f 94/94/94 93/93/93 96/96/96 
f 92/92/92 96/96/96 93/93/93 
f 97/97/97 95/95/95 94/94/94 
f 96/96/96 97/97/97 94/94/94 
f 98/98/98 95/95/95 97/97/97 
f 97/97/97 99/99/99 98/98/98 
f 100/100/100 99/99/99 97/97/97 
f 97/97/97 96/96/96 100/100/100 
f 99/99/99 100/100/100 101/101/101 
f 96/96/96 92/92/92 102/102/102 
f 102/102/102 100/100/100 96/96/96 
f 91/91/91 102/102/102 92/92/92 
f 103/103/103 104/104/104 105/105/105 
f 106/106/106 104/104/104 103/103/103 
f 106/106/106 107/107/107 104/104/104 
f 108/108/108 105/105/105 104/104/104 
f 109/109/109 108/108/108 104/104/104 
f 109/109/109 110/110/110 108/108/108 
f 111/111/111 112/112/112 113/113/113 
f 113/113/113 114/114/114 111/111/111 
f 114/114/114 115/115/115 111/111/111 
f 115/115/115 114/114/114 116/116/116 
f 117/117/117 113/113/113 112/112/112 
f 117/117/117 118/118/118 113/113/113 
f 117/117/117 112/112/112 119/119/119 
f 120/120/120 118/118/118 117/117/117 
f 117/117/117 119/119/119 121/121/121 
f 120/120/120 117/117/117 121/121/121 
f 122/122/122 123/123/123 124/124/124 
f 125/125/125 126/126/126 127/127/127 
f 128/128/128 129/129/129 120/120/120 
f 130/130/130 120/120/120 129/129/129 
f 129/129/129 131/131/131 130/130/130 
f 120/120/120 130/130/130 132/132/132 
f 120/120/120 132/132/132 118/118/118 
f 131/131/131 129/129/129 133/133/133 
f 133/133/133 134/134/134 131/131/131 
f 135/135/135 133/133/133 129/129/129 
f 129/129/129 128/128/128 135/135/135 
f 134/134/134 133/133/133 136/136/136 
f 136/136/136 137/137/137 134/134/134 
f 138/138/138 136/136/136 133/133/133 
f 133/133/133 135/135/135 138/138/138 
f 137/137/137 136/136/136 139/139/139 
f 139/139/139 140/140/140 137/137/137 
f 136/136/136 138/138/138 141/141/141 
f 141/141/141 139/139/139 136/136/136 
f 135/135/135 142/142/142 138/138/138 
f 142/142/142 141/141/141 138/138/138 
f 140/140/140 139/139/139 143/143/143 
f 143/143/143 144/144/144 140/140/140 
f 139/139/139 141/141/141 145/145/145 
f 145/145/145 143/143/143 139/139/139 
f 141/141/141 89/89/89 145/145/145 
f 143/143/143 145/145/145 146/146/146 
f 89/89/89 146/146/146 145/145/145 
f 144/144/144 143/143/143 147/147/147 
f 146/146/146 147/147/147 143/143/143 
f 144/144/144 147/147/147 148/148/148 
f 144/144/144 148/148/148 149/149/149 
f 147/147/147 146/146/146 150/150/150 
f 147/147/147 80/80/80 148/148/148 
f 150/150/150 80/80/80 147/147/147 
f 149/149/149 148/148/148 151/151/151 
f 149/149/149 151/151/151 152/152/152 
f 87/87/87 150/150/150 146/146/146 
f 146/146/146 89/89/89 87/87/87 
f 150/150/150 87/87/87 84/84/84 
f 84/84/84 80/80/80 150/150/150 
f 153/153/153 152/152/152 151/151/151 
f 152/152/152 153/153/153 154/154/154 
f 148/148/148 78/78/78 151/151/151 
f 80/80/80 78/78/78 148/148/148 
f 151/151/151 76/76/76 153/153/153 
f 76/76/76 151/151/151 78/78/78 
f 155/155/155 154/154/154 153/153/153 
f 154/154/154 155/155/155 156/156/156 
f 76/76/76 77/77/77 153/153/153 
f 153/153/153 77/77/77 155/155/155 
f 156/156/156 155/155/155 157/157/157 
f 156/156/156 157/157/157 158/158/158 
f 77/77/77 159/159/159 155/155/155 
f 155/155/155 159/159/159 157/157/157 
f 158/158/158 157/157/157 160/160/160 
f 159/159/159 160/160/160 157/157/157 
f 160/160/160 161/161/161 158/158/158 
f 161/161/161 160/160/160 162/162/162 
f 77/77/77 24/24/24 159/159/159 
f 162/162/162 160/160/160 2/2/2 
f 1/1/1 162/162/162 2/2/2 
f 160/160/160 159/159/159 163/163/163 
f 163/163/163 2/2/2 160/160/160 
f 159/159/159 14/14/14 163/163/163 
f 159/159/159 24/24/24 14/14/14 
f 2/2/2 163/163/163 4/4/4 
f 14/14/14 4/4/4 163/163/163 
f 164/164/164 165/165/165 166/166/166 
f 167/167/167 166/166/166 165/165/165 
f 165/165/165 164/164/164 168/168/168 
f 168/168/168 164/164/164 169/169/169 
f 168/168/168 169/169/169 170/170/170 
f 164/164/164 171/171/171 169/169/169 
f 172/172/172 168/168/168 170/170/170 
f 172/172/172 165/165/165 168/168/168 
f 172/172/172 170/170/170 173/173/173 
f 165/165/165 172/172/172 174/174/174 
f 174/174/174 167/167/167 165/165/165 
f 175/175/175 172/172/172 173/173/173 
f 175/175/175 174/174/174 172/172/172 
f 175/175/175 173/173/173 176/176/176 
f 176/176/176 177/177/177 175/175/175 
f 174/174/174 175/175/175 178/178/178 
f 178/178/178 175/175/175 179/179/179 
f 180/180/180 174/174/174 178/178/178 
f 180/180/180 178/178/178 181/181/181 
f 174/174/174 180/180/180 182/182/182 
f 182/182/182 167/167/167 174/174/174 
f 183/183/183 182/182/182 180/180/180 
f 183/183/183 180/180/180 184/184/184 
f 167/167/167 182/182/182 185/185/185 
f 186/186/186 187/187/187 183/183/183 
f 187/187/187 188/188/188 183/183/183 
f 182/182/182 183/183/183 189/189/189 
f 189/189/189 183/183/183 188/188/188 
f 182/182/182 189/189/189 185/185/185 
f 189/189/189 188/188/188 190/190/190 
f 185/185/185 189/189/189 190/190/190 
f 190/190/190 191/191/191 185/185/185 
f 192/192/192 185/185/185 191/191/191 
f 167/167/167 185/185/185 193/193/193 
f 185/185/185 192/192/192 193/193/193 
f 194/194/194 167/167/167 193/193/193 
f 166/166/166 167/167/167 194/194/194 
f 194/194/194 195/195/195 166/166/166 
f 195/195/195 164/164/164 166/166/166 
f 193/193/193 196/196/196 194/194/194 
f 195/195/195 194/194/194 196/196/196 
f 164/164/164 195/195/195 197/197/197 
f 197/197/197 171/171/171 164/164/164 
f 196/196/196 198/198/198 195/195/195 
f 195/195/195 198/198/198 197/197/197 
f 171/171/171 197/197/197 199/199/199 
f 200/200/200 171/171/171 199/199/199 
f 201/201/201 200/200/200 199/199/199 
f 197/197/197 202/202/202 199/199/199 
f 199/199/199 202/202/202 201/201/201 
f 197/197/197 198/198/198 202/202/202 
f 202/202/202 203/203/203 201/201/201 
f 201/201/201 203/203/203 204/204/204 
f 205/205/205 202/202/202 198/198/198 
f 202/202/202 205/205/205 203/203/203 
f 206/206/206 205/205/205 198/198/198 
f 198/198/198 196/196/196 206/206/206 
f 205/205/205 206/206/206 207/207/207 
f 207/207/207 208/208/208 205/205/205 
f 205/205/205 208/208/208 203/203/203 
f 209/209/209 206/206/206 196/196/196 
f 206/206/206 209/209/209 210/210/210 
f 196/196/196 193/193/193 209/209/209 
f 211/211/211 210/210/210 209/209/209 
f 203/203/203 208/208/208 212/212/212 
f 212/212/212 204/204/204 203/203/203 
f 208/208/208 213/213/213 212/212/212 
f 204/204/204 212/212/212 214/214/214 
f 212/212/212 213/213/213 215/215/215 
f 212/212/212 215/215/215 214/214/214 
f 211/211/211 209/209/209 216/216/216 
f 193/193/193 216/216/216 209/209/209 
f 216/216/216 217/217/217 211/211/211 
f 216/216/216 193/193/193 192/192/192 
f 216/216/216 218/218/218 217/217/217 
f 192/192/192 218/218/218 216/216/216 
f 192/192/192 219/219/219 218/218/218 
f 220/220/220 221/221/221 222/222/222 
f 223/223/223 220/220/220 222/222/222 
f 224/224/224 221/221/221 220/220/220 
f 224/224/224 220/220/220 223/223/223 
f 224/224/224 225/225/225 221/221/221 
f 224/224/224 223/223/223 226/226/226 
f 227/227/227 224/224/224 226/226/226 
f 228/228/228 227/227/227 226/226/226 
f 223/223/223 229/229/229 226/226/226 
f 229/229/229 223/223/223 230/230/230 
f 230/230/230 231/231/231 229/229/229 
f 232/232/232 226/226/226 229/229/229 
f 233/233/233 229/229/229 231/231/231 
f 229/229/229 233/233/233 232/232/232 
f 226/226/226 234/234/234 228/228/228 
f 226/226/226 232/232/232 234/234/234 
f 234/234/234 235/235/235 228/228/228 
f 235/235/235 236/236/236 228/228/228 
f 231/231/231 237/237/237 233/233/233 
f 237/237/237 231/231/231 238/238/238 
f 239/239/239 232/232/232 233/233/233 
f 238/238/238 240/240/240 237/237/237 
f 240/240/240 238/238/238 241/241/241 
f 241/241/241 242/242/242 240/240/240 
f 243/243/243 233/233/233 237/237/237 
f 233/233/233 243/243/243 239/239/239 
f 244/244/244 237/237/237 240/240/240 
f 237/237/237 244/244/244 243/243/243 
f 245/245/245 240/240/240 242/242/242 
f 240/240/240 245/245/245 244/244/244 
f 246/246/246 245/245/245 242/242/242 
f 243/243/243 244/244/244 247/247/247 
f 239/239/239 243/243/243 248/248/248 
f 248/248/248 243/243/243 247/247/247 
f 247/247/247 244/244/244 249/249/249 
f 244/244/244 245/245/245 249/249/249 
f 248/248/248 247/247/247 250/250/250 
f 245/245/245 246/246/246 251/251/251 
f 251/251/251 246/246/246 252/252/252 
f 247/247/247 249/249/249 253/253/253 
f 250/250/250 247/247/247 253/253/253 
f 251/251/251 252/252/252 254/254/254 
f 255/255/255 254/254/254 252/252/252 
f 254/254/254 255/255/255 256/256/256 
f 257/257/257 256/256/256 255/255/255 
f 49/49/49 251/251/251 254/254/254 
f 256/256/256 257/257/257 258/258/258 
f 258/258/258 257/257/257 259/259/259 
f 43/43/43 254/254/254 256/256/256 
f 254/254/254 43/43/43 49/49/49 
f 41/41/41 256/256/256 258/258/258 
f 256/256/256 41/41/41 43/43/43 
f 258/258/258 259/259/259 260/260/260 
f 260/260/260 259/259/259 261/261/261 
f 262/262/262 258/258/258 260/260/260 
f 258/258/258 262/262/262 41/41/41 
f 260/260/260 261/261/261 263/263/263 
f 262/262/262 260/260/260 263/263/263 
f 261/261/261 264/264/264 263/263/263 
f 37/37/37 263/263/263 264/264/264 
f 263/263/263 37/37/37 262/262/262 
f 264/264/264 38/38/38 37/37/37 
f 39/39/39 41/41/41 262/262/262 
f 39/39/39 262/262/262 37/37/37 
f 265/265/265 266/266/266 267/267/267 
f 265/265/265 268/268/268 266/266/266 
f 269/269/269 270/270/270 271/271/271 
f 25/25/25 32/32/32 272/272/272 
f 272/272/272 32/32/32 35/35/35 
f 273/273/273 25/25/25 272/272/272 
f 274/274/274 272/272/272 35/35/35 
f 273/273/273 272/272/272 274/274/274 
f 35/35/35 33/33/33 95/95/95 
f 275/275/275 25/25/25 273/273/273 
f 25/25/25 275/275/275 22/22/22 
f 275/275/275 276/276/276 22/22/22 
f 273/273/273 277/277/277 275/275/275 
f 277/277/277 278/278/278 275/275/275 
f 277/277/277 273/273/273 279/279/279 
f 279/279/279 280/280/280 277/277/277 
f 273/273/273 281/281/281 279/279/279 
f 273/273/273 274/274/274 281/281/281 
f 281/281/281 282/282/282 279/279/279 
f 282/282/282 283/283/283 279/279/279 
f 282/282/282 281/281/281 284/284/284 
f 274/274/274 285/285/285 281/281/281 
f 281/281/281 285/285/285 284/284/284 
f 274/274/274 286/286/286 285/285/285 
f 35/35/35 286/286/286 274/274/274 
f 286/286/286 35/35/35 95/95/95 
f 286/286/286 287/287/287 285/285/285 
f 95/95/95 98/98/98 286/286/286 
f 286/286/286 98/98/98 287/287/287 
f 288/288/288 284/284/284 285/285/285 
f 287/287/287 288/288/288 285/285/285 
f 284/284/284 288/288/288 289/289/289 
f 289/289/289 282/282/282 284/284/284 
f 57/57/57 288/288/288 287/287/287 
f 282/282/282 289/289/289 290/290/290 
f 282/282/282 290/290/290 291/291/291 
f 56/56/56 289/289/289 288/288/288 
f 57/57/57 56/56/56 288/288/288 
f 292/292/292 290/290/290 289/289/289 
f 289/289/289 56/56/56 292/292/292 
f 293/293/293 294/294/294 290/290/290 
f 290/290/290 292/292/292 293/293/293 
f 292/292/292 295/295/295 293/293/293 
f 295/295/295 296/296/296 293/293/293 
f 45/45/45 292/292/292 56/56/56 
f 295/295/295 292/292/292 297/297/297 
f 45/45/45 297/297/297 292/292/292 
f 297/297/297 298/298/298 295/295/295 
f 298/298/298 299/299/299 295/295/295 
f 297/297/297 45/45/45 40/40/40 
f 298/298/298 297/297/297 300/300/300 
f 40/40/40 300/300/300 297/297/297 
f 298/298/298 300/300/300 301/301/301 
f 301/301/301 302/302/302 298/298/298 
f 300/300/300 40/40/40 38/38/38 
f 300/300/300 303/303/303 301/301/301 
f 300/300/300 38/38/38 303/303/303 
f 301/301/301 303/303/303 304/304/304 
f 304/304/304 305/305/305 301/301/301 
f 38/38/38 264/264/264 303/303/303 
f 303/303/303 306/306/306 304/304/304 
f 303/303/303 264/264/264 306/306/306 
f 307/307/307 304/304/304 306/306/306 
f 264/264/264 308/308/308 306/306/306 
f 306/306/306 308/308/308 307/307/307 
f 304/304/304 307/307/307 309/309/309 
f 309/309/309 310/310/310 304/304/304 
f 311/311/311 309/309/309 307/307/307 
f 312/312/312 313/313/313 309/309/309 
f 309/309/309 311/311/311 312/312/312 
f 314/314/314 307/307/307 308/308/308 
f 307/307/307 314/314/314 311/311/311 
f 261/261/261 314/314/314 308/308/308 
f 264/264/264 261/261/261 308/308/308 
f 311/311/311 315/315/315 312/312/312 
f 315/315/315 316/316/316 312/312/312 
f 317/317/317 311/311/311 314/314/314 
f 315/315/315 311/311/311 318/318/318 
f 311/311/311 317/317/317 318/318/318 
f 318/318/318 319/319/319 315/315/315 
f 319/319/319 320/320/320 315/315/315 
f 321/321/321 318/318/318 317/317/317 
f 322/322/322 323/323/323 319/319/319 
f 324/324/324 322/322/322 319/319/319 
f 319/319/319 318/318/318 325/325/325 
f 319/319/319 325/325/325 324/324/324 
f 321/321/321 325/325/325 318/318/318 
f 326/326/326 324/324/324 325/325/325 
f 325/325/325 321/321/321 326/326/326 
f 326/326/326 321/321/321 327/327/327 
f 321/321/321 328/328/328 327/327/327 
f 327/327/327 328/328/328 329/329/329 
f 321/321/321 330/330/330 328/328/328 
f 330/330/330 321/321/321 317/317/317 
f 328/328/328 331/331/331 329/329/329 
f 331/331/331 332/332/332 329/329/329 
f 333/333/333 328/328/328 330/330/330 
f 328/328/328 333/333/333 331/331/331 
f 332/332/332 331/331/331 334/334/334 
f 333/333/333 334/334/334 331/331/331 
f 334/334/334 335/335/335 332/332/332 
f 317/317/317 336/336/336 330/330/330 
f 336/336/336 317/317/317 314/314/314 
f 336/336/336 314/314/314 261/261/261 
f 337/337/337 330/330/330 336/336/336 
f 330/330/330 337/337/337 333/333/333 
f 335/335/335 334/334/334 338/338/338 
f 338/338/338 339/339/339 335/335/335 
f 340/340/340 334/334/334 333/333/333 
f 340/340/340 338/338/338 334/334/334 
f 341/341/341 333/333/333 337/337/337 
f 333/333/333 341/341/341 340/340/340 
f 259/259/259 337/337/337 336/336/336 
f 259/259/259 336/336/336 261/261/261 
f 341/341/341 337/337/337 257/257/257 
f 257/257/257 337/337/337 259/259/259 
f 342/342/342 340/340/340 341/341/341 
f 255/255/255 341/341/341 257/257/257 
f 341/341/341 255/255/255 342/342/342 
f 340/340/340 342/342/342 343/343/343 
f 338/338/338 340/340/340 343/343/343 
f 339/339/339 338/338/338 344/344/344 
f 343/343/343 344/344/344 338/338/338 
f 344/344/344 345/345/345 339/339/339 
f 345/345/345 344/344/344 346/346/346 
f 346/346/346 347/347/347 345/345/345 
f 344/344/344 343/343/343 348/348/348 
f 348/348/348 346/346/346 344/344/344 
f 349/349/349 343/343/343 342/342/342 
f 343/343/343 349/349/349 348/348/348 
f 349/349/349 342/342/342 252/252/252 
f 252/252/252 342/342/342 255/255/255 
f 350/350/350 348/348/348 349/349/349 
f 246/246/246 349/349/349 252/252/252 
f 350/350/350 349/349/349 246/246/246 
f 346/346/346 348/348/348 351/351/351 
f 351/351/351 348/348/348 350/350/350 
f 351/351/351 352/352/352 346/346/346 
f 347/347/347 346/346/346 352/352/352 
f 352/352/352 351/351/351 353/353/353 
f 354/354/354 347/347/347 352/352/352 
f 347/347/347 354/354/354 355/355/355 
f 356/356/356 352/352/352 353/353/353 
f 352/352/352 356/356/356 354/354/354 
f 351/351/351 357/357/357 353/353/353 
f 357/357/357 351/351/351 350/350/350 
f 357/357/357 356/356/356 353/353/353 
f 350/350/350 242/242/242 357/357/357 
f 242/242/242 350/350/350 246/246/246 
f 356/356/356 357/357/357 241/241/241 
f 242/242/242 241/241/241 357/357/357 
f 358/358/358 354/354/354 356/356/356 
f 241/241/241 358/358/358 356/356/356 
f 359/359/359 354/354/354 358/358/358 
f 359/359/359 355/355/355 354/354/354 
f 360/360/360 355/355/355 359/359/359 
f 361/361/361 360/360/360 359/359/359 
f 362/362/362 360/360/360 361/361/361 
f 363/363/363 359/359/359 358/358/358 
f 361/361/361 359/359/359 363/363/363 
f 364/364/364 362/362/362 361/361/361 
f 365/365/365 362/362/362 364/364/364 
f 230/230/230 361/361/361 363/363/363 
f 361/361/361 230/230/230 364/364/364 
f 238/238/238 363/363/363 358/358/358 
f 358/358/358 241/241/241 238/238/238 
f 231/231/231 230/230/230 363/363/363 
f 363/363/363 238/238/238 231/231/231 
f 366/366/366 365/365/365 364/364/364 
f 367/367/367 365/365/365 366/366/366 
f 223/223/223 364/364/364 230/230/230 
f 364/364/364 223/223/223 366/366/366 
f 368/368/368 367/367/367 366/366/366 
f 367/367/367 368/368/368 369/369/369 
f 369/369/369 368/368/368 370/370/370 
f 368/368/368 366/366/366 222/222/222 
f 366/366/366 223/223/223 222/222/222 
f 368/368/368 371/371/371 370/370/370 
f 222/222/222 371/371/371 368/368/368 
f 371/371/371 372/372/372 370/370/370 
f 373/373/373 371/371/371 222/222/222 
f 372/372/372 371/371/371 374/374/374 
f 372/372/372 374/374/374 375/375/375 
f 373/373/373 376/376/376 371/371/371 
f 373/373/373 377/377/377 376/376/376 
f 376/376/376 377/377/377 378/378/378 
f 376/376/376 379/379/379 371/371/371 
f 378/378/378 379/379/379 376/376/376 
f 379/379/379 374/374/374 371/371/371 
f 378/378/378 380/380/380 379/379/379 
f 374/374/374 381/381/381 375/375/375 
f 379/379/379 381/381/381 374/374/374 
f 381/381/381 382/382/382 375/375/375 
f 380/380/380 383/383/383 379/379/379 
f 381/381/381 379/379/379 383/383/383 
f 381/381/381 383/383/383 384/384/384 
f 383/383/383 380/380/380 385/385/385 
f 383/383/383 385/385/385 386/386/386 
f 387/387/387 101/101/101 100/100/100 
f 100/100/100 102/102/102 387/387/387 
f 91/91/91 388/388/388 102/102/102 
f 388/388/388 387/387/387 102/102/102 
f 90/90/90 388/388/388 91/91/91 
f 101/101/101 387/387/387 389/389/389 
f 390/390/390 101/101/101 389/389/389 
f 391/391/391 387/387/387 388/388/388 
f 391/391/391 389/389/389 387/387/387 
f 389/389/389 392/392/392 390/390/390 
f 393/393/393 390/390/390 392/392/392 
f 392/392/392 394/394/394 393/393/393 
f 392/392/392 389/389/389 395/395/395 
f 395/395/395 389/389/389 391/391/391 
f 394/394/394 392/392/392 396/396/396 
f 395/395/395 396/396/396 392/392/392 
f 215/215/215 394/394/394 396/396/396 
f 394/394/394 215/215/215 213/213/213 
f 396/396/396 395/395/395 397/397/397 
f 391/391/391 397/397/397 395/395/395 
f 396/396/396 398/398/398 215/215/215 
f 398/398/398 396/396/396 397/397/397 
f 397/397/397 391/391/391 399/399/399 
f 397/397/397 400/400/400 398/398/398 
f 400/400/400 397/397/397 399/399/399 
f 399/399/399 391/391/391 401/401/401 
f 401/401/401 400/400/400 399/399/399 
f 401/401/401 391/391/391 388/388/388 
f 388/388/388 90/90/90 401/401/401 
f 400/400/400 401/401/401 402/402/402 
f 90/90/90 402/402/402 401/401/401 
f 400/400/400 214/214/214 398/398/398 
f 214/214/214 215/215/215 398/398/398 
f 402/402/402 403/403/403 400/400/400 
f 214/214/214 400/400/400 403/403/403 
f 402/402/402 90/90/90 404/404/404 
f 404/404/404 90/90/90 88/88/88 
f 403/403/403 402/402/402 405/405/405 
f 404/404/404 405/405/405 402/402/402 
f 403/403/403 204/204/204 214/214/214 
f 406/406/406 404/404/404 88/88/88 
f 406/406/406 88/88/88 89/89/89 
f 405/405/405 404/404/404 407/407/407 
f 407/407/407 404/404/404 406/406/406 
f 405/405/405 408/408/408 403/403/403 
f 204/204/204 403/403/403 408/408/408 
f 407/407/407 409/409/409 405/405/405 
f 408/408/408 405/405/405 409/409/409 
f 410/410/410 406/406/406 89/89/89 
f 410/410/410 89/89/89 141/141/141 
f 141/141/141 142/142/142 410/410/410 
f 406/406/406 410/410/410 411/411/411 
f 411/411/411 407/407/407 406/406/406 
f 142/142/142 411/411/411 410/410/410 
f 407/407/407 411/411/411 412/412/412 
f 409/409/409 407/407/407 412/412/412 
f 411/411/411 142/142/142 413/413/413 
f 413/413/413 412/412/412 411/411/411 
f 414/414/414 413/413/413 142/142/142 
f 414/414/414 142/142/142 135/135/135 
f 412/412/412 413/413/413 415/415/415 
f 416/416/416 413/413/413 414/414/414 
f 416/416/416 415/415/415 413/413/413 
f 135/135/135 417/417/417 414/414/414 
f 417/417/417 416/416/416 414/414/414 
f 417/417/417 135/135/135 128/128/128 
f 412/412/412 418/418/418 409/409/409 
f 418/418/418 412/412/412 415/415/415 
f 419/419/419 409/409/409 418/418/418 
f 409/409/409 419/419/419 408/408/408 
f 419/419/419 204/204/204 408/408/408 
f 418/418/418 420/420/420 419/419/419 
f 204/204/204 419/419/419 201/201/201 
f 420/420/420 201/201/201 419/419/419 
f 420/420/420 418/418/418 421/421/421 
f 415/415/415 421/421/421 418/418/418 
f 420/420/420 422/422/422 201/201/201 
f 423/423/423 422/422/422 420/420/420 
f 421/421/421 423/423/423 420/420/420 
f 423/423/423 424/424/424 422/422/422 
f 421/421/421 415/415/415 425/425/425 
f 425/425/425 415/415/415 416/416/416 
f 423/423/423 421/421/421 426/426/426 
f 425/425/425 426/426/426 421/421/421 
f 424/424/424 423/423/423 427/427/427 
f 427/427/427 428/428/428 424/424/424 
f 427/427/427 429/429/429 428/428/428 
f 423/423/423 430/430/430 427/427/427 
f 423/423/423 426/426/426 430/430/430 
f 430/430/430 431/431/431 427/427/427 
f 426/426/426 425/425/425 432/432/432 
f 426/426/426 433/433/433 430/430/430 
f 432/432/432 433/433/433 426/426/426 
f 430/430/430 433/433/433 434/434/434 
f 430/430/430 434/434/434 431/431/431 
f 433/433/433 432/432/432 435/435/435 
f 425/425/425 436/436/436 432/432/432 
f 436/436/436 425/425/425 416/416/416 
f 436/436/436 435/435/435 432/432/432 
f 416/416/416 417/417/417 436/436/436 
f 435/435/435 437/437/437 433/433/433 
f 437/437/437 434/434/434 433/433/433 
f 435/435/435 436/436/436 438/438/438 
f 417/417/417 438/438/438 436/436/436 
f 438/438/438 439/439/439 435/435/435 
f 439/439/439 437/437/437 435/435/435 
f 438/438/438 417/417/417 440/440/440 
f 437/437/437 441/441/441 434/434/434 
f 434/434/434 441/441/441 442/442/442 
f 441/441/441 437/437/437 443/443/443 
f 434/434/434 442/442/442 444/444/444 
f 431/431/431 434/434/434 444/444/444 
f 444/444/444 445/445/445 431/431/431 
f 446/446/446 431/431/431 445/445/445 
f 447/447/447 446/446/446 445/445/445 
f 447/447/447 448/448/448 446/446/446 
f 437/437/437 69/69/69 443/443/443 
f 437/437/437 439/439/439 69/69/69 
f 439/439/439 438/438/438 449/449/449 
f 449/449/449 438/438/438 440/440/440 
f 439/439/439 65/65/65 69/69/69 
f 439/439/439 449/449/449 61/61/61 
f 61/61/61 65/65/65 439/439/439 
f 440/440/440 450/450/450 449/449/449 
f 450/450/450 61/61/61 449/449/449 
f 450/450/450 440/440/440 451/451/451 
f 417/417/417 451/451/451 440/440/440 
f 451/451/451 417/417/417 128/128/128 
f 121/121/121 451/451/451 128/128/128 
f 120/120/120 121/121/121 128/128/128 
f 451/451/451 121/121/121 452/452/452 
f 452/452/452 450/450/450 451/451/451 
f 452/452/452 453/453/453 450/450/450 
f 454/454/454 450/450/450 453/453/453 
f 455/455/455 450/450/450 454/454/454 
f 61/61/61 450/450/450 455/455/455 
f 454/454/454 456/456/456 455/455/455 
f 455/455/455 456/456/456 457/457/457 
f 455/455/455 458/458/458 61/61/61 
f 459/459/459 458/458/458 455/455/455 
f 459/459/459 455/455/455 460/460/460 
f 461/461/461 462/462/462 463/463/463 
f 464/464/464 465/465/465 466/466/466 
f 467/467/467 468/468/468 469/469/469 
f 467/467/467 470/470/470 468/468/468 
f 471/471/471 470/470/470 467/467/467 
f 471/471/471 472/472/472 470/470/470 
f 473/473/473 474/474/474 475/475/475 
f 60/60/60 57/57/57 287/287/287 
f 98/98/98 60/60/60 287/287/287 
f 59/59/59 60/60/60 476/476/476 
f 98/98/98 476/476/476 60/60/60 
f 476/476/476 54/54/54 59/59/59 
f 99/99/99 476/476/476 98/98/98 
f 54/54/54 476/476/476 477/477/477 
f 99/99/99 477/477/477 476/476/476 
f 477/477/477 478/478/478 54/54/54 
f 478/478/478 52/52/52 54/54/54 
f 477/477/477 99/99/99 101/101/101 
f 52/52/52 478/478/478 479/479/479 
f 479/479/479 50/50/50 52/52/52 
f 478/478/478 477/477/477 390/390/390 
f 101/101/101 390/390/390 477/477/477 
f 393/393/393 479/479/479 478/478/478 
f 390/390/390 393/393/393 478/478/478 
f 50/50/50 479/479/479 480/480/480 
f 480/480/480 48/48/48 50/50/50 
f 393/393/393 481/481/481 479/479/479 
f 481/481/481 480/480/480 479/479/479 
f 48/48/48 480/480/480 482/482/482 
f 49/49/49 48/48/48 482/482/482 
f 483/483/483 480/480/480 481/481/481 
f 483/483/483 482/482/482 480/480/480 
f 482/482/482 484/484/484 49/49/49 
f 251/251/251 49/49/49 484/484/484 
f 484/484/484 245/245/245 251/251/251 
f 484/484/484 482/482/482 485/485/485 
f 485/485/485 482/482/482 483/483/483 
f 245/245/245 484/484/484 486/486/486 
f 485/485/485 486/486/486 484/484/484 
f 249/249/249 245/245/245 486/486/486 
f 486/486/486 485/485/485 487/487/487 
f 483/483/483 487/487/487 485/485/485 
f 249/249/249 486/486/486 488/488/488 
f 488/488/488 486/486/486 487/487/487 
f 253/253/253 249/249/249 488/488/488 
f 487/487/487 483/483/483 489/489/489 
f 489/489/489 488/488/488 487/487/487 
f 489/489/489 483/483/483 490/490/490 
f 490/490/490 483/483/483 481/481/481 
f 488/488/488 489/489/489 491/491/491 
f 490/490/490 491/491/491 489/489/489 
f 491/491/491 253/253/253 488/488/488 
f 394/394/394 490/490/490 481/481/481 
f 394/394/394 481/481/481 393/393/393 
f 491/491/491 490/490/490 492/492/492 
f 394/394/394 492/492/492 490/490/490 
f 253/253/253 491/491/491 493/493/493 
f 492/492/492 493/493/493 491/491/491 
f 493/493/493 250/250/250 253/253/253 
f 493/493/493 492/492/492 494/494/494 
f 250/250/250 493/493/493 495/495/495 
f 494/494/494 495/495/495 493/493/493 
f 213/213/213 494/494/494 492/492/492 
f 492/492/492 394/394/394 213/213/213 
f 495/495/495 494/494/494 207/207/207 
f 495/495/495 496/496/496 250/250/250 
f 496/496/496 248/248/248 250/250/250 
f 496/496/496 495/495/495 210/210/210 
f 207/207/207 210/210/210 495/495/495 
f 248/248/248 496/496/496 497/497/497 
f 497/497/497 239/239/239 248/248/248 
f 210/210/210 211/211/211 496/496/496 
f 211/211/211 497/497/497 496/496/496 
f 208/208/208 207/207/207 494/494/494 
f 494/494/494 213/213/213 208/208/208 
f 210/210/210 207/207/207 206/206/206 
f 239/239/239 497/497/497 498/498/498 
f 232/232/232 239/239/239 498/498/498 
f 498/498/498 234/234/234 232/232/232 
f 234/234/234 498/498/498 499/499/499 
f 499/499/499 235/235/235 234/234/234 
f 500/500/500 498/498/498 497/497/497 
f 499/499/499 498/498/498 500/500/500 
f 501/501/501 500/500/500 497/497/497 
f 501/501/501 497/497/497 211/211/211 
f 502/502/502 500/500/500 501/501/501 
f 217/217/217 501/501/501 211/211/211 
f 503/503/503 500/500/500 502/502/502 
f 503/503/503 499/499/499 500/500/500 
f 502/502/502 504/504/504 503/503/503 
f 505/505/505 503/503/503 504/504/504 
f 504/504/504 506/506/506 505/505/505 
f 506/506/506 507/507/507 505/505/505 
f 506/506/506 508/508/508 507/507/507 
f 503/503/503 505/505/505 509/509/509 
f 499/499/499 503/503/503 510/510/510 
f 510/510/510 503/503/503 509/509/509 
f 235/235/235 499/499/499 510/510/510 
f 509/509/509 511/511/511 510/510/510 
f 511/511/511 235/235/235 510/510/510 
f 509/509/509 512/512/512 511/511/511 
f 235/235/235 511/511/511 513/513/513 
f 513/513/513 236/236/236 235/235/235 
f 514/514/514 511/511/511 512/512/512 
f 514/514/514 513/513/513 511/511/511 
f 515/515/515 236/236/236 513/513/513 
f 515/515/515 516/516/516 236/236/236 
f 225/225/225 516/516/516 515/515/515 
f 225/225/225 515/515/515 517/517/517 
f 515/515/515 518/518/518 517/517/517 
f 515/515/515 519/519/519 518/518/518 
f 513/513/513 519/519/519 515/515/515 
f 513/513/513 520/520/520 519/519/519 
f 513/513/513 514/514/514 520/520/520 
f 521/521/521 520/520/520 514/514/514 
f 514/514/514 512/512/512 522/522/522 
f 523/523/523 522/522/522 512/512/512 
f 523/523/523 524/524/524 522/522/522 
f 522/522/522 524/524/524 525/525/525 
f 525/525/525 514/514/514 522/522/522 
f 524/524/524 526/526/526 525/525/525 
f 526/526/526 527/527/527 525/525/525 
f 528/528/528 527/527/527 526/526/526 
f 528/528/528 526/526/526 529/529/529 
f 514/514/514 525/525/525 530/530/530 
f 514/514/514 530/530/530 521/521/521 
f 521/521/521 531/531/531 532/532/532 
f 521/521/521 533/533/533 531/531/531 
f 530/530/530 533/533/533 521/521/521 
f 531/531/531 533/533/533 534/534/534 
f 530/530/530 535/535/535 533/533/533 
f 533/533/533 535/535/535 536/536/536 
f 537/537/537 535/535/535 530/530/530 
f 537/537/537 538/538/538 535/535/535 
f 535/535/535 538/538/538 539/539/539 
f 535/535/535 539/539/539 540/540/540 
f 541/541/541 542/542/542 543/543/543 
f 544/544/544 545/545/545 546/546/546 
f 544/544/544 547/547/547 545/545/545 
f 548/548/548 549/549/549 550/550/550 
f 548/548/548 551/551/551 549/549/549 
f 549/549/549 552/552/552 550/550/550 
f 549/549/549 553/553/553 552/552/552 
f 554/554/554 552/552/552 553/553/553 
f 555/555/555 556/556/556 557/557/557 
f 555/555/555 558/558/558 556/556/556 
f 559/559/559 558/558/558 555/555/555 
f 559/559/559 555/555/555 560/560/560 
f 560/560/560 561/561/561 559/559/559 
f 562/562/562 563/563/563 564/564/564 
f 562/562/562 565/565/565 563/563/563 
f 566/566/566 567/567/567 568/568/568 
f 569/569/569 570/570/570 571/571/571 
f 572/572/572 570/570/570 569/569/569 
f 572/572/572 573/573/573 570/570/570 
f 574/574/574 575/575/575 576/576/576 
f 577/577/577 578/578/578 579/579/579 
f 580/580/580 581/581/581 582/582/582 
f 580/580/580 583/583/583 581/581/581 
f 584/584/584 585/585/585 586/586/586 
f 586/586/586 585/585/585 587/587/587 
f 588/588/588 589/589/589 590/590/590 
f 590/590/590 589/589/589 591/591/591 
f 590/590/590 591/591/591 592/592/592 
f 593/593/593 594/594/594 595/595/595 
f 593/593/593 596/596/596 594/594/594 
f 595/595/595 594/594/594 597/597/597 
f 595/595/595 597/597/597 598/598/598 
f 599/599/599 600/600/600 601/601/601 
f 602/602/602 603/603/603 604/604/604 
f 602/602/602 605/605/605 603/603/603 
f 606/606/606 607/607/607 608/608/608 
f 606/606/606 609/609/609 607/607/607 
f 606/606/606 610/610/610 609/609/609 
f 611/611/611 612/612/612 613/613/613 
f 611/611/611 614/614/614 612/612/612 
f 613/613/613 612/612/612 615/615/615 
f 616/616/616 617/617/617 618/618/618 
f 619/619/619 620/620/620 621/621/621 
f 619/619/619 622/622/622 620/620/620 
f 623/623/623 622/622/622 619/619/619 
f 624/624/624 625/625/625 626/626/626 
f 627/627/627 628/628/628 629/629/629 
f 627/627/627 630/630/630 628/628/628 
f 631/631/631 632/632/632 633/633/633 
f 634/634/634 635/635/635 636/636/636 
f 634/634/634 637/637/637 635/635/635 
f 638/638/638 635/635/635 637/637/637 
f 638/638/638 639/639/639 635/635/635 
f 640/640/640 641/641/641 642/642/642 
f 642/642/642 643/643/643 640/640/640 
f 642/642/642 644/644/644 643/643/643 
f 643/643/643 644/644/644 645/645/645 
f 646/646/646 647/647/647 648/648/648 
f 649/649/649 650/650/650 651/651/651 
f 652/652/652 653/653/653 654/654/654 
f 655/655/655 656/656/656 657/657/657 
f 655/655/655 658/658/658 656/656/656 
f 657/657/657 656/656/656 659/659/659 
f 657/657/657 659/659/659 660/660/660 
f 661/661/661 662/662/662 663/663/663 
f 664/664/664 665/665/665 666/666/666 
f 664/664/664 667/667/667 665/665/665 
f 666/666/666 668/668/668 664/664/664 
f 666/666/666 669/669/669 668/668/668 
f 670/670/670 671/671/671 672/672/672 
f 673/673/673 674/674/674 675/675/675 
f 673/673/673 675/675/675 676/676/676 
f 673/673/673 676/676/676 677/677/677 
f 676/676/676 678/678/678 677/677/677 
f 679/679/679 680/680/680 681/681/681 
f 682/682/682 679/679/679 681/681/681 
f 682/682/682 683/683/683 679/679/679 
f 682/682/682 684/684/684 683/683/683 
f 682/682/682 685/685/685 684/684/684 
f 686/686/686 685/685/685 682/682/682 
f 687/687/687 688/688/688 689/689/689 
f 690/690/690 691/691/691 692/692/692 
f 693/693/693 694/694/694 695/695/695 
f 693/693/693 696/696/696 694/694/694 
f 697/697/697 698/698/698 699/699/699 
f 697/697/697 700/700/700 698/698/698 
f 698/698/698 700/700/700 701/701/701 
f 702/702/702 703/703/703 704/704/704 
f 705/705/705 706/706/706 707/707/707 
f 708/708/708 709/709/709 710/710/710 
f 711/711/711 712/712/712 713/713/713 
f 714/714/714 715/715/715 716/716/716 
f 714/714/714 717/717/717 715/715/715 
f 716/716/716 718/718/718 714/714/714 
f 716/716/716 719/719/719 718/718/718 
f 720/720/720 721/721/721 722/722/722 
f 720/720/720 722/722/722 723/723/723 
f 720/720/720 723/723/723 724/724/724 
f 723/723/723 725/725/725 724/724/724 
f 725/725/725 723/723/723 726/726/726 
f 727/727/727 728/728/728 729/729/729 
f 730/730/730 731/731/731 732/732/732 
f 730/730/730 733/733/733 731/731/731 
f 732/732/732 731/731/731 734/734/734 
f 735/735/735 736/736/736 737/737/737 
f 738/738/738 739/739/739 740/740/740 
f 738/738/738 741/741/741 739/739/739 
f 742/742/742 743/743/743 744/744/744 
f 742/742/742 745/745/745 743/743/743 
f 746/746/746 747/747/747 748/748/748 
f 749/749/749 750/750/750 751/751/751 
f 749/749/749 752/752/752 750/750/750 
f 753/753/753 752/752/752 749/749/749 
f 754/754/754 755/755/755 756/756/756 
f 757/757/757 758/758/758 759/759/759 
f 757/757/757 760/760/760 758/758/758 
f 759/759/759 761/761/761 757/757/757 
f 762/762/762 763/763/763 764/764/764 
f 762/762/762 765/765/765 763/763/763 
f 766/766/766 765/765/765 762/762/762 
f 767/767/767 768/768/768 769/769/769 
f 767/767/767 770/770/770 768/768/768 
f 771/771/771 772/772/772 773/773/773 
f 774/774/774 775/775/775 776/776/776 
f 777/777/777 778/778/778 779/779/779 
f 777/777/777 780/780/780 778/778/778 
f 779/779/779 778/778/778 781/781/781 
f 779/779/779 781/781/781 782/782/782 
f 783/783/783 784/784/784 785/785/785 
f 786/786/786 785/785/785 784/784/784 
f 786/786/786 784/784/784 787/787/787 
f 788/788/788 789/789/789 790/790/790 
f 791/791/791 792/792/792 793/793/793 
f 794/794/794 795/795/795 796/796/796 
f 797/797/797 798/798/798 799/799/799 
f 798/798/798 797/797/797 800/800/800 
f 798/798/798 800/800/800 801/801/801 
f 802/802/802 803/803/803 804/804/804 
f 802/802/802 805/805/805 803/803/803 
f 804/804/804 803/803/803 806/806/806 
f 807/807/807 808/808/808 809/809/809 
f 807/807/807 810/810/810 808/808/808 
f 811/811/811 807/807/807 809/809/809 
f 811/811/811 812/812/812 807/807/807 
f 813/813/813 814/814/814 815/815/815 

