# This file is brought to you by Roblox Corporation
# Generated by Roblox Studio

mtllib goldebthreeheadpet.mtl

g Golden1

v 0.111976 -1.97827 0.920422 
v 0.506373 -1.97827 0.465005 
v 0.546823 -1.97827 0.877813 
v 0.071526 -1.97827 0.507614 
v -0.52892 -1.97827 0.88385 
v -0.0575123 -1.97827 0.508713 
v -0.0936526 -1.97827 0.92192 
v -0.49278 -1.97827 0.470643 
v -0.498456 -1.97827 0.293551 
v -0.027048 -1.97827 -0.0815859 
v -0.0631883 -1.97827 0.331621 
v -0.462316 -1.97827 -0.119656 
v 0.088632 -1.97827 0.329943 
v 0.475244 -1.97827 -0.132102 
v 0.522694 -1.97827 0.27996 
v 0.0411818 -1.97827 -0.0821184 
v -1.75327 -0.529119 0.331015 
v -1.54449 -0.565024 0.307275 
v -1.75517 -0.562915 0.381934 
v -1.51938 -0.604227 0.382269 
v -1.5648 -0.509559 0.299745 
v -1.87616 -0.431859 0.352319 
v -1.8838 -0.442272 0.381335 
v -1.75051 -0.488156 0.323328 
v -1.58394 -0.453258 0.317791 
v -1.91868 -0.304088 0.38231 
v -1.74738 -0.447106 0.339506 
v -1.8601 -0.41206 0.349805 
v -1.59861 -0.42513 0.383332 
v -1.84423 -0.392729 0.362476 
v -1.74619 -0.433334 0.383721 
v -1.8366 -0.383834 0.382757 
v -1.74707 -0.449241 0.427205 
v -1.58269 -0.455315 0.453844 
v -1.8445 -0.394169 0.401271 
v -1.8603 -0.414074 0.414576 
v -1.74935 -0.490307 0.440981 
v -1.56182 -0.510669 0.468243 
v -1.87634 -0.433989 0.409506 
v -1.8838 -0.442272 0.381335 
v -1.75517 -0.562915 0.381934 
v -1.75224 -0.531823 0.433059 
v -1.54196 -0.567134 0.46154 
v -1.51938 -0.604227 0.382269 
v 1.75517 -0.562915 0.381935 
v 1.51938 -0.604227 0.38227 
v 1.54449 -0.565024 0.307275 
v 1.75327 -0.529119 0.331015 
v 1.5648 -0.509559 0.298793 
v 1.87616 -0.431859 0.352319 
v 1.8838 -0.442272 0.381335 
v 1.75051 -0.488156 0.323329 
v 1.58394 -0.453258 0.317791 
v 1.91868 -0.304088 0.382311 
v 1.74738 -0.447106 0.339507 
v 1.8601 -0.41206 0.349805 
v 1.59861 -0.42513 0.383188 
v 1.84423 -0.392729 0.362476 
v 1.74619 -0.433334 0.383722 
v 1.8366 -0.383834 0.382758 
v 1.74707 -0.449241 0.427205 
v 1.58269 -0.455315 0.453844 
v 1.8445 -0.394169 0.401271 
v 1.8603 -0.414074 0.414576 
v 1.74935 -0.490307 0.440981 
v 1.56182 -0.510669 0.466949 
v 1.87634 -0.433989 0.409507 
v 1.8838 -0.442272 0.381335 
v 1.75517 -0.562915 0.381935 
v 1.75224 -0.531823 0.433059 
v 1.54196 -0.567134 0.461541 
v 1.51938 -0.604227 0.38227 
v -1.1216 1.55659 1.15187 
v -1.11321 1.31674 1.16718 
v -1.1807 1.56279 1.22617 
v -1.17977 1.31549 1.27516 
v -1.03211 1.33469 1.14907 
v -1.033 1.80838 1.15063 
v -1.05485 1.82432 1.19078 
v -1.05748 1.56398 1.14422 
v -0.954323 1.36017 1.18871 
v -0.858649 1.96269 1.18359 
v -0.998276 1.79069 1.15329 
v -0.996504 1.57773 1.17302 
v -0.923487 1.38318 1.29359 
v -0.96642 1.77741 1.17852 
v -0.9815 1.59331 1.24178 
v -1.01208 1.60185 1.30647 
v -0.953669 1.77491 1.21179 
v -0.974775 1.38463 1.39344 
v -0.974033 1.7883 1.2362 
v -1.01033 1.80862 1.2497 
v -1.07707 1.59546 1.32353 
v -1.05698 1.3676 1.41986 
v -1.04416 1.8241 1.23572 
v -1.05485 1.82432 1.19078 
v -1.1807 1.56279 1.22617 
v -1.13985 1.58358 1.30734 
v -1.17977 1.31549 1.27516 
v -1.13604 1.34384 1.39437 
v 1.1807 1.56279 1.22617 
v 1.17977 1.31549 1.27516 
v 1.11321 1.31674 1.16718 
v 1.1216 1.55659 1.15187 
v 1.03211 1.33469 1.14907 
v 1.033 1.80838 1.15063 
v 1.05485 1.82432 1.19078 
v 1.05748 1.56398 1.14422 
v 0.954323 1.36017 1.18871 
v 0.858649 1.96269 1.18359 
v 0.996504 1.57773 1.17302 
v 0.998276 1.79069 1.15329 
v 0.923486 1.38318 1.29359 
v 0.966419 1.77741 1.17852 
v 0.9815 1.59331 1.24178 
v 1.01208 1.60185 1.30647 
v 0.953669 1.77491 1.21179 
v 0.974033 1.7883 1.2362 
v 0.974775 1.38463 1.39344 
v 1.01033 1.80862 1.2497 
v 1.07707 1.59546 1.32353 
v 1.05698 1.3676 1.41986 
v 1.04416 1.8241 1.23572 
v 1.05485 1.82432 1.19078 
v 1.1807 1.56279 1.22617 
v 1.13985 1.58358 1.30734 
v 1.17977 1.31549 1.27516 
v 1.13604 1.34384 1.39437 
v 0.00550192 -1.76159 0.862615 
v 0.855307 -1.75909 0.974623 
v 0.00550189 -1.7485 1.24873 
v 0.862807 -1.72126 1.24873 
v -0.851798 -1.72126 1.24873 
v 0.848137 -1.77016 0.712344 
v -0.843968 -1.75963 0.756688 
v 0.00550196 -1.77505 0.493159 
v 0.855577 -1.73261 0.0146325 
v -0.836468 -1.77121 0.285877 
v 0.00550201 -1.73261 -0.0595554 
v 0.862808 -1.63577 -0.465877 
v -0.844568 -1.73261 -0.133743 
v 0.00550204 -1.65885 -0.465877 
v -0.851797 -1.63577 -0.465877 
v -1.6473 -0.945569 0.310977 
v -1.37125 -0.842213 0.289373 
v -1.62667 -0.988517 0.382652 
v -1.31995 -0.87005 0.383389 
v -1.86722 -0.927238 0.381808 
v -1.42712 -0.793619 0.271117 
v -1.86488 -0.909212 0.340965 
v -1.67174 -0.8932 0.300157 
v -1.48221 -0.743398 0.302557 
v -2.00414 -0.780617 0.383181 
v -1.85855 -0.873891 0.337426 
v -1.69578 -0.840476 0.32293 
v -1.51534 -0.721399 0.383995 
v -1.85212 -0.839274 0.355262 
v -1.70367 -0.822687 0.385167 
v -1.84876 -0.823124 0.38381 
v -1.69395 -0.842896 0.446375 
v -1.47959 -0.744897 0.473117 
v -1.85148 -0.841234 0.40987 
v -1.85742 -0.876509 0.428598 
v -1.66885 -0.895066 0.465766 
v -1.42317 -0.793031 0.499984 
v -1.86365 -0.911956 0.421462 
v -1.86722 -0.927238 0.381808 
v -1.62667 -0.988517 0.382652 
v -1.64419 -0.948199 0.454615 
v -1.36719 -0.842997 0.482765 
v -1.31995 -0.87005 0.383389 
v 1.62667 -0.988517 0.382652 
v 1.31995 -0.87005 0.383389 
v 1.37125 -0.842213 0.289373 
v 1.6473 -0.945569 0.310977 
v 1.42712 -0.793619 0.271117 
v 1.86722 -0.927238 0.381808 
v 1.67174 -0.8932 0.300158 
v 1.86488 -0.909212 0.340965 
v 1.48221 -0.743398 0.302557 
v 2.00414 -0.780617 0.383181 
v 1.69578 -0.840476 0.32293 
v 1.85855 -0.873891 0.337426 
v 1.51534 -0.721399 0.384266 
v 1.85212 -0.839274 0.355262 
v 1.70367 -0.822687 0.385167 
v 1.84876 -0.823124 0.38381 
v 1.85148 -0.841234 0.409871 
v 1.69395 -0.842896 0.446375 
v 1.47959 -0.744897 0.473117 
v 1.85742 -0.876509 0.428598 
v 1.66885 -0.895066 0.465766 
v 1.42317 -0.793031 0.499984 
v 1.86365 -0.911956 0.421463 
v 1.86722 -0.927238 0.381808 
v 1.62667 -0.988517 0.382652 
v 1.64419 -0.948199 0.454615 
v 1.36719 -0.842997 0.482765 
v 1.31995 -0.87005 0.383389 
v 0.31274 1.67128 1.15187 
v 0.184057 1.45925 1.27516 
v 0.258318 1.69514 1.22617 
v 0.247847 1.44022 1.16718 
v 0.330568 1.43268 1.14907 
v 0.473665 1.88423 1.15063 
v 0.457687 1.90607 1.19078 
v 0.376068 1.65883 1.14422 
v 0.412418 1.43331 1.18871 
v 0.686661 1.97827 1.18359 
v 0.501369 1.85683 1.15329 
v 0.438344 1.6534 1.17302 
v 0.527684 1.8345 1.17852 
v 0.457373 1.66369 1.24178 
v 0.448789 1.44586 1.29359 
v 0.539071 1.82824 1.21179 
v 0.430833 1.68111 1.30647 
v 0.400365 1.46282 1.39344 
v 0.52374 1.84719 1.2362 
v 0.495334 1.87758 1.2497 
v 0.36698 1.69478 1.32353 
v 0.316876 1.47158 1.41986 
v 0.467805 1.9026 1.23572 
v 0.457687 1.90607 1.19078 
v 0.258318 1.69514 1.22617 
v 0.303555 1.70253 1.30734 
v 0.184057 1.45925 1.27516 
v 0.234333 1.47298 1.39437 
v -0.184057 1.45925 1.27516 
v -0.31274 1.67128 1.15187 
v -0.258318 1.69514 1.22617 
v -0.247847 1.44022 1.16718 
v -0.330568 1.43268 1.14907 
v -0.473666 1.88423 1.15063 
v -0.457687 1.90607 1.19078 
v -0.376068 1.65883 1.14422 
v -0.412418 1.43331 1.18871 
v -0.686661 1.97827 1.18359 
v -0.50137 1.85683 1.15329 
v -0.438344 1.6534 1.17302 
v -0.527684 1.8345 1.17852 
v -0.457373 1.66369 1.24178 
v -0.448789 1.44586 1.29359 
v -0.539071 1.82824 1.21179 
v -0.430833 1.68111 1.30647 
v -0.400366 1.46282 1.39344 
v -0.52374 1.84719 1.2362 
v -0.495334 1.87758 1.2497 
v -0.36698 1.69478 1.32353 
v -0.316877 1.47158 1.41986 
v -0.467805 1.9026 1.23572 
v -0.457687 1.90607 1.19078 
v -0.258318 1.69514 1.22617 
v -0.303556 1.70253 1.30734 
v -0.184057 1.45925 1.27516 
v -0.234333 1.47298 1.39437 
v -1.19887 1.36081 1.42985 
v -0.691021 1.44827 1.43174 
v -0.679192 1.37635 0.97708 
v -1.17885 1.29188 0.853803 
v -0.179203 1.46184 1.10866 
v -0.177857 1.50381 1.43363 
v -0.174464 1.48466 0.40093 
v -0.681541 1.39 0.400949 
v -1.19222 1.31711 0.400971 
v 1.19886 1.36081 1.42985 
v 0.679192 1.37635 0.97708 
v 0.69102 1.44827 1.43174 
v 1.17885 1.29188 0.853803 
v 0.179203 1.46184 1.10866 
v 0.177856 1.50381 1.43363 
v 0.174464 1.48466 0.40093 
v 0.681541 1.39 0.400949 
v 1.19222 1.31711 0.400971 
v -0.149909 -0.455162 -0.882546 
v 0.00247208 -0.158352 -1.28811 
v 0.00247205 -0.5484 -0.886484 
v -0.176904 -0.567364 -0.417462 
v 0.00247208 -0.661671 -0.401319 
v -0.211255 -0.433203 -0.439929 
v -0.103984 -0.104614 -1.24572 
v 0.00247207 0.246917 -1.36637 
v -0.0519043 0.254038 -1.34531 
v -0.179101 -0.340758 -0.852014 
v -0.154057 -0.298123 -0.457717 
v -0.119528 -0.0400173 -1.19357 
v -0.0562321 0.266058 -1.30311 
v -0.128828 -0.226335 -0.818594 
v 0.00247205 -0.228906 -0.463957 
v -0.086814 0.0243026 -1.14072 
v -0.0344212 0.277601 -1.26163 
v 0.0024721 0.045709 -1.12274 
v 0.00247211 0.282591 -1.24209 
v 0.00247208 -0.163291 -0.810276 
v 0.0323566 0.275842 -1.26344 
v 0.143903 -0.231153 -0.818905 
v 0.191319 -0.301966 -0.450165 
v 0.0905242 0.0204075 -1.14268 
v 0.0552574 0.263416 -1.30538 
v 0.118381 -0.0449198 -1.19415 
v 0.0465318 0.251209 -1.34767 
v 0.186864 -0.346017 -0.848394 
v 0.234905 -0.435732 -0.428695 
v 0.102362 -0.11029 -1.24715 
v 0.00247207 0.246917 -1.36637 
v 0.00247208 -0.158352 -1.28811 
v 0.159331 -0.461538 -0.880823 
v 0.00247205 -0.5484 -0.886484 
v 0.189361 -0.571387 -0.413313 
v 0.00247208 -0.661671 -0.401319 
v -1.26991 -1.20315 0.322893 
v -1.07297 -1.01321 0.383639 
v -1.23775 -1.22282 0.379608 
v -1.12467 -1.01719 0.296451 
v -1.42391 -1.28547 0.37894 
v -1.20604 -1.0079 0.280231 
v -1.43011 -1.27249 0.346622 
v -1.30865 -1.17885 0.314332 
v -1.57789 -1.24689 0.380026 
v -1.34729 -1.15416 0.332351 
v -1.44107 -1.2463 0.343821 
v -1.25514 -0.970748 0.308164 
v -1.45168 -1.22054 0.357935 
v -1.36017 -1.14573 0.381598 
v -1.29047 -0.970321 0.384361 
v -1.25246 -0.970602 0.459702 
v -1.45639 -1.20837 0.380524 
v -1.34503 -1.15498 0.430031 
v -1.45041 -1.22157 0.401145 
v -1.19782 -1.00555 0.483572 
v -1.4392 -1.24756 0.415964 
v -1.42811 -1.27379 0.410318 
v -1.42391 -1.28547 0.37894 
v -1.30593 -1.17885 0.445375 
v -1.26672 -1.20356 0.436551 
v -1.23775 -1.22282 0.379608 
v -1.12127 -1.01582 0.468274 
v -1.07297 -1.01321 0.383639 
v 1.07297 -1.01321 0.387726 
v 1.26991 -1.20315 0.322894 
v 1.23775 -1.22282 0.379608 
v 1.12467 -1.01719 0.296451 
v 1.42391 -1.28547 0.37894 
v 1.20594 -1.0079 0.280231 
v 1.43011 -1.27249 0.346622 
v 1.30865 -1.17885 0.314332 
v 1.57789 -1.24689 0.380027 
v 1.34729 -1.15416 0.332351 
v 1.25514 -0.979558 0.308165 
v 1.44107 -1.2463 0.343822 
v 1.36017 -1.14573 0.381599 
v 1.29047 -0.970075 0.384361 
v 1.45168 -1.22054 0.357935 
v 1.25246 -0.979412 0.459702 
v 1.45639 -1.20837 0.380525 
v 1.45041 -1.22157 0.401146 
v 1.34503 -1.15498 0.430031 
v 1.4392 -1.24756 0.415964 
v 1.30593 -1.17885 0.445375 
v 1.19777 -1.00555 0.483572 
v 1.42811 -1.27379 0.410318 
v 1.42391 -1.28547 0.37894 
v 1.26672 -1.20356 0.436551 
v 1.12127 -1.01582 0.468274 
v 1.23775 -1.22282 0.379608 
v 1.07297 -1.01321 0.387726 
v -1.57306 -0.647651 0.280958 
v -1.21382 -1.05653 0.385367 
v -1.61546 -0.666484 0.383924 
v -1.69371 -0.296121 0.382983 
v -0.72866 -1.1698 0.391846 
v -0.744804 -1.1104 0.220111 
v -1.20989 -0.998199 0.235034 
v -0.76727 -0.97624 0.18576 
v -1.17936 -0.883796 0.205841 
v -0.785058 -0.841161 0.242959 
v -1.67266 -0.289 0.333038 
v -1.63131 -0.0312738 0.384746 
v -1.52091 -0.583055 0.265415 
v -1.14594 -0.769373 0.256114 
v -1.63045 -0.27698 0.32871 
v -1.46806 -0.518735 0.298128 
v -1.13762 -0.706328 0.393249 
v -0.791299 -0.771944 0.412502 
v -1.45008 -0.497329 0.387537 
v -1.58898 -0.265437 0.350521 
v -1.14625 -0.774191 0.528845 
v -0.777506 -0.845003 0.576261 
v -1.56943 -0.260446 0.385431 
v -1.59078 -0.267195 0.417299 
v -1.47002 -0.52263 0.475467 
v -1.63273 -0.279621 0.4402 
v -1.67501 -0.291828 0.431474 
v -1.69371 -0.296121 0.382983 
v -1.5215 -0.587958 0.503324 
v -1.57449 -0.653327 0.487304 
v -1.61546 -0.666484 0.383924 
v -1.21382 -1.05653 0.385367 
v -1.17574 -0.889055 0.571806 
v -0.756037 -0.97877 0.619848 
v -1.20816 -1.00458 0.544273 
v -0.72866 -1.1698 0.391846 
v -0.740654 -1.11442 0.574304 
v 1.21382 -1.05653 0.385367 
v 1.57306 -0.647651 0.280958 
v 1.61546 -0.666484 0.383924 
v 1.69371 -0.296121 0.382983 
v 0.72866 -1.1698 0.391846 
v 0.744804 -1.1104 0.220112 
v 1.20989 -0.998199 0.235034 
v 0.76727 -0.97624 0.18576 
v 1.67266 -0.289 0.333038 
v 1.17936 -0.883796 0.205842 
v 0.785058 -0.841161 0.242959 
v 1.63131 -0.0312738 0.384746 
v 1.52091 -0.583055 0.265415 
v 1.14594 -0.769373 0.256115 
v 1.13762 -0.706328 0.39325 
v 0.791298 -0.771944 0.412502 
v 1.46806 -0.518735 0.298128 
v 1.63045 -0.27698 0.32871 
v 1.14625 -0.774191 0.528845 
v 1.45008 -0.497329 0.387537 
v 1.58898 -0.265437 0.350521 
v 1.56943 -0.260446 0.385431 
v 0.777506 -0.845003 0.576261 
v 1.59078 -0.267195 0.417299 
v 1.47002 -0.52263 0.475467 
v 1.17574 -0.889055 0.571807 
v 0.756037 -0.97877 0.619848 
v 1.5215 -0.587958 0.503324 
v 1.63273 -0.279621 0.4402 
v 1.67501 -0.291828 0.431474 
v 1.69371 -0.296121 0.382983 
v 1.57449 -0.653327 0.487305 
v 1.61546 -0.666484 0.383924 
v 1.21382 -1.05653 0.385367 
v 1.20816 -1.00458 0.544273 
v 0.72866 -1.1698 0.391846 
v 0.740654 -1.11442 0.574304 
v -1.16112 1.68377 1.34594 
v -1.25831 1.5322 1.39589 
v -1.13465 1.53283 1.39945 
v -1.08555 1.43934 1.42842 
v -1.29837 1.37187 1.42995 
v -1.08864 1.31659 1.43971 
v -1.02018 1.37759 1.43747 
v -1.2666 1.22546 1.44034 
v -1.154 1.1994 1.44666 
v -1.17829 1.04984 1.43904 
v 1.16112 1.68377 1.34594 
v 1.13465 1.53283 1.39945 
v 1.25831 1.5322 1.39589 
v 1.08555 1.43934 1.42842 
v 1.29837 1.37187 1.42995 
v 1.08864 1.31659 1.43971 
v 1.02018 1.37759 1.43747 
v 1.2666 1.22546 1.44034 
v 1.15399 1.1994 1.44666 
v 1.17829 1.04984 1.43904 
v -0.325515 1.81181 1.34732 
v -0.301331 1.66049 1.40084 
v -0.184222 1.70021 1.39728 
v -0.317274 1.5561 1.4298 
v -0.0940835 1.5617 1.43133 
v -0.27434 1.44107 1.44109 
v -0.358943 1.47642 1.43885 
v -0.0763891 1.41292 1.44173 
v -0.174353 1.35158 1.44805 
v -0.102627 1.21812 1.44043 
v 0.325514 1.81181 1.34732 
v 0.184222 1.70021 1.39728 
v 0.30133 1.66049 1.40084 
v 0.317274 1.5561 1.4298 
v 0.0940832 1.5617 1.43133 
v 0.274339 1.44107 1.44109 
v 0.358943 1.47642 1.43885 
v 0.0763889 1.41292 1.44173 
v 0.174353 1.35158 1.44805 
v 0.102627 1.21812 1.44043 
v -1.50582 0.111553 0.900977 
v -1.22724 -0.2561 0.894 
v -1.54724 0.0811878 0.977777 
v -1.24818 -0.322629 1.01797 
v -0.832158 -0.514426 1.05586 
v -0.825267 -0.435696 0.893344 
v -0.824846 -0.312682 0.85461 
v -1.56449 0.446119 0.95522 
v -1.18752 -0.170453 0.86756 
v -0.824341 -0.184658 0.899997 
v -1.5468 0.446803 0.919798 
v -1.48258 0.67606 0.947501 
v -1.45928 0.152562 0.889345 
v -1.14877 -0.0814773 0.904951 
v -1.51513 0.450548 0.918057 
v -1.41408 0.195358 0.913707 
v -1.13991 -0.0261633 1.01279 
v -0.828045 -0.112058 1.05194 
v -0.723289 -0.154178 1.05267 
v -0.833656 -0.171608 1.20606 
v -1.16079 -0.0726705 1.12373 
v -1.40175 0.212926 0.980334 
v -1.48499 0.45512 0.935181 
v -1.47175 0.457978 0.961056 
v -1.48895 0.456841 0.983396 
v -1.42274 0.20032 1.04589 
v -1.52117 0.453549 0.998577 
v -1.55244 0.449137 0.990893 
v -1.56449 0.446119 0.95522 
v -1.46934 0.159223 1.06675 
v -1.51539 0.116386 1.05486 
v -1.54724 0.0811878 0.977777 
v -1.2003 -0.158174 1.16127 
v -0.835357 -0.293638 1.25319 
v -1.23934 -0.247092 1.1422 
v -1.24818 -0.322629 1.01797 
v -0.838672 -0.42123 1.21838 
v -0.832158 -0.514426 1.05586 
v 1.54724 0.0488332 0.977777 
v 1.24818 -0.354983 1.01797 
v 1.22724 -0.288454 0.894 
v 0.832158 -0.546781 1.05586 
v 0.825267 -0.46805 0.893344 
v 0.824846 -0.345037 0.85461 
v 1.50582 0.0791981 0.900977 
v 1.56449 0.413765 0.95522 
v 1.18752 -0.202808 0.86756 
v 0.824341 -0.217013 0.899997 
v 1.5468 0.414448 0.919798 
v 1.48258 0.643705 0.947501 
v 1.45928 0.120207 0.889345 
v 1.14877 -0.113832 0.904951 
v 1.51513 0.418194 0.918057 
v 1.41408 0.163003 0.913708 
v 1.13991 -0.0585179 1.01279 
v 1.48499 0.422765 0.935181 
v 1.40175 0.180571 0.980334 
v 0.828044 -0.144412 1.05194 
v 0.725577 -0.187452 1.05267 
v 0.833656 -0.203963 1.20606 
v 1.16079 -0.105025 1.12373 
v 1.47175 0.425623 0.961056 
v 1.48895 0.424486 0.983396 
v 1.42274 0.167965 1.04589 
v 1.52117 0.421195 0.998577 
v 1.55244 0.416782 0.990893 
v 1.56449 0.413765 0.95522 
v 1.46934 0.126868 1.06675 
v 1.51539 0.0840311 1.05486 
v 1.54724 0.0488332 0.977777 
v 1.2003 -0.190528 1.16127 
v 0.835356 -0.325992 1.25319 
v 1.23934 -0.279447 1.1422 
v 1.24818 -0.354983 1.01797 
v 0.838672 -0.453584 1.21838 
v 0.832158 -0.546781 1.05586 
v 0.924086 -1.11973 0.714313 
v 0.845065 -1.29689 0.637707 
v 0.845065 -1.15829 0.714313 
v 0.845065 -0.976276 0.701967 
v 1.00311 -0.937725 0.701967 
v 0.845065 -0.847 0.603597 
v 1.07821 -0.783277 0.603597 
v 0.845065 -0.772723 0.403306 
v 1.16115 -0.690993 0.403306 
v 1.07821 -0.783277 0.203014 
v 0.83859 -0.821828 0.203014 
v 1.00311 -0.937725 0.104645 
v 0.83859 -0.976276 0.104645 
v 0.924086 -1.11973 0.0922985 
v 0.845065 -1.15829 0.0922985 
v 0.845065 -1.29689 0.168905 
v -0.912317 -1.11973 0.714313 
v -0.833295 -1.15829 0.714313 
v -0.833295 -1.29689 0.637707 
v -0.833295 -0.976276 0.701967 
v -0.991339 -0.937725 0.701967 
v -0.833295 -0.847 0.603597 
v -1.06644 -0.783277 0.603597 
v -0.833295 -0.772723 0.403306 
v -1.14938 -0.690993 0.403306 
v -1.06644 -0.783277 0.203014 
v -0.826821 -0.821828 0.203014 
v -0.991339 -0.937725 0.104644 
v -0.826821 -0.976276 0.104644 
v -0.912317 -1.11973 0.0922984 
v -0.833295 -1.15829 0.0922984 
v -0.833295 -1.29689 0.168904 
v -1.04238 0.410668 1.43249 
v -0.530884 0.478595 1.43249 
v -1.13913 0.873707 1.43249 
v -0.691021 1.44827 1.43174 
v -1.19887 1.36081 1.42985 
v -0.0862392 1.04775 1.43249 
v -0.177857 1.50381 1.43363 
v -0.024732 0.578884 1.43249 
v 1.04238 0.410668 1.43249 
v 1.13913 0.873707 1.43249 
v 0.530884 0.478595 1.43249 
v 0.69102 1.44827 1.43174 
v 1.19886 1.36081 1.42985 
v 0.0862389 1.04775 1.43249 
v 0.0247317 0.578884 1.43249 
v 0.177856 1.50381 1.43363 
v 0.00550204 -1.65885 -0.465877 
v -0.825322 -0.914005 -0.465877 
v 0.00549979 -0.212898 -0.466019 
v -0.851805 -0.194013 -0.465982 
v -0.851797 -1.63577 -0.465877 
v 0.83661 -0.914005 -0.465877 
v 0.862808 -1.63577 -0.465877 
v 0.8628 -0.19513 -0.466049 
v -1.13913 0.873707 1.43249 
v -1.03395 0.388658 1.13649 
v -1.04238 0.410668 1.43249 
v -1.10544 0.848778 0.85326 
v -1.02837 0.38253 0.853265 
v -1.03698 0.40464 0.600835 
v -1.17885 1.29188 0.853803 
v -1.19887 1.36081 1.42985 
v -1.10585 0.892381 0.401034 
v -1.05077 0.461409 0.401034 
v -1.19222 1.31711 0.400971 
v 1.13913 0.873707 1.43249 
v 1.03395 0.388658 1.13649 
v 1.10544 0.848778 0.85326 
v 1.04238 0.410668 1.43249 
v 1.02837 0.38253 0.853265 
v 1.03698 0.40464 0.600835 
v 1.17885 1.29188 0.853803 
v 1.19886 1.36081 1.42985 
v 1.10585 0.892381 0.401034 
v 1.05077 0.461409 0.401034 
v 1.19222 1.31711 0.400971 
v 0.855307 -1.75909 0.974623 
v 0.88902 -0.93562 1.24873 
v 0.862807 -1.72126 1.24873 
v 0.848137 -0.984513 0.712344 
v 0.848137 -1.77016 0.712344 
v 0.855577 -1.73261 0.0146325 
v 0.848805 -0.231265 0.710428 
v 0.86241 -0.162798 1.25063 
v 0.83661 -0.914005 -0.465877 
v 0.862808 -1.63577 -0.465877 
v 0.8628 -0.19513 -0.466049 
v -0.88494 -0.93562 1.24873 
v -0.843968 -1.75963 0.756688 
v -0.851798 -1.72126 1.24873 
v -0.836468 -0.985638 0.285868 
v -0.836468 -1.77121 0.285877 
v -0.844568 -1.73261 -0.133743 
v -0.836738 -0.238998 0.286771 
v -0.85089 -0.12055 1.24435 
v -0.825322 -0.914005 -0.465877 
v -0.851797 -1.63577 -0.465877 
v -0.851805 -0.194013 -0.465982 
v -0.851798 -1.72126 1.24873 
v 0.00550189 -1.7485 1.24873 
v -0.88494 -0.93562 1.24873 
v 0.00575989 -0.114753 1.24749 
v -0.85089 -0.12055 1.24435 
v 0.88902 -0.93562 1.24873 
v 0.86241 -0.162798 1.25063 
v 0.862807 -1.72126 1.24873 
v -0.0787804 0.129888 1.18722 
v -0.579232 0.129888 1.18722 
v -0.473611 -0.240449 1.1863 
v -0.0080415 -0.240449 1.1863 
v -0.239861 0.550184 1.21851 
v -0.791122 0.450264 1.21851 
v 0.0787802 0.129888 1.18722 
v 0.473611 -0.240449 1.1863 
v 0.579232 0.129888 1.18722 
v 0.00804129 -0.240449 1.1863 
v 0.239861 0.550184 1.21851 
v 0.791122 0.450264 1.21852 
v -0.473611 -0.240449 1.1863 
v -0.579232 0.129888 0.663303 
v -0.473611 -0.240449 0.664219 
v -0.579232 0.129888 1.18722 
v -0.791122 0.450264 1.21851 
v -0.791122 0.450264 0.632006 
v 0.473611 -0.240449 1.1863 
v 0.579232 0.129888 0.663303 
v 0.579232 0.129888 1.18722 
v 0.473611 -0.240449 0.664219 
v 0.791122 0.450264 1.21852 
v 0.791122 0.450264 0.632006 
v -0.462316 -1.97827 -0.119656 
v -0.0639262 -1.83071 -0.0522384 
v -0.027048 -1.97827 -0.0815859 
v -0.431092 -1.83071 -0.0843519 
v -0.0719692 -1.6649 -0.0458386 
v -0.424282 -1.6649 -0.0766524 
v 0.475244 -1.97827 -0.132102 
v 0.0411818 -1.97827 -0.0821184 
v 0.0788505 -1.83071 -0.0537931 
v 0.444998 -1.83071 -0.0959559 
v 0.087066 -1.6649 -0.0476154 
v 0.438403 -1.6649 -0.0880726 
v 0.444998 -1.83071 -0.0959559 
v 0.485024 -1.83071 0.251634 
v 0.522694 -1.97827 0.27996 
v 0.475244 -1.97827 -0.132102 
v 0.438403 -1.6649 -0.0880726 
v 0.476809 -1.6649 0.245457 
v 0.483499 0.653724 -1.33142 
v 0.363967 0.340658 -1.30435 
v 0.338625 0.390995 -1.41347 
v 0.341048 0.400616 -1.19677 
v 0.129915 0.212846 -1.28854 
v 0.117465 0.273667 -1.41684 
v 0.00328017 0.212842 -1.28859 
v 0.102847 0.370075 -1.44805 
v 0.00328018 0.27368 -1.4167 
v 0.00328019 0.370089 -1.44789 
v 0.307874 0.465418 -1.43838 
v 0.120486 0.287107 -1.16134 
v 0.00328016 0.287086 -1.16158 
v 0.448918 0.660784 -1.39041 
v 0.407883 0.67437 -1.39969 
v 0.100613 0.387566 -1.13491 
v 0.00328016 0.387554 -1.13506 
v 0.420737 0.905857 -1.38377 
v 0.396756 0.894723 -1.38508 
v 0.309429 1.02137 -1.35841 
v 0.433629 0.913744 -1.35202 
v 0.423925 0.911349 -1.31979 
v 0.453143 0.668965 -1.27282 
v 0.411828 0.68425 -1.26413 
v 0.309525 0.478213 -1.182 
v 0.0856572 0.483144 -1.17274 
v 0.00328016 0.483136 -1.17284 
v 0.279254 0.552435 -1.21658 
v 0.0771777 0.528951 -1.29429 
v 0.00328017 0.528957 -1.29423 
v 0.00328018 0.470961 -1.41307 
v 0.399979 0.901071 -1.31262 
v 0.375769 0.88912 -1.32603 
v 0.0857949 0.470946 -1.41324 
v 0.00328019 0.370089 -1.44789 
v 0.102847 0.370075 -1.44805 
v 0.307874 0.465418 -1.43838 
v 0.36307 0.882022 -1.34601 
v 0.265855 0.592176 -1.31429 
v 0.27605 0.543194 -1.40764 
v 0.407883 0.67437 -1.39969 
v 0.373567 0.885227 -1.36942 
v 0.396756 0.894723 -1.38508 
v 0.367089 0.690044 -1.38146 
v 0.354103 0.699109 -1.33069 
v 0.370756 0.697773 -1.28047 
v -0.442358 0.660784 -1.39041 
v -0.332064 0.390995 -1.41347 
v -0.476938 0.653724 -1.33142 
v -0.301314 0.465418 -1.43838 
v -0.401322 0.674369 -1.39969 
v -0.0962866 0.370075 -1.44805 
v -0.414177 0.905857 -1.38377 
v -0.390195 0.894723 -1.38508 
v -0.302869 1.02137 -1.35841 
v -0.427069 0.913744 -1.35202 
v 0.00328018 0.27368 -1.4167 
v 0.00328019 0.370089 -1.44789 
v -0.110905 0.273667 -1.41684 
v 0.00328017 0.212842 -1.28859 
v -0.123354 0.212846 -1.28854 
v -0.357406 0.340658 -1.30435 
v -0.113925 0.287107 -1.16134 
v 0.00328016 0.287086 -1.16158 
v -0.334488 0.400616 -1.19677 
v -0.0940527 0.387566 -1.13491 
v 0.00328016 0.387554 -1.13506 
v -0.446583 0.668965 -1.27282 
v -0.079097 0.483144 -1.17274 
v -0.302965 0.478213 -1.182 
v 0.00328016 0.483136 -1.17284 
v -0.405267 0.68425 -1.26413 
v -0.417364 0.911349 -1.31979 
v -0.0706175 0.528951 -1.29429 
v 0.00328017 0.528957 -1.29423 
v -0.272694 0.552435 -1.21658 
v 0.00328018 0.470961 -1.41307 
v -0.393418 0.901071 -1.31262 
v -0.0792346 0.470946 -1.41324 
v 0.00328019 0.370089 -1.44789 
v -0.0962866 0.370075 -1.44805 
v -0.301314 0.465418 -1.43838 
v -0.259295 0.592176 -1.31429 
v -0.26949 0.543194 -1.40764 
v -0.401322 0.674369 -1.39969 
v -0.364196 0.697773 -1.28047 
v -0.360528 0.690044 -1.38146 
v -0.347543 0.699109 -1.33069 
v -0.369208 0.88912 -1.32603 
v -0.35651 0.882022 -1.34601 
v -0.367006 0.885227 -1.36942 
v -0.390195 0.894723 -1.38508 
v -0.498456 -1.97827 0.293551 
v -0.431092 -1.83071 -0.0843519 
v -0.462316 -1.97827 -0.119656 
v -0.461578 -1.83071 0.264205 
v -0.424282 -1.6649 -0.0766524 
v -0.453535 -1.6649 0.257804 
v 0.475519 -1.83071 0.500632 
v 0.50964 -1.83071 0.848851 
v 0.546823 -1.97827 0.877813 
v 0.506373 -1.97827 0.465005 
v 0.46879 -1.6649 0.508402 
v 0.501531 -1.6649 0.842536 
v -0.52892 -1.97827 0.88385 
v -0.461556 -1.83071 0.505947 
v -0.49278 -1.97827 0.470643 
v -0.492042 -1.83071 0.854503 
v -0.454747 -1.6649 0.513646 
v -0.483999 -1.6649 0.848103 
v 0.50964 -1.83071 0.848851 
v 0.14283 -1.83071 0.884794 
v 0.111976 -1.97827 0.920422 
v 0.546823 -1.97827 0.877813 
v 0.501531 -1.6649 0.842536 
v 0.149558 -1.6649 0.877024 
v -0.492042 -1.83071 0.854503 
v -0.0936526 -1.97827 0.92192 
v -0.124877 -1.83071 0.886616 
v -0.52892 -1.97827 0.88385 
v -0.483999 -1.6649 0.848103 
v -0.131686 -1.6649 0.878917 
v -1.11919 -0.0649536 1.18012 
v -1.10045 -0.0251094 1.15091 
v -1.27743 0.078595 1.09377 
v -1.2613 -0.0441501 1.14029 
v -1.13748 -0.112442 1.19495 
v -1.19662 -0.199564 1.16577 
v -1.05784 -0.324547 1.20595 
v -0.869933 -0.128276 1.26557 
v -0.870705 -0.193303 1.28604 
v -0.893064 -0.394452 1.25387 
v -0.690409 -0.369602 1.25844 
v -0.699086 -0.220821 1.26271 
v -0.662998 -0.107723 1.25184 
v -0.859676 -0.0943691 1.2222 
v -0.571874 -0.0446375 1.13889 
v -0.848134 -0.0525191 1.09422 
v -1.06291 -0.00287694 1.05134 
v -1.26895 0.134757 1.01132 
v -1.24274 0.0703588 0.922997 
v -1.0563 -0.0324976 0.922177 
v -1.21106 -0.0596262 0.892738 
v -1.07565 -0.134597 0.881591 
v -0.846284 -0.16343 0.895569 
v -0.805265 -0.100936 0.93423 
v -0.610173 -0.157088 0.97276 
v 1.63547 -0.117179 0.381994 
v 1.69529 -0.221476 0.381994 
v 1.63126 -0.28646 0.381994 
v 1.74437 -0.275159 0.381994 
v 1.8575 -0.417133 0.381994 
v 1.81339 -0.30737 0.381994 
v 1.91478 -0.309408 0.381994 
v 1.83319 -0.536965 0.381994 
v 1.82711 -0.633351 0.381994 
v 1.50847 -0.591312 0.381994 
v 1.86619 -0.708898 0.381994 
v 1.85631 -0.873343 0.381994 
v 1.9261 -0.762735 0.381994 
v 1.99991 -0.783575 0.381994 
v 1.693 -0.98439 0.381994 
v 1.61972 -1.04449 0.381994 
v 1.57879 -1.09675 0.381994 
v 1.55643 -1.17775 0.381994 
v 1.43824 -1.2483 0.381994 
v 1.55961 -1.2483 0.381994 
v 1.31721 -1.24786 0.381994 
v 1.17187 -0.889812 0.381994 
v 1.09777 -1.28781 0.381994 
v 0.994038 -1.35556 0.381994 
v 0.773867 -1.1375 0.381994 
v 0.911473 -1.46141 0.381994 
v 0.839495 -1.61595 0.381994 
v -1.63547 -0.117179 0.381994 
v -1.63126 -0.28646 0.381994 
v -1.69529 -0.221476 0.381994 
v -1.74437 -0.275159 0.381994 
v -1.8575 -0.417133 0.381994 
v -1.81339 -0.30737 0.381994 
v -1.91478 -0.309408 0.381994 
v -1.83319 -0.536965 0.381994 
v -1.82711 -0.633351 0.381994 
v -1.50847 -0.591312 0.381994 
v -1.86619 -0.708898 0.381994 
v -1.85631 -0.873343 0.381994 
v -1.9261 -0.762735 0.381994 
v -1.99991 -0.783575 0.381994 
v -1.693 -0.98439 0.381994 
v -1.61972 -1.04449 0.381994 
v -1.57879 -1.09675 0.381994 
v -1.55643 -1.17775 0.381994 
v -1.43824 -1.2483 0.381994 
v -1.55961 -1.2483 0.381994 
v -1.31721 -1.24786 0.381994 
v -1.17187 -0.889812 0.381994 
v -1.09777 -1.28781 0.381994 
v -0.994038 -1.35556 0.381994 
v -0.773867 -1.1375 0.381994 
v -0.911473 -1.46141 0.381994 
v -0.835303 -1.60567 0.381994 
v 1.11919 -0.0973082 1.18012 
v 1.27743 0.0462404 1.09377 
v 1.10044 -0.057464 1.15091 
v 1.2613 -0.0765046 1.14029 
v 1.13748 -0.144796 1.19495 
v 1.19662 -0.231918 1.16577 
v 1.05784 -0.356901 1.20595 
v 0.869932 -0.160631 1.26557 
v 0.870704 -0.225658 1.28604 
v 0.893064 -0.426807 1.25388 
v 0.690409 -0.401957 1.25845 
v 0.699086 -0.253176 1.26271 
v 0.662998 -0.140077 1.25184 
v 0.859676 -0.126724 1.2222 
v 0.571873 -0.0769921 1.13889 
v 0.848134 -0.0848737 1.09422 
v 1.06291 -0.0352315 1.05134 
v 1.26895 0.102403 1.01132 
v 1.24274 0.0380042 0.922997 
v 1.0563 -0.0648522 0.922177 
v 1.21106 -0.0984796 0.889165 
v 1.07565 -0.174052 0.881591 
v 0.854674 -0.207079 0.895569 
v 0.805265 -0.133291 0.93423 
v 0.610173 -0.18218 0.97276 
v -0.53968 0.531809 0.401034 
v -1.10585 0.892381 0.401034 
v -0.681541 1.39 0.400949 
v -1.19222 1.31711 0.400971 
v -1.05077 0.461409 0.401034 
v -0.119489 1.05543 0.401034 
v -0.0331195 0.629625 0.401034 
v -0.174464 1.48466 0.40093 
v 0.53968 0.531809 0.401034 
v 0.681541 1.39 0.400949 
v 1.10585 0.892381 0.401034 
v 1.19222 1.31711 0.400971 
v 1.05077 0.461409 0.401034 
v 0.119489 1.05543 0.401034 
v 0.0331194 0.629625 0.401034 
v 0.174464 1.48466 0.40093 
v 0.105718 1.01471 1.10981 
v 0.0254656 0.555689 1.26759 
v 0.0862389 1.04775 1.43249 
v 0.0247317 0.578884 1.43249 
v 0.0286399 0.548421 1.10981 
v 0.0279076 0.571438 0.690093 
v 0.179203 1.46184 1.10866 
v 0.177856 1.50381 1.43363 
v 0.119489 1.05543 0.401034 
v 0.0331194 0.629625 0.401034 
v 0.174464 1.48466 0.40093 
v -0.0254659 0.555689 1.26759 
v -0.0862392 1.04775 1.43249 
v -0.024732 0.578884 1.43249 
v -0.105718 1.01471 1.10981 
v -0.0286401 0.548421 1.10981 
v -0.0279077 0.571438 0.690093 
v -0.179203 1.46184 1.10866 
v -0.177857 1.50381 1.43363 
v -0.119489 1.05543 0.401034 
v -0.0331195 0.629625 0.401034 
v -0.174464 1.48466 0.40093 
v 0.0787802 0.129888 1.18722 
v 0.0787802 0.129888 0.663303 
v 0.00804129 -0.240449 1.1863 
v 0.00804134 -0.240449 0.664219 
v 0.239861 0.550184 1.21851 
v 0.239861 0.550184 0.632006 
v -0.0787804 0.129888 1.18722 
v -0.0080415 -0.240449 1.1863 
v -0.0787804 0.129888 0.663303 
v -0.00804145 -0.240449 0.664219 
v -0.239861 0.550184 1.21851 
v -0.239861 0.550184 0.632006 
v 1.11919 -0.100083 1.17852 
v 1.10044 -0.0602383 1.1498 
v 1.27743 0.0434661 1.09361 
v 1.2613 -0.0792789 1.13936 
v 1.13748 -0.147571 1.19311 
v 1.19662 -0.234693 1.16441 
v 1.05784 -0.359675 1.20393 
v 0.869932 -0.163405 1.26256 
v 0.870704 -0.228432 1.28269 
v 0.893064 -0.429581 1.25106 
v 0.690409 -0.404731 1.25555 
v 0.699086 -0.25595 1.25975 
v 0.662998 -0.142852 1.24906 
v 0.859676 -0.129498 1.21991 
v 0.571873 -0.0797664 1.13798 
v 0.848134 -0.087648 1.09405 
v 1.06291 -0.0380058 1.05188 
v 1.26895 0.0996285 1.01252 
v 1.24274 0.0352299 0.925661 
v 1.0563 -0.0676265 0.924855 
v 1.21106 -0.101254 0.892331 
v 1.07565 -0.176826 0.884941 
v 0.854674 -0.209854 0.898688 
v 0.805265 -0.136065 0.936708 
v 0.610173 -0.184954 0.9746 
v 1.63547 -0.117179 0.383381 
v 1.63126 -0.28646 0.383381 
v 1.69529 -0.221476 0.383381 
v 1.74437 -0.275159 0.383381 
v 1.8575 -0.417133 0.383381 
v 1.81339 -0.30737 0.383381 
v 1.91478 -0.309408 0.383381 
v 1.83319 -0.536965 0.383381 
v 1.82711 -0.633351 0.383381 
v 1.50847 -0.591312 0.383381 
v 1.86619 -0.708898 0.383381 
v 1.85631 -0.873343 0.383381 
v 1.9261 -0.762735 0.383381 
v 1.99991 -0.783575 0.383381 
v 1.693 -0.98439 0.383381 
v 1.61972 -1.04449 0.383381 
v 1.57879 -1.09675 0.383381 
v 1.55643 -1.17775 0.383381 
v 1.43824 -1.2483 0.383381 
v 1.55961 -1.2483 0.383381 
v 1.31721 -1.24786 0.383381 
v 1.17187 -0.889812 0.383381 
v 1.09777 -1.28781 0.383381 
v 0.994038 -1.35556 0.383381 
v 0.773867 -1.1375 0.383381 
v 0.911473 -1.46141 0.383381 
v 0.839495 -1.61595 0.383381 
v -1.63547 -0.117179 0.383381 
v -1.69529 -0.221476 0.383381 
v -1.63126 -0.28646 0.383381 
v -1.74437 -0.275159 0.383381 
v -1.8575 -0.417133 0.383381 
v -1.81339 -0.30737 0.383381 
v -1.91478 -0.309408 0.38338 
v -1.83319 -0.536965 0.383381 
v -1.82711 -0.633351 0.383381 
v -1.50847 -0.591312 0.383381 
v -1.86619 -0.708898 0.383381 
v -1.85631 -0.873343 0.383381 
v -1.9261 -0.762735 0.38338 
v -1.99991 -0.783575 0.38338 
v -1.693 -0.98439 0.383381 
v -1.61972 -1.04449 0.383381 
v -1.57879 -1.09675 0.383381 
v -1.55643 -1.17775 0.383381 
v -1.43824 -1.2483 0.383381 
v -1.55961 -1.2483 0.383381 
v -1.31721 -1.24786 0.383381 
v -1.17187 -0.889812 0.383381 
v -1.09777 -1.28781 0.383381 
v -0.994038 -1.35556 0.383381 
v -0.773867 -1.1375 0.383381 
v -0.911473 -1.46141 0.383381 
v -0.835303 -1.60567 0.383381 
v -1.11919 -0.0677279 1.17852 
v -1.27743 0.0758207 1.09361 
v -1.10045 -0.0278837 1.1498 
v -1.2613 -0.0469244 1.13936 
v -1.13748 -0.115216 1.19311 
v -1.19662 -0.202338 1.16441 
v -1.05784 -0.327321 1.20393 
v -0.869933 -0.13105 1.26256 
v -0.870705 -0.196077 1.28269 
v -0.893064 -0.397227 1.25106 
v -0.690409 -0.372376 1.25555 
v -0.699086 -0.223595 1.25975 
v -0.662998 -0.110497 1.24906 
v -0.859676 -0.0971434 1.21991 
v -0.571874 -0.0474118 1.13798 
v -0.848134 -0.0552934 1.09405 
v -1.06291 -0.00565124 1.05188 
v -1.26895 0.131983 1.01252 
v -1.24274 0.0675845 0.925661 
v -1.0563 -0.0352719 0.924855 
v -1.21106 -0.0624005 0.895903 
v -1.07565 -0.137372 0.884941 
v -0.846284 -0.166204 0.898688 
v -0.805265 -0.103711 0.936708 
v -0.610173 -0.159862 0.9746 
v -0.85089 -0.12055 1.24435 
v 0.00575989 -0.114753 1.24749 
v 0.00564671 -0.235923 0.491698 
v -0.836738 -0.238998 0.286771 
v 0.848805 -0.231265 0.710428 
v 0.86241 -0.162798 1.25063 
v 0.8628 -0.19513 -0.466049 
v 0.00549979 -0.212898 -0.466019 
v -0.851805 -0.194013 -0.465982 
v -0.473611 -0.240449 0.664219 
v -0.0787804 0.129888 0.663303 
v -0.00804145 -0.240449 0.664219 
v -0.579232 0.129888 0.663303 
v -0.239861 0.550184 0.632006 
v -0.791122 0.450264 0.632006 
v 0.0787802 0.129888 0.663303 
v 0.473611 -0.240449 0.664219 
v 0.00804134 -0.240449 0.664219 
v 0.579232 0.129888 0.663303 
v 0.239861 0.550184 0.632006 
v 0.791122 0.450264 0.632006 
v 0.506373 -1.97827 0.465005 
v 0.071526 -1.97827 0.507614 
v 0.108709 -1.83071 0.536575 
v 0.475519 -1.83071 0.500632 
v 0.116818 -1.6649 0.542891 
v 0.46879 -1.6649 0.508402 
v -0.49278 -1.97827 0.470643 
v -0.0943905 -1.83071 0.53806 
v -0.0575123 -1.97827 0.508713 
v -0.461556 -1.83071 0.505947 
v -0.102434 -1.6649 0.54446 
v -0.454747 -1.6649 0.513646 
v -0.124877 -1.83071 0.886616 
v -0.0575123 -1.97827 0.508713 
v -0.0943905 -1.83071 0.53806 
v -0.0936526 -1.97827 0.92192 
v -0.131686 -1.6649 0.878917 
v -0.102434 -1.6649 0.54446 
v 0.14283 -1.83071 0.884794 
v 0.071526 -1.97827 0.507614 
v 0.111976 -1.97827 0.920422 
v 0.108709 -1.83071 0.536575 
v 0.149558 -1.6649 0.877024 
v 0.116818 -1.6649 0.542891 
v -0.0944123 -1.83071 0.296317 
v -0.027048 -1.97827 -0.0815859 
v -0.0639262 -1.83071 -0.0522384 
v -0.0631883 -1.97827 0.331621 
v -0.101222 -1.6649 0.288619 
v -0.0719692 -1.6649 -0.0458386 
v 0.118877 -1.83071 0.293797 
v 0.0411818 -1.97827 -0.0821184 
v 0.088632 -1.97827 0.329943 
v 0.0788505 -1.83071 -0.0537931 
v 0.125473 -1.6649 0.285914 
v 0.087066 -1.6649 -0.0476154 
v 0.485024 -1.83071 0.251634 
v 0.118877 -1.83071 0.293797 
v 0.088632 -1.97827 0.329943 
v 0.522694 -1.97827 0.27996 
v 0.476809 -1.6649 0.245457 
v 0.125473 -1.6649 0.285914 
v -0.461578 -1.83071 0.264205 
v -0.0631883 -1.97827 0.331621 
v -0.0944123 -1.83071 0.296317 
v -0.498456 -1.97827 0.293551 
v -0.453535 -1.6649 0.257804 
v -0.101222 -1.6649 0.288619 
v -0.529601 0.470829 1.20021 
v -0.0254659 0.555689 1.26759 
v -0.530884 0.478595 1.43249 
v -0.024732 0.578884 1.43249 
v -1.04238 0.410668 1.43249 
v -0.0286401 0.548421 1.10981 
v -1.03395 0.388658 1.13649 
v -0.528282 0.462854 0.977959 
v -0.0279077 0.571438 0.690093 
v -1.02837 0.38253 0.853265 
v -0.532445 0.488038 0.645464 
v -0.0331195 0.629625 0.401034 
v -1.03698 0.40464 0.600835 
v -0.53968 0.531809 0.401034 
v -1.05077 0.461409 0.401034 
v 0.530884 0.478595 1.43249 
v 0.0247317 0.578884 1.43249 
v 0.0254656 0.555689 1.26759 
v 0.5296 0.470829 1.20021 
v 1.04238 0.410668 1.43249 
v 0.0286399 0.548421 1.10981 
v 1.03395 0.388658 1.13649 
v 0.528282 0.462854 0.977959 
v 0.0279076 0.571438 0.690093 
v 1.02837 0.38253 0.853265 
v 0.532445 0.488038 0.645464 
v 0.0331194 0.629625 0.401034 
v 1.03698 0.40464 0.600835 
v 0.53968 0.531809 0.401034 
v 1.05077 0.461409 0.401034 
v 0.924086 -1.12049 0.717926 
v 0.845065 -1.15904 0.717926 
v 0.845065 -1.29765 0.64043 
v 0.845065 -0.9749 0.70541 
v 1.00311 -0.936348 0.70541 
v 0.845065 -0.817515 0.603655 
v 1.07821 -0.778963 0.603655 
v 0.839251 -0.743238 0.403306 
v 1.16115 -0.68668 0.403306 
v 1.07821 -0.778963 0.202956 
v 0.83859 -0.817515 0.202956 
v 1.00311 -0.936348 0.101201 
v 0.83859 -0.9749 0.101201 
v 0.924086 -1.12049 0.0886855 
v 0.839265 -1.15904 0.0886855 
v 0.845065 -1.29765 0.166181 
v -0.912317 -1.12049 0.717926 
v -0.833295 -1.29765 0.64043 
v -0.833295 -1.15904 0.717926 
v -0.833295 -0.9749 0.70541 
v -0.991339 -0.936348 0.70541 
v -0.833295 -0.817515 0.603655 
v -1.06644 -0.778963 0.603655 
v -0.833295 -0.743238 0.403306 
v -1.14938 -0.68668 0.403306 
v -1.06644 -0.778963 0.202956 
v -0.826821 -0.817515 0.202956 
v -0.991339 -0.936348 0.101201 
v -0.826821 -0.9749 0.101201 
v -0.912317 -1.12049 0.0886853 
v -0.833295 -1.15904 0.0886853 
v -0.833295 -1.29765 0.166181 
v -0.325555 1.8123 1.34276 
v -0.184262 1.70069 1.39272 
v -0.301371 1.66098 1.39628 
v -0.317314 1.55658 1.42524 
v -0.0941231 1.56218 1.42677 
v -0.27438 1.44155 1.43653 
v -0.358983 1.4769 1.43429 
v -0.0764292 1.41341 1.43717 
v -0.174393 1.35207 1.44349 
v -0.102667 1.2186 1.43587 
v 0.325555 1.8123 1.34276 
v 0.301371 1.66098 1.39628 
v 0.184262 1.70069 1.39272 
v 0.317313 1.55658 1.42524 
v 0.0941228 1.56218 1.42677 
v 0.274379 1.44155 1.43653 
v 0.358983 1.4769 1.43429 
v 0.0764289 1.41341 1.43717 
v 0.174392 1.35207 1.44349 
v 0.102666 1.2186 1.43587 
v -1.16124 1.68424 1.34138 
v -1.13477 1.5333 1.39489 
v -1.25843 1.53267 1.39133 
v -1.08567 1.43981 1.42386 
v -1.29849 1.37234 1.42539 
v -1.08876 1.31706 1.43515 
v -1.0203 1.37806 1.43291 
v -1.26672 1.22593 1.43578 
v -1.15412 1.19988 1.4421 
v -1.17841 1.05032 1.43448 
v 1.16124 1.68424 1.34138 
v 1.25843 1.53267 1.39133 
v 1.13477 1.5333 1.39489 
v 1.08567 1.43981 1.42386 
v 1.29849 1.37234 1.42539 
v 1.08876 1.31706 1.43515 
v 1.0203 1.37806 1.43291 
v 1.26672 1.22593 1.43579 
v 1.15412 1.19988 1.4421 
v 1.17841 1.05032 1.43448 

vn 0 -1 0 
vn 0 -1 0 
vn 0 -1 0 
vn 0 -1 0 
vn 0 -1 0 
vn 0 -1 0 
vn 0 -1 0 
vn 0 -1 0 
vn 0 -1 0 
vn 0 -1 0 
vn 0 -1 0 
vn 0 -1 0 
vn 0 -1 0 
vn 0 -1 0 
vn 0 -1 0 
vn 0 -1 0 
vn -0.338583 -0.519685 -0.787402 
vn -0.188976 -0.606299 -0.771654 
vn -0.456693 -0.889764 -0.015748 
vn -0.19685 -0.976378 -0.00787402 
vn -0.15748 -0.0393701 -0.984252 
vn -0.598425 -0.244094 -0.76378 
vn -0.858268 -0.511811 -0.015748 
vn -0.15748 0.0708661 -0.984252 
vn -0.0708661 0.716535 -0.692913 
vn -0.283465 0.96063 0 
vn 0.0944882 0.708661 -0.700787 
vn -0.110236 0.19685 -0.976378 
vn -0.0393701 1 0.023622 
vn 0.354331 0.606299 -0.708661 
vn 0.212598 0.976378 0.023622 
vn 0.574803 0.818898 0.0314961 
vn 0.0629921 0.677165 0.732283 
vn -0.102362 0.677165 0.724409 
vn 0.330709 0.590551 0.740157 
vn -0.149606 0.165354 0.976378 
vn -0.188976 0.0393701 0.984252 
vn -0.173228 -0.0629921 0.984252 
vn -0.622047 -0.267717 0.732283 
vn -0.858268 -0.511811 -0.015748 
vn -0.456693 -0.889764 -0.015748 
vn -0.354331 -0.535433 0.771654 
vn -0.19685 -0.614173 0.76378 
vn -0.19685 -0.976378 -0.00787402 
vn 0.456693 -0.889764 -0.015748 
vn 0.19685 -0.976378 -0.00787402 
vn 0.188976 -0.606299 -0.771654 
vn 0.338583 -0.519685 -0.787402 
vn 0.15748 -0.0393701 -0.984252 
vn 0.598425 -0.244094 -0.76378 
vn 0.858268 -0.511811 -0.015748 
vn 0.15748 0.0708661 -0.984252 
vn 0.0708661 0.716535 -0.692913 
vn 0.283465 0.96063 0 
vn -0.0944882 0.708661 -0.700787 
vn 0.110236 0.19685 -0.976378 
vn 0.0393701 1 0.023622 
vn -0.354331 0.606299 -0.708661 
vn -0.212598 0.976378 0.023622 
vn -0.574803 0.818898 0.0314961 
vn -0.0629921 0.677165 0.732283 
vn 0.102362 0.677165 0.724409 
vn -0.330709 0.590551 0.740157 
vn 0.149606 0.165354 0.976378 
vn 0.188976 0.0393701 0.984252 
vn 0.173228 -0.0629921 0.984252 
vn 0.622047 -0.267717 0.732283 
vn 0.858268 -0.511811 -0.015748 
vn 0.456693 -0.889764 -0.015748 
vn 0.354331 -0.535433 0.771654 
vn 0.19685 -0.614173 0.76378 
vn 0.19685 -0.976378 -0.00787402 
vn -0.496063 0.0472441 -0.866142 
vn -0.535433 -0.0787402 -0.84252 
vn -0.968504 0.204724 -0.141732 
vn -1 0.00787402 -0.0787402 
vn 0.11811 -0.015748 -0.992126 
vn -0.338583 0.307087 -0.889764 
vn -0.76378 0.614173 -0.204724 
vn 0.15748 -0.00787402 -0.984252 
vn 0.755906 0.110236 -0.645669 
vn 0.858268 0.511811 -0.015748 
vn 0.251969 -0.0472441 -0.968504 
vn 0.779528 -0.00787402 -0.629921 
vn 0.96063 0.275591 0.0866142 
vn 0.748031 -0.259843 -0.606299 
vn 0.992126 0.0866142 0.102362 
vn 0.614173 0.259843 0.748031 
vn 0.952756 -0.259843 0.173228 
vn 0.582677 0.393701 0.716535 
vn 0.590551 0.00787402 0.811024 
vn 0.0314961 0.330709 0.944882 
vn -0.0708661 0.362205 0.929134 
vn -0.102362 0.370079 0.92126 
vn -0.511811 0.598425 0.614173 
vn -0.76378 0.614173 -0.204724 
vn -0.968504 0.204724 -0.141732 
vn -0.661417 0.338583 0.669291 
vn -1 0.00787402 -0.0787402 
vn -0.692913 0.228346 0.685039 
vn 0.968504 0.204724 -0.141732 
vn 1 0.00787402 -0.0787402 
vn 0.535433 -0.0787402 -0.84252 
vn 0.496063 0.0472441 -0.866142 
vn -0.11811 -0.015748 -0.992126 
vn 0.338583 0.307087 -0.889764 
vn 0.76378 0.614173 -0.204724 
vn -0.15748 -0.00787402 -0.984252 
vn -0.755906 0.110236 -0.645669 
vn -0.858268 0.511811 -0.015748 
vn -0.779528 -0.00787402 -0.629921 
vn -0.251969 -0.0472441 -0.968504 
vn -0.96063 0.275591 0.0866142 
vn -0.748031 -0.259843 -0.606299 
vn -0.992126 0.0866142 0.102362 
vn -0.614173 0.259843 0.748031 
vn -0.952756 -0.259843 0.173228 
vn -0.590551 0.00787402 0.811024 
vn -0.582677 0.393701 0.716535 
vn -0.0314961 0.330709 0.944882 
vn 0.0708661 0.362205 0.929134 
vn 0.102362 0.370079 0.92126 
vn 0.511811 0.598425 0.614173 
vn 0.76378 0.614173 -0.204724 
vn 0.968504 0.204724 -0.141732 
vn 0.661417 0.338583 0.669291 
vn 1 0.00787402 -0.0787402 
vn 0.692913 0.228346 0.685039 
vn -0.00787402 -1 0.0551181 
vn 0.00787402 -1 0.0551181 
vn -0.00787402 -1 0.0708661 
vn 0.015748 -1 0.0787402 
vn -0.023622 -1 0.0551181 
vn 0.00787402 -1 -0.015748 
vn -0.015748 -1 0.0472441 
vn 0 -1 -0.023622 
vn 0.015748 -0.992126 -0.125984 
vn 0 -1 -0.023622 
vn 0.00787402 -0.992126 -0.141732 
vn 0.023622 -0.984252 -0.188976 
vn 0.00787402 -0.984252 -0.15748 
vn 0.00787402 -0.976378 -0.204724 
vn 0 -0.976378 -0.228346 
vn -0.023622 -0.606299 -0.795276 
vn 0.165354 -0.598425 -0.787402 
vn 0.0551181 -1 -0.015748 
vn 0.338583 -0.944882 -0.00787402 
vn -0.503937 -0.866142 -0.015748 
vn -0.0787402 -0.0708661 -0.992126 
vn -0.401575 -0.503937 -0.76378 
vn -0.149606 0 -0.992126 
vn -0.362205 0.622047 -0.692913 
vn -0.708661 0.700787 0 
vn -0.19685 0.11811 -0.976378 
vn -0.23622 0.677165 -0.692913 
vn -0.464567 0.889764 0.023622 
vn 0.015748 0.700787 -0.708661 
vn -0.259843 0.968504 0.023622 
vn 0.110236 0.992126 0.0314961 
vn -0.244094 0.645669 0.724409 
vn -0.362205 0.582677 0.724409 
vn 0.00787402 0.677165 0.740157 
vn -0.212598 0.0708661 0.976378 
vn -0.15748 -0.0393701 0.984252 
vn -0.0866142 -0.102362 0.992126 
vn -0.417323 -0.535433 0.732283 
vn -0.503937 -0.866142 -0.015748 
vn 0.0551181 -1 -0.015748 
vn -0.0314961 -0.629921 0.779528 
vn 0.165354 -0.614173 0.771654 
vn 0.338583 -0.944882 -0.00787402 
vn -0.0551181 -1 -0.015748 
vn -0.338583 -0.944882 -0.00787402 
vn -0.165354 -0.598425 -0.787402 
vn 0.023622 -0.606299 -0.795276 
vn 0.0787402 -0.0708661 -0.992126 
vn 0.503937 -0.866142 -0.015748 
vn 0.149606 0 -0.992126 
vn 0.401575 -0.503937 -0.76378 
vn 0.362205 0.622047 -0.692913 
vn 0.708661 0.700787 0 
vn 0.23622 0.677165 -0.692913 
vn 0.19685 0.11811 -0.976378 
vn 0.464567 0.889764 0.023622 
vn -0.015748 0.700787 -0.708661 
vn 0.259843 0.968504 0.023622 
vn -0.110236 0.992126 0.0314961 
vn -0.00787402 0.677165 0.740157 
vn 0.244094 0.645669 0.724409 
vn 0.362205 0.582677 0.724409 
vn 0.212598 0.0708661 0.976378 
vn 0.15748 -0.0393701 0.984252 
vn 0.0866142 -0.102362 0.992126 
vn 0.417323 -0.535433 0.732283 
vn 0.503937 -0.866142 -0.015748 
vn -0.0551181 -1 -0.015748 
vn 0.0314961 -0.629921 0.779528 
vn -0.165354 -0.614173 0.771654 
vn -0.338583 -0.944882 -0.00787402 
vn -0.456693 0.19685 -0.866142 
vn -0.944882 0.314961 -0.0787402 
vn -0.858268 0.488189 -0.141732 
vn -0.535433 0.0866142 -0.84252 
vn 0.102362 -0.0551181 -0.992126 
vn -0.228346 0.393701 -0.889764 
vn -0.535433 0.818898 -0.204724 
vn 0.141732 -0.0551181 -0.984252 
vn 0.748031 -0.125984 -0.645669 
vn 0.976378 0.228346 -0.015748 
vn 0.228346 -0.11811 -0.968504 
vn 0.740157 -0.244094 -0.629921 
vn 0.637795 -0.480315 -0.606299 
vn 0.968504 -0.220472 0.102362 
vn 0.992126 -0.0314961 0.0866142 
vn 0.826772 -0.535433 0.173228 
vn 0.661417 0.0629921 0.748031 
vn 0.669291 0.19685 0.716535 
vn 0.566929 -0.173228 0.811024 
vn 0.133858 0.299213 0.944882 
vn 0.0472441 0.362205 0.929134 
vn 0.015748 0.385827 0.92126 
vn -0.307087 0.732283 0.614173 
vn -0.535433 0.818898 -0.204724 
vn -0.858268 0.488189 -0.141732 
vn -0.527559 0.527559 0.669291 
vn -0.944882 0.314961 -0.0787402 
vn -0.590551 0.433071 0.685039 
vn 0.944882 0.314961 -0.0787402 
vn 0.456693 0.19685 -0.866142 
vn 0.858268 0.488189 -0.141732 
vn 0.535433 0.0866142 -0.84252 
vn -0.102362 -0.0551181 -0.992126 
vn 0.228346 0.393701 -0.889764 
vn 0.535433 0.818898 -0.204724 
vn -0.141732 -0.0551181 -0.984252 
vn -0.748031 -0.125984 -0.645669 
vn -0.976378 0.228346 -0.015748 
vn -0.228346 -0.11811 -0.968504 
vn -0.740157 -0.244094 -0.629921 
vn -0.637795 -0.480315 -0.606299 
vn -0.968504 -0.220472 0.102362 
vn -0.992126 -0.0314961 0.0866142 
vn -0.826772 -0.535433 0.173228 
vn -0.661417 0.0629921 0.748031 
vn -0.669291 0.19685 0.716535 
vn -0.566929 -0.173228 0.811024 
vn -0.133858 0.299213 0.944882 
vn -0.0472441 0.362205 0.929134 
vn -0.015748 0.385827 0.92126 
vn 0.307087 0.732283 0.614173 
vn 0.535433 0.818898 -0.204724 
vn 0.858268 0.488189 -0.141732 
vn 0.527559 0.527559 0.669291 
vn 0.944882 0.314961 -0.0787402 
vn 0.590551 0.433071 0.685039 
vn 0.015748 0.992126 -0.141732 
vn 0.0314961 0.992126 -0.141732 
vn 0.00787402 1 -0.0551181 
vn 0.00787402 1 -0.0472441 
vn 0.015748 1 -0.0629921 
vn 0.0472441 0.992126 -0.141732 
vn -0.015748 1 0.0314961 
vn -0.00787402 1 0.0314961 
vn 0.00787402 1 0.0393701 
vn -0.015748 0.992126 -0.141732 
vn -0.00787402 1 -0.0551181 
vn -0.0314961 0.992126 -0.141732 
vn -0.00787402 1 -0.0472441 
vn -0.015748 1 -0.0629921 
vn -0.0472441 0.992126 -0.141732 
vn 0.015748 1 0.0314961 
vn 0.00787402 1 0.0314961 
vn -0.00787402 1 0.0393701 
vn -0.795276 -0.511811 -0.338583 
vn 0 -0.464567 -0.88189 
vn -0.015748 -0.866142 -0.496063 
vn -0.779528 -0.598425 -0.181102 
vn -0.015748 -0.968504 -0.244094 
vn -0.992126 0.0787402 -0.0551181 
vn -0.787402 -0.23622 -0.574803 
vn 0.00787402 -0.19685 -0.984252 
vn -0.76378 -0.0551181 -0.645669 
vn -0.992126 0.102362 -0.0551181 
vn -0.716535 0.692913 0.0944882 
vn -0.984252 0.165354 -0.023622 
vn -0.976378 0.204724 0.00787402 
vn -0.716535 0.661417 0.23622 
vn -0.015748 0.984252 0.165354 
vn -0.700787 0.519685 0.496063 
vn -0.685039 0.409449 0.606299 
vn 0.023622 0.669291 0.740157 
vn 0.0314961 0.472441 0.88189 
vn 0 0.929134 0.377953 
vn 0.716535 0.401575 0.574803 
vn 0.732283 0.645669 0.204724 
vn 0.732283 0.685039 0.0551181 
vn 0.724409 0.503937 0.464567 
vn 0.976378 0.19685 -0.0314961 
vn 0.984252 0.15748 -0.0551181 
vn 0.755906 -0.0551181 -0.653543 
vn 0.992126 0.0708661 -0.0944882 
vn 0.992126 0.0314961 -0.102362 
vn 0.779528 -0.23622 -0.582677 
vn 0.00787402 -0.19685 -0.984252 
vn 0 -0.464567 -0.88189 
vn 0.779528 -0.519685 -0.354331 
vn -0.015748 -0.866142 -0.496063 
vn 0.76378 -0.622047 -0.19685 
vn -0.015748 -0.968504 -0.244094 
vn 0.299213 -0.543307 -0.787402 
vn 0.771654 -0.637795 -0.00787402 
vn 0.566929 -0.818898 -0.015748 
vn 0.440945 -0.448819 -0.779528 
vn 0.0472441 -1 -0.015748 
vn -0.0472441 -0.149606 -0.984252 
vn -0.0708661 -0.637795 -0.76378 
vn -0.133858 -0.110236 -0.984252 
vn -0.976378 0.204724 0 
vn -0.582677 0.417323 -0.692913 
vn -0.228346 -0.00787402 -0.976378 
vn -0.669291 0.275591 -0.685039 
vn -0.370079 0.598425 -0.708661 
vn -0.76378 0.645669 0.023622 
vn -0.897638 0.440945 0.023622 
vn -0.645669 0.23622 0.724409 
vn -0.448819 0.897638 0.0314961 
vn -0.566929 0.377953 0.732283 
vn -0.362205 0.566929 0.740157 
vn -0.0314961 -0.181102 0.984252 
vn -0.220472 -0.0551181 0.976378 
vn -0.0629921 -0.677165 0.732283 
vn 0.0472441 -1 -0.015748 
vn -0.11811 -0.141732 0.984252 
vn 0.299213 -0.566929 0.771654 
vn 0.566929 -0.818898 -0.015748 
vn 0.448819 -0.464567 0.76378 
vn 0.771654 -0.637795 -0.00787402 
vn -0.771654 -0.637795 -0.023622 
vn -0.299213 -0.543307 -0.787402 
vn -0.566929 -0.826772 -0.015748 
vn -0.440945 -0.448819 -0.779528 
vn -0.0393701 -1 -0.00787402 
vn 0.133858 -0.0944882 -0.984252 
vn 0.0708661 -0.637795 -0.76378 
vn 0.173228 -0.0551181 -0.984252 
vn 1 0.0314961 0.015748 
vn 0.582677 0.401575 -0.700787 
vn 0.669291 0.244094 -0.700787 
vn 0.228346 0.0393701 -0.968504 
vn 0.779528 0.629921 0.023622 
vn 0.92126 0.393701 0.015748 
vn 0.370079 0.598425 -0.708661 
vn 0.645669 0.204724 0.740157 
vn 0.448819 0.889764 0.0393701 
vn 0.362205 0.566929 0.740157 
vn 0.566929 0.362205 0.740157 
vn 0.220472 0 0.976378 
vn 0.15748 -0.0944882 0.984252 
vn 0.110236 -0.133858 0.984252 
vn 0.0629921 -0.677165 0.732283 
vn -0.0393701 -1 -0.00787402 
vn -0.299213 -0.566929 0.771654 
vn -0.448819 -0.464567 0.76378 
vn -0.566929 -0.826772 -0.015748 
vn -0.771654 -0.637795 -0.023622 
vn -0.566929 -0.23622 -0.787402 
vn -0.496063 -0.866142 -0.015748 
vn -0.88189 -0.464567 -0.015748 
vn -1 0.015748 -0.015748 
vn -0.244094 -0.968504 0 
vn -0.165354 -0.590551 -0.787402 
vn -0.330709 -0.503937 -0.795276 
vn -0.0472441 -0.00787402 -1 
vn -0.0708661 0.0551181 -0.992126 
vn 0.11811 0.700787 -0.708661 
vn -0.629921 0.0944882 -0.771654 
vn 0.291339 0.952756 0 
vn -0.0787402 0.141732 -0.984252 
vn 0.251969 0.661417 -0.708661 
vn 0.0393701 0.212598 -0.976378 
vn 0.496063 0.519685 -0.700787 
vn 0.377953 0.929134 0.015748 
vn 0.173228 0.984252 0.0314961 
vn 0.740157 0.669291 0.023622 
vn 0.629921 0.314961 -0.708661 
vn 0.19685 0.637795 0.740157 
vn 0.0472441 0.669291 0.740157 
vn 0.929134 0.370079 0.0314961 
vn 0.598425 0.307087 0.740157 
vn 0.464567 0.503937 0.732283 
vn -0.00787402 0.204724 0.976378 
vn -0.669291 0.0866142 0.740157 
vn -1 0.015748 -0.015748 
vn -0.11811 0.125984 0.984252 
vn -0.590551 -0.23622 0.771654 
vn -0.88189 -0.464567 -0.015748 
vn -0.496063 -0.866142 -0.015748 
vn -0.125984 0.023622 0.992126 
vn -0.110236 -0.0551181 0.992126 
vn -0.354331 -0.519685 0.779528 
vn -0.244094 -0.968504 0 
vn -0.19685 -0.614173 0.76378 
vn 0.496063 -0.866142 -0.015748 
vn 0.566929 -0.23622 -0.787402 
vn 0.88189 -0.464567 -0.015748 
vn 1 0.015748 -0.015748 
vn 0.244094 -0.968504 0 
vn 0.165354 -0.590551 -0.787402 
vn 0.330709 -0.503937 -0.795276 
vn 0.0472441 -0.00787402 -1 
vn 0.629921 0.0944882 -0.771654 
vn 0.0708661 0.0551181 -0.992126 
vn -0.11811 0.700787 -0.708661 
vn -0.291339 0.952756 0 
vn 0.0787402 0.141732 -0.984252 
vn -0.251969 0.661417 -0.708661 
vn -0.377953 0.929134 0.015748 
vn -0.173228 0.984252 0.0314961 
vn -0.496063 0.519685 -0.700787 
vn -0.0393701 0.212598 -0.976378 
vn -0.19685 0.637795 0.740157 
vn -0.740157 0.669291 0.023622 
vn -0.629921 0.314961 -0.708661 
vn -0.929134 0.370079 0.0314961 
vn -0.0472441 0.669291 0.740157 
vn -0.598425 0.307087 0.740157 
vn -0.464567 0.503937 0.732283 
vn 0.125984 0.023622 0.992126 
vn 0.110236 -0.0551181 0.992126 
vn 0.11811 0.125984 0.984252 
vn 0.00787402 0.204724 0.976378 
vn 0.669291 0.0866142 0.740157 
vn 1 0.015748 -0.015748 
vn 0.590551 -0.23622 0.771654 
vn 0.88189 -0.464567 -0.015748 
vn 0.496063 -0.866142 -0.015748 
vn 0.354331 -0.519685 0.779528 
vn 0.244094 -0.968504 0 
vn 0.19685 -0.614173 0.76378 
vn -0.0314961 0.330709 0.944882 
vn -0.0472441 0.259843 0.968504 
vn -0.0472441 0.259843 0.96063 
vn -0.0472441 0.181102 0.984252 
vn -0.0393701 0.141732 0.992126 
vn -0.0314961 0.0787402 1 
vn -0.0472441 0.0944882 0.992126 
vn -0.0393701 0.0551181 1 
vn -0.0393701 0.0393701 1 
vn -0.0629921 -0.0393701 1 
vn 0.0314961 0.330709 0.944882 
vn 0.0472441 0.259843 0.96063 
vn 0.0472441 0.259843 0.968504 
vn 0.0472441 0.181102 0.984252 
vn 0.0393701 0.141732 0.992126 
vn 0.0314961 0.0787402 1 
vn 0.0472441 0.0944882 0.992126 
vn 0.0393701 0.0551181 1 
vn 0.0393701 0.0393701 1 
vn 0.0629921 -0.0393701 1 
vn -0.0787402 0.322835 0.944882 
vn -0.0393701 0.259843 0.96063 
vn -0.0393701 0.259843 0.968504 
vn -0.015748 0.188976 0.984252 
vn -0.00787402 0.149606 0.992126 
vn 0 0.0866142 1 
vn 0.015748 0.102362 0.992126 
vn 0.015748 0.0629921 1 
vn 0.023622 0.0551181 1 
vn 0.0708661 -0.015748 1 
vn 0.0787402 0.322835 0.944882 
vn 0.0393701 0.259843 0.968504 
vn 0.0393701 0.259843 0.96063 
vn 0.015748 0.188976 0.984252 
vn 0.00787402 0.149606 0.992126 
vn 0 0.0866142 1 
vn -0.015748 0.102362 0.992126 
vn -0.015748 0.0629921 1 
vn -0.023622 0.0551181 1 
vn -0.0708661 -0.015748 1 
vn -0.551181 -0.19685 -0.811024 
vn -0.385827 -0.488189 -0.779528 
vn -0.944882 -0.330709 -0.0472441 
vn -0.645669 -0.76378 0 
vn -0.433071 -0.897638 0.0314961 
vn -0.259843 -0.590551 -0.76378 
vn -0.0472441 -0.0472441 -1 
vn -0.984252 0.141732 -0.0787402 
vn -0.0393701 0.015748 -1 
vn 0.181102 0.748031 -0.637795 
vn -0.566929 0.110236 -0.818898 
vn 0.527559 0.850394 -0.023622 
vn 0.00787402 0.0787402 -1 
vn 0.354331 0.582677 -0.724409 
vn 0.133858 0.110236 -0.984252 
vn 0.614173 0.377953 -0.692913 
vn 0.480315 0.874016 -0.015748 
vn 0.204724 0.976378 -0.023622 
vn 0.149606 0.992126 -0.0314961 
vn 0.0787402 0.795276 0.598425 
vn 0.220472 0.653543 0.724409 
vn 0.84252 0.535433 0.0393701 
vn 0.716535 0.133858 -0.685039 
vn 0.984252 0.181102 0.0708661 
vn 0.614173 0.212598 0.755906 
vn 0.503937 0.456693 0.732283 
vn -0.015748 0.220472 0.976378 
vn -0.677165 0.19685 0.708661 
vn -0.984252 0.141732 -0.0787402 
vn -0.133858 0.188976 0.976378 
vn -0.653543 -0.110236 0.748031 
vn -0.944882 -0.330709 -0.0472441 
vn -0.19685 0.102362 0.976378 
vn -0.220472 0.0314961 0.976378 
vn -0.496063 -0.409449 0.771654 
vn -0.645669 -0.76378 0 
vn -0.377953 -0.519685 0.76378 
vn -0.433071 -0.897638 0.0314961 
vn 0.944882 -0.330709 -0.0472441 
vn 0.645669 -0.76378 0 
vn 0.385827 -0.488189 -0.779528 
vn 0.433071 -0.897638 0.0314961 
vn 0.259843 -0.590551 -0.76378 
vn 0.0472441 -0.0472441 -1 
vn 0.551181 -0.19685 -0.811024 
vn 0.984252 0.141732 -0.0787402 
vn 0.0393701 0.015748 -1 
vn -0.181102 0.748031 -0.637795 
vn 0.566929 0.110236 -0.818898 
vn -0.527559 0.850394 -0.023622 
vn -0.00787402 0.0787402 -1 
vn -0.354331 0.582677 -0.724409 
vn -0.133858 0.110236 -0.984252 
vn -0.614173 0.377953 -0.692913 
vn -0.480315 0.874016 -0.015748 
vn -0.716535 0.133858 -0.685039 
vn -0.84252 0.535433 0.0393701 
vn -0.204724 0.976378 -0.023622 
vn -0.149606 0.992126 -0.0314961 
vn -0.0787402 0.795276 0.598425 
vn -0.220472 0.653543 0.724409 
vn -0.984252 0.181102 0.0708661 
vn -0.614173 0.212598 0.755906 
vn -0.503937 0.456693 0.732283 
vn 0.015748 0.220472 0.976378 
vn 0.677165 0.19685 0.708661 
vn 0.984252 0.141732 -0.0787402 
vn 0.133858 0.188976 0.976378 
vn 0.653543 -0.110236 0.748031 
vn 0.944882 -0.330709 -0.0472441 
vn 0.19685 0.102362 0.976378 
vn 0.220472 0.0314961 0.976378 
vn 0.496063 -0.409449 0.771654 
vn 0.645669 -0.76378 0 
vn 0.377953 -0.519685 0.76378 
vn 0.433071 -0.897638 0.0314961 
vn 0 0.00787402 -1 
vn 0 0.480315 -0.874016 
vn 0 0.0551181 -1 
vn 0 -0.314961 -0.952756 
vn 0 -0.314961 -0.952756 
vn 0.015748 -0.76378 -0.637795 
vn 0.015748 -0.76378 -0.637795 
vn 0.0314961 -1 0 
vn 0.0314961 -1 0 
vn 0.015748 -0.76378 0.637795 
vn 0.015748 -0.76378 0.637795 
vn 0 -0.314961 0.952756 
vn 0 -0.314961 0.952756 
vn 0 0.00787402 1 
vn 0 0.0551181 1 
vn 0 0.480315 0.874016 
vn 0 0.00787402 -1 
vn 0 0.0551181 -1 
vn 0 0.480315 -0.874016 
vn 0 -0.314961 -0.952756 
vn 0 -0.314961 -0.952756 
vn -0.015748 -0.76378 -0.637795 
vn -0.015748 -0.76378 -0.637795 
vn -0.0314961 -1 0 
vn -0.0314961 -1 0 
vn -0.015748 -0.76378 0.637795 
vn -0.015748 -0.76378 0.637795 
vn 0 -0.314961 0.952756 
vn 0 -0.314961 0.952756 
vn 0 0.00787402 1 
vn 0 0.0551181 1 
vn 0 0.480315 0.874016 
vn 0 0 1 
vn 0 0 1 
vn 0 0 1 
vn 0 0 1 
vn 0 0 1 
vn 0 0 1 
vn 0 0 1 
vn 0 0 1 
vn 0 0 1 
vn 0 0 1 
vn 0 0 1 
vn 0 0 1 
vn 0 0 1 
vn 0 0 1 
vn 0 0 1 
vn 0 0 1 
vn 0 0 -1 
vn 0 0 -1 
vn 0 0 -1 
vn 0 0 -1 
vn 0 0 -1 
vn 0 0 -1 
vn 0 0 -1 
vn 0 0 -1 
vn -1 0 -0.0393701 
vn -1 -0.015748 -0.023622 
vn -1 -0.0314961 -0.0393701 
vn -1 0 -0.00787402 
vn -1 0 0 
vn -1 0.015748 0.00787402 
vn -1 0 -0.015748 
vn -1 0.023622 -0.0314961 
vn -1 0 0 
vn -1 0.023622 0 
vn -1 -0.015748 0 
vn 1 0 -0.0393701 
vn 1 -0.015748 -0.023622 
vn 1 0 -0.00787402 
vn 1 -0.0314961 -0.0393701 
vn 1 0 0 
vn 1 0.015748 0.00787402 
vn 1 0 -0.015748 
vn 1 0.023622 -0.0314961 
vn 1 0 0 
vn 1 0.023622 0 
vn 1 -0.015748 0 
vn 1 -0.00787402 -0.0393701 
vn 1 0 -0.0551181 
vn 1 -0.023622 -0.0551181 
vn 1 0 -0.023622 
vn 1 0 -0.00787402 
vn 1 0.00787402 0.00787402 
vn 1 0 -0.023622 
vn 1 0.015748 -0.0551181 
vn 1 0 0 
vn 1 0.023622 0 
vn 1 -0.015748 0 
vn -1 0 -0.0393701 
vn -1 -0.015748 -0.023622 
vn -1 -0.0314961 -0.0393701 
vn -1 0 -0.00787402 
vn -1 0 0 
vn -1 0.015748 0.00787402 
vn -1 0 -0.015748 
vn -1 0.023622 -0.0314961 
vn -1 0 0 
vn -1 0.023622 0 
vn -1 -0.015748 0 
vn 0 0 1 
vn 0 0 1 
vn 0 0 1 
vn 0 0 1 
vn 0 0 1 
vn 0 0 1 
vn 0 0 1 
vn 0 0 1 
vn 0 -0.0472441 1 
vn 0 -0.0472441 1 
vn 0 0 1 
vn 0 0 1 
vn 0 -0.0866142 1 
vn 0 -0.0866142 1 
vn 0 -0.0472441 1 
vn 0 0 1 
vn 0 -0.0472441 1 
vn 0 0 1 
vn 0 -0.0866142 1 
vn 0 -0.0866142 1 
vn -1 0 0 
vn -1 -0.0393701 0 
vn -1 0 0 
vn -1 -0.0393701 0 
vn -1 -0.0787402 0 
vn -1 -0.0787402 0 
vn 1 0 0 
vn 1 -0.0393701 0 
vn 1 -0.0393701 0 
vn 1 0 0 
vn 1 -0.0787402 0 
vn 1 -0.0787402 0 
vn 0.0866142 0.212598 -0.976378 
vn 0.0866142 0.125984 -0.984252 
vn 0.0866142 0.212598 -0.976378 
vn 0.0866142 0.125984 -0.984252 
vn 0.0866142 0.0393701 -0.992126 
vn 0.0866142 0.0393701 -0.992126 
vn -0.110236 0.212598 -0.968504 
vn -0.110236 0.212598 -0.968504 
vn -0.110236 0.125984 -0.984252 
vn -0.110236 0.125984 -0.984252 
vn -0.110236 0.0393701 -0.992126 
vn -0.110236 0.0393701 -0.992126 
vn 0.984252 0.133858 -0.110236 
vn 0.984252 0.133858 -0.110236 
vn 0.968504 0.228346 -0.110236 
vn 0.968504 0.228346 -0.110236 
vn 0.992126 0.0472441 -0.110236 
vn 0.992126 0.0472441 -0.110236 
vn 0.992126 -0.0866142 -0.0314961 
vn 0.771654 -0.637795 0.00787402 
vn 0.503937 -0.401575 -0.76378 
vn 0.559055 -0.299213 0.771654 
vn 0.251969 -0.968504 0.0393701 
vn 0.15748 -0.629921 -0.76378 
vn 0 -1 0.0393701 
vn 0.015748 0.015748 -1 
vn 0 -0.661417 -0.748031 
vn 0 0.00787402 -1 
vn 0.0551181 0.0787402 -0.992126 
vn 0.19685 -0.559055 0.811024 
vn 0 -0.606299 0.795276 
vn 0.629921 -0.0551181 -0.771654 
vn -0.0393701 0.0944882 -0.992126 
vn 0.0787402 0.0944882 0.992126 
vn 0 0.0629921 1 
vn 0.472441 0.307087 -0.826772 
vn -0.220472 0.0314961 -0.976378 
vn -0.724409 0.685039 -0.0314961 
vn 0.866142 0.496063 -0.0708661 
vn 0.543307 0.448819 0.708661 
vn 0.685039 0.0708661 0.732283 
vn 0.0472441 0.251969 0.968504 
vn 0.165354 0.212598 0.96063 
vn -0.0551181 0.708661 0.700787 
vn 0 0.716535 0.700787 
vn -0.291339 0.653543 0.700787 
vn -0.15748 0.984252 -0.0472441 
vn 0 1 -0.0472441 
vn 0 0.661417 -0.748031 
vn -0.141732 0.212598 0.968504 
vn -0.685039 0.00787402 0.724409 
vn -0.110236 0.645669 -0.755906 
vn 0 0.00787402 -1 
vn 0.015748 0.015748 -1 
vn 0.0551181 0.0787402 -0.992126 
vn -0.992126 -0.133858 0.0629921 
vn -0.574803 0.818898 -0.0314961 
vn -0.393701 0.551181 -0.732283 
vn -0.0393701 0.0944882 -0.992126 
vn -0.740157 -0.11811 -0.661417 
vn -0.220472 0.0314961 -0.976378 
vn -0.677165 0.259843 -0.685039 
vn -0.929134 0.362205 0.015748 
vn -0.606299 0.377953 0.700787 
vn -0.629921 -0.0551181 -0.771654 
vn -0.503937 -0.401575 -0.76378 
vn -0.992126 -0.0866142 -0.0314961 
vn -0.0551181 0.0787402 -0.992126 
vn 0.0393701 0.0944882 -0.992126 
vn -0.015748 0.015748 -1 
vn -0.472441 0.307087 -0.826772 
vn 0.220472 0.0314961 -0.976378 
vn 0.724409 0.685039 -0.0314961 
vn -0.866142 0.496063 -0.0708661 
vn 0 -0.661417 -0.748031 
vn 0 0.00787402 -1 
vn -0.15748 -0.629921 -0.76378 
vn 0 -1 0.0393701 
vn -0.251969 -0.968504 0.0393701 
vn -0.771654 -0.637795 0.00787402 
vn -0.19685 -0.559055 0.811024 
vn 0 -0.606299 0.795276 
vn -0.559055 -0.299213 0.771654 
vn -0.0787402 0.0944882 0.992126 
vn 0 0.0629921 1 
vn -0.685039 0.0708661 0.732283 
vn 0.0551181 0.708661 0.700787 
vn -0.165354 0.212598 0.96063 
vn 0 0.716535 0.700787 
vn -0.0472441 0.251969 0.968504 
vn -0.543307 0.448819 0.708661 
vn 0.15748 0.984252 -0.0472441 
vn 0 1 -0.0472441 
vn 0.291339 0.653543 0.700787 
vn 0 0.661417 -0.748031 
vn 0.141732 0.212598 0.968504 
vn 0.110236 0.645669 -0.755906 
vn 0 0.00787402 -1 
vn -0.015748 0.015748 -1 
vn -0.0551181 0.0787402 -0.992126 
vn 0.574803 0.818898 -0.0314961 
vn 0.393701 0.551181 -0.732283 
vn 0.0393701 0.0944882 -0.992126 
vn 0.606299 0.377953 0.700787 
vn 0.677165 0.259843 -0.685039 
vn 0.929134 0.362205 0.015748 
vn 0.685039 0.00787402 0.724409 
vn 0.992126 -0.133858 0.0629921 
vn 0.740157 -0.11811 -0.661417 
vn 0.220472 0.0314961 -0.976378 
vn -0.968504 0.228346 -0.0866142 
vn -0.984252 0.133858 -0.0866142 
vn -0.968504 0.228346 -0.0866142 
vn -0.984252 0.133858 -0.0866142 
vn -0.992126 0.0472441 -0.0866142 
vn -0.992126 0.0472441 -0.0866142 
vn 0.984252 0.133858 -0.0944882 
vn 0.984252 0.133858 -0.0944882 
vn 0.968504 0.228346 -0.0944882 
vn 0.968504 0.228346 -0.0944882 
vn 0.992126 0.0472441 -0.0944882 
vn 0.992126 0.0472441 -0.0944882 
vn -0.968504 0.228346 -0.0866142 
vn -0.984252 0.133858 -0.0866142 
vn -0.968504 0.228346 -0.0866142 
vn -0.984252 0.133858 -0.0866142 
vn -0.992126 0.0472441 -0.0866142 
vn -0.992126 0.0472441 -0.0866142 
vn 0.0944882 0.125984 0.984252 
vn 0.0944882 0.125984 0.984252 
vn 0.0944882 0.212598 0.968504 
vn 0.0944882 0.212598 0.968504 
vn 0.0944882 0.0393701 0.992126 
vn 0.0944882 0.0393701 0.992126 
vn -0.0866142 0.125984 0.984252 
vn -0.0866142 0.212598 0.976378 
vn -0.0866142 0.125984 0.984252 
vn -0.0866142 0.212598 0.976378 
vn -0.0866142 0.0393701 0.992126 
vn -0.0866142 0.0393701 0.992126 
vn -0.149606 0.464567 0.874016 
vn 0.19685 0.850394 0.488189 
vn 0.314961 0.771654 0.559055 
vn -0.244094 0.283465 0.929134 
vn -0.314961 0.023622 0.944882 
vn -0.346457 -0.0866142 0.937008 
vn -0.338583 -0.0944882 0.937008 
vn -0.0629921 0.409449 0.913386 
vn -0.165354 -0.015748 0.984252 
vn -0.19685 -0.0944882 0.976378 
vn 0.0472441 -0.102362 0.992126 
vn 0.0629921 -0.015748 1 
vn -0.015748 0.818898 0.574803 
vn 0.023622 0.897638 0.448819 
vn 0.0472441 1 -0.00787402 
vn 0.133858 0.992126 0.015748 
vn 0.338583 0.937008 0.0708661 
vn 0.488189 0.866142 0.0944882 
vn 0.480315 0.76378 -0.440945 
vn 0.307087 0.76378 -0.566929 
vn 0.141732 0.330709 -0.937008 
vn 0.149606 0.377953 -0.913386 
vn 0.165354 0.401575 -0.897638 
vn 0.19685 0.834646 -0.511811 
vn 0.133858 0.897638 -0.417323 
vn 0 0 -1 
vn 0 0 -1 
vn 0 0 -1 
vn 0 0 -1 
vn 0 0 -1 
vn 0 0 -1 
vn 0 0 -1 
vn 0 0 -1 
vn 0 0 -1 
vn 0 0 -1 
vn 0 0 -1 
vn 0 0 -1 
vn 0 0 -1 
vn 0 0 -1 
vn 0 0 -1 
vn 0 0 -1 
vn 0 0 -1 
vn 0 0 -1 
vn 0 0 -1 
vn 0 0 -1 
vn 0 0 -1 
vn 0 0 -1 
vn 0 0 -1 
vn 0 0 -1 
vn 0 0 -1 
vn 0 0 -1 
vn 0 0 -1 
vn 0 0 -1 
vn 0 0 -1 
vn 0 0 -1 
vn 0 0 -1 
vn 0 0 -1 
vn 0 0 -1 
vn 0 0 -1 
vn 0 0 -1 
vn 0 0 -1 
vn 0 0 -1 
vn 0 0 -1 
vn 0 0 -1 
vn 0 0 -1 
vn 0 0 -1 
vn 0 0 -1 
vn 0 0 -1 
vn 0 0 -1 
vn 0 0 -1 
vn 0 0 -1 
vn 0 0 -1 
vn 0 0 -1 
vn 0 0 -1 
vn 0 0 -1 
vn 0 0 -1 
vn 0 0 -1 
vn 0 0 -1 
vn 0 0 -1 
vn 0.149606 0.464567 0.874016 
vn -0.314961 0.771654 0.559055 
vn -0.19685 0.850394 0.488189 
vn 0.244094 0.283465 0.929134 
vn 0.314961 0.023622 0.944882 
vn 0.346457 -0.0866142 0.937008 
vn 0.338583 -0.0944882 0.937008 
vn 0.0629921 0.409449 0.913386 
vn 0.165354 -0.015748 0.984252 
vn 0.19685 -0.0944882 0.976378 
vn -0.0472441 -0.102362 0.992126 
vn -0.0629921 -0.015748 1 
vn 0.015748 0.818898 0.574803 
vn -0.023622 0.897638 0.448819 
vn -0.0472441 1 -0.00787402 
vn -0.133858 0.992126 0.015748 
vn -0.338583 0.937008 0.0708661 
vn -0.488189 0.866142 0.0944882 
vn -0.480315 0.76378 -0.440945 
vn -0.307087 0.76378 -0.566929 
vn -0.141732 0.330709 -0.937008 
vn -0.149606 0.377953 -0.913386 
vn -0.165354 0.401575 -0.897638 
vn -0.19685 0.834646 -0.511811 
vn -0.133858 0.897638 -0.417323 
vn 0 0 -1 
vn 0 0 -1 
vn 0 0 -1 
vn 0 0 -1 
vn 0 0 -1 
vn 0 0 -1 
vn 0 0 -1 
vn 0 0 -1 
vn 0 0 -1 
vn 0 0 -1 
vn 0 0 -1 
vn 0 0 -1 
vn 0 0 -1 
vn 0 0 -1 
vn 0 0 -1 
vn 0 0 -1 
vn -1 0 -0.023622 
vn -1 -0.00787402 -0.0393701 
vn -1 0 -0.0551181 
vn -1 -0.023622 -0.0551181 
vn -1 0 -0.00787402 
vn -1 0.00787402 0.00787402 
vn -1 0 -0.023622 
vn -1 0.015748 -0.0551181 
vn -1 0 0 
vn -1 0.023622 0 
vn -1 -0.015748 0 
vn 1 -0.00787402 -0.0393701 
vn 1 0 -0.0551181 
vn 1 -0.023622 -0.0551181 
vn 1 0 -0.023622 
vn 1 0 -0.00787402 
vn 1 0.00787402 0.00787402 
vn 1 0 -0.023622 
vn 1 0.015748 -0.0551181 
vn 1 0 0 
vn 1 0.023622 0 
vn 1 -0.015748 0 
vn -1 -0.0393701 0 
vn -1 -0.0393701 0 
vn -1 0 0 
vn -1 0 0 
vn -1 -0.0787402 0 
vn -1 -0.0787402 0 
vn 1 -0.0393701 0 
vn 1 0 0 
vn 1 -0.0393701 0 
vn 1 0 0 
vn 1 -0.0787402 0 
vn 1 -0.0787402 0 
vn -0.149606 -0.456693 -0.874016 
vn 0.19685 -0.84252 -0.496063 
vn 0.307087 -0.76378 -0.566929 
vn -0.23622 -0.275591 -0.929134 
vn -0.314961 -0.023622 -0.952756 
vn -0.338583 0.0866142 -0.937008 
vn -0.330709 0.0866142 -0.937008 
vn -0.0629921 -0.401575 -0.913386 
vn -0.165354 0.015748 -0.984252 
vn -0.19685 0.0944882 -0.976378 
vn 0.0472441 0.102362 -0.992126 
vn 0.0629921 0.015748 -1 
vn -0.015748 -0.818898 -0.582677 
vn 0.023622 -0.889764 -0.456693 
vn 0.0472441 -1 0.00787402 
vn 0.133858 -0.992126 -0.023622 
vn 0.338583 -0.937008 -0.0708661 
vn 0.488189 -0.866142 -0.0944882 
vn 0.472441 -0.76378 0.440945 
vn 0.307087 -0.755906 0.574803 
vn 0.133858 -0.322835 0.937008 
vn 0.141732 -0.370079 0.913386 
vn 0.15748 -0.401575 0.905512 
vn 0.19685 -0.834646 0.511811 
vn 0.133858 -0.897638 0.425197 
vn 0 0 1 
vn 0 0 1 
vn 0 0 1 
vn 0 0 1 
vn 0 0 1 
vn 0 0 1 
vn 0 0 1 
vn 0 0 1 
vn 0 0 1 
vn 0 0 1 
vn 0 0 1 
vn 0 0 1 
vn 0 0 1 
vn 0 0 1 
vn 0 0 1 
vn 0 0 1 
vn 0 0 1 
vn 0 0 1 
vn 0 0 1 
vn 0 0 1 
vn 0 0 1 
vn 0 0 1 
vn 0 0 1 
vn 0 0 1 
vn 0 0 1 
vn 0 0 1 
vn 0 0 1 
vn 0 0 1 
vn 0 0 1 
vn 0 0 1 
vn 0 0 1 
vn 0 0 1 
vn 0 0 1 
vn 0 0 1 
vn 0 0 1 
vn 0 0 1 
vn 0 0 1 
vn 0 0 1 
vn 0 0 1 
vn 0 0 1 
vn 0 0 1 
vn 0 0 1 
vn 0 0 1 
vn 0 0 1 
vn 0 0 1 
vn 0 0 1 
vn 0 0 1 
vn 0 0 1 
vn 0 0 1 
vn 0 0 1 
vn 0 0 1 
vn 0 0 1 
vn 0 0 1 
vn 0 0 1 
vn 0.149606 -0.456693 -0.874016 
vn -0.307087 -0.76378 -0.566929 
vn -0.19685 -0.84252 -0.496063 
vn 0.23622 -0.275591 -0.929134 
vn 0.314961 -0.023622 -0.952756 
vn 0.338583 0.0866142 -0.937008 
vn 0.330709 0.0866142 -0.937008 
vn 0.0629921 -0.401575 -0.913386 
vn 0.165354 0.015748 -0.984252 
vn 0.19685 0.0944882 -0.976378 
vn -0.0472441 0.102362 -0.992126 
vn -0.0629921 0.015748 -1 
vn 0.015748 -0.818898 -0.582677 
vn -0.023622 -0.889764 -0.456693 
vn -0.0472441 -1 0.00787402 
vn -0.133858 -0.992126 -0.023622 
vn -0.338583 -0.937008 -0.0708661 
vn -0.488189 -0.866142 -0.0944882 
vn -0.472441 -0.76378 0.440945 
vn -0.307087 -0.755906 0.574803 
vn -0.133858 -0.322835 0.937008 
vn -0.141732 -0.370079 0.913386 
vn -0.15748 -0.401575 0.905512 
vn -0.19685 -0.834646 0.511811 
vn -0.133858 -0.897638 0.425197 
vn 0.015748 0.992126 -0.141732 
vn 0.0314961 0.992126 -0.141732 
vn 0.00787402 1 -0.0551181 
vn 0.00787402 1 -0.0472441 
vn 0.015748 1 -0.0629921 
vn 0.0472441 0.992126 -0.141732 
vn -0.015748 1 0.0314961 
vn -0.00787402 1 0.0314961 
vn 0.00787402 1 0.0393701 
vn 0 0 -1 
vn 0 -0.0472441 -1 
vn 0 0 -1 
vn 0 -0.0472441 -1 
vn 0 -0.0866142 -1 
vn 0 -0.0866142 -1 
vn 0 -0.0472441 -1 
vn 0 0 -1 
vn 0 0 -1 
vn 0 -0.0472441 -1 
vn 0 -0.0866142 -1 
vn 0 -0.0866142 -1 
vn -0.0944882 0.212598 -0.968504 
vn -0.0944882 0.212598 -0.968504 
vn -0.0944882 0.125984 -0.984252 
vn -0.0944882 0.125984 -0.984252 
vn -0.0944882 0.0393701 -0.992126 
vn -0.0944882 0.0393701 -0.992126 
vn 0.0866142 0.212598 -0.976378 
vn 0.0866142 0.125984 -0.984252 
vn 0.0866142 0.212598 -0.976378 
vn 0.0866142 0.125984 -0.984252 
vn 0.0866142 0.0393701 -0.992126 
vn 0.0866142 0.0393701 -0.992126 
vn 0.984252 0.133858 0.0866142 
vn 0.968504 0.228346 0.0866142 
vn 0.984252 0.133858 0.0866142 
vn 0.968504 0.228346 0.0866142 
vn 0.992126 0.0472441 0.0866142 
vn 0.992126 0.0472441 0.0866142 
vn -0.984252 0.133858 0.0944882 
vn -0.968504 0.228346 0.0944882 
vn -0.968504 0.228346 0.0944882 
vn -0.984252 0.133858 0.0944882 
vn -0.992126 0.0472441 0.0944882 
vn -0.992126 0.0472441 0.0944882 
vn 0.984252 0.133858 0.0866142 
vn 0.968504 0.228346 0.0866142 
vn 0.984252 0.133858 0.0866142 
vn 0.968504 0.228346 0.0866142 
vn 0.992126 0.0472441 0.0866142 
vn 0.992126 0.0472441 0.0866142 
vn -0.984252 0.133858 0.110236 
vn -0.968504 0.228346 0.110236 
vn -0.968504 0.228346 0.110236 
vn -0.984252 0.133858 0.110236 
vn -0.992126 0.0472441 0.110236 
vn -0.992126 0.0472441 0.110236 
vn 0.110236 0.125984 0.984252 
vn 0.110236 0.125984 0.984252 
vn 0.110236 0.212598 0.968504 
vn 0.110236 0.212598 0.968504 
vn 0.110236 0.0393701 0.992126 
vn 0.110236 0.0393701 0.992126 
vn -0.0866142 0.125984 0.984252 
vn -0.0866142 0.212598 0.976378 
vn -0.0866142 0.125984 0.984252 
vn -0.0866142 0.212598 0.976378 
vn -0.0866142 0.0393701 0.992126 
vn -0.0866142 0.0393701 0.992126 
vn -0.00787402 -1 0.0551181 
vn 0.00787402 -1 0.0551181 
vn -0.00787402 -1 0.0708661 
vn 0.015748 -1 0.0787402 
vn -0.023622 -1 0.0551181 
vn 0.00787402 -1 -0.015748 
vn -0.015748 -1 0.0472441 
vn 0 -1 -0.023622 
vn 0.015748 -0.992126 -0.125984 
vn 0 -1 -0.023622 
vn 0.00787402 -0.992126 -0.141732 
vn 0.023622 -0.984252 -0.188976 
vn 0.00787402 -0.984252 -0.15748 
vn 0.00787402 -0.976378 -0.204724 
vn 0 -0.976378 -0.228346 
vn 0.00787402 -1 0.0708661 
vn -0.015748 -1 0.0787402 
vn -0.00787402 -1 0.0551181 
vn 0.00787402 -1 0.0551181 
vn 0.023622 -1 0.0551181 
vn -0.00787402 -1 -0.015748 
vn 0.015748 -1 0.0472441 
vn 0 -1 -0.023622 
vn -0.015748 -0.992126 -0.125984 
vn 0 -1 -0.023622 
vn -0.00787402 -0.992126 -0.141732 
vn -0.023622 -0.984252 -0.188976 
vn -0.00787402 -0.984252 -0.15748 
vn -0.00787402 -0.976378 -0.204724 
vn 0 -0.976378 -0.228346 
vn 0 -0.00787402 1 
vn 0 -0.0551181 1 
vn 0 -0.488189 0.874016 
vn 0 0.314961 0.952756 
vn 0 0.314961 0.952756 
vn -0.015748 0.771654 0.637795 
vn -0.015748 0.771654 0.637795 
vn -0.0314961 1 0 
vn -0.0314961 1 0 
vn -0.015748 0.771654 -0.637795 
vn -0.015748 0.771654 -0.637795 
vn 0 0.314961 -0.952756 
vn 0 0.314961 -0.952756 
vn 0 -0.00787402 -1 
vn 0 -0.0551181 -1 
vn 0 -0.488189 -0.874016 
vn 0 -0.00787402 1 
vn 0 -0.488189 0.874016 
vn 0 -0.0551181 1 
vn 0 0.314961 0.952756 
vn 0 0.314961 0.952756 
vn 0.015748 0.771654 0.637795 
vn 0.015748 0.771654 0.637795 
vn 0.0314961 1 0 
vn 0.0314961 1 0 
vn 0.015748 0.771654 -0.637795 
vn 0.015748 0.771654 -0.637795 
vn 0 0.314961 -0.952756 
vn 0 0.314961 -0.952756 
vn 0 -0.00787402 -1 
vn 0 -0.0551181 -1 
vn 0 -0.488189 -0.874016 
vn 0.0787402 -0.322835 -0.944882 
vn 0.0393701 -0.259843 -0.968504 
vn 0.0393701 -0.259843 -0.96063 
vn 0.015748 -0.188976 -0.984252 
vn 0.00787402 -0.149606 -0.992126 
vn 0 -0.0866142 -1 
vn -0.015748 -0.102362 -0.992126 
vn -0.015748 -0.0629921 -1 
vn -0.023622 -0.0551181 -1 
vn -0.0708661 0.015748 -1 
vn -0.0787402 -0.322835 -0.944882 
vn -0.0393701 -0.259843 -0.96063 
vn -0.0393701 -0.259843 -0.968504 
vn -0.015748 -0.188976 -0.984252 
vn -0.00787402 -0.149606 -0.992126 
vn 0 -0.0866142 -1 
vn 0.015748 -0.102362 -0.992126 
vn 0.015748 -0.0629921 -1 
vn 0.023622 -0.0551181 -1 
vn 0.0708661 0.015748 -1 
vn 0.0314961 -0.330709 -0.944882 
vn 0.0472441 -0.259843 -0.96063 
vn 0.0472441 -0.259843 -0.968504 
vn 0.0472441 -0.181102 -0.984252 
vn 0.0393701 -0.141732 -0.992126 
vn 0.0314961 -0.0787402 -1 
vn 0.0472441 -0.0944882 -0.992126 
vn 0.0393701 -0.0551181 -1 
vn 0.0393701 -0.0393701 -1 
vn 0.0629921 0.0393701 -1 
vn -0.0314961 -0.330709 -0.944882 
vn -0.0472441 -0.259843 -0.968504 
vn -0.0472441 -0.259843 -0.96063 
vn -0.0472441 -0.181102 -0.984252 
vn -0.0393701 -0.141732 -0.992126 
vn -0.0314961 -0.0787402 -1 
vn -0.0472441 -0.0944882 -0.992126 
vn -0.0393701 -0.0551181 -1 
vn -0.0393701 -0.0393701 -1 
vn -0.0629921 0.0393701 -1 

vt 0.901369 0.916183 
vt 0.813021 0.84004 
vt 0.893507 0.833102 
vt 0.821116 0.925618 
vt 0.893507 0.833102 
vt 0.821116 0.925618 
vt 0.901369 0.916183 
vt 0.813044 0.840236 
vt 0.813021 0.84004 
vt 0.901369 0.916183 
vt 0.821116 0.925618 
vt 0.893507 0.833102 
vt 0.821116 0.925618 
vt 0.893507 0.833102 
vt 0.813021 0.84004 
vt 0.901369 0.916183 
vt 0.40031 0.359962 
vt 0.411158 0.271738 
vt 0.381491 0.356936 
vt 0.383499 0.261254 
vt 0.429404 0.280593 
vt 0.395259 0.422516 
vt 0.387111 0.422578 
vt 0.412037 0.364779 
vt 0.448777 0.291255 
vt 0.393791 0.469159 
vt 0.424053 0.371046 
vt 0.401464 0.423771 
vt 0.472093 0.304567 
vt 0.407993 0.425849 
vt 0.437339 0.37751 
vt 0.413327 0.428023 
vt 0.450971 0.383153 
vt 0.497876 0.312971 
vt 0.418301 0.430504 
vt 0.424268 0.434178 
vt 0.4633 0.388051 
vt 0.51819 0.320303 
vt 0.429224 0.438296 
vt 0.43388 0.444527 
vt 0.488036 0.407147 
vt 0.474561 0.394203 
vt 0.536493 0.329416 
vt 0.561737 0.346199 
vt 0.381491 0.356936 
vt 0.383499 0.261254 
vt 0.411158 0.271738 
vt 0.40031 0.359962 
vt 0.429404 0.280592 
vt 0.395259 0.422516 
vt 0.387111 0.422578 
vt 0.412037 0.364779 
vt 0.448777 0.291255 
vt 0.393791 0.469159 
vt 0.424053 0.371046 
vt 0.401464 0.423771 
vt 0.472093 0.304567 
vt 0.407993 0.425849 
vt 0.437339 0.37751 
vt 0.413327 0.428023 
vt 0.450971 0.383153 
vt 0.497876 0.312971 
vt 0.418301 0.430503 
vt 0.424268 0.434178 
vt 0.4633 0.388051 
vt 0.51819 0.320303 
vt 0.429224 0.438296 
vt 0.43388 0.444527 
vt 0.488036 0.407147 
vt 0.474561 0.394203 
vt 0.536493 0.329416 
vt 0.561737 0.346199 
vt 0.40031 0.359962 
vt 0.408564 0.29283 
vt 0.381491 0.356936 
vt 0.382928 0.288459 
vt 0.426162 0.29631 
vt 0.395259 0.422516 
vt 0.387111 0.422578 
vt 0.412037 0.364779 
vt 0.445924 0.300463 
vt 0.393791 0.469159 
vt 0.401464 0.423771 
vt 0.424053 0.371046 
vt 0.471122 0.306605 
vt 0.407993 0.425849 
vt 0.437339 0.37751 
vt 0.450971 0.383153 
vt 0.413327 0.428023 
vt 0.494219 0.318443 
vt 0.418301 0.430504 
vt 0.424268 0.434178 
vt 0.4633 0.388051 
vt 0.510074 0.33032 
vt 0.429224 0.438296 
vt 0.43388 0.444527 
vt 0.488036 0.407147 
vt 0.474561 0.394203 
vt 0.540782 0.363528 
vt 0.523535 0.342971 
vt 0.381491 0.356936 
vt 0.382928 0.288459 
vt 0.408564 0.29283 
vt 0.40031 0.359962 
vt 0.426162 0.29631 
vt 0.395259 0.422516 
vt 0.387111 0.422578 
vt 0.412037 0.364779 
vt 0.445924 0.300463 
vt 0.393791 0.469159 
vt 0.424053 0.371046 
vt 0.401464 0.423771 
vt 0.471122 0.306605 
vt 0.407993 0.425849 
vt 0.437339 0.37751 
vt 0.450971 0.383153 
vt 0.413327 0.428023 
vt 0.418301 0.430504 
vt 0.494219 0.318443 
vt 0.424268 0.434178 
vt 0.4633 0.388051 
vt 0.510074 0.33032 
vt 0.429224 0.438296 
vt 0.43388 0.444527 
vt 0.488036 0.407147 
vt 0.474561 0.394203 
vt 0.540782 0.363528 
vt 0.523535 0.342971 
vt 0.881689 0.0500814 
vt 0.793417 0.0388848 
vt 0.881588 0.0100034 
vt 0.792476 0.0102022 
vt 0.970689 0.00989586 
vt 0.794267 0.0661427 
vt 0.969879 0.0610756 
vt 0.881809 0.0884017 
vt 0.793799 0.138777 
vt 0.969233 0.109931 
vt 0.881972 0.1457 
vt 0.793373 0.189806 
vt 0.970133 0.153724 
vt 0.882094 0.188331 
vt 0.970739 0.189732 
vt 0.40031 0.359962 
vt 0.411158 0.271738 
vt 0.381491 0.356936 
vt 0.383499 0.261254 
vt 0.387111 0.422578 
vt 0.429404 0.280593 
vt 0.395259 0.422516 
vt 0.412037 0.364779 
vt 0.448777 0.291255 
vt 0.393791 0.469159 
vt 0.401464 0.423771 
vt 0.424053 0.371046 
vt 0.472093 0.304567 
vt 0.407993 0.425849 
vt 0.437339 0.37751 
vt 0.413327 0.428023 
vt 0.450971 0.383153 
vt 0.497876 0.312971 
vt 0.418301 0.430504 
vt 0.424268 0.434178 
vt 0.4633 0.388051 
vt 0.51819 0.320303 
vt 0.429224 0.438296 
vt 0.43388 0.444527 
vt 0.488036 0.407147 
vt 0.474561 0.394203 
vt 0.536493 0.329416 
vt 0.561737 0.346199 
vt 0.381491 0.356936 
vt 0.383499 0.261254 
vt 0.411158 0.271738 
vt 0.40031 0.359962 
vt 0.429404 0.280592 
vt 0.387111 0.422578 
vt 0.412037 0.364779 
vt 0.395259 0.422516 
vt 0.448777 0.291255 
vt 0.393791 0.469159 
vt 0.424053 0.371046 
vt 0.401464 0.423771 
vt 0.472093 0.304567 
vt 0.407993 0.425849 
vt 0.437339 0.37751 
vt 0.413327 0.428023 
vt 0.418301 0.430503 
vt 0.450971 0.383153 
vt 0.497876 0.312971 
vt 0.424268 0.434178 
vt 0.4633 0.388051 
vt 0.51819 0.320303 
vt 0.429224 0.438296 
vt 0.43388 0.444527 
vt 0.488036 0.407147 
vt 0.474561 0.394203 
vt 0.536493 0.329416 
vt 0.561737 0.346199 
vt 0.40031 0.359962 
vt 0.382928 0.288459 
vt 0.381491 0.356936 
vt 0.408564 0.29283 
vt 0.426162 0.29631 
vt 0.395259 0.422516 
vt 0.387111 0.422578 
vt 0.412037 0.364779 
vt 0.445924 0.300463 
vt 0.393791 0.469159 
vt 0.401464 0.423771 
vt 0.424053 0.371046 
vt 0.407993 0.425849 
vt 0.437339 0.37751 
vt 0.471122 0.306605 
vt 0.413327 0.428023 
vt 0.450971 0.383153 
vt 0.494219 0.318443 
vt 0.418301 0.430504 
vt 0.424268 0.434178 
vt 0.4633 0.388051 
vt 0.510074 0.33032 
vt 0.429224 0.438296 
vt 0.43388 0.444527 
vt 0.488036 0.407147 
vt 0.474561 0.394203 
vt 0.540782 0.363528 
vt 0.523535 0.342971 
vt 0.382928 0.288459 
vt 0.40031 0.359962 
vt 0.381491 0.356936 
vt 0.408564 0.29283 
vt 0.426162 0.29631 
vt 0.395259 0.422516 
vt 0.387111 0.422578 
vt 0.412037 0.364779 
vt 0.445924 0.300463 
vt 0.393791 0.469159 
vt 0.401464 0.423771 
vt 0.424053 0.371046 
vt 0.407993 0.425849 
vt 0.437339 0.37751 
vt 0.471122 0.306605 
vt 0.413327 0.428023 
vt 0.450971 0.383153 
vt 0.494219 0.318443 
vt 0.418301 0.430504 
vt 0.424268 0.434178 
vt 0.4633 0.388051 
vt 0.510074 0.33032 
vt 0.429224 0.438296 
vt 0.43388 0.444527 
vt 0.488036 0.407147 
vt 0.474561 0.394203 
vt 0.540782 0.363528 
vt 0.523535 0.342971 
vt 0.362213 0.330025 
vt 0.356964 0.496741 
vt 0.205935 0.491441 
vt 0.169237 0.320271 
vt 0.245218 0.659681 
vt 0.352497 0.665405 
vt 0.013892 0.658002 
vt 0.017666 0.48936 
vt 0.017859 0.323063 
vt 0.362213 0.330025 
vt 0.205935 0.491441 
vt 0.356964 0.496741 
vt 0.169237 0.320271 
vt 0.245218 0.659681 
vt 0.352497 0.665405 
vt 0.013892 0.658002 
vt 0.017666 0.48936 
vt 0.017859 0.323063 
vt 0.411158 0.271738 
vt 0.381491 0.356936 
vt 0.383499 0.261254 
vt 0.436124 0.186178 
vt 0.402229 0.170096 
vt 0.456133 0.20413 
vt 0.40031 0.359962 
vt 0.387111 0.422578 
vt 0.395259 0.422516 
vt 0.429404 0.280593 
vt 0.475513 0.223589 
vt 0.412037 0.364779 
vt 0.401464 0.423771 
vt 0.448777 0.291255 
vt 0.503985 0.240251 
vt 0.424053 0.371046 
vt 0.407993 0.425849 
vt 0.437339 0.37751 
vt 0.413327 0.428023 
vt 0.472093 0.304567 
vt 0.418301 0.430504 
vt 0.497876 0.312971 
vt 0.535581 0.247576 
vt 0.450971 0.383153 
vt 0.424268 0.434178 
vt 0.4633 0.388051 
vt 0.429224 0.438296 
vt 0.51819 0.320303 
vt 0.562015 0.249465 
vt 0.474561 0.394203 
vt 0.43388 0.444527 
vt 0.488036 0.407147 
vt 0.536493 0.329416 
vt 0.561737 0.346199 
vt 0.588624 0.256207 
vt 0.622338 0.275579 
vt 0.40031 0.359962 
vt 0.383499 0.261254 
vt 0.381491 0.356936 
vt 0.411158 0.271738 
vt 0.387111 0.422578 
vt 0.429404 0.280593 
vt 0.395259 0.422516 
vt 0.412037 0.364779 
vt 0.393791 0.469159 
vt 0.424053 0.371046 
vt 0.401464 0.423771 
vt 0.454662 0.28288 
vt 0.407993 0.425849 
vt 0.437339 0.37751 
vt 0.476458 0.295048 
vt 0.500287 0.302744 
vt 0.413327 0.428023 
vt 0.450971 0.383153 
vt 0.418301 0.430504 
vt 0.51819 0.320303 
vt 0.424268 0.434178 
vt 0.429224 0.438296 
vt 0.43388 0.444527 
vt 0.4633 0.388051 
vt 0.474561 0.394203 
vt 0.488036 0.407147 
vt 0.536493 0.329416 
vt 0.561737 0.346199 
vt 0.383499 0.261254 
vt 0.40031 0.359962 
vt 0.381491 0.356936 
vt 0.411158 0.271738 
vt 0.387111 0.422578 
vt 0.429404 0.280592 
vt 0.395259 0.422516 
vt 0.412037 0.364779 
vt 0.393791 0.469159 
vt 0.424053 0.371046 
vt 0.448777 0.291255 
vt 0.401464 0.423771 
vt 0.437339 0.37751 
vt 0.472093 0.304567 
vt 0.407993 0.425849 
vt 0.497876 0.312971 
vt 0.413327 0.428023 
vt 0.418301 0.430503 
vt 0.450971 0.383153 
vt 0.424268 0.434178 
vt 0.4633 0.388051 
vt 0.51819 0.320303 
vt 0.429224 0.438296 
vt 0.43388 0.444527 
vt 0.474561 0.394203 
vt 0.536493 0.329416 
vt 0.488036 0.407147 
vt 0.561737 0.346199 
vt 0.40031 0.359962 
vt 0.383499 0.261254 
vt 0.381491 0.356936 
vt 0.387111 0.422578 
vt 0.402229 0.170096 
vt 0.436124 0.186178 
vt 0.411158 0.271738 
vt 0.456133 0.20413 
vt 0.429404 0.280593 
vt 0.475513 0.223589 
vt 0.395259 0.422516 
vt 0.393791 0.469159 
vt 0.412037 0.364779 
vt 0.448777 0.291255 
vt 0.401464 0.423771 
vt 0.424053 0.371046 
vt 0.472093 0.304567 
vt 0.503985 0.240251 
vt 0.437339 0.37751 
vt 0.407993 0.425849 
vt 0.497876 0.312971 
vt 0.535581 0.247576 
vt 0.413327 0.428023 
vt 0.418301 0.430504 
vt 0.450971 0.383153 
vt 0.424268 0.434178 
vt 0.429224 0.438296 
vt 0.43388 0.444527 
vt 0.4633 0.388051 
vt 0.474561 0.394203 
vt 0.488036 0.407147 
vt 0.561737 0.346199 
vt 0.51819 0.320303 
vt 0.562015 0.249465 
vt 0.536493 0.329416 
vt 0.622338 0.275579 
vt 0.588624 0.256207 
vt 0.383499 0.261254 
vt 0.40031 0.359962 
vt 0.381491 0.356936 
vt 0.387111 0.422578 
vt 0.402229 0.170096 
vt 0.436124 0.186178 
vt 0.411158 0.271738 
vt 0.456133 0.20413 
vt 0.395259 0.422516 
vt 0.429404 0.280592 
vt 0.475513 0.223589 
vt 0.393791 0.469159 
vt 0.412037 0.364779 
vt 0.448777 0.291255 
vt 0.472093 0.304567 
vt 0.503986 0.240251 
vt 0.424053 0.371046 
vt 0.401464 0.423771 
vt 0.497876 0.312971 
vt 0.437339 0.37751 
vt 0.407993 0.425849 
vt 0.413327 0.428023 
vt 0.535581 0.247576 
vt 0.418301 0.430503 
vt 0.450971 0.383153 
vt 0.51819 0.320303 
vt 0.562015 0.249465 
vt 0.4633 0.388051 
vt 0.424268 0.434178 
vt 0.429224 0.438296 
vt 0.43388 0.444527 
vt 0.474561 0.394203 
vt 0.488036 0.407147 
vt 0.561737 0.346199 
vt 0.536493 0.329416 
vt 0.622338 0.275579 
vt 0.588624 0.256207 
vt 0.697812 0.975697 
vt 0.744405 0.944623 
vt 0.710859 0.928829 
vt 0.709928 0.896022 
vt 0.776199 0.905296 
vt 0.726677 0.86308 
vt 0.700269 0.870716 
vt 0.786583 0.861498 
vt 0.759525 0.839783 
vt 0.785682 0.802589 
vt 0.697812 0.975697 
vt 0.710859 0.928829 
vt 0.744405 0.944623 
vt 0.709928 0.896022 
vt 0.776199 0.905296 
vt 0.726677 0.86308 
vt 0.700269 0.870716 
vt 0.786583 0.861498 
vt 0.759525 0.839783 
vt 0.785682 0.802589 
vt 0.697812 0.975697 
vt 0.710859 0.928829 
vt 0.744405 0.944623 
vt 0.709928 0.896022 
vt 0.776199 0.905296 
vt 0.726677 0.86308 
vt 0.700269 0.870716 
vt 0.786583 0.861498 
vt 0.759525 0.839783 
vt 0.785682 0.802589 
vt 0.697812 0.975697 
vt 0.744405 0.944623 
vt 0.710859 0.928829 
vt 0.709928 0.896022 
vt 0.776199 0.905296 
vt 0.726677 0.86308 
vt 0.700269 0.870716 
vt 0.786583 0.861498 
vt 0.759525 0.839783 
vt 0.785682 0.802589 
vt 0.40031 0.359962 
vt 0.411158 0.271738 
vt 0.381491 0.356936 
vt 0.383499 0.261254 
vt 0.402229 0.170096 
vt 0.436124 0.186178 
vt 0.456133 0.20413 
vt 0.387111 0.422578 
vt 0.429404 0.280593 
vt 0.475513 0.223589 
vt 0.395259 0.422516 
vt 0.393791 0.469159 
vt 0.412037 0.364779 
vt 0.448777 0.291255 
vt 0.401464 0.423771 
vt 0.424053 0.371046 
vt 0.472093 0.304567 
vt 0.503985 0.240251 
vt 0.512209 0.217649 
vt 0.535581 0.247576 
vt 0.497876 0.312971 
vt 0.437339 0.37751 
vt 0.407993 0.425849 
vt 0.413327 0.428023 
vt 0.418301 0.430504 
vt 0.450971 0.383153 
vt 0.424268 0.434178 
vt 0.429224 0.438296 
vt 0.43388 0.444527 
vt 0.4633 0.388051 
vt 0.474561 0.394203 
vt 0.488036 0.407147 
vt 0.51819 0.320303 
vt 0.562015 0.249465 
vt 0.536493 0.329416 
vt 0.561737 0.346199 
vt 0.588624 0.256207 
vt 0.622338 0.275579 
vt 0.381491 0.356936 
vt 0.383499 0.261254 
vt 0.411158 0.271738 
vt 0.402229 0.170096 
vt 0.436124 0.186178 
vt 0.456133 0.20413 
vt 0.40031 0.359962 
vt 0.387111 0.422578 
vt 0.429404 0.280592 
vt 0.475513 0.223589 
vt 0.395259 0.422516 
vt 0.393791 0.469159 
vt 0.412037 0.364779 
vt 0.448777 0.291255 
vt 0.401464 0.423771 
vt 0.424053 0.371046 
vt 0.472093 0.304567 
vt 0.407993 0.425849 
vt 0.437339 0.37751 
vt 0.503986 0.240251 
vt 0.512059 0.218037 
vt 0.535581 0.247576 
vt 0.497876 0.312971 
vt 0.413327 0.428023 
vt 0.418301 0.430503 
vt 0.450971 0.383153 
vt 0.424268 0.434178 
vt 0.429224 0.438296 
vt 0.43388 0.444527 
vt 0.4633 0.388051 
vt 0.474561 0.394203 
vt 0.488036 0.407147 
vt 0.51819 0.320303 
vt 0.562015 0.249465 
vt 0.536493 0.329416 
vt 0.561737 0.346199 
vt 0.588624 0.256207 
vt 0.622338 0.275579 
vt 0.766239 0.323926 
vt 0.774816 0.33974 
vt 0.774249 0.323643 
vt 0.773589 0.304935 
vt 0.757569 0.305499 
vt 0.772919 0.285938 
vt 0.749287 0.286771 
vt 0.772156 0.264279 
vt 0.740047 0.264727 
vt 0.748669 0.242433 
vt 0.772972 0.242612 
vt 0.756425 0.223481 
vt 0.773111 0.223604 
vt 0.764577 0.20482 
vt 0.772592 0.204879 
vt 0.77271 0.188773 
vt 0.7674 0.322705 
vt 0.775437 0.323878 
vt 0.775918 0.339192 
vt 0.77475 0.304363 
vt 0.758764 0.305375 
vt 0.774106 0.285863 
vt 0.750458 0.286288 
vt 0.773333 0.264295 
vt 0.741221 0.264731 
vt 0.749858 0.242267 
vt 0.774158 0.243028 
vt 0.757621 0.22389 
vt 0.774293 0.223605 
vt 0.765772 0.206033 
vt 0.773775 0.204557 
vt 0.773828 0.18929 
vt 0.014233 0.677588 
vt 0.179778 0.673126 
vt 0.006941 0.829242 
vt 0.17801 0.988948 
vt 0.012408 0.986674 
vt 0.347865 0.831212 
vt 0.34442 0.979749 
vt 0.346049 0.680053 
vt 0.346049 0.680053 
vt 0.348021 0.829505 
vt 0.179778 0.673126 
vt 0.176952 0.989211 
vt 0.34442 0.979749 
vt 0.00709668 0.831475 
vt 0.014233 0.677588 
vt 0.012408 0.986674 
vt 0.882094 0.188331 
vt 0.968415 0.264856 
vt 0.882182 0.337857 
vt 0.971299 0.339647 
vt 0.970739 0.189732 
vt 0.795861 0.264903 
vt 0.793373 0.189806 
vt 0.793092 0.339571 
vt 0.355903 0.171636 
vt 0.254673 0.012641 
vt 0.351848 0.017046 
vt 0.165985 0.169129 
vt 0.162319 0.013066 
vt 0.080291 0.022033 
vt 0.169237 0.320271 
vt 0.362213 0.330025 
vt 0.018462 0.183941 
vt 0.014968 0.042101 
vt 0.017859 0.323063 
vt 0.355903 0.171636 
vt 0.254673 0.012641 
vt 0.165985 0.169129 
vt 0.351848 0.017046 
vt 0.162319 0.013066 
vt 0.080291 0.022033 
vt 0.169237 0.320271 
vt 0.362213 0.330025 
vt 0.018462 0.183941 
vt 0.014968 0.042101 
vt 0.017859 0.323063 
vt 0.399182 0.672452 
vt 0.347865 0.831212 
vt 0.346049 0.680053 
vt 0.450833 0.822082 
vt 0.449993 0.670323 
vt 0.585023 0.677583 
vt 0.449837 0.967866 
vt 0.34442 0.979749 
vt 0.677959 0.835995 
vt 0.677831 0.696274 
vt 0.677702 0.975151 
vt 0.355903 0.171636 
vt 0.254673 0.012641 
vt 0.351848 0.017046 
vt 0.165985 0.169129 
vt 0.162319 0.013066 
vt 0.080291 0.022033 
vt 0.169237 0.320271 
vt 0.362213 0.330025 
vt 0.018462 0.183941 
vt 0.014968 0.042101 
vt 0.017859 0.323063 
vt 0.014233 0.677588 
vt 0.179778 0.673126 
vt 0.006941 0.829242 
vt 0.17801 0.988948 
vt 0.012408 0.986674 
vt 0.347865 0.831212 
vt 0.34442 0.979749 
vt 0.346049 0.680053 
vt 0.584942 0.55263 
vt 0.491065 0.578355 
vt 0.497746 0.50381 
vt 0.583306 0.481163 
vt 0.57963 0.637339 
vt 0.477369 0.652005 
vt 0.585688 0.55302 
vt 0.498488 0.504281 
vt 0.49185 0.578825 
vt 0.58393 0.481541 
vt 0.580533 0.637756 
vt 0.478172 0.652475 
vt 0.497746 0.50381 
vt 0.390625 0.560931 
vt 0.40058 0.488544 
vt 0.491065 0.578355 
vt 0.477369 0.652005 
vt 0.370174 0.630098 
vt 0.498488 0.504281 
vt 0.391404 0.561396 
vt 0.49185 0.578825 
vt 0.401356 0.489006 
vt 0.478172 0.652475 
vt 0.370955 0.630562 
vt 0.893507 0.833102 
vt 0.930436 0.908734 
vt 0.901369 0.916183 
vt 0.923212 0.834514 
vt 0.962322 0.902212 
vt 0.955391 0.834961 
vt 0.893507 0.833102 
vt 0.901369 0.916183 
vt 0.930436 0.908734 
vt 0.923212 0.834514 
vt 0.962322 0.902212 
vt 0.955391 0.834961 
vt 0.923212 0.834514 
vt 0.933036 0.765791 
vt 0.904609 0.757308 
vt 0.893507 0.833102 
vt 0.955391 0.834961 
vt 0.960186 0.773823 
vt 0.628858 0.43011 
vt 0.6957 0.420965 
vt 0.696146 0.445996 
vt 0.68561 0.396973 
vt 0.760294 0.398561 
vt 0.76389 0.431453 
vt 0.777686 0.392823 
vt 0.760024 0.454526 
vt 0.78203 0.429724 
vt 0.780335 0.45459 
vt 0.690964 0.462071 
vt 0.7436 0.369044 
vt 0.759068 0.35774 
vt 0.629627 0.445701 
vt 0.627919 0.455712 
vt 0.726256 0.352243 
vt 0.738189 0.338957 
vt 0.5771 0.440375 
vt 0.576011 0.445959 
vt 0.542609 0.427675 
vt 0.57762 0.432717 
vt 0.577627 0.425162 
vt 0.626134 0.414555 
vt 0.622535 0.404206 
vt 0.67407 0.384079 
vt 0.705694 0.339519 
vt 0.716926 0.325307 
vt 0.659552 0.372726 
vt 0.680843 0.322997 
vt 0.693969 0.309379 
vt 0.676559 0.288665 
vt 0.576866 0.419101 
vt 0.575068 0.41261 
vt 0.661859 0.299915 
vt 0.664313 0.269097 
vt 0.649104 0.279356 
vt 0.612728 0.323866 
vt 0.572859 0.407575 
vt 0.640298 0.35812 
vt 0.625518 0.338745 
vt 0.595601 0.367345 
vt 0.569157 0.4032 
vt 0.564204 0.398685 
vt 0.603116 0.374751 
vt 0.610486 0.383977 
vt 0.617443 0.394127 
vt 0.629627 0.445701 
vt 0.696146 0.445996 
vt 0.628858 0.43011 
vt 0.690964 0.462071 
vt 0.627919 0.455712 
vt 0.760024 0.454526 
vt 0.5771 0.440375 
vt 0.576011 0.445959 
vt 0.542609 0.427675 
vt 0.57762 0.432717 
vt 0.78203 0.429724 
vt 0.780335 0.45459 
vt 0.76389 0.431453 
vt 0.777686 0.392823 
vt 0.760294 0.398561 
vt 0.6957 0.420965 
vt 0.7436 0.369044 
vt 0.759068 0.35774 
vt 0.68561 0.396973 
vt 0.726256 0.352243 
vt 0.738189 0.338957 
vt 0.626134 0.414555 
vt 0.705694 0.339519 
vt 0.67407 0.384079 
vt 0.716926 0.325307 
vt 0.622535 0.404206 
vt 0.577627 0.425162 
vt 0.680843 0.322997 
vt 0.693969 0.309379 
vt 0.659552 0.372726 
vt 0.676559 0.288665 
vt 0.576866 0.419101 
vt 0.661859 0.299915 
vt 0.664313 0.269097 
vt 0.649104 0.279356 
vt 0.612728 0.323866 
vt 0.640298 0.35812 
vt 0.625518 0.338745 
vt 0.595601 0.367345 
vt 0.617443 0.394127 
vt 0.603116 0.374751 
vt 0.610486 0.383977 
vt 0.575068 0.41261 
vt 0.572859 0.407575 
vt 0.569157 0.4032 
vt 0.564204 0.398685 
vt 0.904609 0.757308 
vt 0.923212 0.834514 
vt 0.893507 0.833102 
vt 0.933036 0.765791 
vt 0.955391 0.834961 
vt 0.960186 0.773823 
vt 0.933036 0.765791 
vt 0.923212 0.834514 
vt 0.893507 0.833102 
vt 0.904609 0.757308 
vt 0.964389 0.773823 
vt 0.949277 0.835343 
vt 0.893507 0.833102 
vt 0.933036 0.765791 
vt 0.904609 0.757308 
vt 0.923212 0.834514 
vt 0.964389 0.773823 
vt 0.949277 0.835343 
vt 0.923212 0.834514 
vt 0.930436 0.908734 
vt 0.901369 0.916183 
vt 0.893507 0.833102 
vt 0.949277 0.835343 
vt 0.956208 0.902594 
vt 0.923212 0.834514 
vt 0.901369 0.916183 
vt 0.930436 0.908734 
vt 0.893507 0.833102 
vt 0.949277 0.835343 
vt 0.956208 0.902594 
vt 0.625305 0.148834 
vt 0.633037 0.153045 
vt 0.653377 0.124739 
vt 0.632835 0.125489 
vt 0.617769 0.144133 
vt 0.606968 0.129701 
vt 0.580511 0.145334 
vt 0.601171 0.185736 
vt 0.590613 0.182665 
vt 0.560626 0.16811 
vt 0.554289 0.201412 
vt 0.57823 0.207825 
vt 0.594654 0.218407 
vt 0.609492 0.189316 
vt 0.609649 0.238695 
vt 0.630395 0.196866 
vt 0.648284 0.16327 
vt 0.668978 0.12667 
vt 0.679908 0.140452 
vt 0.668286 0.172814 
vt 0.68979 0.157916 
vt 0.682713 0.179776 
vt 0.668495 0.212171 
vt 0.654133 0.212705 
vt 0.640639 0.242458 
vt 0.8156 0.71739 
vt 0.839669 0.708165 
vt 0.837835 0.688694 
vt 0.855097 0.705896 
vt 0.893129 0.697634 
vt 0.870929 0.709895 
vt 0.888051 0.723292 
vt 0.905324 0.67443 
vt 0.917373 0.657592 
vt 0.858735 0.621407 
vt 0.9341 0.650333 
vt 0.954737 0.621672 
vt 0.951349 0.649506 
vt 0.966436 0.656043 
vt 0.942648 0.581096 
vt 0.938615 0.561183 
vt 0.938895 0.546955 
vt 0.946154 0.530468 
vt 0.936074 0.502733 
vt 0.956239 0.519176 
vt 0.915905 0.486409 
vt 0.843248 0.526208 
vt 0.884858 0.450041 
vt 0.876801 0.424731 
vt 0.810677 0.431132 
vt 0.877424 0.395958 
vt 0.886402 0.360529 
vt 0.8156 0.71739 
vt 0.837835 0.688694 
vt 0.839669 0.708165 
vt 0.855097 0.705896 
vt 0.893129 0.697634 
vt 0.870929 0.709895 
vt 0.888051 0.723292 
vt 0.905324 0.67443 
vt 0.917373 0.657592 
vt 0.858735 0.621407 
vt 0.9341 0.650333 
vt 0.954737 0.621672 
vt 0.951349 0.649506 
vt 0.966436 0.656043 
vt 0.942648 0.581096 
vt 0.938615 0.561183 
vt 0.938895 0.546955 
vt 0.946154 0.530468 
vt 0.936074 0.502733 
vt 0.956239 0.519176 
vt 0.915905 0.486409 
vt 0.843248 0.526208 
vt 0.884858 0.450041 
vt 0.876801 0.424731 
vt 0.810677 0.431132 
vt 0.877424 0.395958 
vt 0.884401 0.361834 
vt 0.625305 0.148834 
vt 0.653377 0.124739 
vt 0.633037 0.153045 
vt 0.632835 0.125489 
vt 0.617769 0.144133 
vt 0.606968 0.129701 
vt 0.580511 0.145334 
vt 0.601171 0.185736 
vt 0.590613 0.182665 
vt 0.560626 0.16811 
vt 0.554289 0.201412 
vt 0.57823 0.207825 
vt 0.594654 0.218407 
vt 0.609492 0.189316 
vt 0.609649 0.238695 
vt 0.630395 0.196866 
vt 0.648284 0.16327 
vt 0.668978 0.12667 
vt 0.679908 0.140453 
vt 0.668286 0.172814 
vt 0.68979 0.157916 
vt 0.682713 0.179776 
vt 0.668495 0.212171 
vt 0.654133 0.212705 
vt 0.640639 0.242458 
vt 0.882094 0.188331 
vt 0.968415 0.264856 
vt 0.882182 0.337857 
vt 0.971299 0.339647 
vt 0.970739 0.189732 
vt 0.795861 0.264903 
vt 0.793373 0.189806 
vt 0.793092 0.339571 
vt 0.882094 0.188331 
vt 0.882182 0.337857 
vt 0.968415 0.264856 
vt 0.971299 0.339647 
vt 0.970739 0.189732 
vt 0.795861 0.264903 
vt 0.793373 0.189806 
vt 0.793092 0.339571 
vt 0.450833 0.822082 
vt 0.399182 0.672452 
vt 0.347865 0.831212 
vt 0.346049 0.680053 
vt 0.449993 0.670323 
vt 0.585023 0.677583 
vt 0.449837 0.967866 
vt 0.34442 0.979749 
vt 0.677959 0.835995 
vt 0.677831 0.696274 
vt 0.670554 0.969569 
vt 0.399182 0.672452 
vt 0.347865 0.831212 
vt 0.346049 0.680053 
vt 0.450833 0.822082 
vt 0.449993 0.670323 
vt 0.585023 0.677583 
vt 0.449837 0.967866 
vt 0.34442 0.979749 
vt 0.677959 0.835995 
vt 0.677831 0.696274 
vt 0.670554 0.969569 
vt 0.585688 0.55302 
vt 0.684887 0.551256 
vt 0.58393 0.481541 
vt 0.684848 0.479444 
vt 0.580533 0.637756 
vt 0.693693 0.636368 
vt 0.584942 0.55263 
vt 0.583306 0.481163 
vt 0.684156 0.55112 
vt 0.684333 0.479304 
vt 0.57963 0.637339 
vt 0.692668 0.636269 
vt 0.655518 0.0520866 
vt 0.655957 0.0577573 
vt 0.678449 0.0588176 
vt 0.670815 0.0479521 
vt 0.655413 0.0463496 
vt 0.659432 0.0354202 
vt 0.641653 0.0265877 
vt 0.627034 0.0519961 
vt 0.624983 0.0451947 
vt 0.622317 0.0238281 
vt 0.602046 0.0321126 
vt 0.606995 0.047339 
vt 0.607041 0.0599599 
vt 0.628022 0.057763 
vt 0.601325 0.0752222 
vt 0.631286 0.0717441 
vt 0.655782 0.0696152 
vt 0.682892 0.0679486 
vt 0.679271 0.0787197 
vt 0.657649 0.0838091 
vt 0.673286 0.0902176 
vt 0.658954 0.0940751 
vt 0.6364 0.0977705 
vt 0.631058 0.0901773 
vt 0.610191 0.0933355 
vt 0.8156 0.71739 
vt 0.837835 0.688694 
vt 0.839669 0.708165 
vt 0.855097 0.705896 
vt 0.893129 0.697634 
vt 0.870929 0.709895 
vt 0.888051 0.723292 
vt 0.905324 0.67443 
vt 0.917373 0.657592 
vt 0.858735 0.621407 
vt 0.9341 0.650333 
vt 0.954737 0.621672 
vt 0.951349 0.649506 
vt 0.966436 0.656043 
vt 0.942648 0.581096 
vt 0.938615 0.561183 
vt 0.938895 0.546955 
vt 0.946154 0.530468 
vt 0.936074 0.502733 
vt 0.956239 0.519176 
vt 0.915905 0.486409 
vt 0.843248 0.526208 
vt 0.884858 0.450041 
vt 0.876801 0.424731 
vt 0.810677 0.431132 
vt 0.877424 0.395958 
vt 0.886402 0.360529 
vt 0.8156 0.71739 
vt 0.839669 0.708165 
vt 0.837835 0.688694 
vt 0.855097 0.705896 
vt 0.893129 0.697634 
vt 0.870929 0.709895 
vt 0.888051 0.723292 
vt 0.905324 0.67443 
vt 0.917373 0.657592 
vt 0.858735 0.621407 
vt 0.9341 0.650333 
vt 0.954737 0.621672 
vt 0.951349 0.649506 
vt 0.966436 0.656043 
vt 0.942648 0.581096 
vt 0.938615 0.561183 
vt 0.938895 0.546955 
vt 0.946154 0.530468 
vt 0.936074 0.502733 
vt 0.956239 0.519176 
vt 0.915905 0.486409 
vt 0.843248 0.526208 
vt 0.884858 0.450041 
vt 0.876801 0.424731 
vt 0.810677 0.431132 
vt 0.877424 0.395958 
vt 0.884401 0.361834 
vt 0.655518 0.0520866 
vt 0.678449 0.0588176 
vt 0.655957 0.0577573 
vt 0.670815 0.0479521 
vt 0.655413 0.0463496 
vt 0.659432 0.0354203 
vt 0.641653 0.0265877 
vt 0.627034 0.0519961 
vt 0.624983 0.0451949 
vt 0.622317 0.0238281 
vt 0.602046 0.0321122 
vt 0.606995 0.047339 
vt 0.607041 0.0599599 
vt 0.628022 0.057763 
vt 0.601326 0.0752222 
vt 0.631286 0.0717441 
vt 0.655782 0.0696152 
vt 0.682892 0.0679486 
vt 0.679271 0.0787197 
vt 0.657649 0.0838093 
vt 0.673286 0.0902179 
vt 0.658954 0.0940751 
vt 0.6364 0.0977705 
vt 0.631058 0.0901773 
vt 0.610191 0.0933359 
vt 0.361866 0.330832 
vt 0.356633 0.497049 
vt 0.206057 0.491765 
vt 0.169469 0.321107 
vt 0.245222 0.6595 
vt 0.352179 0.665207 
vt 0.0145894 0.657826 
vt 0.0183522 0.489689 
vt 0.0185446 0.323891 
vt 0.772461 0.499045 
vt 0.684156 0.55112 
vt 0.684333 0.479304 
vt 0.776174 0.573629 
vt 0.692668 0.636269 
vt 0.800128 0.643369 
vt 0.684887 0.551256 
vt 0.772984 0.498828 
vt 0.684848 0.479444 
vt 0.776978 0.573377 
vt 0.693693 0.636368 
vt 0.801239 0.642997 
vt 0.904609 0.757308 
vt 0.937923 0.679496 
vt 0.962256 0.697477 
vt 0.933036 0.765791 
vt 0.991562 0.710431 
vt 0.964389 0.773823 
vt 0.904609 0.757308 
vt 0.962256 0.697477 
vt 0.937923 0.679496 
vt 0.933036 0.765791 
vt 0.991562 0.710431 
vt 0.964389 0.773823 
vt 0.930436 0.908734 
vt 0.928145 0.990732 
vt 0.953234 0.974424 
vt 0.901369 0.916183 
vt 0.956208 0.902594 
vt 0.983516 0.963033 
vt 0.930436 0.908734 
vt 0.928145 0.990732 
vt 0.901369 0.916183 
vt 0.953234 0.974424 
vt 0.956208 0.902594 
vt 0.983516 0.963033 
vt 0.953234 0.974424 
vt 0.901369 0.916183 
vt 0.930436 0.908734 
vt 0.928145 0.990732 
vt 0.979313 0.963033 
vt 0.962322 0.902212 
vt 0.953234 0.974424 
vt 0.901369 0.916183 
vt 0.928145 0.990732 
vt 0.930436 0.908734 
vt 0.979313 0.963033 
vt 0.962322 0.902212 
vt 0.933036 0.765791 
vt 0.962256 0.697477 
vt 0.937923 0.679496 
vt 0.904609 0.757308 
vt 0.960186 0.773823 
vt 0.987359 0.710431 
vt 0.933036 0.765791 
vt 0.937923 0.679496 
vt 0.962256 0.697477 
vt 0.904609 0.757308 
vt 0.960186 0.773823 
vt 0.987359 0.710431 
vt 0.881689 0.0500814 
vt 0.793417 0.0388848 
vt 0.881588 0.0100034 
vt 0.792476 0.0102022 
vt 0.970689 0.00989586 
vt 0.794267 0.0661427 
vt 0.969879 0.0610756 
vt 0.881809 0.0884017 
vt 0.793799 0.138777 
vt 0.969233 0.109931 
vt 0.881972 0.1457 
vt 0.793373 0.189806 
vt 0.970133 0.153724 
vt 0.882094 0.188331 
vt 0.970739 0.189732 
vt 0.881588 0.0100034 
vt 0.792476 0.0102022 
vt 0.793417 0.0388848 
vt 0.881689 0.0500814 
vt 0.970689 0.00989586 
vt 0.794267 0.0661427 
vt 0.969879 0.0610756 
vt 0.881809 0.0884017 
vt 0.793799 0.138777 
vt 0.969233 0.109931 
vt 0.881972 0.1457 
vt 0.793373 0.189806 
vt 0.970133 0.153724 
vt 0.882094 0.188331 
vt 0.970739 0.189732 
vt 0.715721 0.0373906 
vt 0.701579 0.0380647 
vt 0.700224 0.00964677 
vt 0.703154 0.0710953 
vt 0.731437 0.0697467 
vt 0.704753 0.104635 
vt 0.746476 0.102646 
vt 0.705569 0.142893 
vt 0.76328 0.141379 
vt 0.74854 0.180945 
vt 0.705611 0.181162 
vt 0.735256 0.21459 
vt 0.70578 0.21474 
vt 0.721266 0.24773 
vt 0.706094 0.248739 
vt 0.707252 0.276251 
vt 0.713695 0.0395471 
vt 0.69829 0.010633 
vt 0.699475 0.0376796 
vt 0.701068 0.0711729 
vt 0.729358 0.0705903 
vt 0.702661 0.104952 
vt 0.744387 0.102948 
vt 0.704514 0.14292 
vt 0.761179 0.141439 
vt 0.746439 0.180782 
vt 0.703504 0.180928 
vt 0.733135 0.213902 
vt 0.703692 0.214763 
vt 0.71913 0.245639 
vt 0.705026 0.248392 
vt 0.705269 0.275368 
vt 0.707071 0.821542 
vt 0.740878 0.798996 
vt 0.716538 0.787536 
vt 0.715862 0.763731 
vt 0.763947 0.77046 
vt 0.728015 0.739828 
vt 0.708854 0.745369 
vt 0.771482 0.73868 
vt 0.751849 0.722924 
vt 0.770828 0.695936 
vt 0.707071 0.821542 
vt 0.716538 0.787536 
vt 0.740878 0.798996 
vt 0.715862 0.763731 
vt 0.763947 0.77046 
vt 0.728015 0.739828 
vt 0.708854 0.745369 
vt 0.771482 0.73868 
vt 0.751849 0.722924 
vt 0.770828 0.695936 
vt 0.707071 0.821542 
vt 0.716538 0.787536 
vt 0.740878 0.798996 
vt 0.715862 0.763731 
vt 0.763947 0.77046 
vt 0.728015 0.739828 
vt 0.708854 0.745369 
vt 0.771482 0.73868 
vt 0.751849 0.722924 
vt 0.770828 0.695936 
vt 0.707071 0.821542 
vt 0.740878 0.798996 
vt 0.716538 0.787536 
vt 0.715862 0.763731 
vt 0.763947 0.77046 
vt 0.728015 0.739828 
vt 0.708854 0.745369 
vt 0.771482 0.73868 
vt 0.751849 0.722924 
vt 0.770828 0.695936 

usemtl Golden1Mtl

f 1/1/1 2/2/2 3/3/3 
f 2/2/2 1/1/1 4/4/4 
f 5/5/5 6/6/6 7/7/7 
f 6/6/6 5/5/5 8/8/8 
f 9/9/9 10/10/10 11/11/11 
f 10/10/10 9/9/9 12/12/12 
f 13/13/13 14/14/14 15/15/15 
f 14/14/14 13/13/13 16/16/16 
f 17/17/17 18/18/18 19/19/19 
f 20/20/20 19/19/19 18/18/18 
f 18/18/18 17/17/17 21/21/21 
f 19/19/19 22/22/22 17/17/17 
f 22/22/22 19/19/19 23/23/23 
f 21/21/21 17/17/17 24/24/24 
f 22/22/22 24/24/24 17/17/17 
f 24/24/24 25/25/25 21/21/21 
f 26/26/26 22/22/22 23/23/23 
f 24/24/24 27/27/27 25/25/25 
f 24/24/24 22/22/22 28/28/28 
f 22/22/22 26/26/26 28/28/28 
f 24/24/24 28/28/28 27/27/27 
f 27/27/27 29/29/29 25/25/25 
f 27/27/27 28/28/28 30/30/30 
f 26/26/26 30/30/30 28/28/28 
f 29/29/29 27/27/27 31/31/31 
f 27/27/27 30/30/30 32/32/32 
f 32/32/32 31/31/31 27/27/27 
f 30/30/30 26/26/26 32/32/32 
f 33/33/33 29/29/29 31/31/31 
f 32/32/32 33/33/33 31/31/31 
f 29/29/29 33/33/33 34/34/34 
f 26/26/26 35/35/35 32/32/32 
f 33/33/33 32/32/32 35/35/35 
f 35/35/35 26/26/26 36/36/36 
f 33/33/33 35/35/35 36/36/36 
f 34/34/34 33/33/33 37/37/37 
f 36/36/36 37/37/37 33/33/33 
f 34/34/34 37/37/37 38/38/38 
f 26/26/26 39/39/39 36/36/36 
f 39/39/39 37/37/37 36/36/36 
f 39/39/39 26/26/26 40/40/40 
f 41/41/41 39/39/39 40/40/40 
f 37/37/37 39/39/39 42/42/42 
f 37/37/37 42/42/42 38/38/38 
f 39/39/39 41/41/41 42/42/42 
f 38/38/38 42/42/42 43/43/43 
f 43/43/43 42/42/42 41/41/41 
f 41/41/41 44/44/44 43/43/43 
f 45/45/45 46/46/46 47/47/47 
f 45/45/45 47/47/47 48/48/48 
f 47/47/47 49/49/49 48/48/48 
f 50/50/50 45/45/45 48/48/48 
f 45/45/45 50/50/50 51/51/51 
f 48/48/48 49/49/49 52/52/52 
f 52/52/52 50/50/50 48/48/48 
f 52/52/52 49/49/49 53/53/53 
f 54/54/54 51/51/51 50/50/50 
f 52/52/52 53/53/53 55/55/55 
f 50/50/50 52/52/52 56/56/56 
f 50/50/50 56/56/56 54/54/54 
f 56/56/56 52/52/52 55/55/55 
f 57/57/57 55/55/55 53/53/53 
f 55/55/55 58/58/58 56/56/56 
f 54/54/54 56/56/56 58/58/58 
f 55/55/55 57/57/57 59/59/59 
f 55/55/55 60/60/60 58/58/58 
f 60/60/60 55/55/55 59/59/59 
f 58/58/58 60/60/60 54/54/54 
f 57/57/57 61/61/61 59/59/59 
f 61/61/61 60/60/60 59/59/59 
f 61/61/61 57/57/57 62/62/62 
f 54/54/54 60/60/60 63/63/63 
f 61/61/61 63/63/63 60/60/60 
f 63/63/63 64/64/64 54/54/54 
f 61/61/61 64/64/64 63/63/63 
f 62/62/62 65/65/65 61/61/61 
f 65/65/65 64/64/64 61/61/61 
f 62/62/62 66/66/66 65/65/65 
f 54/54/54 64/64/64 67/67/67 
f 65/65/65 67/67/67 64/64/64 
f 67/67/67 68/68/68 54/54/54 
f 67/67/67 69/69/69 68/68/68 
f 67/67/67 65/65/65 70/70/70 
f 65/65/65 66/66/66 70/70/70 
f 69/69/69 67/67/67 70/70/70 
f 70/70/70 66/66/66 71/71/71 
f 71/71/71 69/69/69 70/70/70 
f 69/69/69 71/71/71 72/72/72 
f 73/73/73 74/74/74 75/75/75 
f 76/76/76 75/75/75 74/74/74 
f 73/73/73 77/77/77 74/74/74 
f 75/75/75 78/78/78 73/73/73 
f 78/78/78 75/75/75 79/79/79 
f 77/77/77 73/73/73 80/80/80 
f 78/78/78 80/80/80 73/73/73 
f 77/77/77 80/80/80 81/81/81 
f 82/82/82 78/78/78 79/79/79 
f 80/80/80 78/78/78 83/83/83 
f 78/78/78 82/82/82 83/83/83 
f 81/81/81 80/80/80 84/84/84 
f 80/80/80 83/83/83 84/84/84 
f 84/84/84 85/85/85 81/81/81 
f 83/83/83 86/86/86 84/84/84 
f 82/82/82 86/86/86 83/83/83 
f 85/85/85 84/84/84 87/87/87 
f 86/86/86 87/87/87 84/84/84 
f 88/88/88 85/85/85 87/87/87 
f 87/87/87 86/86/86 89/89/89 
f 89/89/89 88/88/88 87/87/87 
f 86/86/86 82/82/82 89/89/89 
f 85/85/85 88/88/88 90/90/90 
f 82/82/82 91/91/91 89/89/89 
f 91/91/91 88/88/88 89/89/89 
f 91/91/91 82/82/82 92/92/92 
f 92/92/92 88/88/88 91/91/91 
f 93/93/93 90/90/90 88/88/88 
f 88/88/88 92/92/92 93/93/93 
f 90/90/90 93/93/93 94/94/94 
f 82/82/82 95/95/95 92/92/92 
f 95/95/95 93/93/93 92/92/92 
f 95/95/95 82/82/82 96/96/96 
f 97/97/97 95/95/95 96/96/96 
f 93/93/93 95/95/95 98/98/98 
f 95/95/95 97/97/97 98/98/98 
f 98/98/98 94/94/94 93/93/93 
f 99/99/99 98/98/98 97/97/97 
f 94/94/94 98/98/98 100/100/100 
f 98/98/98 99/99/99 100/100/100 
f 101/101/101 102/102/102 103/103/103 
f 101/101/101 103/103/103 104/104/104 
f 105/105/105 104/104/104 103/103/103 
f 106/106/106 101/101/101 104/104/104 
f 101/101/101 106/106/106 107/107/107 
f 104/104/104 105/105/105 108/108/108 
f 108/108/108 106/106/106 104/104/104 
f 109/109/109 108/108/108 105/105/105 
f 110/110/110 107/107/107 106/106/106 
f 108/108/108 109/109/109 111/111/111 
f 106/106/106 108/108/108 112/112/112 
f 106/106/106 112/112/112 110/110/110 
f 111/111/111 112/112/112 108/108/108 
f 113/113/113 111/111/111 109/109/109 
f 112/112/112 111/111/111 114/114/114 
f 110/110/110 112/112/112 114/114/114 
f 111/111/111 113/113/113 115/115/115 
f 115/115/115 114/114/114 111/111/111 
f 113/113/113 116/116/116 115/115/115 
f 114/114/114 115/115/115 117/117/117 
f 114/114/114 117/117/117 110/110/110 
f 116/116/116 117/117/117 115/115/115 
f 110/110/110 117/117/117 118/118/118 
f 116/116/116 118/118/118 117/117/117 
f 116/116/116 113/113/113 119/119/119 
f 118/118/118 120/120/120 110/110/110 
f 118/118/118 116/116/116 120/120/120 
f 116/116/116 119/119/119 121/121/121 
f 121/121/121 120/120/120 116/116/116 
f 121/121/121 119/119/119 122/122/122 
f 110/110/110 120/120/120 123/123/123 
f 121/121/121 123/123/123 120/120/120 
f 123/123/123 124/124/124 110/110/110 
f 123/123/123 125/125/125 124/124/124 
f 123/123/123 121/121/121 126/126/126 
f 125/125/125 123/123/123 126/126/126 
f 122/122/122 126/126/126 121/121/121 
f 126/126/126 127/127/127 125/125/125 
f 126/126/126 122/122/122 128/128/128 
f 127/127/127 126/126/126 128/128/128 
f 129/129/129 130/130/130 131/131/131 
f 132/132/132 131/131/131 130/130/130 
f 131/131/131 133/133/133 129/129/129 
f 130/130/130 129/129/129 134/134/134 
f 135/135/135 129/129/129 133/133/133 
f 136/136/136 134/134/134 129/129/129 
f 129/129/129 135/135/135 136/136/136 
f 134/134/134 136/136/136 137/137/137 
f 138/138/138 136/136/136 135/135/135 
f 136/136/136 139/139/139 137/137/137 
f 136/136/136 138/138/138 139/139/139 
f 137/137/137 139/139/139 140/140/140 
f 141/141/141 139/139/139 138/138/138 
f 142/142/142 140/140/140 139/139/139 
f 139/139/139 141/141/141 142/142/142 
f 143/143/143 142/142/142 141/141/141 
f 144/144/144 145/145/145 146/146/146 
f 147/147/147 146/146/146 145/145/145 
f 146/146/146 148/148/148 144/144/144 
f 144/144/144 149/149/149 145/145/145 
f 150/150/150 144/144/144 148/148/148 
f 149/149/149 144/144/144 151/151/151 
f 150/150/150 151/151/151 144/144/144 
f 149/149/149 151/151/151 152/152/152 
f 153/153/153 150/150/150 148/148/148 
f 151/151/151 150/150/150 154/154/154 
f 150/150/150 153/153/153 154/154/154 
f 151/151/151 155/155/155 152/152/152 
f 151/151/151 154/154/154 155/155/155 
f 155/155/155 156/156/156 152/152/152 
f 157/157/157 155/155/155 154/154/154 
f 153/153/153 157/157/157 154/154/154 
f 156/156/156 155/155/155 158/158/158 
f 157/157/157 158/158/158 155/155/155 
f 158/158/158 157/157/157 159/159/159 
f 157/157/157 153/153/153 159/159/159 
f 160/160/160 156/156/156 158/158/158 
f 156/156/156 160/160/160 161/161/161 
f 162/162/162 158/158/158 159/159/159 
f 153/153/153 162/162/162 159/159/159 
f 158/158/158 162/162/162 160/160/160 
f 162/162/162 153/153/153 163/163/163 
f 160/160/160 162/162/162 163/163/163 
f 164/164/164 161/161/161 160/160/160 
f 160/160/160 163/163/163 164/164/164 
f 161/161/161 164/164/164 165/165/165 
f 153/153/153 166/166/166 163/163/163 
f 166/166/166 164/164/164 163/163/163 
f 166/166/166 153/153/153 167/167/167 
f 168/168/168 166/166/166 167/167/167 
f 164/164/164 166/166/166 169/169/169 
f 169/169/169 165/165/165 164/164/164 
f 166/166/166 168/168/168 169/169/169 
f 165/165/165 169/169/169 170/170/170 
f 170/170/170 169/169/169 168/168/168 
f 168/168/168 171/171/171 170/170/170 
f 172/172/172 173/173/173 174/174/174 
f 172/172/172 174/174/174 175/175/175 
f 176/176/176 175/175/175 174/174/174 
f 177/177/177 172/172/172 175/175/175 
f 175/175/175 176/176/176 178/178/178 
f 177/177/177 175/175/175 179/179/179 
f 178/178/178 179/179/179 175/175/175 
f 180/180/180 178/178/178 176/176/176 
f 181/181/181 177/177/177 179/179/179 
f 178/178/178 180/180/180 182/182/182 
f 179/179/179 178/178/178 183/183/183 
f 179/179/179 183/183/183 181/181/181 
f 183/183/183 178/178/178 182/182/182 
f 184/184/184 182/182/182 180/180/180 
f 183/183/183 182/182/182 185/185/185 
f 181/181/181 183/183/183 185/185/185 
f 182/182/182 184/184/184 186/186/186 
f 186/186/186 185/185/185 182/182/182 
f 185/185/185 186/186/186 187/187/187 
f 185/185/185 187/187/187 181/181/181 
f 186/186/186 188/188/188 187/187/187 
f 181/181/181 187/187/187 188/188/188 
f 184/184/184 189/189/189 186/186/186 
f 188/188/188 186/186/186 189/189/189 
f 189/189/189 184/184/184 190/190/190 
f 188/188/188 191/191/191 181/181/181 
f 188/188/188 189/189/189 191/191/191 
f 189/189/189 190/190/190 192/192/192 
f 192/192/192 191/191/191 189/189/189 
f 190/190/190 193/193/193 192/192/192 
f 181/181/181 191/191/191 194/194/194 
f 192/192/192 194/194/194 191/191/191 
f 194/194/194 195/195/195 181/181/181 
f 194/194/194 196/196/196 195/195/195 
f 194/194/194 192/192/192 197/197/197 
f 193/193/193 197/197/197 192/192/192 
f 196/196/196 194/194/194 197/197/197 
f 197/197/197 193/193/193 198/198/198 
f 198/198/198 196/196/196 197/197/197 
f 196/196/196 198/198/198 199/199/199 
f 200/200/200 201/201/201 202/202/202 
f 201/201/201 200/200/200 203/203/203 
f 200/200/200 204/204/204 203/203/203 
f 202/202/202 205/205/205 200/200/200 
f 205/205/205 202/202/202 206/206/206 
f 204/204/204 200/200/200 207/207/207 
f 205/205/205 207/207/207 200/200/200 
f 204/204/204 207/207/207 208/208/208 
f 209/209/209 205/205/205 206/206/206 
f 207/207/207 205/205/205 210/210/210 
f 205/205/205 209/209/209 210/210/210 
f 207/207/207 211/211/211 208/208/208 
f 207/207/207 210/210/210 211/211/211 
f 212/212/212 211/211/211 210/210/210 
f 209/209/209 212/212/212 210/210/210 
f 213/213/213 208/208/208 211/211/211 
f 213/213/213 214/214/214 208/208/208 
f 215/215/215 211/211/211 212/212/212 
f 215/215/215 213/213/213 211/211/211 
f 212/212/212 209/209/209 215/215/215 
f 216/216/216 214/214/214 213/213/213 
f 215/215/215 216/216/216 213/213/213 
f 214/214/214 216/216/216 217/217/217 
f 209/209/209 218/218/218 215/215/215 
f 218/218/218 216/216/216 215/215/215 
f 218/218/218 209/209/209 219/219/219 
f 219/219/219 216/216/216 218/218/218 
f 220/220/220 217/217/217 216/216/216 
f 216/216/216 219/219/219 220/220/220 
f 217/217/217 220/220/220 221/221/221 
f 209/209/209 222/222/222 219/219/219 
f 222/222/222 220/220/220 219/219/219 
f 222/222/222 209/209/209 223/223/223 
f 224/224/224 222/222/222 223/223/223 
f 220/220/220 222/222/222 225/225/225 
f 222/222/222 224/224/224 225/225/225 
f 225/225/225 221/221/221 220/220/220 
f 226/226/226 225/225/225 224/224/224 
f 221/221/221 225/225/225 227/227/227 
f 225/225/225 226/226/226 227/227/227 
f 228/228/228 229/229/229 230/230/230 
f 229/229/229 228/228/228 231/231/231 
f 232/232/232 229/229/229 231/231/231 
f 233/233/233 230/230/230 229/229/229 
f 230/230/230 233/233/233 234/234/234 
f 229/229/229 232/232/232 235/235/235 
f 235/235/235 233/233/233 229/229/229 
f 236/236/236 235/235/235 232/232/232 
f 237/237/237 234/234/234 233/233/233 
f 233/233/233 235/235/235 238/238/238 
f 233/233/233 238/238/238 237/237/237 
f 238/238/238 235/235/235 239/239/239 
f 235/235/235 236/236/236 239/239/239 
f 238/238/238 239/239/239 240/240/240 
f 237/237/237 238/238/238 240/240/240 
f 236/236/236 241/241/241 239/239/239 
f 241/241/241 236/236/236 242/242/242 
f 239/239/239 243/243/243 240/240/240 
f 243/243/243 239/239/239 241/241/241 
f 240/240/240 243/243/243 237/237/237 
f 242/242/242 244/244/244 241/241/241 
f 243/243/243 241/241/241 244/244/244 
f 244/244/244 242/242/242 245/245/245 
f 237/237/237 243/243/243 246/246/246 
f 244/244/244 246/246/246 243/243/243 
f 246/246/246 247/247/247 237/237/237 
f 244/244/244 247/247/247 246/246/246 
f 244/244/244 245/245/245 248/248/248 
f 248/248/248 247/247/247 244/244/244 
f 245/245/245 249/249/249 248/248/248 
f 237/237/237 247/247/247 250/250/250 
f 248/248/248 250/250/250 247/247/247 
f 250/250/250 251/251/251 237/237/237 
f 250/250/250 252/252/252 251/251/251 
f 250/250/250 248/248/248 253/253/253 
f 252/252/252 250/250/250 253/253/253 
f 249/249/249 253/253/253 248/248/248 
f 253/253/253 254/254/254 252/252/252 
f 253/253/253 249/249/249 255/255/255 
f 254/254/254 253/253/253 255/255/255 
f 256/256/256 257/257/257 258/258/258 
f 256/256/256 258/258/258 259/259/259 
f 257/257/257 260/260/260 258/258/258 
f 257/257/257 261/261/261 260/260/260 
f 260/260/260 262/262/262 258/258/258 
f 258/258/258 262/262/262 263/263/263 
f 258/258/258 263/263/263 259/259/259 
f 259/259/259 263/263/263 264/264/264 
f 265/265/265 266/266/266 267/267/267 
f 266/266/266 265/265/265 268/268/268 
f 269/269/269 267/267/267 266/266/266 
f 267/267/267 269/269/269 270/270/270 
f 269/269/269 266/266/266 271/271/271 
f 266/266/266 272/272/272 271/271/271 
f 266/266/266 268/268/268 272/272/272 
f 268/268/268 273/273/273 272/272/272 
f 274/274/274 275/275/275 276/276/276 
f 277/277/277 276/276/276 278/278/278 
f 276/276/276 277/277/277 274/274/274 
f 274/274/274 277/277/277 279/279/279 
f 274/274/274 280/280/280 275/275/275 
f 280/280/280 281/281/281 275/275/275 
f 281/281/281 280/280/280 282/282/282 
f 279/279/279 283/283/283 274/274/274 
f 283/283/283 280/280/280 274/274/274 
f 284/284/284 283/283/283 279/279/279 
f 285/285/285 282/282/282 280/280/280 
f 280/280/280 283/283/283 285/285/285 
f 282/282/282 285/285/285 286/286/286 
f 283/283/283 284/284/284 287/287/287 
f 285/285/285 283/283/283 287/287/287 
f 287/287/287 284/284/284 288/288/288 
f 286/286/286 285/285/285 289/289/289 
f 285/285/285 287/287/287 289/289/289 
f 289/289/289 290/290/290 286/286/286 
f 291/291/291 290/290/290 289/289/289 
f 287/287/287 291/291/291 289/289/289 
f 290/290/290 291/291/291 292/292/292 
f 288/288/288 293/293/293 287/287/287 
f 293/293/293 291/291/291 287/287/287 
f 291/291/291 294/294/294 292/292/292 
f 288/288/288 295/295/295 293/293/293 
f 295/295/295 291/291/291 293/293/293 
f 296/296/296 295/295/295 288/288/288 
f 294/294/294 291/291/291 297/297/297 
f 291/291/291 295/295/295 297/297/297 
f 294/294/294 297/297/297 298/298/298 
f 297/297/297 299/299/299 298/298/298 
f 295/295/295 299/299/299 297/297/297 
f 299/299/299 300/300/300 298/298/298 
f 296/296/296 301/301/301 295/295/295 
f 299/299/299 295/295/295 301/301/301 
f 301/301/301 296/296/296 302/302/302 
f 300/300/300 299/299/299 303/303/303 
f 301/301/301 303/303/303 299/299/299 
f 303/303/303 304/304/304 300/300/300 
f 305/305/305 304/304/304 303/303/303 
f 303/303/303 301/301/301 306/306/306 
f 306/306/306 305/305/305 303/303/303 
f 306/306/306 301/301/301 302/302/302 
f 307/307/307 305/305/305 306/306/306 
f 308/308/308 306/306/306 302/302/302 
f 306/306/306 309/309/309 307/307/307 
f 309/309/309 306/306/306 308/308/308 
f 310/310/310 311/311/311 312/312/312 
f 311/311/311 310/310/310 313/313/313 
f 312/312/312 314/314/314 310/310/310 
f 310/310/310 315/315/315 313/313/313 
f 316/316/316 310/310/310 314/314/314 
f 315/315/315 310/310/310 317/317/317 
f 316/316/316 317/317/317 310/310/310 
f 318/318/318 316/316/316 314/314/314 
f 319/319/319 315/315/315 317/317/317 
f 317/317/317 316/316/316 320/320/320 
f 316/316/316 318/318/318 320/320/320 
f 317/317/317 320/320/320 319/319/319 
f 315/315/315 319/319/319 321/321/321 
f 319/319/319 320/320/320 322/322/322 
f 318/318/318 322/322/322 320/320/320 
f 323/323/323 321/321/321 319/319/319 
f 322/322/322 323/323/323 319/319/319 
f 323/323/323 324/324/324 321/321/321 
f 323/323/323 325/325/325 324/324/324 
f 323/323/323 322/322/322 326/326/326 
f 322/322/322 318/318/318 326/326/326 
f 325/325/325 323/323/323 327/327/327 
f 328/328/328 323/323/323 326/326/326 
f 318/318/318 328/328/328 326/326/326 
f 323/323/323 328/328/328 327/327/327 
f 327/327/327 329/329/329 325/325/325 
f 328/328/328 318/318/318 330/330/330 
f 330/330/330 327/327/327 328/328/328 
f 318/318/318 331/331/331 330/330/330 
f 331/331/331 318/318/318 332/332/332 
f 330/330/330 333/333/333 327/327/327 
f 331/331/331 333/333/333 330/330/330 
f 329/329/329 327/327/327 333/333/333 
f 332/332/332 334/334/334 331/331/331 
f 333/333/333 331/331/331 334/334/334 
f 334/334/334 329/329/329 333/333/333 
f 334/334/334 332/332/332 335/335/335 
f 329/329/329 334/334/334 336/336/336 
f 337/337/337 334/334/334 335/335/335 
f 334/334/334 337/337/337 336/336/336 
f 338/338/338 339/339/339 340/340/340 
f 339/339/339 338/338/338 341/341/341 
f 342/342/342 340/340/340 339/339/339 
f 343/343/343 339/339/339 341/341/341 
f 342/342/342 339/339/339 344/344/344 
f 339/339/339 343/343/343 345/345/345 
f 345/345/345 344/344/344 339/339/339 
f 346/346/346 342/342/342 344/344/344 
f 343/343/343 347/347/347 345/345/345 
f 347/347/347 343/343/343 348/348/348 
f 344/344/344 345/345/345 349/349/349 
f 347/347/347 349/349/349 345/345/345 
f 344/344/344 349/349/349 346/346/346 
f 348/348/348 350/350/350 347/347/347 
f 350/350/350 348/348/348 351/351/351 
f 349/349/349 347/347/347 352/352/352 
f 350/350/350 352/352/352 347/347/347 
f 346/346/346 349/349/349 352/352/352 
f 353/353/353 350/350/350 351/351/351 
f 352/352/352 350/350/350 354/354/354 
f 352/352/352 354/354/354 346/346/346 
f 350/350/350 355/355/355 354/354/354 
f 346/346/346 354/354/354 355/355/355 
f 355/355/355 350/350/350 356/356/356 
f 353/353/353 356/356/356 350/350/350 
f 355/355/355 357/357/357 346/346/346 
f 355/355/355 356/356/356 357/357/357 
f 353/353/353 358/358/358 356/356/356 
f 356/356/356 358/358/358 357/357/357 
f 358/358/358 353/353/353 359/359/359 
f 346/346/346 357/357/357 360/360/360 
f 358/358/358 360/360/360 357/357/357 
f 360/360/360 361/361/361 346/346/346 
f 359/359/359 362/362/362 358/358/358 
f 360/360/360 358/358/358 362/362/362 
f 360/360/360 362/362/362 361/361/361 
f 362/362/362 359/359/359 363/363/363 
f 364/364/364 361/361/361 362/362/362 
f 365/365/365 362/362/362 363/363/363 
f 362/362/362 365/365/365 364/364/364 
f 366/366/366 367/367/367 368/368/368 
f 368/368/368 369/369/369 366/366/366 
f 370/370/370 367/367/367 371/371/371 
f 372/372/372 371/371/371 367/367/367 
f 367/367/367 366/366/366 372/372/372 
f 372/372/372 373/373/373 371/371/371 
f 373/373/373 372/372/372 374/374/374 
f 366/366/366 374/374/374 372/372/372 
f 374/374/374 375/375/375 373/373/373 
f 376/376/376 366/366/366 369/369/369 
f 377/377/377 376/376/376 369/369/369 
f 374/374/374 366/366/366 378/378/378 
f 376/376/376 378/378/378 366/366/366 
f 375/375/375 374/374/374 379/379/379 
f 378/378/378 379/379/379 374/374/374 
f 378/378/378 376/376/376 380/380/380 
f 376/376/376 377/377/377 380/380/380 
f 379/379/379 378/378/378 381/381/381 
f 380/380/380 381/381/381 378/378/378 
f 382/382/382 375/375/375 379/379/379 
f 375/375/375 382/382/382 383/383/383 
f 384/384/384 379/379/379 381/381/381 
f 384/384/384 382/382/382 379/379/379 
f 381/381/381 380/380/380 385/385/385 
f 385/385/385 384/384/384 381/381/381 
f 377/377/377 385/385/385 380/380/380 
f 386/386/386 383/383/383 382/382/382 
f 384/384/384 386/386/386 382/382/382 
f 386/386/386 387/387/387 383/383/383 
f 384/384/384 385/385/385 388/388/388 
f 385/385/385 377/377/377 388/388/388 
f 389/389/389 384/384/384 388/388/388 
f 377/377/377 389/389/389 388/388/388 
f 384/384/384 389/389/389 390/390/390 
f 386/386/386 384/384/384 390/390/390 
f 389/389/389 377/377/377 391/391/391 
f 391/391/391 390/390/390 389/389/389 
f 377/377/377 392/392/392 391/391/391 
f 392/392/392 377/377/377 393/393/393 
f 391/391/391 394/394/394 390/390/390 
f 392/392/392 394/394/394 391/391/391 
f 386/386/386 390/390/390 394/394/394 
f 393/393/393 395/395/395 392/392/392 
f 394/394/394 392/392/392 395/395/395 
f 395/395/395 393/393/393 396/396/396 
f 397/397/397 395/395/395 396/396/396 
f 394/394/394 398/398/398 386/386/386 
f 395/395/395 398/398/398 394/394/394 
f 398/398/398 387/387/387 386/386/386 
f 387/387/387 398/398/398 399/399/399 
f 398/398/398 395/395/395 400/400/400 
f 395/395/395 397/397/397 400/400/400 
f 400/400/400 399/399/399 398/398/398 
f 397/397/397 401/401/401 400/400/400 
f 399/399/399 400/400/400 402/402/402 
f 402/402/402 400/400/400 401/401/401 
f 403/403/403 404/404/404 405/405/405 
f 406/406/406 405/405/405 404/404/404 
f 403/403/403 407/407/407 408/408/408 
f 403/403/403 408/408/408 409/409/409 
f 404/404/404 403/403/403 409/409/409 
f 409/409/409 408/408/408 410/410/410 
f 406/406/406 404/404/404 411/411/411 
f 409/409/409 410/410/410 412/412/412 
f 412/412/412 404/404/404 409/409/409 
f 413/413/413 412/412/412 410/410/410 
f 414/414/414 406/406/406 411/411/411 
f 404/404/404 412/412/412 415/415/415 
f 415/415/415 411/411/411 404/404/404 
f 412/412/412 413/413/413 416/416/416 
f 415/415/415 412/412/412 416/416/416 
f 413/413/413 417/417/417 416/416/416 
f 417/417/417 413/413/413 418/418/418 
f 416/416/416 419/419/419 415/415/415 
f 411/411/411 415/415/415 420/420/420 
f 420/420/420 415/415/415 419/419/419 
f 411/411/411 420/420/420 414/414/414 
f 417/417/417 418/418/418 421/421/421 
f 422/422/422 416/416/416 417/417/417 
f 416/416/416 422/422/422 419/419/419 
f 421/421/421 422/422/422 417/417/417 
f 420/420/420 419/419/419 423/423/423 
f 422/422/422 423/423/423 419/419/419 
f 414/414/414 420/420/420 423/423/423 
f 423/423/423 422/422/422 424/424/424 
f 423/423/423 424/424/424 414/414/414 
f 425/425/425 421/421/421 418/418/418 
f 422/422/422 426/426/426 424/424/424 
f 414/414/414 424/424/424 426/426/426 
f 421/421/421 427/427/427 422/422/422 
f 426/426/426 422/422/422 427/427/427 
f 425/425/425 428/428/428 421/421/421 
f 428/428/428 425/425/425 429/429/429 
f 421/421/421 430/430/430 427/427/427 
f 428/428/428 430/430/430 421/421/421 
f 427/427/427 431/431/431 426/426/426 
f 426/426/426 431/431/431 414/414/414 
f 431/431/431 427/427/427 430/430/430 
f 414/414/414 431/431/431 432/432/432 
f 430/430/430 432/432/432 431/431/431 
f 432/432/432 433/433/433 414/414/414 
f 432/432/432 430/430/430 434/434/434 
f 432/432/432 434/434/434 433/433/433 
f 428/428/428 434/434/434 430/430/430 
f 435/435/435 433/433/433 434/434/434 
f 434/434/434 436/436/436 435/435/435 
f 434/434/434 428/428/428 437/437/437 
f 436/436/436 434/434/434 437/437/437 
f 429/429/429 437/437/437 428/428/428 
f 437/437/437 438/438/438 436/436/436 
f 437/437/437 429/429/429 439/439/439 
f 437/437/437 439/439/439 438/438/438 
f 440/440/440 441/441/441 442/442/442 
f 441/441/441 443/443/443 442/442/442 
f 444/444/444 443/443/443 441/441/441 
f 444/444/444 445/445/445 443/443/443 
f 445/445/445 446/446/446 443/443/443 
f 447/447/447 445/445/445 444/444/444 
f 445/445/445 447/447/447 448/448/448 
f 447/447/447 449/449/449 448/448/448 
f 450/450/450 451/451/451 452/452/452 
f 453/453/453 452/452/452 451/451/451 
f 452/452/452 453/453/453 454/454/454 
f 454/454/454 453/453/453 455/455/455 
f 455/455/455 453/453/453 456/456/456 
f 455/455/455 457/457/457 454/454/454 
f 457/457/457 455/455/455 458/458/458 
f 457/457/457 458/458/458 459/459/459 
f 460/460/460 461/461/461 462/462/462 
f 463/463/463 462/462/462 461/461/461 
f 462/462/462 463/463/463 464/464/464 
f 464/464/464 463/463/463 465/465/465 
f 465/465/465 463/463/463 466/466/466 
f 465/465/465 467/467/467 464/464/464 
f 467/467/467 465/465/465 468/468/468 
f 467/467/467 468/468/468 469/469/469 
f 470/470/470 471/471/471 472/472/472 
f 472/472/472 471/471/471 473/473/473 
f 471/471/471 474/474/474 473/473/473 
f 474/474/474 475/475/475 473/473/473 
f 475/475/475 476/476/476 473/473/473 
f 477/477/477 475/475/475 474/474/474 
f 475/475/475 477/477/477 478/478/478 
f 477/477/477 479/479/479 478/478/478 
f 480/480/480 481/481/481 482/482/482 
f 483/483/483 482/482/482 481/481/481 
f 481/481/481 484/484/484 483/483/483 
f 484/484/484 481/481/481 485/485/485 
f 481/481/481 486/486/486 485/485/485 
f 482/482/482 487/487/487 480/480/480 
f 488/488/488 486/486/486 481/481/481 
f 480/480/480 488/488/488 481/481/481 
f 488/488/488 489/489/489 486/486/486 
f 490/490/490 480/480/480 487/487/487 
f 491/491/491 490/490/490 487/487/487 
f 488/488/488 480/480/480 492/492/492 
f 490/490/490 492/492/492 480/480/480 
f 489/489/489 488/488/488 493/493/493 
f 492/492/492 493/493/493 488/488/488 
f 492/492/492 490/490/490 494/494/494 
f 490/490/490 491/491/491 494/494/494 
f 493/493/493 492/492/492 495/495/495 
f 492/492/492 494/494/494 495/495/495 
f 496/496/496 489/489/489 493/493/493 
f 495/495/495 496/496/496 493/493/493 
f 489/489/489 496/496/496 497/497/497 
f 497/497/497 498/498/498 489/489/489 
f 499/499/499 498/498/498 497/497/497 
f 500/500/500 497/497/497 496/496/496 
f 500/500/500 499/499/499 497/497/497 
f 496/496/496 495/495/495 501/501/501 
f 501/501/501 500/500/500 496/496/496 
f 495/495/495 494/494/494 502/502/502 
f 502/502/502 501/501/501 495/495/495 
f 491/491/491 502/502/502 494/494/494 
f 501/501/501 502/502/502 503/503/503 
f 502/502/502 491/491/491 503/503/503 
f 504/504/504 501/501/501 503/503/503 
f 491/491/491 504/504/504 503/503/503 
f 500/500/500 501/501/501 505/505/505 
f 501/501/501 504/504/504 505/505/505 
f 504/504/504 491/491/491 506/506/506 
f 506/506/506 505/505/505 504/504/504 
f 491/491/491 507/507/507 506/506/506 
f 507/507/507 491/491/491 508/508/508 
f 506/506/506 509/509/509 505/505/505 
f 507/507/507 509/509/509 506/506/506 
f 509/509/509 500/500/500 505/505/505 
f 508/508/508 510/510/510 507/507/507 
f 509/509/509 507/507/507 510/510/510 
f 510/510/510 508/508/508 511/511/511 
f 509/509/509 512/512/512 500/500/500 
f 510/510/510 512/512/512 509/509/509 
f 512/512/512 499/499/499 500/500/500 
f 499/499/499 512/512/512 513/513/513 
f 512/512/512 510/510/510 514/514/514 
f 514/514/514 510/510/510 511/511/511 
f 514/514/514 513/513/513 512/512/512 
f 511/511/511 515/515/515 514/514/514 
f 513/513/513 514/514/514 516/516/516 
f 515/515/515 517/517/517 514/514/514 
f 516/516/516 514/514/514 517/517/517 
f 518/518/518 519/519/519 520/520/520 
f 521/521/521 520/520/520 519/519/519 
f 520/520/520 521/521/521 522/522/522 
f 520/520/520 522/522/522 523/523/523 
f 518/518/518 520/520/520 524/524/524 
f 525/525/525 518/518/518 524/524/524 
f 520/520/520 523/523/523 526/526/526 
f 526/526/526 524/524/524 520/520/520 
f 527/527/527 526/526/526 523/523/523 
f 525/525/525 524/524/524 528/528/528 
f 529/529/529 525/525/525 528/528/528 
f 524/524/524 526/526/526 530/530/530 
f 530/530/530 528/528/528 524/524/524 
f 526/526/526 527/527/527 531/531/531 
f 530/530/530 526/526/526 531/531/531 
f 528/528/528 530/530/530 532/532/532 
f 528/528/528 532/532/532 529/529/529 
f 531/531/531 533/533/533 530/530/530 
f 532/532/532 530/530/530 533/533/533 
f 527/527/527 534/534/534 531/531/531 
f 534/534/534 533/533/533 531/531/531 
f 532/532/532 533/533/533 535/535/535 
f 529/529/529 532/532/532 535/535/535 
f 533/533/533 534/534/534 536/536/536 
f 536/536/536 535/535/535 533/533/533 
f 534/534/534 527/527/527 537/537/537 
f 537/537/537 527/527/527 538/538/538 
f 539/539/539 537/537/537 538/538/538 
f 534/534/534 537/537/537 540/540/540 
f 539/539/539 540/540/540 537/537/537 
f 540/540/540 536/536/536 534/534/534 
f 535/535/535 536/536/536 541/541/541 
f 535/535/535 541/541/541 529/529/529 
f 536/536/536 542/542/542 541/541/541 
f 529/529/529 541/541/541 542/542/542 
f 542/542/542 536/536/536 543/543/543 
f 540/540/540 543/543/543 536/536/536 
f 542/542/542 544/544/544 529/529/529 
f 542/542/542 543/543/543 544/544/544 
f 529/529/529 544/544/544 545/545/545 
f 545/545/545 546/546/546 529/529/529 
f 544/544/544 543/543/543 547/547/547 
f 547/547/547 545/545/545 544/544/544 
f 540/540/540 547/547/547 543/543/543 
f 545/545/545 548/548/548 546/546/546 
f 545/545/545 547/547/547 548/548/548 
f 549/549/549 546/546/546 548/548/548 
f 550/550/550 547/547/547 540/540/540 
f 550/550/550 548/548/548 547/547/547 
f 539/539/539 550/550/550 540/540/540 
f 550/550/550 539/539/539 551/551/551 
f 548/548/548 550/550/550 552/552/552 
f 552/552/552 549/549/549 548/548/548 
f 551/551/551 552/552/552 550/550/550 
f 549/549/549 552/552/552 553/553/553 
f 554/554/554 552/552/552 551/551/551 
f 552/552/552 555/555/555 553/553/553 
f 552/552/552 554/554/554 555/555/555 
f 556/556/556 557/557/557 558/558/558 
f 559/559/559 556/556/556 558/558/558 
f 556/556/556 559/559/559 560/560/560 
f 560/560/560 559/559/559 561/561/561 
f 561/561/561 562/562/562 560/560/560 
f 562/562/562 561/561/561 563/563/563 
f 563/563/563 564/564/564 562/562/562 
f 563/563/563 565/565/565 564/564/564 
f 565/565/565 563/563/563 566/566/566 
f 566/566/566 567/567/567 565/565/565 
f 567/567/567 566/566/566 568/568/568 
f 568/568/568 569/569/569 567/567/567 
f 568/568/568 570/570/570 569/569/569 
f 571/571/571 569/569/569 570/570/570 
f 572/572/572 573/573/573 574/574/574 
f 572/572/572 575/575/575 573/573/573 
f 575/575/575 572/572/572 576/576/576 
f 576/576/576 577/577/577 575/575/575 
f 577/577/577 576/576/576 578/578/578 
f 578/578/578 579/579/579 577/577/577 
f 579/579/579 578/578/578 580/580/580 
f 581/581/581 579/579/579 580/580/580 
f 579/579/579 581/581/581 582/582/582 
f 583/583/583 582/582/582 581/581/581 
f 582/582/582 583/583/583 584/584/584 
f 584/584/584 583/583/583 585/585/585 
f 584/584/584 585/585/585 586/586/586 
f 587/587/587 586/586/586 585/585/585 
f 588/588/588 589/589/589 590/590/590 
f 591/591/591 590/590/590 589/589/589 
f 590/590/590 591/591/591 592/592/592 
f 593/593/593 591/591/591 589/589/589 
f 591/591/591 593/593/593 594/594/594 
f 589/589/589 595/595/595 593/593/593 
f 596/596/596 597/597/597 598/598/598 
f 597/597/597 599/599/599 598/598/598 
f 599/599/599 597/597/597 600/600/600 
f 599/599/599 601/601/601 598/598/598 
f 598/598/598 601/601/601 602/602/602 
f 601/601/601 599/599/599 603/603/603 
f 604/604/604 605/605/605 606/606/606 
f 605/605/605 607/607/607 606/606/606 
f 605/605/605 604/604/604 608/608/608 
f 609/609/609 604/604/604 606/606/606 
f 604/604/604 609/609/609 610/610/610 
f 609/609/609 606/606/606 611/611/611 
f 612/612/612 613/613/613 614/614/614 
f 613/613/613 612/612/612 615/615/615 
f 613/613/613 615/615/615 616/616/616 
f 617/617/617 616/616/616 615/615/615 
f 612/612/612 618/618/618 615/615/615 
f 612/612/612 619/619/619 618/618/618 
f 617/617/617 615/615/615 620/620/620 
f 618/618/618 620/620/620 615/615/615 
f 617/617/617 620/620/620 621/621/621 
f 620/620/620 618/618/618 622/622/622 
f 623/623/623 624/624/624 625/625/625 
f 624/624/624 623/623/623 626/626/626 
f 624/624/624 627/627/627 625/625/625 
f 628/628/628 625/625/625 627/627/627 
f 629/629/629 623/623/623 625/625/625 
f 623/623/623 629/629/629 630/630/630 
f 628/628/628 631/631/631 625/625/625 
f 631/631/631 629/629/629 625/625/625 
f 631/631/631 628/628/628 632/632/632 
f 629/629/629 631/631/631 633/633/633 
f 634/634/634 635/635/635 636/636/636 
f 635/635/635 634/634/634 637/637/637 
f 634/634/634 638/638/638 637/637/637 
f 639/639/639 637/637/637 638/638/638 
f 640/640/640 635/635/635 637/637/637 
f 635/635/635 640/640/640 641/641/641 
f 637/637/637 639/639/639 642/642/642 
f 637/637/637 642/642/642 640/640/640 
f 639/639/639 643/643/643 642/642/642 
f 640/640/640 642/642/642 644/644/644 
f 645/645/645 646/646/646 647/647/647 
f 646/646/646 645/645/645 648/648/648 
f 646/646/646 648/648/648 649/649/649 
f 650/650/650 649/649/649 648/648/648 
f 645/645/645 651/651/651 648/648/648 
f 645/645/645 652/652/652 651/651/651 
f 650/650/650 648/648/648 653/653/653 
f 651/651/651 653/653/653 648/648/648 
f 650/650/650 653/653/653 654/654/654 
f 653/653/653 651/651/651 655/655/655 
f 656/656/656 657/657/657 658/658/658 
f 659/659/659 658/658/658 657/657/657 
f 658/658/658 659/659/659 660/660/660 
f 661/661/661 659/659/659 657/657/657 
f 659/659/659 661/661/661 662/662/662 
f 657/657/657 663/663/663 661/661/661 
f 664/664/664 665/665/665 666/666/666 
f 666/666/666 667/667/667 664/664/664 
f 665/665/665 664/664/664 668/668/668 
f 668/668/668 669/669/669 665/665/665 
f 670/670/670 671/671/671 672/672/672 
f 671/671/671 670/670/670 673/673/673 
f 672/672/672 674/674/674 670/670/670 
f 675/675/675 674/674/674 672/672/672 
f 676/676/676 677/677/677 678/678/678 
f 677/677/677 676/676/676 679/679/679 
f 680/680/680 677/677/677 679/679/679 
f 677/677/677 680/680/680 681/681/681 
f 682/682/682 683/683/683 684/684/684 
f 683/683/683 682/682/682 685/685/685 
f 686/686/686 684/684/684 683/683/683 
f 686/686/686 683/683/683 687/687/687 
f 688/688/688 689/689/689 690/690/690 
f 689/689/689 688/688/688 691/691/691 
f 691/691/691 692/692/692 689/689/689 
f 692/692/692 691/691/691 693/693/693 
f 694/694/694 695/695/695 696/696/696 
f 694/694/694 696/696/696 697/697/697 
f 697/697/697 696/696/696 698/698/698 
f 697/697/697 698/698/698 699/699/699 
f 700/700/700 701/701/701 702/702/702 
f 702/702/702 703/703/703 700/700/700 
f 701/701/701 700/700/700 704/704/704 
f 704/704/704 705/705/705 701/701/701 
f 706/706/706 707/707/707 708/708/708 
f 706/706/706 709/709/709 707/707/707 
f 710/710/710 708/708/708 707/707/707 
f 709/709/709 710/710/710 707/707/707 
f 708/708/708 710/710/710 711/711/711 
f 712/712/712 711/711/711 710/710/710 
f 708/708/708 711/711/711 713/713/713 
f 711/711/711 712/712/712 714/714/714 
f 714/714/714 713/713/713 711/711/711 
f 713/713/713 714/714/714 715/715/715 
f 708/708/708 713/713/713 716/716/716 
f 717/717/717 712/712/712 710/710/710 
f 709/709/709 717/717/717 710/710/710 
f 712/712/712 717/717/717 718/718/718 
f 716/716/716 719/719/719 708/708/708 
f 706/706/706 708/708/708 719/719/719 
f 719/719/719 716/716/716 720/720/720 
f 721/721/721 718/718/718 717/717/717 
f 717/717/717 709/709/709 721/721/721 
f 718/718/718 721/721/721 722/722/722 
f 720/720/720 723/723/723 719/719/719 
f 723/723/723 706/706/706 719/719/719 
f 723/723/723 720/720/720 724/724/724 
f 723/723/723 724/724/724 725/725/725 
f 706/706/706 723/723/723 726/726/726 
f 725/725/725 726/726/726 723/723/723 
f 727/727/727 706/706/706 726/726/726 
f 727/727/727 726/726/726 725/725/725 
f 706/706/706 727/727/727 728/728/728 
f 709/709/709 706/706/706 728/728/728 
f 727/727/727 729/729/729 728/728/728 
f 728/728/728 730/730/730 709/709/709 
f 721/721/721 709/709/709 730/730/730 
f 730/730/730 728/728/728 729/729/729 
f 730/730/730 731/731/731 721/721/721 
f 731/731/731 722/722/722 721/721/721 
f 722/722/722 731/731/731 732/732/732 
f 731/731/731 730/730/730 733/733/733 
f 730/730/730 729/729/729 733/733/733 
f 734/734/734 732/732/732 731/731/731 
f 731/731/731 733/733/733 734/734/734 
f 732/732/732 734/734/734 735/735/735 
f 735/735/735 734/734/734 736/736/736 
f 729/729/729 727/727/727 737/737/737 
f 725/725/725 737/737/737 727/727/727 
f 738/738/738 729/729/729 737/737/737 
f 738/738/738 737/737/737 725/725/725 
f 734/734/734 739/739/739 736/736/736 
f 739/739/739 740/740/740 736/736/736 
f 740/740/740 739/739/739 741/741/741 
f 739/739/739 742/742/742 741/741/741 
f 725/725/725 743/743/743 738/738/738 
f 744/744/744 739/739/739 734/734/734 
f 744/744/744 734/734/734 733/733/733 
f 742/742/742 739/739/739 745/745/745 
f 739/739/739 744/744/744 745/745/745 
f 746/746/746 742/742/742 745/745/745 
f 747/747/747 743/743/743 725/725/725 
f 725/725/725 748/748/748 747/747/747 
f 746/746/746 747/747/747 748/748/748 
f 745/745/745 749/749/749 746/746/746 
f 747/747/747 746/746/746 749/749/749 
f 744/744/744 749/749/749 745/745/745 
f 747/747/747 750/750/750 743/743/743 
f 750/750/750 747/747/747 749/749/749 
f 749/749/749 744/744/744 750/750/750 
f 750/750/750 738/738/738 743/743/743 
f 744/744/744 751/751/751 750/750/750 
f 738/738/738 750/750/750 751/751/751 
f 751/751/751 744/744/744 733/733/733 
f 729/729/729 738/738/738 751/751/751 
f 733/733/733 729/729/729 751/751/751 
f 752/752/752 753/753/753 754/754/754 
f 752/752/752 755/755/755 753/753/753 
f 755/755/755 752/752/752 756/756/756 
f 755/755/755 757/757/757 753/753/753 
f 758/758/758 756/756/756 752/752/752 
f 754/754/754 758/758/758 752/752/752 
f 756/756/756 758/758/758 759/759/759 
f 758/758/758 760/760/760 759/759/759 
f 758/758/758 754/754/754 761/761/761 
f 760/760/760 758/758/758 761/761/761 
f 762/762/762 757/757/757 763/763/763 
f 762/762/762 764/764/764 757/757/757 
f 753/753/753 757/757/757 764/764/764 
f 765/765/765 764/764/764 762/762/762 
f 766/766/766 753/753/753 764/764/764 
f 765/765/765 766/766/766 764/764/764 
f 753/753/753 766/766/766 767/767/767 
f 767/767/767 754/754/754 753/753/753 
f 765/765/765 768/768/768 766/766/766 
f 768/768/768 765/765/765 769/769/769 
f 767/767/767 766/766/766 770/770/770 
f 768/768/768 770/770/770 766/766/766 
f 754/754/754 767/767/767 770/770/770 
f 769/769/769 771/771/771 768/768/768 
f 771/771/771 770/770/770 768/768/768 
f 771/771/771 769/769/769 772/772/772 
f 770/770/770 773/773/773 754/754/754 
f 772/772/772 774/774/774 771/771/771 
f 770/770/770 771/771/771 775/775/775 
f 775/775/775 773/773/773 770/770/770 
f 774/774/774 775/775/775 771/771/771 
f 774/774/774 772/772/772 776/776/776 
f 773/773/773 775/775/775 777/777/777 
f 778/778/778 754/754/754 773/773/773 
f 777/777/777 778/778/778 773/773/773 
f 754/754/754 778/778/778 761/761/761 
f 776/776/776 779/779/779 774/774/774 
f 779/779/779 776/776/776 780/780/780 
f 775/775/775 774/774/774 781/781/781 
f 781/781/781 774/774/774 779/779/779 
f 777/777/777 775/775/775 781/781/781 
f 780/780/780 782/782/782 779/779/779 
f 778/778/778 777/777/777 783/783/783 
f 778/778/778 760/760/760 761/761/761 
f 760/760/760 778/778/778 783/783/783 
f 779/779/779 782/782/782 784/784/784 
f 785/785/785 784/784/784 782/782/782 
f 785/785/785 786/786/786 784/784/784 
f 787/787/787 784/784/784 786/786/786 
f 784/784/784 788/788/788 779/779/779 
f 781/781/781 779/779/779 788/788/788 
f 784/784/784 787/787/787 789/789/789 
f 788/788/788 784/784/784 789/789/789 
f 790/790/790 789/789/789 787/787/787 
f 788/788/788 791/791/791 781/781/781 
f 777/777/777 781/781/781 791/791/791 
f 792/792/792 788/788/788 789/789/789 
f 789/789/789 790/790/790 792/792/792 
f 791/791/791 788/788/788 793/793/793 
f 788/788/788 792/792/792 793/793/793 
f 794/794/794 777/777/777 791/791/791 
f 793/793/793 794/794/794 791/791/791 
f 777/777/777 794/794/794 783/783/783 
f 794/794/794 760/760/760 783/783/783 
f 794/794/794 793/793/793 795/795/795 
f 760/760/760 794/794/794 795/795/795 
f 796/796/796 793/793/793 792/792/792 
f 793/793/793 796/796/796 795/795/795 
f 796/796/796 760/760/760 795/795/795 
f 790/790/790 796/796/796 792/792/792 
f 760/760/760 796/796/796 797/797/797 
f 796/796/796 790/790/790 797/797/797 
f 798/798/798 799/799/799 800/800/800 
f 799/799/799 798/798/798 801/801/801 
f 801/801/801 802/802/802 799/799/799 
f 802/802/802 801/801/801 803/803/803 
f 804/804/804 805/805/805 806/806/806 
f 806/806/806 807/807/807 804/804/804 
f 805/805/805 804/804/804 808/808/808 
f 808/808/808 809/809/809 805/805/805 
f 810/810/810 811/811/811 812/812/812 
f 811/811/811 810/810/810 813/813/813 
f 813/813/813 814/814/814 811/811/811 
f 814/814/814 813/813/813 815/815/815 
f 816/816/816 817/817/817 818/818/818 
f 818/818/818 819/819/819 816/816/816 
f 820/820/820 817/817/817 816/816/816 
f 820/820/820 821/821/821 817/817/817 
f 822/822/822 823/823/823 824/824/824 
f 823/823/823 822/822/822 825/825/825 
f 824/824/824 826/826/826 822/822/822 
f 826/826/826 824/824/824 827/827/827 
f 828/828/828 829/829/829 830/830/830 
f 828/828/828 830/830/830 831/831/831 
f 828/828/828 831/831/831 832/832/832 
f 831/831/831 833/833/833 832/832/832 
f 833/833/833 834/834/834 832/832/832 
f 832/832/832 835/835/835 828/828/828 
f 828/828/828 835/835/835 829/829/829 
f 832/832/832 834/834/834 836/836/836 
f 835/835/835 832/832/832 836/836/836 
f 836/836/836 834/834/834 837/837/837 
f 837/837/837 838/838/838 836/836/836 
f 836/836/836 838/838/838 839/839/839 
f 835/835/835 836/836/836 839/839/839 
f 840/840/840 835/835/835 839/839/839 
f 840/840/840 841/841/841 835/835/835 
f 841/841/841 829/829/829 835/835/835 
f 840/840/840 842/842/842 841/841/841 
f 843/843/843 829/829/829 841/841/841 
f 841/841/841 842/842/842 843/843/843 
f 829/829/829 843/843/843 844/844/844 
f 844/844/844 830/830/830 829/829/829 
f 830/830/830 844/844/844 845/845/845 
f 844/844/844 846/846/846 845/845/845 
f 846/846/846 844/844/844 847/847/847 
f 843/843/843 847/847/847 844/844/844 
f 847/847/847 848/848/848 846/846/846 
f 848/848/848 847/847/847 849/849/849 
f 847/847/847 850/850/850 849/849/849 
f 847/847/847 843/843/843 851/851/851 
f 850/850/850 847/847/847 851/851/851 
f 842/842/842 851/851/851 843/843/843 
f 852/852/852 850/850/850 851/851/851 
f 852/852/852 851/851/851 842/842/842 
f 853/853/853 854/854/854 855/855/855 
f 854/854/854 856/856/856 855/855/855 
f 855/855/855 856/856/856 857/857/857 
f 857/857/857 856/856/856 858/858/858 
f 859/859/859 857/857/857 858/858/858 
f 860/860/860 855/855/855 857/857/857 
f 861/861/861 855/855/855 860/860/860 
f 862/862/862 855/855/855 861/861/861 
f 863/863/863 862/862/862 861/861/861 
f 864/864/864 862/862/862 863/863/863 
f 865/865/865 864/864/864 863/863/863 
f 866/866/866 864/864/864 865/865/865 
f 867/867/867 862/862/862 864/864/864 
f 868/868/868 862/862/862 867/867/867 
f 869/869/869 862/862/862 868/868/868 
f 870/870/870 862/862/862 869/869/869 
f 871/871/871 862/862/862 870/870/870 
f 872/872/872 871/871/871 870/870/870 
f 873/873/873 862/862/862 871/871/871 
f 874/874/874 862/862/862 873/873/873 
f 875/875/875 874/874/874 873/873/873 
f 876/876/876 874/874/874 875/875/875 
f 877/877/877 874/874/874 876/876/876 
f 878/878/878 877/877/877 876/876/876 
f 879/879/879 877/877/877 878/878/878 
f 880/880/880 881/881/881 882/882/882 
f 882/882/882 881/881/881 883/883/883 
f 881/881/881 884/884/884 883/883/883 
f 884/884/884 885/885/885 883/883/883 
f 886/886/886 885/885/885 884/884/884 
f 887/887/887 884/884/884 881/881/881 
f 888/888/888 887/887/887 881/881/881 
f 889/889/889 888/888/888 881/881/881 
f 890/890/890 888/888/888 889/889/889 
f 891/891/891 890/890/890 889/889/889 
f 892/892/892 890/890/890 891/891/891 
f 893/893/893 892/892/892 891/891/891 
f 894/894/894 891/891/891 889/889/889 
f 895/895/895 894/894/894 889/889/889 
f 896/896/896 895/895/895 889/889/889 
f 897/897/897 896/896/896 889/889/889 
f 898/898/898 897/897/897 889/889/889 
f 899/899/899 897/897/897 898/898/898 
f 900/900/900 898/898/898 889/889/889 
f 901/901/901 900/900/900 889/889/889 
f 902/902/902 900/900/900 901/901/901 
f 903/903/903 902/902/902 901/901/901 
f 904/904/904 903/903/903 901/901/901 
f 905/905/905 903/903/903 904/904/904 
f 906/906/906 905/905/905 904/904/904 
f 907/907/907 908/908/908 909/909/909 
f 910/910/910 908/908/908 907/907/907 
f 911/911/911 910/910/910 907/907/907 
f 910/910/910 911/911/911 912/912/912 
f 912/912/912 911/911/911 913/913/913 
f 914/914/914 911/911/911 907/907/907 
f 909/909/909 914/914/914 907/907/907 
f 913/913/913 911/911/911 915/915/915 
f 911/911/911 914/914/914 915/915/915 
f 913/913/913 915/915/915 916/916/916 
f 916/916/916 915/915/915 917/917/917 
f 917/917/917 915/915/915 918/918/918 
f 914/914/914 918/918/918 915/915/915 
f 919/919/919 918/918/918 914/914/914 
f 919/919/919 914/914/914 920/920/920 
f 914/914/914 909/909/909 920/920/920 
f 919/919/919 920/920/920 921/921/921 
f 909/909/909 922/922/922 920/920/920 
f 921/921/921 920/920/920 922/922/922 
f 922/922/922 909/909/909 923/923/923 
f 908/908/908 923/923/923 909/909/909 
f 923/923/923 908/908/908 924/924/924 
f 925/925/925 923/923/923 924/924/924 
f 923/923/923 925/925/925 926/926/926 
f 926/926/926 922/922/922 923/923/923 
f 927/927/927 926/926/926 925/925/925 
f 926/926/926 927/927/927 928/928/928 
f 929/929/929 926/926/926 928/928/928 
f 922/922/922 926/926/926 930/930/930 
f 926/926/926 929/929/929 930/930/930 
f 930/930/930 921/921/921 922/922/922 
f 931/931/931 930/930/930 929/929/929 
f 931/931/931 921/921/921 930/930/930 
f 932/932/932 933/933/933 934/934/934 
f 933/933/933 935/935/935 934/934/934 
f 933/933/933 932/932/932 936/936/936 
f 934/934/934 937/937/937 932/932/932 
f 932/932/932 937/937/937 938/938/938 
f 937/937/937 934/934/934 939/939/939 
f 940/940/940 941/941/941 942/942/942 
f 942/942/942 941/941/941 943/943/943 
f 942/942/942 944/944/944 940/940/940 
f 941/941/941 940/940/940 945/945/945 
f 940/940/940 946/946/946 945/945/945 
f 941/941/941 945/945/945 947/947/947 
f 948/948/948 949/949/949 950/950/950 
f 951/951/951 950/950/950 949/949/949 
f 949/949/949 948/948/948 952/952/952 
f 953/953/953 952/952/952 948/948/948 
f 950/950/950 954/954/954 948/948/948 
f 954/954/954 950/950/950 955/955/955 
f 948/948/948 956/956/956 953/953/953 
f 948/948/948 954/954/954 956/956/956 
f 953/953/953 956/956/956 957/957/957 
f 954/954/954 958/958/958 956/956/956 
f 959/959/959 960/960/960 961/961/961 
f 960/960/960 959/959/959 962/962/962 
f 959/959/959 963/963/963 962/962/962 
f 964/964/964 962/962/962 963/963/963 
f 965/965/965 960/960/960 962/962/962 
f 960/960/960 965/965/965 966/966/966 
f 962/962/962 964/964/964 967/967/967 
f 962/962/962 967/967/967 965/965/965 
f 964/964/964 968/968/968 967/967/967 
f 965/965/965 967/967/967 969/969/969 
f 970/970/970 971/971/971 972/972/972 
f 972/972/972 971/971/971 973/973/973 
f 974/974/974 971/971/971 970/970/970 
f 971/971/971 974/974/974 975/975/975 
f 976/976/976 977/977/977 978/978/978 
f 977/977/977 979/979/979 978/978/978 
f 978/978/978 980/980/980 976/976/976 
f 980/980/980 978/978/978 981/981/981 
f 982/982/982 983/983/983 984/984/984 
f 982/982/982 984/984/984 985/985/985 
f 985/985/985 986/986/986 982/982/982 
f 985/985/985 987/987/987 986/986/986 
f 987/987/987 988/988/988 986/986/986 
f 986/986/986 989/989/989 982/982/982 
f 982/982/982 989/989/989 983/983/983 
f 986/986/986 988/988/988 990/990/990 
f 989/989/989 986/986/986 990/990/990 
f 990/990/990 988/988/988 991/991/991 
f 991/991/991 992/992/992 990/990/990 
f 990/990/990 992/992/992 993/993/993 
f 993/993/993 989/989/989 990/990/990 
f 989/989/989 993/993/993 994/994/994 
f 994/994/994 995/995/995 989/989/989 
f 995/995/995 983/983/983 989/989/989 
f 994/994/994 996/996/996 995/995/995 
f 997/997/997 983/983/983 995/995/995 
f 995/995/995 996/996/996 997/997/997 
f 983/983/983 997/997/997 998/998/998 
f 998/998/998 984/984/984 983/983/983 
f 984/984/984 998/998/998 999/999/999 
f 998/998/998 1000/1000/1000 999/999/999 
f 1000/1000/1000 998/998/998 1001/1001/1001 
f 997/997/997 1001/1001/1001 998/998/998 
f 1001/1001/1001 1002/1002/1002 1000/1000/1000 
f 1002/1002/1002 1001/1001/1001 1003/1003/1003 
f 1001/1001/1001 1004/1004/1004 1003/1003/1003 
f 1001/1001/1001 997/997/997 1005/1005/1005 
f 1004/1004/1004 1001/1001/1001 1005/1005/1005 
f 996/996/996 1005/1005/1005 997/997/997 
f 1006/1006/1006 1004/1004/1004 1005/1005/1005 
f 1006/1006/1006 1005/1005/1005 996/996/996 
f 1007/1007/1007 1008/1008/1008 1009/1009/1009 
f 1009/1009/1009 1008/1008/1008 1010/1010/1010 
f 1008/1008/1008 1011/1011/1011 1010/1010/1010 
f 1011/1011/1011 1012/1012/1012 1010/1010/1010 
f 1013/1013/1013 1012/1012/1012 1011/1011/1011 
f 1014/1014/1014 1011/1011/1011 1008/1008/1008 
f 1015/1015/1015 1014/1014/1014 1008/1008/1008 
f 1016/1016/1016 1015/1015/1015 1008/1008/1008 
f 1017/1017/1017 1015/1015/1015 1016/1016/1016 
f 1018/1018/1018 1017/1017/1017 1016/1016/1016 
f 1019/1019/1019 1017/1017/1017 1018/1018/1018 
f 1020/1020/1020 1019/1019/1019 1018/1018/1018 
f 1021/1021/1021 1018/1018/1018 1016/1016/1016 
f 1022/1022/1022 1021/1021/1021 1016/1016/1016 
f 1023/1023/1023 1022/1022/1022 1016/1016/1016 
f 1024/1024/1024 1023/1023/1023 1016/1016/1016 
f 1025/1025/1025 1024/1024/1024 1016/1016/1016 
f 1026/1026/1026 1024/1024/1024 1025/1025/1025 
f 1027/1027/1027 1025/1025/1025 1016/1016/1016 
f 1028/1028/1028 1027/1027/1027 1016/1016/1016 
f 1029/1029/1029 1027/1027/1027 1028/1028/1028 
f 1030/1030/1030 1029/1029/1029 1028/1028/1028 
f 1031/1031/1031 1030/1030/1030 1028/1028/1028 
f 1032/1032/1032 1030/1030/1030 1031/1031/1031 
f 1033/1033/1033 1032/1032/1032 1031/1031/1031 
f 1034/1034/1034 1035/1035/1035 1036/1036/1036 
f 1035/1035/1035 1037/1037/1037 1036/1036/1036 
f 1036/1036/1036 1037/1037/1037 1038/1038/1038 
f 1038/1038/1038 1037/1037/1037 1039/1039/1039 
f 1040/1040/1040 1038/1038/1038 1039/1039/1039 
f 1041/1041/1041 1036/1036/1036 1038/1038/1038 
f 1042/1042/1042 1036/1036/1036 1041/1041/1041 
f 1043/1043/1043 1036/1036/1036 1042/1042/1042 
f 1044/1044/1044 1043/1043/1043 1042/1042/1042 
f 1045/1045/1045 1043/1043/1043 1044/1044/1044 
f 1046/1046/1046 1045/1045/1045 1044/1044/1044 
f 1047/1047/1047 1045/1045/1045 1046/1046/1046 
f 1048/1048/1048 1043/1043/1043 1045/1045/1045 
f 1049/1049/1049 1043/1043/1043 1048/1048/1048 
f 1050/1050/1050 1043/1043/1043 1049/1049/1049 
f 1051/1051/1051 1043/1043/1043 1050/1050/1050 
f 1052/1052/1052 1043/1043/1043 1051/1051/1051 
f 1053/1053/1053 1052/1052/1052 1051/1051/1051 
f 1054/1054/1054 1043/1043/1043 1052/1052/1052 
f 1055/1055/1055 1043/1043/1043 1054/1054/1054 
f 1056/1056/1056 1055/1055/1055 1054/1054/1054 
f 1057/1057/1057 1055/1055/1055 1056/1056/1056 
f 1058/1058/1058 1055/1055/1055 1057/1057/1057 
f 1059/1059/1059 1058/1058/1058 1057/1057/1057 
f 1060/1060/1060 1058/1058/1058 1059/1059/1059 
f 1061/1061/1061 1062/1062/1062 1063/1063/1063 
f 1062/1062/1062 1061/1061/1061 1064/1064/1064 
f 1064/1064/1064 1061/1061/1061 1065/1065/1065 
f 1064/1064/1064 1065/1065/1065 1066/1066/1066 
f 1066/1066/1066 1065/1065/1065 1067/1067/1067 
f 1068/1068/1068 1065/1065/1065 1061/1061/1061 
f 1063/1063/1063 1068/1068/1068 1061/1061/1061 
f 1067/1067/1067 1065/1065/1065 1069/1069/1069 
f 1065/1065/1065 1068/1068/1068 1069/1069/1069 
f 1067/1067/1067 1069/1069/1069 1070/1070/1070 
f 1070/1070/1070 1069/1069/1069 1071/1071/1071 
f 1071/1071/1071 1069/1069/1069 1072/1072/1072 
f 1072/1072/1072 1069/1069/1069 1068/1068/1068 
f 1068/1068/1068 1073/1073/1073 1072/1072/1072 
f 1073/1073/1073 1068/1068/1068 1074/1074/1074 
f 1068/1068/1068 1063/1063/1063 1074/1074/1074 
f 1073/1073/1073 1074/1074/1074 1075/1075/1075 
f 1063/1063/1063 1076/1076/1076 1074/1074/1074 
f 1075/1075/1075 1074/1074/1074 1076/1076/1076 
f 1076/1076/1076 1063/1063/1063 1077/1077/1077 
f 1062/1062/1062 1077/1077/1077 1063/1063/1063 
f 1077/1077/1077 1062/1062/1062 1078/1078/1078 
f 1079/1079/1079 1077/1077/1077 1078/1078/1078 
f 1077/1077/1077 1079/1079/1079 1080/1080/1080 
f 1080/1080/1080 1076/1076/1076 1077/1077/1077 
f 1081/1081/1081 1080/1080/1080 1079/1079/1079 
f 1080/1080/1080 1081/1081/1081 1082/1082/1082 
f 1083/1083/1083 1080/1080/1080 1082/1082/1082 
f 1076/1076/1076 1080/1080/1080 1084/1084/1084 
f 1080/1080/1080 1083/1083/1083 1084/1084/1084 
f 1084/1084/1084 1075/1075/1075 1076/1076/1076 
f 1085/1085/1085 1084/1084/1084 1083/1083/1083 
f 1085/1085/1085 1075/1075/1075 1084/1084/1084 
f 1086/1086/1086 1087/1087/1087 1088/1088/1088 
f 1086/1086/1086 1088/1088/1088 1089/1089/1089 
f 1087/1087/1087 1090/1090/1090 1088/1088/1088 
f 1087/1087/1087 1091/1091/1091 1090/1090/1090 
f 1090/1090/1090 1092/1092/1092 1088/1088/1088 
f 1088/1088/1088 1092/1092/1092 1093/1093/1093 
f 1088/1088/1088 1093/1093/1093 1089/1089/1089 
f 1089/1089/1089 1093/1093/1093 1094/1094/1094 
f 1095/1095/1095 1096/1096/1096 1097/1097/1097 
f 1096/1096/1096 1095/1095/1095 1098/1098/1098 
f 1098/1098/1098 1099/1099/1099 1096/1096/1096 
f 1099/1099/1099 1098/1098/1098 1100/1100/1100 
f 1101/1101/1101 1102/1102/1102 1103/1103/1103 
f 1102/1102/1102 1101/1101/1101 1104/1104/1104 
f 1105/1105/1105 1104/1104/1104 1101/1101/1101 
f 1104/1104/1104 1105/1105/1105 1106/1106/1106 
f 1107/1107/1107 1108/1108/1108 1109/1109/1109 
f 1107/1107/1107 1109/1109/1109 1110/1110/1110 
f 1110/1110/1110 1109/1109/1109 1111/1111/1111 
f 1110/1110/1110 1111/1111/1111 1112/1112/1112 
f 1113/1113/1113 1114/1114/1114 1115/1115/1115 
f 1114/1114/1114 1113/1113/1113 1116/1116/1116 
f 1116/1116/1116 1117/1117/1117 1114/1114/1114 
f 1117/1117/1117 1116/1116/1116 1118/1118/1118 
f 1119/1119/1119 1120/1120/1120 1121/1121/1121 
f 1120/1120/1120 1119/1119/1119 1122/1122/1122 
f 1121/1121/1121 1123/1123/1123 1119/1119/1119 
f 1123/1123/1123 1121/1121/1121 1124/1124/1124 
f 1125/1125/1125 1126/1126/1126 1127/1127/1127 
f 1126/1126/1126 1125/1125/1125 1128/1128/1128 
f 1129/1129/1129 1128/1128/1128 1125/1125/1125 
f 1128/1128/1128 1129/1129/1129 1130/1130/1130 
f 1131/1131/1131 1132/1132/1132 1133/1133/1133 
f 1132/1132/1132 1131/1131/1131 1134/1134/1134 
f 1133/1133/1133 1135/1135/1135 1131/1131/1131 
f 1135/1135/1135 1133/1133/1133 1136/1136/1136 
f 1137/1137/1137 1138/1138/1138 1139/1139/1139 
f 1138/1138/1138 1137/1137/1137 1140/1140/1140 
f 1141/1141/1141 1140/1140/1140 1137/1137/1137 
f 1140/1140/1140 1141/1141/1141 1142/1142/1142 
f 1143/1143/1143 1144/1144/1144 1145/1145/1145 
f 1145/1145/1145 1146/1146/1146 1143/1143/1143 
f 1147/1147/1147 1144/1144/1144 1143/1143/1143 
f 1147/1147/1147 1148/1148/1148 1144/1144/1144 
f 1149/1149/1149 1150/1150/1150 1151/1151/1151 
f 1150/1150/1150 1149/1149/1149 1152/1152/1152 
f 1151/1151/1151 1153/1153/1153 1149/1149/1149 
f 1153/1153/1153 1151/1151/1151 1154/1154/1154 
f 1155/1155/1155 1156/1156/1156 1157/1157/1157 
f 1158/1158/1158 1157/1157/1157 1156/1156/1156 
f 1157/1157/1157 1159/1159/1159 1155/1155/1155 
f 1156/1156/1156 1155/1155/1155 1160/1160/1160 
f 1161/1161/1161 1155/1155/1155 1159/1159/1159 
f 1162/1162/1162 1160/1160/1160 1155/1155/1155 
f 1155/1155/1155 1161/1161/1161 1162/1162/1162 
f 1160/1160/1160 1162/1162/1162 1163/1163/1163 
f 1164/1164/1164 1162/1162/1162 1161/1161/1161 
f 1162/1162/1162 1165/1165/1165 1163/1163/1163 
f 1162/1162/1162 1164/1164/1164 1165/1165/1165 
f 1163/1163/1163 1165/1165/1165 1166/1166/1166 
f 1167/1167/1167 1165/1165/1165 1164/1164/1164 
f 1168/1168/1168 1166/1166/1166 1165/1165/1165 
f 1165/1165/1165 1167/1167/1167 1168/1168/1168 
f 1169/1169/1169 1168/1168/1168 1167/1167/1167 
f 1170/1170/1170 1171/1171/1171 1172/1172/1172 
f 1170/1170/1170 1172/1172/1172 1173/1173/1173 
f 1173/1173/1173 1174/1174/1174 1170/1170/1170 
f 1173/1173/1173 1172/1172/1172 1175/1175/1175 
f 1174/1174/1174 1173/1173/1173 1176/1176/1176 
f 1173/1173/1173 1175/1175/1175 1177/1177/1177 
f 1176/1176/1176 1173/1173/1173 1177/1177/1177 
f 1175/1175/1175 1178/1178/1178 1177/1177/1177 
f 1176/1176/1176 1177/1177/1177 1179/1179/1179 
f 1177/1177/1177 1178/1178/1178 1180/1180/1180 
f 1179/1179/1179 1177/1177/1177 1180/1180/1180 
f 1180/1180/1180 1178/1178/1178 1181/1181/1181 
f 1179/1179/1179 1180/1180/1180 1182/1182/1182 
f 1180/1180/1180 1181/1181/1181 1183/1183/1183 
f 1182/1182/1182 1180/1180/1180 1183/1183/1183 
f 1182/1182/1182 1183/1183/1183 1184/1184/1184 
f 1185/1185/1185 1186/1186/1186 1187/1187/1187 
f 1185/1185/1185 1188/1188/1188 1186/1186/1186 
f 1188/1188/1188 1185/1185/1185 1189/1189/1189 
f 1190/1190/1190 1188/1188/1188 1189/1189/1189 
f 1191/1191/1191 1190/1190/1190 1189/1189/1189 
f 1191/1191/1191 1192/1192/1192 1190/1190/1190 
f 1192/1192/1192 1191/1191/1191 1193/1193/1193 
f 1194/1194/1194 1192/1192/1192 1193/1193/1193 
f 1192/1192/1192 1194/1194/1194 1195/1195/1195 
f 1196/1196/1196 1195/1195/1195 1194/1194/1194 
f 1195/1195/1195 1196/1196/1196 1197/1197/1197 
f 1198/1198/1198 1197/1197/1197 1196/1196/1196 
f 1199/1199/1199 1197/1197/1197 1198/1198/1198 
f 1200/1200/1200 1199/1199/1199 1198/1198/1198 
f 1201/1201/1201 1202/1202/1202 1203/1203/1203 
f 1204/1204/1204 1201/1201/1201 1203/1203/1203 
f 1201/1201/1201 1204/1204/1204 1205/1205/1205 
f 1206/1206/1206 1205/1205/1205 1204/1204/1204 
f 1207/1207/1207 1205/1205/1205 1206/1206/1206 
f 1207/1207/1207 1206/1206/1206 1208/1208/1208 
f 1208/1208/1208 1209/1209/1209 1207/1207/1207 
f 1208/1208/1208 1210/1210/1210 1209/1209/1209 
f 1210/1210/1210 1208/1208/1208 1211/1211/1211 
f 1211/1211/1211 1212/1212/1212 1210/1210/1210 
f 1212/1212/1212 1211/1211/1211 1213/1213/1213 
f 1214/1214/1214 1212/1212/1212 1213/1213/1213 
f 1213/1213/1213 1215/1215/1215 1214/1214/1214 
f 1216/1216/1216 1214/1214/1214 1215/1215/1215 
f 1217/1217/1217 1218/1218/1218 1219/1219/1219 
f 1218/1218/1218 1220/1220/1220 1219/1219/1219 
f 1221/1221/1221 1220/1220/1220 1218/1218/1218 
f 1221/1221/1221 1222/1222/1222 1220/1220/1220 
f 1222/1222/1222 1223/1223/1223 1220/1220/1220 
f 1224/1224/1224 1222/1222/1222 1221/1221/1221 
f 1222/1222/1222 1224/1224/1224 1225/1225/1225 
f 1224/1224/1224 1226/1226/1226 1225/1225/1225 
f 1227/1227/1227 1228/1228/1228 1229/1229/1229 
f 1230/1230/1230 1229/1229/1229 1228/1228/1228 
f 1230/1230/1230 1231/1231/1231 1229/1229/1229 
f 1231/1231/1231 1230/1230/1230 1232/1232/1232 
f 1232/1232/1232 1230/1230/1230 1233/1233/1233 
f 1232/1232/1232 1234/1234/1234 1231/1231/1231 
f 1234/1234/1234 1232/1232/1232 1235/1235/1235 
f 1234/1234/1234 1235/1235/1235 1236/1236/1236 
f 1237/1237/1237 1238/1238/1238 1239/1239/1239 
f 1240/1240/1240 1239/1239/1239 1238/1238/1238 
f 1240/1240/1240 1241/1241/1241 1239/1239/1239 
f 1241/1241/1241 1240/1240/1240 1242/1242/1242 
f 1242/1242/1242 1240/1240/1240 1243/1243/1243 
f 1242/1242/1242 1244/1244/1244 1241/1241/1241 
f 1244/1244/1244 1242/1242/1242 1245/1245/1245 
f 1244/1244/1244 1245/1245/1245 1246/1246/1246 
f 1247/1247/1247 1248/1248/1248 1249/1249/1249 
f 1248/1248/1248 1250/1250/1250 1249/1249/1249 
f 1250/1250/1250 1248/1248/1248 1251/1251/1251 
f 1251/1251/1251 1252/1252/1252 1250/1250/1250 
f 1252/1252/1252 1253/1253/1253 1250/1250/1250 
f 1254/1254/1254 1252/1252/1252 1251/1251/1251 
f 1252/1252/1252 1254/1254/1254 1255/1255/1255 
f 1254/1254/1254 1256/1256/1256 1255/1255/1255 

