# This file is brought to you by Roblox Corporation
# Generated by Roblox Studio

mtllib spawner.mtl

g Egg1

v -0.697657 -2.95337 -0.0489913 
v 0.12346 -3.1994 0.0433068 
v -0.589053 -2.95337 0.454676 
v 0.835972 -2.95337 -0.368062 
v 0.45612 -2.95337 -0.713029 
v -0.0513584 -2.95337 -0.770072 
v -0.492062 -2.95337 -0.516433 
v -1.03126 -2.52839 0.709983 
v -1.20727 -2.52839 -0.106275 
v 0.662583 -2.52839 -1.18244 
v 1.27818 -2.52839 -0.623374 
v -0.159854 -2.52839 -1.27488 
v -0.874076 -2.52839 -0.863829 
v -1.41368 -1.21151 0.930775 
v -1.64799 -1.21151 -0.155821 
v 0.841129 -1.21151 -1.58838 
v 1.6606 -1.21151 -0.844161 
v -0.253686 -1.21151 -1.71145 
v -1.20444 -1.21151 -1.16425 
v -1.18535 0.248161 0.798947 
v -1.38484 0.24817 -0.126242 
v -1.64799 -1.21151 -0.155821 
v -1.41368 -1.21151 0.930775 
v 1.43228 0.24817 -0.712338 
v 1.6606 -1.21151 -0.844161 
v 0.841129 -1.21151 -1.58838 
v 0.734523 0.24817 -1.346 
v -0.253686 -1.21151 -1.71145 
v -0.197661 0.24817 -1.45079 
v -1.20444 -1.21151 -1.16425 
v -1.00718 0.24817 -0.984877 
v -0.528558 1.29391 0.419749 
v -0.627941 1.29391 -0.0411555 
v 0.427876 1.29391 -0.648813 
v 0.775477 1.29391 -0.333136 
v -0.0365147 1.29391 -0.701014 
v -0.4398 1.29391 -0.46891 
v 0.12346 1.5547 0.0433068 
v -0.207166 -2.95337 0.800563 
v 0.944796 -2.95337 0.133382 
v 0.740458 -2.95337 0.601393 
v 0.300448 -2.95337 0.856234 
v -0.412363 -2.52839 1.27054 
v 1.45455 -2.52839 0.189283 
v 1.12339 -2.52839 0.947757 
v 0.410295 -2.52839 1.36076 
v -0.589814 -1.21151 1.67699 
v 1.89538 -1.21151 0.237632 
v 1.45455 -1.21151 1.2473 
v 0.505288 -1.21151 1.79708 
v -0.589814 -1.21151 1.67699 
v -0.483859 0.24817 1.4343 
v 1.89538 -1.21151 0.237632 
v 1.63217 0.24817 0.208766 
v 1.45455 -1.21151 1.2473 
v 1.25682 0.24817 1.06845 
v 0.505288 -1.21151 1.79708 
v 0.448572 0.24817 1.53656 
v -0.179094 1.29391 0.736269 
v 0.875062 1.29391 0.125735 
v 0.688074 1.29391 0.554009 
v 0.285423 1.29391 0.787212 
v 0.336499 0.880881 1.68388 
v -0.074716 0.880479 1.70248 
v -0.0930881 0.574006 1.89841 
v 0.378206 0.574006 1.87543 
v 0.833514 1.36192 0.740072 
v 0.690148 1.36192 0.963929 
v 0.873586 1.14574 1.12985 
v 1.06375 1.13766 0.843822 
v 0.235104 1.3616 1.22536 
v 0.289527 1.14574 1.46811 
v 0.642392 1.51624 0.463836 
v 0.59668 1.51624 0.633346 
v 0.898071 1.3616 0.49343 
v -0.944166 0.580538 1.50945 
v -0.891442 0.705795 1.4503 
v -1.03229 0.580528 1.40462 
v -0.525718 0.667689 1.71819 
v -0.548811 0.573604 1.77259 
v 0.161234 1.14538 1.47528 
v 1.09164 1.1914 0.516215 
v 1.10063 1.14538 0.682197 
v 1.28477 0.88755 0.817498 
v 1.03582 0.880479 1.27766 
v 0.54689 0.573594 1.81227 
v 0.413947 0.230728 2.03959 
v 0.719521 0.230366 1.92395 
v 0.440592 -0.133375 2.16198 
v 0.915104 0.0566805 1.91348 
v 0.0994114 0.230366 2.05629 
v -0.0983895 0.460099 1.95252 
v 0.656507 1.38903 0.933503 
v -0.0819779 0.503542 1.78478 
v -0.0637986 0.796403 1.59916 
v 0.314043 0.796403 1.58073 
v 0.353844 0.503542 1.76354 
v 0.269702 1.04652 1.37705 
v 0.804465 1.04652 1.06733 
v 0.959051 0.796403 1.20716 
v 0.633701 1.24774 0.912873 
v 0.764333 1.24774 0.708895 
v 0.97361 1.04652 0.803205 
v 0.220716 1.24774 1.15206 
v 0.537692 1.39513 0.606763 
v 0.579319 1.39513 0.446611 
v 0.82549 1.24774 0.473608 
v -0.872143 0.503542 1.42871 
v -0.94741 0.503542 1.33553 
v -0.819427 0.6288 1.36957 
v -0.482296 0.590693 1.61874 
v -0.504418 0.503542 1.66942 
v 0.155788 1.04652 1.3826 
v 1.00955 1.0848 0.493793 
v 1.0114 1.04652 0.657823 
v 1.18839 0.796403 0.79117 
v 0.505481 0.503542 1.70543 
v 0.910583 0.503542 1.48528 
v 0.38805 0.17517 1.92064 
v 0.675539 0.17517 1.81047 
v 0.414355 -0.180647 2.04147 
v 0.869946 0.00941277 1.79696 
v 0.092296 0.17517 1.93507 
v -0.0870336 0.39699 1.83656 
v 0.608376 1.26793 0.889967 
v 0.82549 1.24774 0.473608 
v 0.579319 1.39513 0.446611 
v 0.642392 1.51624 0.463836 
v 0.898071 1.3616 0.49343 
v 0.537692 1.39513 0.606763 
v 0.59668 1.51624 0.633346 
v -0.819427 0.6288 1.36957 
v -0.94741 0.503542 1.33553 
v -1.03229 0.580528 1.40462 
v -0.891442 0.705795 1.4503 
v -0.872143 0.503542 1.42871 
v -0.944166 0.580538 1.50945 
v -1.03229 0.580528 1.40462 
v -0.94741 0.503542 1.33553 
v -0.525718 0.667689 1.71819 
v -0.482296 0.590693 1.61874 
v -0.504418 0.503542 1.66942 
v -0.548811 0.573604 1.77259 
v -0.0637986 0.796403 1.59916 
v -0.074716 0.880479 1.70248 
v 0.161234 1.14538 1.47528 
v 0.155788 1.04652 1.3826 
v 1.09164 1.1914 0.516215 
v 1.00955 1.0848 0.493793 
v 1.0114 1.04652 0.657823 
v 1.10063 1.14538 0.682197 
v 1.28477 0.88755 0.817498 
v 1.18839 0.796403 0.79117 
v 0.97361 1.04652 0.803205 
v 1.06375 1.13766 0.843822 
v 0.959051 0.796403 1.20716 
v 1.03582 0.880479 1.27766 
v 0.980224 0.580538 1.57138 
v 0.910583 0.503542 1.48528 
v 0.54689 0.573594 1.81227 
v 0.505481 0.503542 1.70543 
v 0.719521 0.230366 1.92395 
v 0.675539 0.17517 1.81047 
v 0.414355 -0.180647 2.04147 
v 0.869946 0.00941277 1.79696 
v 0.915104 0.0566805 1.91348 
v 0.440592 -0.133375 2.16198 
v 0.0994114 0.230366 2.05629 
v 0.092296 0.17517 1.93507 
v -0.0870336 0.39699 1.83656 
v -0.0983895 0.460099 1.95252 
v 0.220716 1.24774 1.15206 
v 0.235104 1.3616 1.22536 
v 0.656507 1.38903 0.933503 
v 0.608376 1.26793 0.889967 
v 0.980224 0.580538 1.57138 
v -0.198772 -3.68358 0.546456 
v -0.399086 -3.68358 0.344998 
v 0.12346 -3.8056 0.0433068 
v 0.653238 -3.67958 -0.262561 
v 0.714637 -3.68358 -0.0809298 
v 0.725812 -3.68358 0.109366 
v 0.678025 -3.68358 0.293212 
v 0.575955 -3.68358 0.452595 
v 0.43033 -3.68336 0.570204 
v 0.253381 -3.68275 0.639336 
v 0.0642247 -3.68358 0.648708 
v -0.255576 -3.63055 0.638584 
v -0.654521 -3.54035 0.492474 
v 0.913856 -3.53523 -0.401414 
v 1.01308 -3.5355 -0.143649 
v 1.02891 -3.53523 0.141238 
v 0.850051 -3.59272 0.370732 
v 0.79715 -3.54035 0.652669 
v 0.0352669 -3.54035 0.944651 
v 1.29187 -3.33782 -0.202242 
v -0.430451 -3.68358 -0.208094 
v 0.52664 -3.68358 -0.406549 
v 0.18516 -3.67958 -0.570294 
v -0.00474739 -3.68358 -0.553209 
v -0.181264 -3.68358 -0.486114 
v -0.701225 -3.54035 -0.330988 
v 0.652706 -3.59199 -0.547206 
v -0.0674213 -3.54035 -0.84481 
v -0.330224 -3.54035 -0.744917 
v -0.114293 -3.63772 0.180573 
v -0.359138 -3.55309 0.321934 
v -0.174133 -3.55309 0.507998 
v -0.0231507 -3.63772 0.272237 
v 0.39244 -3.63772 -0.0132277 
v 0.669443 -3.55309 -0.0714478 
v 0.606057 -3.55309 -0.235321 
v 0.361212 -3.63772 -0.0939596 
v 0.397525 -3.63772 0.0733632 
v 0.679765 -3.55309 0.104316 
v 0.375783 -3.63772 0.157012 
v 0.635632 -3.55309 0.274109 
v 0.329341 -3.63772 0.22953 
v 0.541364 -3.55309 0.421308 
v 0.262747 -3.63772 0.283819 
v 0.406189 -3.55309 0.531506 
v 0.245078 -3.55248 0.59431 
v 0.182518 -3.63772 0.314566 
v 0.0965081 -3.63772 0.318759 
v 0.0687525 -3.55309 0.602428 
v -0.607341 -3.41387 0.465235 
v -0.226475 -3.50407 0.593161 
v 0.950248 -3.41387 -0.130466 
v 0.85426 -3.41387 -0.378621 
v 0.965878 -3.41387 0.135694 
v 0.799978 -3.46623 0.348169 
v 0.756296 -3.41387 0.615718 
v 0.0406158 -3.41387 0.889989 
v 1.22178 -3.22157 -0.187537 
v 0.12346 -3.6662 0.0433068 
v -0.150533 -3.63772 0.0125086 
v -0.422845 -3.55309 0.156577 
v -0.145679 -3.63772 0.0991101 
v 0.495832 -3.55309 -0.372151 
v 0.30691 -3.63772 -0.16137 
v 0.151149 -3.63772 -0.232064 
v 0.179665 -3.55309 -0.515648 
v 0.005053 -3.55309 -0.507609 
v 0.0651259 -3.63772 -0.228103 
v -0.157969 -3.55309 -0.445643 
v -0.0151871 -3.63772 -0.197576 
v -0.128565 -3.63772 -0.0710787 
v -0.388108 -3.55309 -0.188876 
v 0.616314 -3.46552 -0.506576 
v -0.0558452 -3.41387 -0.79095 
v -0.30271 -3.41387 -0.697115 
v -0.651211 -3.41387 -0.308289 
v 0.245078 -3.55248 0.59431 
v 0.253381 -3.68275 0.639336 
v 0.43033 -3.68336 0.570204 
v 0.406189 -3.55309 0.531506 
v -0.607341 -3.41387 0.465235 
v -0.654521 -3.54035 0.492474 
v -0.255576 -3.63055 0.638584 
v -0.226475 -3.50407 0.593161 
v 0.85426 -3.41387 -0.378621 
v 0.913856 -3.53523 -0.401414 
v 0.653238 -3.67958 -0.262561 
v 0.606057 -3.55309 -0.235321 
v 0.965878 -3.41387 0.135694 
v 0.799978 -3.46623 0.348169 
v 0.850051 -3.59272 0.370732 
v 1.02891 -3.53523 0.141238 
v 0.756296 -3.41387 0.615718 
v 0.79715 -3.54035 0.652669 
v 0.0406158 -3.41387 0.889989 
v 0.0352669 -3.54035 0.944651 
v 1.22178 -3.22157 -0.187537 
v 1.29187 -3.33782 -0.202242 
v -0.651211 -3.41387 -0.308289 
v -0.701225 -3.54035 -0.330988 
v 0.652706 -3.59199 -0.547206 
v 0.616314 -3.46552 -0.506576 
v 0.18516 -3.67958 -0.570294 
v 0.179665 -3.55309 -0.515648 
v -0.0674213 -3.54035 -0.84481 
v -0.0558452 -3.41387 -0.79095 
v -0.0558452 -3.41387 -0.79095 
v -0.0674213 -3.54035 -0.84481 
v -0.330224 -3.54035 -0.744917 
v -0.30271 -3.41387 -0.697115 
v 0.248826 -3.63402 0.613881 
v 0.237763 -3.63282 0.619319 
v 0.245682 -3.63402 0.615085 
v -0.259251 -3.48994 0.848133 
v -0.483378 -3.025 1.36147 
v -0.868886 -3.02461 1.10747 
v -0.49929 -3.48994 0.691008 
v 0.940149 -3.48994 0.388484 
v 1.00996 -3.48968 0.12172 
v 1.45082 -3.02462 0.619947 
v 1.20481 -3.025 1.00665 
v 0.779321 -3.49479 0.621789 
v 0.566299 -3.48994 0.807879 
v 0.849266 -3.025 1.29649 
v 0.420935 -3.025 1.46065 
v 0.300954 -3.48994 0.909571 
v -0.0382635 -3.025 1.48303 
v 0.0174362 -3.49479 0.913768 
v 0.468281 -2.71246 1.67812 
v 0.500363 -2.37143 1.82547 
v 0.206256 -2.71208 1.69171 
v 0.728077 -2.71208 1.57943 
v 0.912053 -2.84855 1.4049 
v 1.36332 -2.72435 1.15003 
v -0.789346 -3.48456 0.209737 
v -0.680419 -3.48968 0.464663 
v -0.785639 -3.40561 0.526997 
v -0.756691 -3.28487 0.836495 
v -0.520059 -2.89456 1.44549 
v -0.0498904 -2.85602 1.60191 
v 0.83222 -3.54716 0.339848 
v 0.415998 -3.63402 0.548353 
v 0.237763 -3.63282 0.619319 
v 0.415998 -3.63402 0.548353 
v -0.185462 -3.57931 0.679129 
v -0.361354 -3.59069 0.536271 
v 0.228652 -3.50753 0.561826 
v 0.225507 -3.50753 0.563032 
v 0.226042 -3.50632 0.565489 
v -0.805458 -2.93242 1.03451 
v -0.443944 -2.93242 1.27116 
v -0.233483 -3.36833 0.789117 
v -0.456555 -3.36833 0.643101 
v 1.13122 -2.93242 0.940086 
v 1.36257 -2.93242 0.578842 
v 0.881217 -3.36833 0.361928 
v 0.738465 -3.36833 0.584834 
v 0.799483 -2.93242 1.21053 
v 0.533768 -3.36833 0.751708 
v 0.399826 -2.93242 1.36369 
v 0.28716 -3.36833 0.846216 
v -0.0286331 -2.93242 1.38458 
v 0.0227851 -3.36833 0.859105 
v 0.443986 -2.64144 1.56653 
v 0.199604 -2.64144 1.57844 
v 0.475035 -2.31307 1.70915 
v 0.686988 -2.64144 1.47341 
v 0.859182 -2.76564 1.31361 
v 1.28517 -2.64144 1.07934 
v 0.948047 -3.36833 0.104811 
v -0.721646 -3.36833 0.18395 
v -0.7237 -3.28936 0.491236 
v -0.625172 -3.36833 0.434351 
v -0.7237 -3.28936 0.491236 
v -0.693698 -3.17601 0.785212 
v -0.625172 -3.36833 0.434351 
v -0.478182 -2.81165 1.34958 
v -0.039662 -2.77311 1.49735 
v 0.782147 -3.42067 0.317284 
v 0.388358 -3.50753 0.500623 
v 0.226042 -3.50632 0.565489 
v 0.388358 -3.50753 0.500623 
v -0.163568 -3.45282 0.628985 
v -0.325045 -3.4642 0.495568 
v 1.00996 -3.48968 0.12172 
v 0.948047 -3.36833 0.104811 
v 1.36257 -2.93242 0.578842 
v 1.45082 -3.02462 0.619947 
v 0.199604 -2.64144 1.57844 
v 0.206256 -2.71208 1.69171 
v 0.500363 -2.37143 1.82547 
v 0.475035 -2.31307 1.70915 
v 0.728077 -2.71208 1.57943 
v 0.686988 -2.64144 1.47341 
v 0.859182 -2.76564 1.31361 
v 0.912053 -2.84855 1.4049 
v 1.36332 -2.72435 1.15003 
v 1.28517 -2.64144 1.07934 
v 1.36257 -2.93242 0.578842 
v 1.45082 -3.02462 0.619947 
v -0.625172 -3.36833 0.434351 
v -0.680419 -3.48968 0.464663 
v -0.789346 -3.48456 0.209737 
v -0.721646 -3.36833 0.18395 
v -0.789346 -3.48456 0.209737 
v -0.785639 -3.40561 0.526997 
v -0.756691 -3.28487 0.836495 
v -0.693698 -3.17601 0.785212 
v -0.805458 -2.93242 1.03451 
v -0.868886 -3.02461 1.10747 
v -0.520059 -2.89456 1.44549 
v -0.478182 -2.81165 1.34958 
v -0.0498904 -2.85602 1.60191 
v -0.039662 -2.77311 1.49735 
v 0.782147 -3.42067 0.317284 
v 0.83222 -3.54716 0.339848 
v 0.779321 -3.49479 0.621789 
v 0.738465 -3.36833 0.584834 
v 0.0174362 -3.49479 0.913768 
v 0.0227851 -3.36833 0.859105 
v -0.185462 -3.57931 0.679129 
v -0.163568 -3.45282 0.628985 
v -0.361354 -3.59069 0.536271 
v -0.325045 -3.4642 0.495568 
v 1.32779 -3.30472 -0.652012 
v 1.74404 -2.73159 -0.893585 
v 1.84017 -2.8731 -0.377275 
v 1.45474 -3.31177 -0.296278 
v 1.74808 -3.04412 0.108348 
v 1.48686 -3.30472 0.0809283 
v 0.893052 -3.50944 -0.727682 
v 1.0899 -3.30472 -0.947317 
v 1.07238 -3.50919 -0.502982 
v 0.653462 -3.50944 -0.885425 
v 0.772576 -3.30472 -1.15624 
v 0.377914 -3.50944 -0.961474 
v 0.408859 -3.30439 -1.25544 
v 0.103424 -3.50919 -0.949299 
v 1.4128 -2.73197 -1.30759 
v 0.967964 -2.73197 -1.60047 
v 0.456372 -2.73197 -1.74168 
v 0.192203 -2.73158 -1.73033 
v 1.03049 -2.37853 -1.74103 
v 1.51651 -2.37882 -1.42332 
v 0.472033 -2.37882 -1.89737 
v 0.751635 -2.37853 -1.82124 
v 1.08484 -1.99725 -1.81559 
v 1.57508 -1.99726 -1.48909 
v 1.3338 -1.60188 -1.67663 
v 1.09361 -1.60188 -1.83479 
v 1.09034 -1.40361 -1.82736 
v 0.476474 -2.18822 -1.94157 
v 0.183539 -2.37853 -1.8851 
v 1.44201 -3.30439 0.256006 
v 1.69423 -2.37853 -1.2043 
v 0.348034 -3.65352 -0.664329 
v 0.582981 -3.5943 -0.725184 
v 0.81558 -3.56595 -0.641241 
v 0.811764 -3.65352 -0.364129 
v 1.20016 -3.50406 0.0494886 
v 1.25715 -3.19551 -0.611228 
v 1.03541 -3.19551 -0.886483 
v 0.85022 -3.38782 -0.679862 
v 1.01714 -3.38782 -0.472659 
v 0.739595 -3.19551 -1.08125 
v 0.627533 -3.38782 -0.826478 
v 0.399397 -3.19551 -1.17514 
v 0.371447 -3.38782 -0.897159 
v 0.107029 -3.38782 -0.884985 
v 1.64848 -2.66094 -0.837166 
v 1.33737 -2.66094 -1.22337 
v 0.922303 -2.66094 -1.49665 
v 1.43382 -2.33257 -1.33098 
v 0.980667 -2.33257 -1.62935 
v 0.444986 -2.66094 -1.6284 
v 0.720107 -2.33257 -1.70126 
v 0.459546 -2.33257 -1.77318 
v 1.49004 -1.97676 -1.39371 
v 1.01467 -1.97676 -1.70668 
v 1.26262 -1.60124 -1.56614 
v 1.01916 -1.40979 -1.71686 
v 1.02243 -1.60124 -1.7243 
v 0.463791 -2.15466 -1.81536 
v 0.190502 -2.33257 -1.76079 
v 0.19855 -2.66094 -1.61705 
v 1.40542 -3.19551 0.0719968 
v 1.36319 -3.19551 0.234482 
v 1.65159 -2.95193 0.0989954 
v 1.73805 -2.79019 -0.35585 
v 1.38466 -3.19551 -0.281573 
v 1.59848 -2.33257 -1.12657 
v 0.342539 -3.52705 -0.609683 
v 0.560953 -3.46781 -0.675102 
v 0.779191 -3.43946 -0.600613 
v 0.768931 -3.52705 -0.329356 
v 1.12875 -3.38782 0.0416584 
v 0.399397 -3.19551 -1.17514 
v 0.408859 -3.30439 -1.25544 
v 0.103424 -3.50919 -0.949299 
v 0.107029 -3.38782 -0.884985 
v 0.19855 -2.66094 -1.61705 
v 0.192203 -2.73158 -1.73033 
v 0.980667 -2.33257 -1.62935 
v 1.03049 -2.37853 -1.74103 
v 0.751635 -2.37853 -1.82124 
v 0.720107 -2.33257 -1.70126 
v 1.01467 -1.97676 -1.70668 
v 1.08484 -1.99725 -1.81559 
v 1.02243 -1.60124 -1.7243 
v 1.01916 -1.40979 -1.71686 
v 1.09034 -1.40361 -1.82736 
v 1.09361 -1.60188 -1.83479 
v 1.26262 -1.60124 -1.56614 
v 1.3338 -1.60188 -1.67663 
v 0.463791 -2.15466 -1.81536 
v 0.476474 -2.18822 -1.94157 
v 0.183539 -2.37853 -1.8851 
v 0.190502 -2.33257 -1.76079 
v 1.65159 -2.95193 0.0989954 
v 1.36319 -3.19551 0.234482 
v 1.44201 -3.30439 0.256006 
v 1.74808 -3.04412 0.108348 
v 1.84017 -2.8731 -0.377275 
v 1.73805 -2.79019 -0.35585 
v 1.64848 -2.66094 -0.837166 
v 1.74404 -2.73159 -0.893585 
v 1.69423 -2.37853 -1.2043 
v 1.59848 -2.33257 -1.12657 
v 1.49004 -1.97676 -1.39371 
v 1.57508 -1.99726 -1.48909 
v 0.348034 -3.65352 -0.664329 
v 0.342539 -3.52705 -0.609683 
v 0.342539 -3.52705 -0.609683 
v 0.348034 -3.65352 -0.664329 
v 0.582981 -3.5943 -0.725184 
v 0.560953 -3.46781 -0.675102 
v 0.81558 -3.56595 -0.641241 
v 0.779191 -3.43946 -0.600613 
v 0.811764 -3.65352 -0.364129 
v 0.768931 -3.52705 -0.329356 
v 1.01714 -3.38782 -0.472659 
v 1.07238 -3.50919 -0.502982 
v 1.45474 -3.31177 -0.296278 
v 1.38466 -3.19551 -0.281573 
v 1.20016 -3.50406 0.0494886 
v 1.12875 -3.38782 0.0416584 
v -0.790484 -3.45657 0.206497 
v -1.07202 -3.2572 0.264873 
v -1.09329 -3.25721 -0.114503 
v -0.806672 -3.45657 -0.0822838 
v -0.577927 -3.45657 -0.602361 
v -0.785262 -3.26426 -0.790903 
v -0.657939 -3.26426 -0.896431 
v -0.365203 -3.45657 -0.777118 
v -0.997068 -3.25721 -0.480648 
v -0.847408 -3.25687 -0.714133 
v -0.733428 -3.45657 -0.36099 
v -1.32998 -2.997 0.318363 
v -1.36198 -2.98733 -0.144706 
v -1.23863 -2.997 -0.590279 
v -1.12816 -2.99662 -0.763319 
v -1.316 -2.87649 -0.625403 
v -1.5372 -2.69635 0.361334 
v -1.27647 -2.99661 0.459605 
v -1.02805 -3.25687 0.3808 
v -1.01188 -3.14801 -0.105352 
v -0.992056 -3.14801 0.248264 
v -0.72037 -3.34032 0.191935 
v -0.735288 -3.34032 -0.0742594 
v -0.612001 -3.14801 -0.839329 
v -0.731754 -3.14801 -0.742247 
v -0.524416 -3.34032 -0.553699 
v -0.319265 -3.34032 -0.720014 
v -0.922184 -3.14801 -0.446662 
v -0.667766 -3.34032 -0.331188 
v -0.778916 -3.14801 -0.669039 
v -1.25798 -2.90442 -0.133016 
v -1.2338 -2.90442 0.298386 
v -1.04571 -2.90442 -0.709034 
v -1.14855 -2.90442 -0.549399 
v -1.22034 -2.79358 -0.581983 
v -1.43505 -2.61344 0.340117 
v -1.18509 -2.90442 0.424798 
v -0.952134 -3.14801 0.351884 
v -0.72037 -3.34032 0.191935 
v -0.790484 -3.45657 0.206497 
v -0.806672 -3.45657 -0.0822838 
v -0.735288 -3.34032 -0.0742594 
v -0.524416 -3.34032 -0.553699 
v -0.577927 -3.45657 -0.602361 
v -0.365203 -3.45657 -0.777118 
v -0.319265 -3.34032 -0.720014 
v -0.731754 -3.14801 -0.742247 
v -0.612001 -3.14801 -0.839329 
v -0.657939 -3.26426 -0.896431 
v -0.785262 -3.26426 -0.790903 
v -0.319265 -3.34032 -0.720014 
v -0.365203 -3.45657 -0.777118 
v -0.847408 -3.25687 -0.714133 
v -0.778916 -3.14801 -0.669039 
v -0.667766 -3.34032 -0.331188 
v -0.733428 -3.45657 -0.36099 
v -1.12816 -2.99662 -0.763319 
v -1.04571 -2.90442 -0.709034 
v -1.22034 -2.79358 -0.581983 
v -1.316 -2.87649 -0.625403 
v -1.36198 -2.98733 -0.144706 
v -1.25798 -2.90442 -0.133016 
v -1.5372 -2.69635 0.361334 
v -1.43505 -2.61344 0.340117 
v -1.18509 -2.90442 0.424798 
v -1.27647 -2.99661 0.459605 
v -1.02805 -3.25687 0.3808 
v -0.952134 -3.14801 0.351884 
v -0.942219 -3.23206 0.984788 
v -1.21485 -3.23206 0.521109 
v -0.974868 -3.43175 0.358026 
v -1.05441 -2.9718 1.25576 
v -1.46327 -2.9718 0.59991 
v -0.705586 -2.84176 1.59379 
v -0.75735 -2.65967 1.71234 
v -1.20302 -2.65966 1.42061 
v -1.724 -2.67155 0.501641 
v -0.235413 -2.80322 1.7502 
v 0.020733 -2.65928 1.84 
v -0.245392 -2.65966 1.85215 
v -0.819727 -2.30652 1.85521 
v -1.30644 -2.30652 1.53662 
v -1.88259 -2.30623 0.535192 
v -0.260631 -2.30652 2.00791 
v -0.86422 -1.52957 1.95713 
v -1.3802 -1.52958 1.61937 
v -1.76861 -1.52957 1.1357 
v -0.271341 -1.52957 2.11723 
v -1.36825 -1.13985 1.60597 
v -0.85983 -1.30557 1.94708 
v -1.54879 -2.96253 -0.00439824 
v -1.76237 -2.65966 -0.0284072 
v -1.69165 -2.65928 -0.300685 
v -1.86168 -2.43152 -0.0395692 
v 0.0698582 -2.30623 1.99281 
v -0.663712 -2.75885 1.49787 
v -0.990986 -2.87962 1.18281 
v -1.12775 -2.58864 1.33623 
v -0.711966 -2.58864 1.60839 
v -0.225181 -2.72031 1.64564 
v -0.234303 -2.58864 1.73884 
v 0.0140767 -2.58864 1.72674 
v -1.22393 -2.26026 1.44412 
v -0.76998 -2.26026 1.74126 
v -0.248478 -2.26026 1.88368 
v -0.811483 -1.52893 1.83633 
v -1.29273 -1.52893 1.52131 
v -0.258617 -1.52893 1.98731 
v -1.6565 -1.52893 1.07097 
v -1.28195 -1.14603 1.50922 
v -0.807781 -1.31175 1.82787 
v -0.907166 -3.31551 0.332238 
v -1.13894 -3.12321 0.492193 
v -0.879218 -3.12321 0.933501 
v -1.37189 -2.87962 0.565106 
v -1.44478 -2.87962 0.00729297 
v -1.64966 -2.58864 -0.0157348 
v -1.62185 -2.58864 0.480426 
v -1.58268 -2.58864 -0.270609 
v -1.74419 -2.37316 -0.0263676 
v -1.76337 -2.26026 0.509771 
v 0.0625557 -2.26026 1.86851 
v -0.990986 -2.87962 1.18281 
v -1.05441 -2.9718 1.25576 
v -0.942219 -3.23206 0.984788 
v -0.879218 -3.12321 0.933501 
v -0.663712 -2.75885 1.49787 
v -0.705586 -2.84176 1.59379 
v -0.225181 -2.72031 1.64564 
v 0.0140767 -2.58864 1.72674 
v 0.020733 -2.65928 1.84 
v -0.235413 -2.80322 1.7502 
v -1.6565 -1.52893 1.07097 
v -1.76861 -1.52957 1.1357 
v -1.36825 -1.13985 1.60597 
v -1.28195 -1.14603 1.50922 
v -0.85983 -1.30557 1.94708 
v -0.807781 -1.31175 1.82787 
v -0.271341 -1.52957 2.11723 
v -0.258617 -1.52893 1.98731 
v -0.974868 -3.43175 0.358026 
v -0.907166 -3.31551 0.332238 
v -1.13894 -3.12321 0.492193 
v -0.907166 -3.31551 0.332238 
v -0.974868 -3.43175 0.358026 
v -1.21485 -3.23206 0.521109 
v -1.46327 -2.9718 0.59991 
v -1.37189 -2.87962 0.565106 
v -1.62185 -2.58864 0.480426 
v -1.724 -2.67155 0.501641 
v -1.54879 -2.96253 -0.00439824 
v -1.44478 -2.87962 0.00729297 
v -1.69165 -2.65928 -0.300685 
v -1.58268 -2.58864 -0.270609 
v -1.76337 -2.26026 0.509771 
v -1.74419 -2.37316 -0.0263676 
v -1.86168 -2.43152 -0.0395692 
v -1.88259 -2.30623 0.535192 
v 0.0698582 -2.30623 1.99281 
v 0.0625557 -2.26026 1.86851 
v -0.524761 -3.43074 -1.04369 
v -0.669795 -3.23138 -1.29567 
v -0.317995 -3.23138 -1.42939 
v -0.256969 -3.43074 -1.14547 
v -0.373905 -2.97117 -1.68954 
v 0.0699407 -2.97077 -1.71082 
v 0.0460079 -3.23103 -1.4468 
v -0.802688 -2.97117 -1.52655 
v -1.15902 -2.97117 -1.23768 
v -0.967621 -3.22364 -1.06363 
v -0.832889 -3.23103 -1.16428 
v -0.913842 -2.65863 -1.71967 
v -0.421306 -2.65825 -1.90497 
v -1.32368 -2.65863 -1.38742 
v -1.61004 -2.65863 -0.942907 
v -1.75256 -2.30549 -1.00758 
v -1.43981 -2.30549 -1.49302 
v -1.89986 -2.30549 -0.447042 
v -1.86942 -2.30519 0.114228 
v -1.97178 -1.93697 -0.150155 
v -1.9876 -1.92392 -0.457203 
v -1.83528 -1.92406 -1.04513 
v -1.50722 -1.92407 -1.55433 
v -1.85421 -1.52854 -1.05371 
v -1.52132 -1.52854 -1.56715 
v -0.952713 -2.48178 -1.78721 
v -1.21666 -2.30519 -1.67523 
v -1.27313 -1.92392 -1.74544 
v -1.83879 -1.13168 -1.04672 
v -1.67566 -1.13179 -1.30263 
v -1.81194 -0.932788 -1.03453 
v -1.9176 -1.13179 -0.752541 
v -1.98381 -1.52854 -0.566329 
v -1.84426 -2.43049 -0.44079 
v -1.67422 -2.65825 -0.70191 
v -1.48538 -2.85066 -0.886313 
v -1.52969 -2.9615 -0.42218 
v -1.29753 -2.97077 -1.02423 
v -1.02419 -3.22364 -0.97992 
v -0.300661 -3.12218 -1.34875 
v -0.628601 -3.12218 -1.2241 
v -0.488638 -3.31447 -0.980928 
v -0.241772 -3.31447 -1.07476 
v 0.0754668 -2.87859 -1.61226 
v -0.353054 -2.87859 -1.59253 
v 0.0506008 -3.12218 -1.36492 
v -0.753134 -2.87859 -1.44046 
v -1.08561 -2.87859 -1.17093 
v -0.901126 -3.12218 -1.00316 
v -0.781374 -3.12218 -1.10024 
v -0.396678 -2.58761 -1.79548 
v -0.856808 -2.58761 -1.62059 
v -1.23919 -2.58761 -1.31059 
v -1.34717 -2.25924 -1.40879 
v -1.63889 -2.25924 -0.955992 
v -1.50637 -2.58761 -0.895852 
v -1.77629 -2.25924 -0.433157 
v -1.86025 -1.90342 -0.442595 
v -1.84419 -1.90342 -0.156029 
v -1.74593 -2.25924 0.108543 
v -1.41011 -1.90342 -1.46602 
v -1.71611 -1.90342 -0.991046 
v -1.42445 -1.5279 -1.47906 
v -1.7337 -1.5279 -0.999033 
v -0.893257 -2.42342 -1.68391 
v -1.13844 -2.25924 -1.57801 
v -1.19115 -1.90342 -1.64353 
v -1.56559 -1.145 -1.23016 
v -1.71885 -1.145 -0.99228 
v -1.69419 -0.953021 -0.981095 
v -1.79104 -1.145 -0.717602 
v -1.85665 -1.5279 -0.531232 
v -1.72676 -2.37213 -0.427588 
v -1.56524 -2.58761 -0.671834 
v -1.38971 -2.76775 -0.842896 
v -1.42735 -2.87859 -0.393933 
v -1.21508 -2.87859 -0.969946 
v -0.948289 -3.12218 -0.929951 
v -0.488638 -3.31447 -0.980928 
v -0.524761 -3.43074 -1.04369 
v -0.256969 -3.43074 -1.14547 
v -0.241772 -3.31447 -1.07476 
v 0.0506008 -3.12218 -1.36492 
v 0.0460079 -3.23103 -1.4468 
v 0.0699407 -2.97077 -1.71082 
v 0.0754668 -2.87859 -1.61226 
v -0.901126 -3.12218 -1.00316 
v -0.967621 -3.22364 -1.06363 
v -0.832889 -3.23103 -1.16428 
v -0.781374 -3.12218 -1.10024 
v -1.74593 -2.25924 0.108543 
v -1.84419 -1.90342 -0.156029 
v -1.97178 -1.93697 -0.150155 
v -1.86942 -2.30519 0.114228 
v -1.86025 -1.90342 -0.442595 
v -1.9876 -1.92392 -0.457203 
v -0.396678 -2.58761 -1.79548 
v -0.421306 -2.65825 -1.90497 
v -0.952713 -2.48178 -1.78721 
v -0.893257 -2.42342 -1.68391 
v -1.21666 -2.30519 -1.67523 
v -1.13844 -2.25924 -1.57801 
v -1.27313 -1.92392 -1.74544 
v -1.19115 -1.90342 -1.64353 
v -1.42445 -1.5279 -1.47906 
v -1.52132 -1.52854 -1.56715 
v -1.67566 -1.13179 -1.30263 
v -1.56559 -1.145 -1.23016 
v -1.69419 -0.953021 -0.981095 
v -1.81194 -0.932788 -1.03453 
v -1.9176 -1.13179 -0.752541 
v -1.79104 -1.145 -0.717602 
v -1.98381 -1.52854 -0.566329 
v -1.85665 -1.5279 -0.531232 
v -1.72676 -2.37213 -0.427588 
v -1.84426 -2.43049 -0.44079 
v -1.67422 -2.65825 -0.70191 
v -1.56524 -2.58761 -0.671834 
v -1.38971 -2.76775 -0.842896 
v -1.42735 -2.87859 -0.393933 
v -1.52969 -2.9615 -0.42218 
v -1.48538 -2.85066 -0.886313 
v -1.52969 -2.9615 -0.42218 
v -1.42735 -2.87859 -0.393933 
v -1.29753 -2.97077 -1.02423 
v -1.21508 -2.87859 -0.969946 
v -0.948289 -3.12218 -0.929951 
v -1.02419 -3.22364 -0.97992 
v 1.511 -3.19588 0.429801 
v 1.80855 -2.94301 0.279817 
v 1.692 -2.94301 0.728266 
v 1.90064 -2.772 -0.205808 
v 1.80452 -2.63048 -0.722118 
v 1.99851 -2.63087 -0.226377 
v 2.02973 -2.63087 0.305299 
v 1.89623 -2.63087 0.818956 
v 1.60449 -2.64275 1.25835 
v 1.60449 -2.64275 1.25835 
v 1.20211 -2.63087 1.59763 
v 0.969252 -2.63047 1.68775 
v 1.94118 -2.27772 -0.799778 
v 2.1506 -2.27772 -0.258339 
v 2.1847 -2.27772 0.322298 
v 2.03888 -2.27772 0.883242 
v 1.72745 -2.27772 1.36956 
v 0.741535 -2.28983 1.93379 
v 1.20211 -2.63087 1.59763 
v 0.969252 -2.63047 1.68775 
v 0.447837 -2.6182 1.80692 
v 0.49656 -2.27742 1.95283 
v 2.03708 -1.50078 -0.855142 
v 2.25909 -1.50078 -0.281136 
v 2.29523 -1.50078 0.334419 
v 2.14067 -1.50078 0.929102 
v 1.81049 -1.50078 1.44467 
v 0.766666 -1.50078 2.04921 
v 0.175844 -1.50077 2.0795 
v 2.15525 -0.703447 0.591144 
v 2.27848 -1.10391 0.332581 
v 2.14273 -0.328968 0.317702 
v 2.12523 -1.10391 0.922143 
v 1.99825 -0.320252 0.864528 
v 1.6955 -0.319968 1.34066 
v 1.7979 -1.10391 1.43328 
v 0.732936 -0.320242 1.89604 
v 0.742673 -1.10403 2.03508 
v 0.406207 -0.708255 1.99639 
v 2.24029 -1.09699 -0.277186 
v 2.02097 -1.10403 -0.845955 
v 1.7547 -2.27742 -1.03283 
v 1.39428 -1.50077 -1.50516 
v 1.60072 0.0442723 1.25492 
v 1.98343 -0.708246 -0.800673 
v 2.11925 -0.708246 -0.449569 
v 1.9149 -0.328958 -0.761256 
v 2.01444 -0.328958 -0.503887 
v 1.42366 -3.09442 0.40595 
v 1.60375 -2.85082 0.687163 
v 1.71205 -2.85082 0.27046 
v 1.79852 -2.68909 -0.184383 
v 1.88786 -2.55984 -0.203162 
v 1.70895 -2.55984 -0.6657 
v 1.91699 -2.55984 0.292933 
v 1.79243 -2.55984 0.772177 
v 1.52635 -2.55984 1.18766 
v 2.02927 -2.23147 -0.23288 
v 1.83395 -2.23147 -0.737866 
v 2.06109 -2.23147 0.308745 
v 1.9251 -2.23147 0.831958 
v 1.6346 -2.23147 1.28558 
v 0.928159 -2.55984 1.58172 
v 0.716211 -2.23147 1.81747 
v 0.440779 -2.55984 1.68676 
v 0.489257 -2.23147 1.82853 
v 2.13048 -1.50013 -0.254149 
v 1.9234 -1.50013 -0.789509 
v 2.16421 -1.50013 0.320048 
v 2.02003 -1.50013 0.874745 
v 1.71206 -1.50013 1.35564 
v 0.73843 -1.50013 1.91953 
v 0.168081 -1.50013 1.94734 
v 2.14805 -1.11723 0.318277 
v 2.00514 -1.11723 0.86804 
v 2.0308 -0.733287 0.557161 
v 1.60097 -0.358799 1.25516 
v 1.88387 -0.358799 0.813393 
v 1.69992 -1.11723 1.34466 
v 0.706564 -0.358798 1.77315 
v 0.734951 -1.11723 1.90353 
v 0.398569 -0.733287 1.86631 
v 0.706564 -0.358798 1.77315 
v 0.734951 -1.11723 1.90353 
v 2.11461 -1.11723 -0.250818 
v 1.90939 -1.11723 -0.781421 
v 1.65896 -2.23147 -0.955106 
v 1.32309 -1.50013 -1.39467 
v 0.706564 -0.358798 1.77315 
v 1.50926 -0.00299549 1.1722 
v 2.01632 -0.358799 0.303835 
v 1.99869 -0.733287 -0.403463 
v 1.86287 -0.733287 -0.754562 
v 1.89466 -0.358799 -0.458078 
v 1.79511 -0.358799 -0.715443 
v 1.71205 -2.85082 0.27046 
v 1.80855 -2.94301 0.279817 
v 1.511 -3.19588 0.429801 
v 1.42366 -3.09442 0.40595 
v 1.60375 -2.85082 0.687163 
v 1.692 -2.94301 0.728266 
v 1.70895 -2.55984 -0.6657 
v 1.80452 -2.63048 -0.722118 
v 1.90064 -2.772 -0.205808 
v 1.79852 -2.68909 -0.184383 
v 1.60449 -2.64275 1.25835 
v 1.52635 -2.55984 1.18766 
v 0.969252 -2.63047 1.68775 
v 0.928159 -2.55984 1.58172 
v 0.741535 -2.28983 1.93379 
v 0.716211 -2.23147 1.81747 
v 0.447837 -2.6182 1.80692 
v 0.440779 -2.55984 1.68676 
v 0.489257 -2.23147 1.82853 
v 0.49656 -2.27742 1.95283 
v 0.175844 -1.50077 2.0795 
v 0.168081 -1.50013 1.94734 
v 0.398569 -0.733287 1.86631 
v 0.734951 -1.11723 1.90353 
v 0.742673 -1.10403 2.03508 
v 0.406207 -0.708255 1.99639 
v 0.742673 -1.10403 2.03508 
v 0.734951 -1.11723 1.90353 
v 1.65896 -2.23147 -0.955106 
v 1.7547 -2.27742 -1.03283 
v 1.32309 -1.50013 -1.39467 
v 1.39428 -1.50077 -1.50516 
v 1.90939 -1.11723 -0.781421 
v 2.02097 -1.10403 -0.845955 
v 1.60072 0.0442723 1.25492 
v 1.50926 -0.00299549 1.1722 
v 0.706564 -0.358798 1.77315 
v 0.732936 -0.320242 1.89604 
v 1.88387 -0.358799 0.813393 
v 1.99825 -0.320252 0.864528 
v 2.15525 -0.703447 0.591144 
v 2.0308 -0.733287 0.557161 
v 2.01632 -0.358799 0.303835 
v 2.14273 -0.328968 0.317702 
v 2.24029 -1.09699 -0.277186 
v 2.11461 -1.11723 -0.250818 
v 1.86287 -0.733287 -0.754562 
v 1.98343 -0.708246 -0.800673 
v 2.11925 -0.708246 -0.449569 
v 1.99869 -0.733287 -0.403463 
v 1.79511 -0.358799 -0.715443 
v 1.9149 -0.328958 -0.761256 
v 1.89466 -0.358799 -0.458078 
v 2.01444 -0.328958 -0.503887 
v -1.42631 -1.05789 1.66005 
v -0.327912 -1.05075 2.15623 
v -0.322482 -0.654862 2.10077 
v -1.39026 -0.655195 1.61959 
v -1.76445 -0.655097 1.1537 
v -1.81368 -1.05075 1.18228 
v -0.301942 0.105726 1.89084 
v -1.25086 0.105716 1.46322 
v -1.48179 0.105354 1.17947 
v -0.290918 0.335106 1.77825 
v -1.14172 0.441658 1.34079 
v -0.093125 0.105363 1.88202 
v -1.97989 -0.659896 0.596749 
v -2.03488 -1.05075 0.608144 
v -1.82668 -1.44761 1.18978 
v -2.05134 -1.44762 0.611562 
v -2.06699 -1.82994 0.0187454 
v -2.0491 -1.84299 0.30523 
v -2.07358 -1.44761 0.241105 
v -2.03114 -1.84314 0.607376 
v -2.0694 -1.05087 0.01839 
v -2.00294 -0.659896 0.242504 
v -1.23075 0.441658 1.23516 
v -0.0785523 -0.655097 2.09045 
v 0.257925 -1.05087 2.12914 
v -0.329391 -1.4408 2.17134 
v -1.90484 -1.84299 0.938047 
v -1.94476 -2.21186 0.589465 
v -1.70053 -1.06407 1.11695 
v -1.65401 -0.680129 1.09009 
v -1.30423 -0.680462 1.52315 
v -1.33999 -1.06407 1.56329 
v -0.315085 -1.06407 2.02514 
v -0.309802 -0.680129 1.97125 
v -1.48035 0.0501581 0.989823 
v -1.38851 0.0501581 1.10353 
v -0.29012 0.0501581 1.77005 
v -0.100252 0.0501581 1.7608 
v -0.0861895 -0.680129 1.96036 
v -1.17062 0.0501581 1.37328 
v -0.279583 0.271998 1.66228 
v -1.06469 0.37854 1.25444 
v -1.85416 -0.680129 0.570635 
v -1.9068 -1.06407 0.581542 
v -1.71455 -1.44697 1.12504 
v -1.92267 -1.44697 0.584837 
v -1.93573 -1.82249 0.0127024 
v -1.94228 -1.44697 0.235054 
v -1.91968 -1.82249 0.299274 
v -1.90389 -1.82249 0.580946 
v -1.9387 -1.06407 0.012365 
v -1.87289 -0.680129 0.236523 
v -1.13995 0.37854 1.16125 
v 0.250198 -1.06407 1.99758 
v -0.316665 -1.44697 2.04139 
v -1.78403 -1.82249 0.892025 
v -1.82142 -2.1783 0.563845 
v -1.57613 0.0974308 1.0678 
v -1.48035 0.0501581 0.989823 
v -1.65401 -0.680129 1.09009 
v -1.76445 -0.655097 1.1537 
v -1.48035 0.0501581 0.989823 
v -1.57613 0.0974308 1.0678 
v -1.48179 0.105354 1.17947 
v -1.38851 0.0501581 1.10353 
v -0.279583 0.271998 1.66228 
v -0.290918 0.335106 1.77825 
v -0.093125 0.105363 1.88202 
v -0.100252 0.0501581 1.7608 
v -1.06469 0.37854 1.25444 
v -1.14172 0.441658 1.34079 
v -1.85416 -0.680129 0.570635 
v -1.97989 -0.659896 0.596749 
v -1.91968 -1.82249 0.299274 
v -2.0491 -1.84299 0.30523 
v -2.06699 -1.82994 0.0187454 
v -1.93573 -1.82249 0.0127024 
v -1.94228 -1.44697 0.235054 
v -2.07358 -1.44761 0.241105 
v -2.0694 -1.05087 0.01839 
v -1.9387 -1.06407 0.012365 
v -1.87289 -0.680129 0.236523 
v -2.00294 -0.659896 0.242504 
v -1.13995 0.37854 1.16125 
v -1.23075 0.441658 1.23516 
v -0.0785523 -0.655097 2.09045 
v -0.0861895 -0.680129 1.96036 
v 0.257925 -1.05087 2.12914 
v 0.250198 -1.06407 1.99758 
v -0.316665 -1.44697 2.04139 
v -0.329391 -1.4408 2.17134 
v -1.42631 -1.05789 1.66005 
v -1.33999 -1.06407 1.56329 
v -1.82668 -1.44761 1.18978 
v -1.71455 -1.44697 1.12504 
v -1.90484 -1.84299 0.938047 
v -1.78403 -1.82249 0.892025 
v -1.82142 -2.1783 0.563845 
v -1.94476 -2.21186 0.589465 
v -1.57613 0.0974308 1.0678 
v 2.33911 -0.935266 -0.315192 
v 2.21804 -0.546518 -0.487565 
v 2.28728 -0.546293 -0.304294 
v 2.30053 -0.546518 -0.104988 
v 2.11103 -0.158504 -0.541037 
v 2.20764 -0.15823 -0.287555 
v 2.24153 -0.16723 0.279709 
v 2.25405 -0.541719 0.553152 
v 2.09706 -0.158514 0.826531 
v 1.99954 -0.149788 -0.814422 
v 1.89225 0.214305 -0.752479 
v 2.08226 0.214305 -0.261208 
v 2.11321 0.214305 0.265623 
v 1.9809 0.214305 0.774601 
v 1.69952 0.20601 1.21693 
v 1.32283 0.040257 1.59748 
v 1.29312 0.214305 1.54618 
v 1.11053 0.213942 1.61763 
v 1.74836 0.557592 -0.669407 
v 1.91949 0.557592 -0.227001 
v 1.94735 0.557592 0.247443 
v 1.82821 0.557582 0.705791 
v 1.57373 0.557582 1.10316 
v 1.37123 0.564114 1.26506 
v 1.20883 0.557582 1.40063 
v 0.937898 0.557171 1.50595 
v 1.57893 0.864056 -0.572506 
v 1.72954 0.864457 -0.187076 
v 1.75382 0.864457 0.226211 
v 1.67577 0.871117 0.511181 
v 1.65002 0.864457 0.625497 
v 1.42682 0.864056 0.971339 
v 1.17904 0.648866 1.34919 
v 1.51401 1.12896 -0.14297 
v 1.53582 1.12932 0.202309 
v 1.49163 1.12896 0.375878 
v 1.45476 1.12124 0.537499 
v 1.48394 1.17496 0.196618 
v 1.60064 0.55719 -0.854947 
v 1.72809 0.213942 -0.95841 
v 2.21341 -0.955499 -0.288814 
v 2.16081 -0.57155 -0.277761 
v 2.09748 -0.57155 -0.441454 
v 2.17133 -0.57155 -0.0986995 
v 2.08414 -0.197071 -0.261645 
v 1.99346 -0.197071 -0.496073 
v 2.11511 -0.197071 0.26584 
v 2.12962 -0.57155 0.519159 
v 1.98266 -0.197071 0.775392 
v 1.89392 -0.197071 -0.753443 
v 1.78801 0.158747 -0.692297 
v 1.96432 0.158747 -0.236465 
v 1.99303 0.158747 0.252448 
v 1.87026 0.158747 0.72474 
v 1.60806 0.158747 1.1342 
v 1.26095 -0.0070107 1.49064 
v 1.23205 0.158747 1.44073 
v 1.06655 0.158747 1.50415 
v 1.80853 0.487128 -0.203716 
v 1.65029 0.487128 -0.612785 
v 1.8343 0.487128 0.235039 
v 1.72413 0.487119 0.658886 
v 1.48881 0.487119 1.02634 
v 1.30159 0.487119 1.17896 
v 1.15137 0.487119 1.30142 
v 0.896484 0.487119 1.3991 
v 1.62725 0.77998 -0.165613 
v 1.49007 0.77998 -0.52028 
v 1.64959 0.77998 0.214781 
v 1.57939 0.77998 0.484849 
v 1.55407 0.77998 0.582252 
v 1.35005 0.77998 0.900827 
v 1.1242 0.571871 1.25451 
v 1.42528 1.03008 -0.123166 
v 1.4438 1.03008 0.192217 
v 1.4024 1.03008 0.351506 
v 1.36462 1.03008 0.496884 
v 1.40056 1.06837 0.187472 
v 1.51272 0.487128 -0.783574 
v 1.6347 0.158747 -0.882598 
v 2.21341 -0.955499 -0.288814 
v 2.09748 -0.57155 -0.441454 
v 2.21804 -0.546518 -0.487565 
v 2.33911 -0.935266 -0.315192 
v 2.30053 -0.546518 -0.104988 
v 2.17133 -0.57155 -0.0986995 
v 1.99346 -0.197071 -0.496073 
v 2.11103 -0.158504 -0.541037 
v 2.11511 -0.197071 0.26584 
v 2.24153 -0.16723 0.279709 
v 2.25405 -0.541719 0.553152 
v 2.12962 -0.57155 0.519159 
v 1.98266 -0.197071 0.775392 
v 2.12962 -0.57155 0.519159 
v 2.25405 -0.541719 0.553152 
v 2.09706 -0.158514 0.826531 
v 1.89392 -0.197071 -0.753443 
v 1.99954 -0.149788 -0.814422 
v 1.69952 0.20601 1.21693 
v 1.60806 0.158747 1.1342 
v 1.32283 0.040257 1.59748 
v 1.26095 -0.0070107 1.49064 
v 1.11053 0.213942 1.61763 
v 1.06655 0.158747 1.50415 
v 0.937898 0.557171 1.50595 
v 0.896484 0.487119 1.3991 
v 1.35005 0.77998 0.900827 
v 1.30159 0.487119 1.17896 
v 1.37123 0.564114 1.26506 
v 1.42682 0.864056 0.971339 
v 1.1242 0.571871 1.25451 
v 1.17904 0.648866 1.34919 
v 1.42528 1.03008 -0.123166 
v 1.51401 1.12896 -0.14297 
v 1.57893 0.864056 -0.572506 
v 1.49007 0.77998 -0.52028 
v 1.4024 1.03008 0.351506 
v 1.57939 0.77998 0.484849 
v 1.67577 0.871117 0.511181 
v 1.49163 1.12896 0.375878 
v 1.45476 1.12124 0.537499 
v 1.36462 1.03008 0.496884 
v 1.40056 1.06837 0.187472 
v 1.48394 1.17496 0.196618 
v 1.60064 0.55719 -0.854947 
v 1.51272 0.487128 -0.783574 
v 1.72809 0.213942 -0.95841 
v 1.6347 0.158747 -0.882598 
v -1.57878 -0.62556 1.00255 
v -1.50881 -0.242365 0.962587 
v -1.70594 -0.242081 0.447202 
v -1.78321 -0.62556 0.463225 
v -1.38836 0.130082 0.915566 
v -1.579 0.130082 0.420352 
v -1.72385 -0.242355 0.15158 
v -1.8062 -0.62556 0.109232 
v -1.31256 0.311602 0.87239 
v -1.28421 0.138005 1.04424 
v -1.58236 -0.280912 0.421531 
v -1.39117 -0.280912 0.917776 
v -1.45893 -0.6554 0.9569 
v -1.65907 -0.6554 0.437437 
v -1.46247 0.0748864 0.396672 
v -1.28526 0.0748864 0.85663 
v -1.59781 -0.280912 0.145775 
v -1.6778 -0.6554 0.103325 
v -1.21246 0.248484 0.814601 
v -1.19342 0.0748864 0.970331 
v -1.65907 -0.6554 0.437437 
v -1.45893 -0.6554 0.9569 
v -1.57878 -0.62556 1.00255 
v -1.78321 -0.62556 0.463225 
v -1.39117 -0.280912 0.917776 
v -1.50881 -0.242365 0.962587 
v -1.28526 0.0748864 0.85663 
v -1.38836 0.130082 0.915566 
v -1.59781 -0.280912 0.145775 
v -1.6778 -0.6554 0.103325 
v -1.8062 -0.62556 0.109232 
v -1.72385 -0.242355 0.15158 
v -1.46247 0.0748864 0.396672 
v -1.579 0.130082 0.420352 
v -1.31256 0.311602 0.87239 
v -1.21246 0.248484 0.814601 
v -1.28421 0.138005 1.04424 
v -1.19342 0.0748864 0.970331 
v -1.19342 0.0748864 0.970331 
v -1.28421 0.138005 1.04424 
v 0.732669 1.65031 0.583531 
v 0.661281 1.78312 0.280217 
v 0.565335 1.7835 0.432176 
v 0.424767 1.7835 0.54677 
v 0.504827 1.68936 0.685013 
v 0.25542 1.7835 0.611671 
v 0.311264 1.62287 0.875384 
v 0.0738665 1.7835 0.620522 
v 0.0467467 1.61562 0.897701 
v -0.102115 1.7835 0.572461 
v -0.20981 1.6232 0.819122 
v 0.0122627 1.88229 0.310492 
v -0.0631199 1.88177 0.259797 
v -0.248109 1.78312 0.476734 
v 0.695434 1.78876 0.107551 
v 0.423224 1.88177 0.0755536 
v 0.40177 1.88229 0.161221 
v 0.351888 1.88229 0.239109 
v 0.280362 1.88229 0.29742 
v 0.19419 1.88229 0.330445 
v 0.101809 1.88229 0.334948 
v 0.135049 1.9151 0.0342924 
v -0.111766 1.88487 0.179114 
v -0.148732 1.88487 0.00767675 
v -0.143781 1.88487 0.096021 
v 0.0973558 1.89999 -0.105784 
v 0.0565194 1.89999 -0.0898875 
v -0.078752 1.88487 -0.151429 
v -0.126325 1.88487 -0.0775878 
v 0.236959 1.41436 1.11789 
v -0.304632 1.41438 1.0363 
v -0.324233 1.62287 0.744743 
v 0.684537 1.5292 0.539997 
v 0.524937 1.65639 0.395635 
v 0.613854 1.65639 0.256792 
v 0.472264 1.56825 0.628786 
v 0.397436 1.65639 0.499576 
v 0.296878 1.50902 0.802093 
v 0.243831 1.65639 0.558444 
v 0.0549476 1.50902 0.813889 
v 0.0791558 1.65639 0.566473 
v -0.179561 1.50902 0.749842 
v -0.0804669 1.65639 0.522878 
v -0.219413 1.65639 0.431927 
v -0.0465105 1.74629 0.237959 
v 0.0238291 1.74629 0.284001 
v 0.375317 1.74629 0.149299 
v 0.39639 1.74629 0.0682249 
v 0.655481 1.65639 0.0966397 
v 0.330304 1.74629 0.219586 
v 0.265759 1.74629 0.272204 
v 0.187998 1.74629 0.302006 
v 0.104635 1.74629 0.30607 
v 0.130758 1.77652 0.0390933 
v -0.0996793 1.74629 0.172136 
v -0.134803 1.74629 0.00924229 
v -0.130099 1.74629 0.0931792 
v 0.102489 1.76141 -0.0924359 
v 0.130758 1.77652 0.0390933 
v 0.0635674 1.76141 -0.0776414 
v 0.0635674 1.76141 -0.0776414 
v -0.0683111 1.74629 -0.141935 
v -0.113512 1.74629 -0.0717724 
v 0.231952 1.30778 1.03263 
v -0.271064 1.30778 0.959417 
v -0.283802 1.50902 0.68161 
v 0.613854 1.65639 0.256792 
v 0.661281 1.78312 0.280217 
v 0.732669 1.65031 0.583531 
v 0.684537 1.5292 0.539997 
v 0.504827 1.68936 0.685013 
v 0.472264 1.56825 0.628786 
v 0.296878 1.50902 0.802093 
v 0.311264 1.62287 0.875384 
v -0.219413 1.65639 0.431927 
v -0.248109 1.78312 0.476734 
v -0.0631199 1.88177 0.259797 
v -0.0465105 1.74629 0.237959 
v 0.39639 1.74629 0.0682249 
v 0.423224 1.88177 0.0755536 
v 0.695434 1.78876 0.107551 
v 0.655481 1.65639 0.0966397 
v -0.111766 1.88487 0.179114 
v -0.0996793 1.74629 0.172136 
v 0.135049 1.9151 0.0342924 
v -0.130099 1.74629 0.0931792 
v -0.143781 1.88487 0.096021 
v -0.148732 1.88487 0.00767675 
v -0.134803 1.74629 0.00924229 
v 0.0635674 1.76141 -0.0776414 
v 0.0565194 1.89999 -0.0898875 
v 0.0973558 1.89999 -0.105784 
v -0.0683111 1.74629 -0.141935 
v -0.078752 1.88487 -0.151429 
v -0.113512 1.74629 -0.0717724 
v -0.126325 1.88487 -0.0775878 
v -0.078752 1.88487 -0.151429 
v -0.0683111 1.74629 -0.141935 
v 0.236959 1.41436 1.11789 
v 0.231952 1.30778 1.03263 
v 0.0549476 1.50902 0.813889 
v 0.0467467 1.61562 0.897701 
v -0.304632 1.41438 1.0363 
v -0.271064 1.30778 0.959417 
v -0.283802 1.50902 0.68161 
v -0.324233 1.62287 0.744743 
v 0.857394 1.29745 -0.380431 
v 0.953801 1.29745 -0.131187 
v 1.19186 1.08091 -0.182405 
v 1.06922 1.08126 -0.502727 
v 0.735896 1.37806 -0.322115 
v 0.691229 1.45776 -0.0760075 
v 0.625307 1.45776 -0.246435 
v 0.701326 1.45738 0.0982619 
v 0.969232 1.29711 0.1242 
v 0.378818 1.55654 -0.104124 
v 0.412362 1.55654 -0.0174036 
v 0.416775 1.55601 0.0710888 
v 0.130135 1.58934 0.0358382 
v 0.863013 1.08091 -0.760123 
v 0.77391 1.29713 -0.484745 
v 0.511097 1.45738 -0.386393 
v 0.320488 1.55654 -0.176535 
v 0.244028 1.55601 -0.225524 
v 0.138287 1.57423 -0.104141 
v 0.0943926 1.57423 -0.102469 
v 1.25286 0.82309 -0.608752 
v 1.1631 1.12692 0.143906 
v 1.10314 0.982027 -0.162601 
v 0.88005 1.18326 -0.115713 
v 0.792213 1.18326 -0.342798 
v 0.989403 0.982027 -0.456645 
v 0.685436 1.25696 -0.28115 
v 0.638447 1.33065 -0.0649335 
v 0.578659 1.33065 -0.219502 
v 0.894354 1.18326 0.12785 
v 0.648183 1.33065 0.100853 
v 0.384164 1.42054 -0.0114873 
v 0.353897 1.42054 -0.0897361 
v 0.389092 1.42054 0.0724384 
v 0.12346 1.45077 0.0433068 
v 0.715841 1.18326 -0.437604 
v 0.791619 0.982027 -0.702164 
v 0.301265 1.42054 -0.155072 
v 0.474692 1.33065 -0.348565 
v 0.231047 1.42054 -0.201303 
v 0.136879 1.43566 -0.0901413 
v 0.0951908 1.43566 -0.0882224 
v 1.16792 0.731924 -0.559714 
v 1.07841 1.02033 0.148036 
v 0.894354 1.18326 0.12785 
v 0.969232 1.29711 0.1242 
v 0.701326 1.45738 0.0982619 
v 0.648183 1.33065 0.100853 
v 0.416775 1.55601 0.0710888 
v 0.389092 1.42054 0.0724384 
v 0.130135 1.58934 0.0358382 
v 0.12346 1.45077 0.0433068 
v 0.715841 1.18326 -0.437604 
v 0.77391 1.29713 -0.484745 
v 0.863013 1.08091 -0.760123 
v 0.791619 0.982027 -0.702164 
v 0.685436 1.25696 -0.28115 
v 0.735896 1.37806 -0.322115 
v 0.231047 1.42054 -0.201303 
v 0.244028 1.55601 -0.225524 
v 0.511097 1.45738 -0.386393 
v 0.474692 1.33065 -0.348565 
v 0.136879 1.43566 -0.0901413 
v 0.138287 1.57423 -0.104141 
v 0.0951908 1.43566 -0.0882224 
v 0.0943926 1.57423 -0.102469 
v 1.16792 0.731924 -0.559714 
v 1.25286 0.82309 -0.608752 
v 1.10314 0.982027 -0.162601 
v 1.16792 0.731924 -0.559714 
v 1.25286 0.82309 -0.608752 
v 1.19186 1.08091 -0.182405 
v 1.07841 1.02033 0.148036 
v 1.1631 1.12692 0.143906 
v -1.42441 0.491967 0.936967 
v -1.39605 0.318379 1.10881 
v -1.00075 0.785895 1.20741 
v -1.1896 0.960971 0.8014 
v -0.581326 0.960971 1.35232 
v -0.927763 0.960971 1.12554 
v -0.635024 0.747789 1.47531 
v -0.184023 0.960579 1.45959 
v -0.490103 1.23321 1.14338 
v -0.619332 1.44203 0.779544 
v -0.788653 1.44202 0.569915 
v 0.0519258 1.22549 1.23239 
v -0.161921 1.22585 1.24191 
v -0.13872 1.43443 1.00478 
v -0.509701 1.44169 0.851823 
v -0.438415 1.60195 0.579436 
v -0.556565 1.60233 0.435919 
v -0.263912 1.69747 0.371035 
v -0.320354 1.69747 0.299542 
v -1.69086 0.310456 0.484934 
v -1.3394 0.960971 0.412575 
v -1.36116 0.960579 -0.00148638 
v -1.72187 0.310819 -0.0412235 
v -0.886643 1.44169 0.306589 
v -0.627798 1.60195 0.172557 
v -0.361494 1.69748 0.11822 
v -1.83333 -0.0532746 0.216046 
v -1.78256 0.130199 -0.0480473 
v -1.63852 0.310456 -0.36371 
v -0.928728 0.7089 1.12667 
v -0.858187 0.876493 1.04754 
v -0.53937 0.876503 1.25623 
v -0.591597 0.670803 1.37585 
v -1.30528 0.255261 1.03491 
v -1.32432 0.428858 0.879182 
v -1.09918 0.876493 0.749199 
v -0.173109 0.876503 1.35626 
v -0.152873 1.12662 1.14943 
v 0.0464849 1.12662 1.13971 
v -0.456534 1.12662 1.0665 
v -0.569164 1.32784 0.723304 
v -0.469269 1.32784 0.788689 
v -0.723463 1.32784 0.532278 
v -0.130519 1.32784 0.920968 
v -0.40488 1.47522 0.539007 
v -0.509908 1.47522 0.408982 
v -0.285146 1.56512 0.279215 
v -0.231977 1.56512 0.345038 
v -1.25838 0.876503 0.0108729 
v -1.23706 0.876493 0.39132 
v -1.57433 0.255261 0.461253 
v -1.60174 0.255261 -0.0277212 
v -0.811747 1.32784 0.303138 
v -0.574646 1.47522 0.170109 
v -0.32027 1.56512 0.116322 
v -1.70967 -0.100537 0.210356 
v -1.66084 0.0829268 -0.0343651 
v -1.52189 0.255261 -0.331523 
v -1.39605 0.318379 1.10881 
v -1.30528 0.255261 1.03491 
v -0.928728 0.7089 1.12667 
v -1.00075 0.785895 1.20741 
v -1.32432 0.428858 0.879182 
v -1.42441 0.491967 0.936967 
v -0.591597 0.670803 1.37585 
v -0.635024 0.747789 1.47531 
v -0.173109 0.876503 1.35626 
v -0.184023 0.960579 1.45959 
v 0.0464849 1.12662 1.13971 
v 0.0519258 1.22549 1.23239 
v -0.469269 1.32784 0.788689 
v -0.509701 1.44169 0.851823 
v -0.490103 1.23321 1.14338 
v -0.456534 1.12662 1.0665 
v -0.130519 1.32784 0.920968 
v -0.13872 1.43443 1.00478 
v -0.40488 1.47522 0.539007 
v -0.438415 1.60195 0.579436 
v -0.231977 1.56512 0.345038 
v -0.263912 1.69747 0.371035 
v -0.285146 1.56512 0.279215 
v -0.320354 1.69747 0.299542 
v -1.69086 0.310456 0.484934 
v -1.57433 0.255261 0.461253 
v -0.32027 1.56512 0.116322 
v -0.361494 1.69748 0.11822 
v -0.886643 1.44169 0.306589 
v -0.811747 1.32784 0.303138 
v -1.25838 0.876503 0.0108729 
v -1.36116 0.960579 -0.00148638 
v -0.627798 1.60195 0.172557 
v -0.574646 1.47522 0.170109 
v -1.66084 0.0829268 -0.0343651 
v -1.70967 -0.100537 0.210356 
v -1.83333 -0.0532746 0.216046 
v -1.78256 0.130199 -0.0480473 
v -1.83333 -0.0532746 0.216046 
v -1.70967 -0.100537 0.210356 
v -1.63852 0.310456 -0.36371 
v -1.52189 0.255261 -0.331523 
v -1.84984 -1.88311 -0.1927 
v -1.85849 -1.50077 0.0502194 
v -1.87076 -1.50078 -0.195056 
v -1.8442 -1.50077 -0.301917 
v -1.8543 -1.10403 -0.172495 
v -1.78703 -0.708255 0.0515904 
v -1.79885 -0.70802 -0.186974 
v -1.778 -1.10403 -0.488132 
v -1.64844 -0.70802 -0.75927 
v -1.67234 -0.905024 -0.770126 
v -1.70384 -0.320252 0.0938858 
v -1.71772 -0.319968 -0.177859 
v -1.57383 -0.319968 -0.725412 
v -1.26832 -0.319968 -1.19962 
v -1.32799 -0.708255 -1.25371 
v -1.65071 -0.128057 -0.170312 
v -1.45634 0.0525575 -0.672103 
v -1.17258 0.0525575 -1.11256 
v -1.50667 0.0521951 -0.485987 
v -1.30382 0.395854 -0.602864 
v -1.04829 0.395854 -0.999535 
v -1.34935 0.395443 -0.435085 
v -1.12006 0.709399 -0.519462 
v -0.90325 0.70271 -0.86764 
v -1.22774 0.702318 -0.139332 
v -0.781974 0.0521951 -1.431 
v -0.739774 0.224304 -1.35869 
v -0.866296 0.395443 -1.14885 
v -0.744743 0.702318 -0.997748 
v -0.821405 0.834451 -0.793214 
v -0.977102 0.959502 -0.26707 
v -1.53552 -1.09699 -1.03786 
v -1.05056 -0.320242 -1.3779 
v -1.72064 -1.87565 -0.178178 
v -1.73978 -1.50013 -0.180328 
v -1.72719 -1.50013 0.0441708 
v -1.71705 -1.50013 -0.266822 
v -1.72361 -1.11723 -0.178515 
v -1.67002 -0.733287 -0.17249 
v -1.6578 -0.733287 0.0456357 
v -1.65142 -1.11723 -0.453194 
v -1.52993 -0.733287 -0.705492 
v -1.55459 -0.925257 -0.716678 
v -1.59193 -0.358798 -0.163705 
v -1.57781 -0.358798 0.0880856 
v -1.17401 -0.358798 -1.11386 
v -1.45811 -0.358798 -0.672887 
v -1.23256 -0.733287 -1.1671 
v -1.52898 -0.175329 -0.156643 
v -1.08252 -0.00299543 -1.03067 
v -1.34584 -0.00299537 -0.621942 
v -1.39004 -0.00299537 -0.453788 
v -0.963565 0.325391 -0.922489 
v -1.19987 0.325391 -0.555683 
v -1.23952 0.325391 -0.404778 
v -0.825142 0.618242 -0.796608 
v -1.03003 0.618242 -0.4786 
v -1.12653 0.618242 -0.111393 
v -0.705687 -0.00299543 -1.33617 
v -0.665535 0.161186 -1.26641 
v -0.794475 0.325391 -1.05957 
v -0.678546 0.618242 -0.915463 
v -0.748032 0.743284 -0.726488 
v -0.880791 0.868355 -0.240489 
v -1.42598 -1.11723 -0.965754 
v -0.970729 -0.358798 -1.27867 
v -1.72064 -1.87565 -0.178178 
v -1.72719 -1.50013 0.0441708 
v -1.85849 -1.50077 0.0502194 
v -1.84984 -1.88311 -0.1927 
v -1.72064 -1.87565 -0.178178 
v -1.84984 -1.88311 -0.1927 
v -1.8442 -1.50077 -0.301917 
v -1.71705 -1.50013 -0.266822 
v -1.6578 -0.733287 0.0456357 
v -1.78703 -0.708255 0.0515904 
v -1.8543 -1.10403 -0.172495 
v -1.72361 -1.11723 -0.178515 
v -1.55459 -0.925257 -0.716678 
v -1.65142 -1.11723 -0.453194 
v -1.778 -1.10403 -0.488132 
v -1.67234 -0.905024 -0.770126 
v -1.57781 -0.358798 0.0880856 
v -1.70384 -0.320252 0.0938858 
v -1.52898 -0.175329 -0.156643 
v -1.65071 -0.128057 -0.170312 
v -1.39004 -0.00299537 -0.453788 
v -1.50667 0.0521951 -0.485987 
v -1.23952 0.325391 -0.404778 
v -1.34935 0.395443 -0.435085 
v -1.12653 0.618242 -0.111393 
v -1.22774 0.702318 -0.139332 
v -0.705687 -0.00299543 -1.33617 
v -0.781974 0.0521951 -1.431 
v -0.739774 0.224304 -1.35869 
v -0.665535 0.161186 -1.26641 
v -0.794475 0.325391 -1.05957 
v -0.866296 0.395443 -1.14885 
v -0.744743 0.702318 -0.997748 
v -0.678546 0.618242 -0.915463 
v -0.748032 0.743284 -0.726488 
v -0.821405 0.834451 -0.793214 
v -1.12006 0.709399 -0.519462 
v -1.03003 0.618242 -0.4786 
v -0.880791 0.868355 -0.240489 
v -0.977102 0.959502 -0.26707 
v -1.23256 -0.733287 -1.1671 
v -1.42598 -1.11723 -0.965754 
v -1.53552 -1.09699 -1.03786 
v -1.32799 -0.708255 -1.25371 
v -1.05056 -0.320242 -1.3779 
v -0.970729 -0.358798 -1.27867 
v 1.81995 -1.09698 -0.959813 
v 1.46305 -1.09699 -1.40284 
v 1.77278 -0.708246 -0.93243 
v 1.42993 -0.905024 -1.39661 
v 1.41253 -0.70802 -1.37719 
v 1.35822 -0.319968 -1.3166 
v 1.70254 -0.320242 -0.891291 
v 1.27272 0.0525672 -1.2212 
v 1.43899 0.0522048 -1.01693 
v 1.1617 0.395854 -1.09733 
v 1.31154 0.395453 -0.913464 
v 0.831743 0.0522048 -1.50971 
v 0.764746 0.395854 -1.35867 
v 1.03215 0.70272 -0.952788 
v 1.28201 0.702318 -0.644583 
v 0.685104 0.702318 -1.17956 
v 0.89018 0.959502 -0.794387 
v 0.308681 0.395443 -1.48318 
v 0.298381 0.548817 -1.38668 
v 0.0726881 0.402386 -1.47136 
v 1.12168 -0.320252 -1.47393 
v 0.91812 -0.516207 -1.65718 
v 1.16539 -0.708255 -1.54176 
v 1.71909 -1.11723 -0.877932 
v 1.67258 -0.733287 -0.851077 
v 1.36219 -1.11723 -1.32096 
v 1.34426 -0.925257 -1.30095 
v 1.32631 -0.733287 -1.28093 
v 1.60481 -0.358799 -0.811953 
v 1.27402 -0.358799 -1.22259 
v 1.34562 -0.00299549 -0.941119 
v 1.1923 -0.00299549 -1.13142 
v 1.22363 0.325391 -0.842089 
v 1.08605 0.325391 -1.01287 
v 0.718967 0.325391 -1.25457 
v 0.783261 -0.00299549 -1.40074 
v 1.20097 0.618242 -0.578795 
v 0.962411 0.618242 -0.87493 
v 0.644151 0.618242 -1.08448 
v 0.824667 0.868355 -0.721244 
v 0.287484 0.471802 -1.27829 
v 0.296813 0.325391 -1.37108 
v 0.0788726 0.325391 -1.36105 
v 1.05335 -0.358799 -1.36787 
v 0.848514 -0.546048 -1.54913 
v 1.09533 -0.733287 -1.43301 
v 1.36219 -1.11723 -1.32096 
v 1.46305 -1.09699 -1.40284 
v 1.81995 -1.09698 -0.959813 
v 1.71909 -1.11723 -0.877932 
v 1.67258 -0.733287 -0.851077 
v 1.77278 -0.708246 -0.93243 
v 1.34426 -0.925257 -1.30095 
v 1.42993 -0.905024 -1.39661 
v 1.46305 -1.09699 -1.40284 
v 1.36219 -1.11723 -1.32096 
v 1.60481 -0.358799 -0.811953 
v 1.70254 -0.320242 -0.891291 
v 1.43899 0.0522048 -1.01693 
v 1.34562 -0.00299549 -0.941119 
v 1.31154 0.395453 -0.913464 
v 1.22363 0.325391 -0.842089 
v 1.28201 0.702318 -0.644583 
v 1.20097 0.618242 -0.578795 
v 0.824667 0.868355 -0.721244 
v 0.89018 0.959502 -0.794387 
v 0.644151 0.618242 -1.08448 
v 0.685104 0.702318 -1.17956 
v 0.298381 0.548817 -1.38668 
v 0.287484 0.471802 -1.27829 
v 0.296813 0.325391 -1.37108 
v 0.0788726 0.325391 -1.36105 
v 0.0726881 0.402386 -1.47136 
v 0.308681 0.395443 -1.48318 
v 0.831743 0.0522048 -1.50971 
v 0.783261 -0.00299549 -1.40074 
v 1.12168 -0.320252 -1.47393 
v 1.05335 -0.358799 -1.36787 
v 0.91812 -0.516207 -1.65718 
v 0.848514 -0.546048 -1.54913 
v 1.09533 -0.733287 -1.43301 
v 1.16539 -0.708255 -1.54176 
v 0.00651668 0.682477 -1.51312 
v -0.263371 0.347152 -1.6604 
v -0.229088 0.682888 -1.50088 
v -0.710494 0.511338 -1.40542 
v -0.669159 0.682888 -1.3336 
v -0.852885 0.682477 -1.18644 
v 0.61914 0.989342 -1.21747 
v 0.232427 0.835841 -1.4246 
v 0.222729 0.989744 -1.32813 
v -0.187893 0.989744 -1.30923 
v -0.571259 0.989744 -1.16351 
v -0.731337 0.989333 -1.03535 
v -1.21099 0.996423 -0.159995 
v -0.990623 1.25424 0.0360865 
v -0.999373 1.25461 -0.136204 
v 0.818504 1.25425 -0.827661 
v 0.532113 1.25461 -1.01763 
v 0.200699 1.25461 -1.1091 
v -0.141495 1.25461 -1.09335 
v -0.460978 1.25461 -0.971908 
v -0.807994 1.12148 -0.830808 
v -0.726468 1.25461 -0.756672 
v -0.963693 1.24653 -0.304668 
v -0.482536 1.63073 0.0126924 
v -0.487794 1.6311 -0.0787012 
v 0.324859 1.6311 -0.54641 
v 0.478189 1.63073 -0.44339 
v 0.149 1.6311 -0.594948 
v -0.0325787 1.6311 -0.586588 
v -0.202105 1.6311 -0.522149 
v -0.342984 1.6311 -0.40794 
v -0.441427 1.6311 -0.255137 
v -0.215582 1.72624 -0.0481032 
v 0.120293 1.7299 -0.309458 
v 0.211121 1.72937 -0.282522 
v 0.0278984 1.7299 -0.305203 
v -0.0583635 1.7299 -0.272415 
v -0.130357 1.72937 -0.211719 
v -0.191039 1.72624 -0.141495 
v 0.702988 1.55141 -0.379113 
v 0.105378 1.74757 -0.161138 
v 0.0593175 1.74757 -0.159018 
v 0.0163137 1.74757 -0.142672 
v 0.0129185 0.612415 -1.39896 
v -0.205023 0.612415 -1.38893 
v -0.238815 0.284034 -1.54614 
v -0.611972 0.612415 -1.23425 
v -0.652124 0.448229 -1.304 
v -0.781063 0.612415 -1.09717 
v 0.578195 0.905266 -1.1224 
v 0.212196 0.905266 -1.22342 
v 0.22153 0.758836 -1.3162 
v -0.165711 0.905266 -1.20602 
v -0.518539 0.905266 -1.07191 
v -0.665135 0.905266 -0.953057 
v -1.11311 0.905266 -0.148994 
v -0.907384 1.15538 -0.125865 
v -0.898546 1.15538 0.0318456 
v 0.758711 1.15538 -0.759162 
v 0.494848 1.15538 -0.932898 
v 0.191403 1.15538 -1.01665 
v -0.121912 1.15538 -1.00223 
v -0.414432 1.15538 -0.891041 
v -0.734625 1.03033 -0.764091 
v -0.657511 1.15538 -0.693962 
v -0.867381 1.15538 -0.278086 
v -0.391973 1.50399 -0.232692 
v -0.302683 1.50399 -0.37129 
v -0.434031 1.50399 -0.0726577 
v -0.429384 1.50399 0.0102457 
v 0.441784 1.50399 -0.405563 
v 0.303077 1.50399 -0.496888 
v 0.143567 1.50399 -0.540914 
v -0.0211325 1.50399 -0.533331 
v -0.1749 1.50399 -0.474882 
v -0.175009 1.59391 -0.043542 
v 0.198139 1.59391 -0.258301 
v 0.11739 1.59391 -0.280588 
v 0.0340141 1.59391 -0.276749 
v -0.0438279 1.59391 -0.247161 
v -0.108517 1.59391 -0.194719 
v -0.153718 1.59391 -0.124557 
v 0.652528 1.4303 -0.338148 
v 0.103971 1.609 -0.147139 
v 0.062283 1.609 -0.14522 
v 0.0233616 1.609 -0.130426 
v -0.238815 0.284034 -1.54614 
v -0.263371 0.347152 -1.6604 
v 0.00651668 0.682477 -1.51312 
v 0.0129185 0.612415 -1.39896 
v -0.652124 0.448229 -1.304 
v -0.710494 0.511338 -1.40542 
v -0.781063 0.612415 -1.09717 
v -0.852885 0.682477 -1.18644 
v 0.578195 0.905266 -1.1224 
v 0.22153 0.758836 -1.3162 
v 0.232427 0.835841 -1.4246 
v 0.61914 0.989342 -1.21747 
v -0.665135 0.905266 -0.953057 
v -0.731337 0.989333 -1.03535 
v -0.898546 1.15538 0.0318456 
v -0.990623 1.25424 0.0360865 
v -1.21099 0.996423 -0.159995 
v -1.11311 0.905266 -0.148994 
v 0.818504 1.25425 -0.827661 
v 0.758711 1.15538 -0.759162 
v -0.734625 1.03033 -0.764091 
v -0.807994 1.12148 -0.830808 
v -0.734625 1.03033 -0.764091 
v -0.867381 1.15538 -0.278086 
v -0.963693 1.24653 -0.304668 
v -0.807994 1.12148 -0.830808 
v -0.429384 1.50399 0.0102457 
v -0.482536 1.63073 0.0126924 
v -0.175009 1.59391 -0.043542 
v -0.215582 1.72624 -0.0481032 
v -0.153718 1.59391 -0.124557 
v -0.108517 1.59391 -0.194719 
v -0.130357 1.72937 -0.211719 
v -0.191039 1.72624 -0.141495 
v 0.702988 1.55141 -0.379113 
v 0.652528 1.4303 -0.338148 
v 0.441784 1.50399 -0.405563 
v 0.478189 1.63073 -0.44339 
v 0.211121 1.72937 -0.282522 
v 0.198139 1.59391 -0.258301 
v 0.105378 1.74757 -0.161138 
v 0.103971 1.609 -0.147139 
v 0.0593175 1.74757 -0.159018 
v 0.062283 1.609 -0.14522 
v 0.0163137 1.74757 -0.142672 
v 0.0233616 1.609 -0.130426 
v 0.171118 -2.87639 -1.67085 
v -0.319694 -2.57312 -1.85718 
v -0.0549885 -2.57312 -1.87231 
v -0.352044 -2.22037 -2.0128 
v -0.0636587 -2.22007 -2.02709 
v -0.851102 -2.39667 -1.73941 
v -0.890625 -2.22037 -1.80808 
v -1.11504 -2.22007 -1.62744 
v 0.766048 -2.20766 -1.89531 
v 0.505495 -2.20766 -1.96722 
v 0.800536 -1.8388 -1.97443 
v 0.233929 -1.83895 -2.12974 
v 0.229285 -2.02976 -2.08356 
v -0.371195 -1.83895 -2.10189 
v -0.936135 -1.83895 -1.88715 
v -1.17152 -1.8388 -1.69765 
v 0.236012 -1.44343 -2.15043 
v 0.808766 -1.44342 -1.99386 
v -0.37557 -1.44343 -2.12226 
v -0.946544 -1.44343 -1.90524 
v -1.41971 -1.44342 -1.51935 
v 0.824328 -1.24516 -1.9779 
v 0.799155 -0.65068 -1.92068 
v 1.32143 -1.24516 -1.65445 
v 1.08663 -1.43661 -1.81864 
v 0.228729 -0.65068 -2.07814 
v -0.360263 -0.65068 -2.05102 
v -0.910146 -0.65068 -1.842 
v -1.36599 -0.650905 -1.47033 
v -1.57405 -1.04667 -1.25484 
v 0.800766 -0.458857 -1.87413 
v 0.207623 0.109917 -1.86825 
v 0.714381 0.109545 -1.72666 
v -0.314782 0.117468 -1.83943 
v -0.804107 0.109545 -1.65675 
v 0.191103 0.445849 -1.70396 
v -0.0451051 0.445849 -1.69598 
v -0.746039 0.281664 -1.59357 
v 1.04802 -0.650905 -1.7587 
v 0.177078 -2.79347 -1.56447 
v -0.0486386 -2.50249 -1.75903 
v -0.295067 -2.50249 -1.74769 
v -0.0566943 -2.17412 -1.90278 
v -0.325738 -2.17412 -1.89039 
v -0.828095 -2.17412 -1.69944 
v -0.791645 -2.33831 -1.63612 
v -1.03683 -2.17412 -1.53022 
v 0.73347 -2.17412 -1.77133 
v 0.76749 -1.8183 -1.84867 
v 0.472917 -2.17412 -1.84325 
v 0.220834 -1.8183 -1.99954 
v 0.216589 -1.99622 -1.95736 
v -0.343614 -1.8183 -1.97356 
v -0.870578 -1.8183 -1.77325 
v -1.08954 -1.8183 -1.59575 
v 0.775233 -1.44278 -1.86628 
v 0.22277 -1.44278 -2.01878 
v -0.347682 -1.44278 -1.9925 
v -0.880261 -1.44278 -1.79008 
v -1.32284 -1.44278 -1.43127 
v 1.22689 -0.867907 -1.51789 
v 0.977962 -0.675937 -1.64995 
v 0.746971 -0.675937 -1.80203 
v 1.25023 -1.25133 -1.54394 
v 0.731157 -0.488698 -1.76606 
v 0.215715 -0.675937 -1.94867 
v -0.290222 0.0543497 -1.72516 
v -0.332836 -0.675937 -1.92341 
v 0.195479 0.0543496 -1.74751 
v -0.743687 0.0543497 -1.55279 
v -0.844957 -0.675937 -1.72874 
v -1.27056 -0.675937 -1.38372 
v 0.665889 0.0543594 -1.61769 
v 0.179451 0.382731 -1.58803 
v 0.771959 -1.25133 -1.85884 
v -1.46398 -1.05988 -1.18238 
v -0.0384932 0.382731 -1.57799 
v -0.703535 0.218535 -1.48303 
v -0.295067 -2.50249 -1.74769 
v -0.319694 -2.57312 -1.85718 
v 0.171118 -2.87639 -1.67085 
v 0.177078 -2.79347 -1.56447 
v -0.0486386 -2.50249 -1.75903 
v -0.0549885 -2.57312 -1.87231 
v -0.0636587 -2.22007 -2.02709 
v -0.0566943 -2.17412 -1.90278 
v -0.791645 -2.33831 -1.63612 
v -0.851102 -2.39667 -1.73941 
v -1.03683 -2.17412 -1.53022 
v -1.11504 -2.22007 -1.62744 
v 0.472917 -2.17412 -1.84325 
v 0.505495 -2.20766 -1.96722 
v 0.766048 -2.20766 -1.89531 
v 0.73347 -2.17412 -1.77133 
v 0.76749 -1.8183 -1.84867 
v 0.800536 -1.8388 -1.97443 
v 0.216589 -1.99622 -1.95736 
v 0.229285 -2.02976 -2.08356 
v -1.08954 -1.8183 -1.59575 
v -1.17152 -1.8388 -1.69765 
v 0.808766 -1.44342 -1.99386 
v 0.775233 -1.44278 -1.86628 
v -1.32284 -1.44278 -1.43127 
v -1.41971 -1.44342 -1.51935 
v 1.22689 -0.867907 -1.51789 
v 1.25023 -1.25133 -1.54394 
v 1.32143 -1.24516 -1.65445 
v 1.29739 -0.847683 -1.62733 
v 0.977962 -0.675937 -1.64995 
v 1.04802 -0.650905 -1.7587 
v -1.27056 -0.675937 -1.38372 
v -0.743687 0.0543497 -1.55279 
v -0.804107 0.109545 -1.65675 
v -1.36599 -0.650905 -1.47033 
v 0.800766 -0.458857 -1.87413 
v 0.714381 0.109545 -1.72666 
v 0.665889 0.0543594 -1.61769 
v 0.731157 -0.488698 -1.76606 
v 0.191103 0.445849 -1.70396 
v 0.179451 0.382731 -1.58803 
v 0.824328 -1.24516 -1.9779 
v 0.771959 -1.25133 -1.85884 
v 1.08663 -1.43661 -1.81864 
v 1.01543 -1.44278 -1.70813 
v 1.01543 -1.44278 -1.70813 
v 1.08663 -1.43661 -1.81864 
v -1.57405 -1.04667 -1.25484 
v -1.46398 -1.05988 -1.18238 
v -1.27056 -0.675937 -1.38372 
v -1.36599 -0.650905 -1.47033 
v -0.290222 0.0543497 -1.72516 
v -0.0384932 0.382731 -1.57799 
v -0.0451051 0.445849 -1.69598 
v -0.314782 0.117468 -1.83943 
v -0.703535 0.218535 -1.48303 
v -0.746039 0.281664 -1.59357 
v 1.01543 -1.44278 -1.70813 
v 1.29739 -0.847683 -1.62733 
v 0.732936 -0.320242 1.89604 
v 0.706564 -0.358798 1.77315 
v -1.41971 -1.44342 -1.51935 
v -1.32284 -1.44278 -1.43127 

vn -0.511811 -0.850394 0.110236 
vn -0.291339 -0.952756 0.0629921 
vn -0.433071 -0.866142 0.251969 
vn 0.204724 -0.952756 -0.220472 
vn 0.204724 -0.952756 -0.220472 
vn 0.0314961 -0.952756 -0.299213 
vn -0.149606 -0.952756 -0.259843 
vn -0.732283 -0.535433 0.425197 
vn -0.834646 -0.519685 0.181102 
vn 0.574803 -0.519685 -0.629921 
vn 0.732283 -0.535433 -0.425197 
vn 0.0708661 -0.755906 -0.653543 
vn -0.322835 -0.755906 -0.566929 
vn -0.866142 -0.0708661 0.496063 
vn -0.976378 -0.0629921 0.212598 
vn 0.637795 -0.307087 -0.708661 
vn 0.637795 -0.307087 -0.708661 
vn 0.110236 -0.307087 -0.944882 
vn -0.472441 -0.307087 -0.826772 
vn -0.80315 0.377953 0.464567 
vn -0.913386 0.362205 0.19685 
vn -0.976378 -0.0629921 0.212598 
vn -0.866142 -0.0708661 0.496063 
vn 0.80315 0.377953 -0.464567 
vn 0.637795 -0.307087 -0.708661 
vn 0.637795 -0.307087 -0.708661 
vn 0.629921 0.362205 -0.692913 
vn 0.110236 -0.307087 -0.944882 
vn 0.110236 0.173228 -0.976378 
vn -0.472441 -0.307087 -0.826772 
vn -0.488189 0.173228 -0.850394 
vn -0.551181 0.771654 0.314961 
vn -0.637795 0.755906 0.141732 
vn 0.440945 0.755906 -0.488189 
vn 0.551181 0.771654 -0.314961 
vn 0.0944882 0.574803 -0.818898 
vn -0.409449 0.574803 -0.708661 
vn 0 1 0 
vn -0.354331 -0.850394 0.385827 
vn 0.291339 -0.952756 -0.0629921 
vn 0.275591 -0.952756 0.11811 
vn 0.149606 -0.952756 0.259843 
vn -0.574803 -0.519685 0.637795 
vn 0.834646 -0.519685 -0.181102 
vn 0.598425 -0.755906 0.259843 
vn 0.330709 -0.755906 0.566929 
vn -0.669291 -0.0629921 0.740157 
vn 0.929134 -0.307087 -0.204724 
vn 0.874016 -0.307087 0.377953 
vn 0.480315 -0.307087 0.826772 
vn -0.669291 -0.0629921 0.740157 
vn -0.629921 0.362205 0.692913 
vn 0.929134 -0.307087 -0.204724 
vn 0.913386 0.362205 -0.19685 
vn 0.874016 -0.307087 0.377953 
vn 0.905512 0.173228 0.393701 
vn 0.480315 -0.307087 0.826772 
vn 0.496063 0.173228 0.850394 
vn -0.440945 0.755906 0.488189 
vn 0.637795 0.755906 -0.141732 
vn 0.755906 0.574803 0.330709 
vn 0.409449 0.574803 0.708661 
vn 0.0393701 0.535433 0.84252 
vn 0.0393701 0.535433 0.84252 
vn 0.0393701 0.535433 0.84252 
vn 0.0393701 0.535433 0.84252 
vn 0.559055 0.748031 0.354331 
vn 0.559055 0.748031 0.354331 
vn 0.559055 0.748031 0.354331 
vn 0.566929 0.748031 0.354331 
vn 0.338583 0.740157 0.590551 
vn 0.338583 0.740157 0.582677 
vn 0.496063 0.858268 0.133858 
vn 0.496063 0.858268 0.133858 
vn 0.503937 0.858268 0.133858 
vn -0.645669 0.527559 0.543307 
vn -0.645669 0.527559 0.543307 
vn -0.645669 0.527559 0.543307 
vn -0.464567 0.527559 0.708661 
vn -0.464567 0.527559 0.708661 
vn 0.0393701 0.637795 0.771654 
vn 0.637795 0.748031 0.165354 
vn 0.645669 0.748031 0.173228 
vn 0.748031 0.637795 0.19685 
vn 0.653543 0.629921 0.417323 
vn 0.299213 0.535433 0.787402 
vn 0.314961 0.433071 0.84252 
vn 0.322835 0.433071 0.84252 
vn 0.338583 0.322835 0.88189 
vn 0.338583 0.322835 0.88189 
vn 0.0472441 0.322835 0.944882 
vn 0.0393701 0.440945 0.897638 
vn 0.267717 0.84252 0.464567 
vn -0.0393701 -0.535433 -0.84252 
vn -0.0393701 -0.535433 -0.84252 
vn -0.0393701 -0.535433 -0.84252 
vn -0.0393701 -0.535433 -0.84252 
vn -0.393701 -0.622047 -0.677165 
vn -0.393701 -0.622047 -0.677165 
vn -0.393701 -0.622047 -0.677165 
vn -0.559055 -0.748031 -0.354331 
vn -0.559055 -0.748031 -0.354331 
vn -0.559055 -0.748031 -0.354331 
vn -0.338583 -0.740157 -0.582677 
vn -0.496063 -0.858268 -0.125984 
vn -0.496063 -0.858268 -0.125984 
vn -0.496063 -0.858268 -0.125984 
vn 0.661417 -0.527559 -0.535433 
vn 0.661417 -0.527559 -0.535433 
vn 0.661417 -0.527559 -0.535433 
vn 0.464567 -0.527559 -0.708661 
vn 0.464567 -0.527559 -0.708661 
vn -0.0393701 -0.637795 -0.771654 
vn -0.645669 -0.748031 -0.165354 
vn -0.645669 -0.748031 -0.165354 
vn -0.748031 -0.629921 -0.19685 
vn -0.299213 -0.535433 -0.787402 
vn -0.393701 -0.566929 -0.724409 
vn -0.322835 -0.433071 -0.84252 
vn -0.322835 -0.433071 -0.84252 
vn -0.338583 -0.322835 -0.88189 
vn -0.338583 -0.322835 -0.88189 
vn -0.0472441 -0.322835 -0.944882 
vn -0.0472441 -0.433071 -0.897638 
vn -0.267717 -0.850394 -0.456693 
vn -0.496063 -0.858268 -0.125984 
vn -0.496063 -0.858268 -0.125984 
vn 0.496063 0.858268 0.133858 
vn 0.503937 0.858268 0.133858 
vn -0.496063 -0.858268 -0.125984 
vn 0.496063 0.858268 0.133858 
vn 0.661417 -0.527559 -0.535433 
vn 0.661417 -0.527559 -0.535433 
vn -0.645669 0.527559 0.543307 
vn -0.645669 0.527559 0.543307 
vn 0.661417 -0.527559 -0.535433 
vn -0.645669 0.527559 0.543307 
vn -0.645669 0.527559 0.543307 
vn 0.661417 -0.527559 -0.535433 
vn -0.464567 0.527559 0.708661 
vn 0.464567 -0.527559 -0.708661 
vn 0.464567 -0.527559 -0.708661 
vn -0.464567 0.527559 0.708661 
vn -0.0393701 -0.535433 -0.84252 
vn 0.0393701 0.535433 0.84252 
vn 0.0393701 0.637795 0.771654 
vn -0.0393701 -0.637795 -0.771654 
vn 0.637795 0.748031 0.165354 
vn -0.645669 -0.748031 -0.165354 
vn -0.645669 -0.748031 -0.165354 
vn 0.645669 0.748031 0.173228 
vn 0.748031 0.637795 0.19685 
vn -0.748031 -0.629921 -0.19685 
vn -0.559055 -0.748031 -0.354331 
vn 0.566929 0.748031 0.354331 
vn -0.393701 -0.622047 -0.677165 
vn 0.653543 0.629921 0.417323 
vn 0.818898 -0.472441 -0.330709 
vn -0.393701 -0.566929 -0.724409 
vn 0.299213 0.535433 0.787402 
vn -0.299213 -0.535433 -0.787402 
vn 0.322835 0.433071 0.84252 
vn -0.322835 -0.433071 -0.84252 
vn -0.338583 -0.322835 -0.88189 
vn -0.338583 -0.322835 -0.88189 
vn 0.338583 0.322835 0.88189 
vn 0.338583 0.322835 0.88189 
vn 0.0472441 0.322835 0.944882 
vn -0.0472441 -0.322835 -0.944882 
vn -0.0472441 -0.433071 -0.897638 
vn 0.0393701 0.440945 0.897638 
vn -0.338583 -0.740157 -0.582677 
vn 0.338583 0.740157 0.590551 
vn 0.267717 0.84252 0.464567 
vn -0.267717 -0.850394 -0.456693 
vn 0.818898 -0.472441 -0.330709 
vn -0.141732 -0.976378 0.141732 
vn -0.141732 -0.976378 0.141732 
vn -0.141732 -0.976378 0.141732 
vn 0.181102 -0.976378 -0.0866142 
vn 0.181102 -0.976378 -0.0866142 
vn 0.19685 -0.976378 -0.00787402 
vn 0.19685 -0.976378 0.0472441 
vn 0.165354 -0.976378 0.110236 
vn 0.125984 -0.976378 0.15748 
vn 0.0708661 -0.976378 0.188976 
vn 0.015748 -0.976378 0.19685 
vn -0.314961 -0.889764 0.314961 
vn -0.314961 -0.889764 0.314961 
vn 0.409449 -0.897638 -0.15748 
vn 0.409449 -0.897638 -0.15748 
vn 0.440945 -0.897638 -0.023622 
vn 0.425197 -0.897638 0.110236 
vn 0.370079 -0.897638 0.23622 
vn 0.023622 -0.897638 0.440945 
vn 0.535433 -0.818898 -0.204724 
vn -0.220472 -0.976378 0.015748 
vn 0.165354 -0.976378 -0.11811 
vn 0.0787402 -0.976378 -0.19685 
vn 0 -0.976378 -0.204724 
vn -0.0708661 -0.976378 -0.188976 
vn -0.480315 -0.88189 0.023622 
vn 0.346457 -0.897638 -0.275591 
vn -0.023622 -0.897638 -0.440945 
vn -0.15748 -0.897638 -0.409449 
vn 0.212598 0.952756 -0.204724 
vn 0.212598 0.952756 -0.204724 
vn 0.212598 0.952756 -0.204724 
vn 0.212598 0.952756 -0.204724 
vn -0.267717 0.96063 0.102362 
vn -0.267717 0.96063 0.102362 
vn -0.267717 0.96063 0.102362 
vn -0.267717 0.96063 0.102362 
vn -0.291339 0.96063 0.015748 
vn -0.291339 0.96063 0.015748 
vn -0.275591 0.96063 -0.0708661 
vn -0.275591 0.96063 -0.0708661 
vn -0.244094 0.96063 -0.15748 
vn -0.244094 0.96063 -0.15748 
vn -0.181102 0.96063 -0.220472 
vn -0.181102 0.96063 -0.220472 
vn -0.102362 0.96063 -0.267717 
vn -0.102362 0.96063 -0.267717 
vn -0.015748 0.96063 -0.283465 
vn -0.015748 0.96063 -0.283465 
vn 0.314961 0.889764 -0.314961 
vn 0.314961 0.889764 -0.314961 
vn -0.409449 0.897638 0.15748 
vn -0.409449 0.897638 0.15748 
vn -0.440945 0.897638 0.023622 
vn -0.425197 0.897638 -0.110236 
vn -0.370079 0.897638 -0.23622 
vn -0.023622 0.897638 -0.440945 
vn -0.535433 0.818898 0.204724 
vn 0.0787402 0.992126 -0.0787402 
vn 0.291339 0.96063 -0.015748 
vn 0.291339 0.96063 -0.015748 
vn 0.291339 0.96063 -0.015748 
vn -0.228346 0.96063 0.181102 
vn -0.228346 0.96063 0.181102 
vn -0.125984 0.952756 0.275591 
vn -0.125984 0.952756 0.275591 
vn 0.015748 0.96063 0.283465 
vn 0.015748 0.96063 0.283465 
vn 0.102362 0.96063 0.267717 
vn 0.102362 0.96063 0.267717 
vn 0.220472 0.952756 0.19685 
vn 0.220472 0.952756 0.19685 
vn -0.346457 0.897638 0.275591 
vn 0.023622 0.897638 0.440945 
vn 0.15748 0.897638 0.409449 
vn 0.338583 0.889764 0.299213 
vn -0.102362 0.96063 -0.267717 
vn 0.0708661 -0.976378 0.188976 
vn 0.125984 -0.976378 0.15748 
vn -0.181102 0.96063 -0.220472 
vn 0.314961 0.889764 -0.314961 
vn -0.314961 -0.889764 0.314961 
vn -0.314961 -0.889764 0.314961 
vn 0.314961 0.889764 -0.314961 
vn -0.409449 0.897638 0.15748 
vn 0.409449 -0.897638 -0.15748 
vn 0.181102 -0.976378 -0.0866142 
vn -0.267717 0.96063 0.102362 
vn -0.440945 0.897638 0.023622 
vn -0.425197 0.897638 -0.110236 
vn 0.425197 -0.897638 0.110236 
vn 0.440945 -0.897638 -0.023622 
vn -0.370079 0.897638 -0.23622 
vn 0.370079 -0.897638 0.23622 
vn -0.023622 0.897638 -0.440945 
vn 0.023622 -0.897638 0.440945 
vn -0.535433 0.818898 0.204724 
vn 0.535433 -0.818898 -0.204724 
vn 0.338583 0.889764 0.299213 
vn -0.480315 -0.88189 0.023622 
vn 0.346457 -0.897638 -0.275591 
vn -0.346457 0.897638 0.275591 
vn 0.0787402 -0.976378 -0.19685 
vn -0.125984 0.952756 0.275591 
vn -0.023622 -0.897638 -0.440945 
vn 0.023622 0.897638 0.440945 
vn 0.023622 0.897638 0.440945 
vn -0.023622 -0.897638 -0.440945 
vn -0.15748 -0.897638 -0.409449 
vn 0.15748 0.897638 0.409449 
vn 0.259843 -0.685039 0.685039 
vn 0.259843 -0.685039 0.685039 
vn 0.259843 -0.685039 0.685039 
vn -0.354331 -0.76378 0.535433 
vn -0.354331 -0.76378 0.535433 
vn -0.354331 -0.76378 0.535433 
vn -0.354331 -0.76378 0.543307 
vn 0.622047 -0.76378 0.165354 
vn 0.622047 -0.76378 0.165354 
vn 0.622047 -0.76378 0.165354 
vn 0.543307 -0.76378 0.346457 
vn 0.535433 -0.771654 0.354331 
vn 0.409449 -0.771654 0.488189 
vn 0.401575 -0.771654 0.496063 
vn 0.228346 -0.771654 0.598425 
vn 0.228346 -0.771654 0.598425 
vn 0.0314961 -0.76378 0.637795 
vn 0.023622 -0.771654 0.637795 
vn 0.0472441 -0.401575 0.913386 
vn 0.0472441 -0.401575 0.913386 
vn 0.0472441 -0.401575 0.913386 
vn 0.322835 -0.401575 0.858268 
vn 0.299213 -0.574803 0.76378 
vn 0.519685 -0.574803 0.637795 
vn -0.527559 -0.818898 0.212598 
vn -0.527559 -0.818898 0.212598 
vn -0.527559 -0.818898 0.212598 
vn -0.244094 -0.748031 0.614173 
vn -0.456693 -0.566929 0.685039 
vn -0.212598 -0.574803 0.795276 
vn 0.425197 -0.897638 0.110236 
vn 0.275591 -0.897638 0.338583 
vn 0.259843 -0.685039 0.685039 
vn 0.275591 -0.897638 0.338583 
vn -0.11811 -0.897638 0.425197 
vn -0.244094 -0.897638 0.370079 
vn -0.15748 0.897638 -0.409449 
vn -0.15748 0.897638 -0.409449 
vn -0.15748 0.897638 -0.409449 
vn 0.354331 0.76378 -0.535433 
vn 0.354331 0.76378 -0.535433 
vn 0.354331 0.76378 -0.535433 
vn 0.354331 0.76378 -0.535433 
vn -0.543307 0.771654 -0.346457 
vn -0.543307 0.771654 -0.346457 
vn -0.543307 0.771654 -0.346457 
vn -0.543307 0.771654 -0.346457 
vn -0.401575 0.771654 -0.496063 
vn -0.401575 0.771654 -0.496063 
vn -0.228346 0.771654 -0.598425 
vn -0.228346 0.771654 -0.598425 
vn -0.0314961 0.76378 -0.637795 
vn -0.0314961 0.76378 -0.637795 
vn -0.0472441 0.401575 -0.913386 
vn -0.0472441 0.401575 -0.913386 
vn -0.0472441 0.401575 -0.913386 
vn -0.330709 0.401575 -0.858268 
vn -0.291339 0.574803 -0.76378 
vn -0.519685 0.574803 -0.629921 
vn -0.622047 0.76378 -0.165354 
vn 0.535433 0.818898 -0.204724 
vn 0.535433 0.818898 -0.204724 
vn 0.535433 0.818898 -0.204724 
vn 0.535433 0.818898 -0.204724 
vn 0.448819 0.818898 -0.362205 
vn 0.535433 0.818898 -0.204724 
vn 0.448819 0.574803 -0.685039 
vn 0.212598 0.574803 -0.787402 
vn -0.425197 0.897638 -0.110236 
vn -0.275591 0.897638 -0.338583 
vn -0.15748 0.897638 -0.409449 
vn -0.275591 0.897638 -0.338583 
vn 0.11811 0.897638 -0.425197 
vn 0.244094 0.897638 -0.370079 
vn 0.622047 -0.76378 0.165354 
vn -0.622047 0.76378 -0.165354 
vn -0.543307 0.771654 -0.346457 
vn 0.622047 -0.76378 0.165354 
vn -0.0472441 0.401575 -0.913386 
vn 0.0472441 -0.401575 0.913386 
vn 0.0472441 -0.401575 0.913386 
vn -0.0472441 0.401575 -0.913386 
vn 0.322835 -0.401575 0.858268 
vn -0.330709 0.401575 -0.858268 
vn -0.291339 0.574803 -0.76378 
vn 0.299213 -0.574803 0.76378 
vn 0.519685 -0.574803 0.637795 
vn -0.519685 0.574803 -0.629921 
vn -0.543307 0.771654 -0.346457 
vn 0.622047 -0.76378 0.165354 
vn 0.535433 0.818898 -0.204724 
vn -0.527559 -0.818898 0.212598 
vn -0.527559 -0.818898 0.212598 
vn 0.535433 0.818898 -0.204724 
vn -0.527559 -0.818898 0.212598 
vn -0.527559 -0.818898 0.212598 
vn -0.244094 -0.748031 0.614173 
vn 0.448819 0.818898 -0.362205 
vn 0.354331 0.76378 -0.535433 
vn -0.354331 -0.76378 0.535433 
vn -0.456693 -0.566929 0.685039 
vn 0.448819 0.574803 -0.685039 
vn -0.212598 -0.574803 0.795276 
vn 0.212598 0.574803 -0.787402 
vn -0.425197 0.897638 -0.110236 
vn 0.425197 -0.897638 0.110236 
vn 0.535433 -0.771654 0.354331 
vn -0.543307 0.771654 -0.346457 
vn 0.023622 -0.771654 0.637795 
vn -0.0314961 0.76378 -0.637795 
vn -0.11811 -0.897638 0.425197 
vn 0.11811 0.897638 -0.425197 
vn -0.244094 -0.897638 0.370079 
vn 0.244094 0.897638 -0.370079 
vn 0.700787 -0.637795 -0.307087 
vn 0.700787 -0.637795 -0.307087 
vn 0.700787 -0.637795 -0.307087 
vn 0.700787 -0.661417 -0.259843 
vn 0.708661 -0.700787 -0.0472441 
vn 0.708661 -0.700787 -0.0472441 
vn 0.448819 -0.818898 -0.362205 
vn 0.448819 -0.818898 -0.362205 
vn 0.448819 -0.818898 -0.354331 
vn 0.314961 -0.818898 -0.480315 
vn 0.314961 -0.818898 -0.480315 
vn 0.149606 -0.818898 -0.559055 
vn 0.149606 -0.818898 -0.559055 
vn -0.023622 -0.818898 -0.574803 
vn 0.598425 -0.637795 -0.480315 
vn 0.425197 -0.637795 -0.637795 
vn 0.19685 -0.645669 -0.740157 
vn -0.0314961 -0.645669 -0.76378 
vn 0.503937 -0.393701 -0.771654 
vn 0.503937 -0.393701 -0.771654 
vn 0.244094 -0.401575 -0.88189 
vn 0.244094 -0.401575 -0.88189 
vn 0.535433 -0.23622 -0.811024 
vn 0.543307 -0.220472 -0.811024 
vn 0.551181 0.0393701 -0.834646 
vn 0.551181 0.0393701 -0.834646 
vn 0.551181 0.0393701 -0.834646 
vn 0.259843 -0.220472 -0.937008 
vn -0.0393701 -0.228346 -0.976378 
vn 0.685039 -0.708661 0.173228 
vn 0.708661 -0.401575 -0.574803 
vn -0.023622 -0.897638 -0.440945 
vn 0.11811 -0.897638 -0.425197 
vn 0.244094 -0.897638 -0.370079 
vn 0.346457 -0.897638 -0.275591 
vn 0.574803 -0.818898 -0.0314961 
vn -0.448819 0.818898 0.362205 
vn -0.448819 0.818898 0.362205 
vn -0.448819 0.818898 0.362205 
vn -0.448819 0.818898 0.362205 
vn -0.314961 0.818898 0.480315 
vn -0.314961 0.818898 0.480315 
vn -0.149606 0.818898 0.551181 
vn -0.149606 0.818898 0.551181 
vn 0.023622 0.818898 0.566929 
vn -0.598425 0.637795 0.480315 
vn -0.598425 0.637795 0.480315 
vn -0.425197 0.637795 0.637795 
vn -0.503937 0.401575 0.76378 
vn -0.503937 0.401575 0.76378 
vn -0.244094 0.401575 0.88189 
vn -0.244094 0.401575 0.88189 
vn -0.244094 0.401575 0.88189 
vn -0.535433 0.228346 0.811024 
vn -0.535433 0.228346 0.811024 
vn -0.551181 -0.0393701 0.834646 
vn -0.551181 -0.0393701 0.834646 
vn -0.551181 -0.0393701 0.834646 
vn -0.259843 0.228346 0.937008 
vn 0.0472441 0.228346 0.968504 
vn 0.0393701 0.401575 0.913386 
vn -0.685039 0.708661 -0.173228 
vn -0.685039 0.708661 -0.173228 
vn -0.685039 0.708661 -0.173228 
vn -0.740157 0.661417 0.0944882 
vn -0.740157 0.661417 0.0944882 
vn -0.716535 0.401575 0.574803 
vn 0.023622 0.897638 0.440945 
vn -0.11811 0.897638 0.425197 
vn -0.244094 0.897638 0.370079 
vn -0.346457 0.897638 0.275591 
vn -0.574803 0.818898 0.0314961 
vn -0.149606 0.818898 0.551181 
vn 0.149606 -0.818898 -0.559055 
vn -0.023622 -0.818898 -0.574803 
vn 0.023622 0.818898 0.566929 
vn 0.0393701 0.401575 0.913386 
vn -0.0314961 -0.645669 -0.76378 
vn -0.503937 0.401575 0.76378 
vn 0.503937 -0.393701 -0.771654 
vn 0.244094 -0.401575 -0.88189 
vn -0.244094 0.401575 0.88189 
vn -0.535433 0.228346 0.811024 
vn 0.535433 -0.23622 -0.811024 
vn -0.551181 -0.0393701 0.834646 
vn -0.551181 -0.0393701 0.834646 
vn 0.551181 0.0393701 -0.834646 
vn 0.551181 0.0393701 -0.834646 
vn -0.551181 -0.0393701 0.834646 
vn 0.551181 0.0393701 -0.834646 
vn -0.259843 0.228346 0.937008 
vn 0.259843 -0.220472 -0.937008 
vn -0.0393701 -0.228346 -0.976378 
vn 0.0472441 0.228346 0.968504 
vn -0.685039 0.708661 -0.173228 
vn -0.685039 0.708661 -0.173228 
vn 0.685039 -0.708661 0.173228 
vn 0.708661 -0.700787 -0.0472441 
vn 0.700787 -0.637795 -0.307087 
vn -0.740157 0.661417 0.0944882 
vn -0.598425 0.637795 0.480315 
vn 0.700787 -0.637795 -0.307087 
vn 0.708661 -0.401575 -0.574803 
vn -0.716535 0.401575 0.574803 
vn -0.535433 0.228346 0.811024 
vn 0.543307 -0.220472 -0.811024 
vn -0.023622 -0.897638 -0.440945 
vn 0.023622 0.897638 0.440945 
vn 0.023622 0.897638 0.440945 
vn -0.023622 -0.897638 -0.440945 
vn 0.11811 -0.897638 -0.425197 
vn -0.11811 0.897638 0.425197 
vn 0.244094 -0.897638 -0.370079 
vn -0.244094 0.897638 0.370079 
vn 0.346457 -0.897638 -0.275591 
vn -0.346457 0.897638 0.275591 
vn -0.448819 0.818898 0.362205 
vn 0.448819 -0.818898 -0.354331 
vn 0.700787 -0.661417 -0.259843 
vn -0.740157 0.661417 0.0944882 
vn 0.574803 -0.818898 -0.0314961 
vn -0.574803 0.818898 0.0314961 
vn -0.574803 -0.818898 0.0314961 
vn -0.574803 -0.818898 0.0314961 
vn -0.574803 -0.818898 0.0314961 
vn -0.574803 -0.818898 0.0314961 
vn -0.362205 -0.818898 -0.440945 
vn -0.362205 -0.818898 -0.440945 
vn -0.362205 -0.818898 -0.440945 
vn -0.362205 -0.818898 -0.440945 
vn -0.480315 -0.818898 -0.307087 
vn -0.480315 -0.818898 -0.307087 
vn -0.480315 -0.818898 -0.307087 
vn -0.708661 -0.708661 0.0393701 
vn -0.708661 -0.700787 0.0314961 
vn -0.590551 -0.708661 -0.377953 
vn -0.590551 -0.708661 -0.377953 
vn -0.692913 -0.574803 -0.440945 
vn -0.818898 -0.574803 0.0472441 
vn -0.76378 -0.566929 0.291339 
vn -0.661417 -0.708661 0.251969 
vn 0.574803 0.818898 -0.0314961 
vn 0.574803 0.818898 -0.0314961 
vn 0.574803 0.818898 -0.0314961 
vn 0.574803 0.818898 -0.0314961 
vn 0.362205 0.818898 0.440945 
vn 0.362205 0.818898 0.440945 
vn 0.362205 0.818898 0.440945 
vn 0.362205 0.818898 0.440945 
vn 0.480315 0.818898 0.307087 
vn 0.480315 0.818898 0.307087 
vn 0.480315 0.818898 0.307087 
vn 0.708661 0.708661 -0.0393701 
vn 0.708661 0.708661 -0.0393701 
vn 0.590551 0.708661 0.377953 
vn 0.590551 0.708661 0.377953 
vn 0.685039 0.574803 0.440945 
vn 0.818898 0.574803 -0.0472441 
vn 0.76378 0.574803 -0.291339 
vn 0.661417 0.708661 -0.251969 
vn 0.574803 0.818898 -0.0314961 
vn -0.574803 -0.818898 0.0314961 
vn -0.574803 -0.818898 0.0314961 
vn 0.574803 0.818898 -0.0314961 
vn 0.362205 0.818898 0.440945 
vn -0.362205 -0.818898 -0.440945 
vn -0.362205 -0.818898 -0.440945 
vn 0.362205 0.818898 0.440945 
vn 0.362205 0.818898 0.440945 
vn 0.362205 0.818898 0.440945 
vn -0.362205 -0.818898 -0.440945 
vn -0.362205 -0.818898 -0.440945 
vn 0.362205 0.818898 0.440945 
vn -0.362205 -0.818898 -0.440945 
vn -0.480315 -0.818898 -0.307087 
vn 0.480315 0.818898 0.307087 
vn 0.480315 0.818898 0.307087 
vn -0.480315 -0.818898 -0.307087 
vn -0.590551 -0.708661 -0.377953 
vn 0.590551 0.708661 0.377953 
vn 0.685039 0.574803 0.440945 
vn -0.692913 -0.574803 -0.440945 
vn -0.708661 -0.700787 0.0314961 
vn 0.708661 0.708661 -0.0393701 
vn -0.818898 -0.574803 0.0472441 
vn 0.818898 0.574803 -0.0472441 
vn 0.76378 0.574803 -0.291339 
vn -0.76378 -0.566929 0.291339 
vn -0.661417 -0.708661 0.251969 
vn 0.661417 0.708661 -0.251969 
vn -0.488189 -0.826772 0.283465 
vn -0.488189 -0.826772 0.283465 
vn -0.488189 -0.826772 0.283465 
vn -0.622047 -0.677165 0.393701 
vn -0.622047 -0.677165 0.393701 
vn -0.448819 -0.574803 0.685039 
vn -0.448819 -0.574803 0.685039 
vn -0.448819 -0.574803 0.685039 
vn -0.748031 -0.503937 0.433071 
vn 0.0393701 -0.574803 0.818898 
vn 0.0393701 -0.574803 0.818898 
vn 0.0393701 -0.574803 0.818898 
vn -0.503937 -0.401575 0.76378 
vn -0.503937 -0.401575 0.76378 
vn -0.795276 -0.385827 0.456693 
vn -0.244094 -0.401575 0.88189 
vn -0.543307 -0.141732 0.826772 
vn -0.543307 -0.141732 0.826772 
vn -0.771654 -0.141732 0.622047 
vn -0.259843 -0.141732 0.952756 
vn -0.779528 0.0472441 0.622047 
vn -0.543307 0.0472441 0.834646 
vn -0.818898 -0.574803 0.0472441 
vn -0.818898 -0.574803 0.0472441 
vn -0.795276 -0.574803 -0.204724 
vn -0.913386 -0.401575 0.0551181 
vn 0.0472441 -0.141732 0.992126 
vn 0.448819 0.574803 -0.685039 
vn 0.448819 0.574803 -0.685039 
vn 0.448819 0.574803 -0.685039 
vn 0.448819 0.574803 -0.685039 
vn -0.0393701 0.574803 -0.818898 
vn -0.0393701 0.574803 -0.818898 
vn -0.0393701 0.574803 -0.818898 
vn 0.503937 0.401575 -0.76378 
vn 0.503937 0.401575 -0.76378 
vn 0.244094 0.401575 -0.88189 
vn 0.543307 0.141732 -0.826772 
vn 0.543307 0.141732 -0.826772 
vn 0.259843 0.141732 -0.952756 
vn 0.779528 -0.0393701 -0.629921 
vn 0.779528 -0.0393701 -0.629921 
vn 0.543307 -0.0393701 -0.834646 
vn 0.488189 0.826772 -0.283465 
vn 0.488189 0.826772 -0.283465 
vn 0.488189 0.826772 -0.283465 
vn 0.622047 0.677165 -0.385827 
vn 0.818898 0.574803 -0.0472441 
vn 0.818898 0.574803 -0.0472441 
vn 0.818898 0.574803 -0.0472441 
vn 0.795276 0.574803 0.204724 
vn 0.913386 0.401575 -0.0551181 
vn 0.913386 0.401575 -0.0551181 
vn -0.0472441 0.141732 -0.992126 
vn 0.448819 0.574803 -0.685039 
vn -0.622047 -0.677165 0.393701 
vn -0.488189 -0.826772 0.283465 
vn 0.488189 0.826772 -0.283465 
vn 0.448819 0.574803 -0.685039 
vn -0.448819 -0.574803 0.685039 
vn -0.0393701 0.574803 -0.818898 
vn -0.0393701 0.574803 -0.818898 
vn 0.0393701 -0.574803 0.818898 
vn 0.0393701 -0.574803 0.818898 
vn 0.779528 -0.0393701 -0.629921 
vn -0.771654 -0.141732 0.622047 
vn -0.779528 0.0472441 0.622047 
vn 0.779528 -0.0393701 -0.629921 
vn -0.543307 0.0472441 0.834646 
vn 0.543307 -0.0393701 -0.834646 
vn -0.259843 -0.141732 0.952756 
vn 0.259843 0.141732 -0.952756 
vn -0.488189 -0.826772 0.283465 
vn 0.488189 0.826772 -0.283465 
vn 0.488189 0.826772 -0.283465 
vn 0.488189 0.826772 -0.283465 
vn -0.488189 -0.826772 0.283465 
vn -0.488189 -0.826772 0.283465 
vn -0.622047 -0.677165 0.393701 
vn 0.622047 0.677165 -0.385827 
vn 0.818898 0.574803 -0.0472441 
vn -0.748031 -0.503937 0.433071 
vn -0.818898 -0.574803 0.0472441 
vn 0.818898 0.574803 -0.0472441 
vn -0.795276 -0.574803 -0.204724 
vn 0.795276 0.574803 0.204724 
vn 0.913386 0.401575 -0.0551181 
vn 0.913386 0.401575 -0.0551181 
vn -0.913386 -0.401575 0.0551181 
vn -0.795276 -0.385827 0.456693 
vn 0.0472441 -0.141732 0.992126 
vn -0.0472441 0.141732 -0.992126 
vn -0.204724 -0.818898 -0.535433 
vn -0.204724 -0.818898 -0.535433 
vn -0.204724 -0.818898 -0.535433 
vn -0.204724 -0.818898 -0.535433 
vn -0.0314961 -0.708661 -0.700787 
vn -0.0314961 -0.708661 -0.700787 
vn -0.0314961 -0.708661 -0.700787 
vn -0.251969 -0.708661 -0.661417 
vn -0.440945 -0.708661 -0.543307 
vn -0.440945 -0.708661 -0.543307 
vn -0.448819 -0.708661 -0.543307 
vn -0.291339 -0.574803 -0.76378 
vn -0.291339 -0.574803 -0.76378 
vn -0.511811 -0.574803 -0.637795 
vn -0.771654 -0.401575 -0.496063 
vn -0.771654 -0.401575 -0.496063 
vn -0.771654 -0.401575 -0.496063 
vn -0.968504 -0.23622 0.0551181 
vn -0.968504 -0.23622 0.0551181 
vn -0.968504 -0.23622 0.0551181 
vn -0.976378 -0.220472 0.0393701 
vn -0.818898 -0.228346 -0.527559 
vn -0.818898 -0.228346 -0.527559 
vn -0.834646 -0.0551181 -0.543307 
vn -0.834646 -0.0551181 -0.543307 
vn -0.322835 -0.401575 -0.858268 
vn -0.574803 -0.401575 -0.708661 
vn -0.614173 -0.228346 -0.755906 
vn -0.84252 0.0393701 -0.535433 
vn -0.84252 0.0393701 -0.535433 
vn -0.834646 0.141732 -0.535433 
vn -0.952756 0.141732 -0.251969 
vn -0.968504 0.0393701 -0.259843 
vn -0.913386 -0.401575 0.0472441 
vn -0.88189 -0.401575 -0.23622 
vn -0.787402 -0.574803 -0.212598 
vn -0.787402 -0.574803 -0.212598 
vn -0.685039 -0.574803 -0.440945 
vn -0.590551 -0.708661 -0.385827 
vn 0.204724 0.818898 0.535433 
vn 0.204724 0.818898 0.535433 
vn 0.204724 0.818898 0.535433 
vn 0.204724 0.818898 0.535433 
vn 0.0314961 0.708661 0.700787 
vn 0.0314961 0.708661 0.700787 
vn 0.0314961 0.708661 0.700787 
vn 0.251969 0.708661 0.653543 
vn 0.440945 0.708661 0.543307 
vn 0.440945 0.708661 0.543307 
vn 0.440945 0.708661 0.543307 
vn 0.291339 0.574803 0.76378 
vn 0.291339 0.574803 0.76378 
vn 0.511811 0.574803 0.637795 
vn 0.771654 0.401575 0.496063 
vn 0.771654 0.401575 0.496063 
vn 0.771654 0.401575 0.496063 
vn 0.968504 0.228346 -0.0551181 
vn 0.968504 0.228346 -0.0551181 
vn 0.968504 0.228346 -0.0551181 
vn 0.968504 0.228346 -0.0551181 
vn 0.818898 0.228346 0.527559 
vn 0.818898 0.228346 0.527559 
vn 0.84252 0.0472441 0.543307 
vn 0.84252 0.0472441 0.543307 
vn 0.322835 0.401575 0.858268 
vn 0.574803 0.401575 0.708661 
vn 0.614173 0.228346 0.755906 
vn 0.84252 -0.0393701 0.543307 
vn 0.84252 -0.0393701 0.543307 
vn 0.834646 -0.141732 0.535433 
vn 0.96063 -0.133858 0.251969 
vn 0.968504 -0.0393701 0.251969 
vn 0.913386 0.401575 -0.0551181 
vn 0.889764 0.401575 0.23622 
vn 0.795276 0.574803 0.204724 
vn 0.795276 0.574803 0.204724 
vn 0.685039 0.574803 0.440945 
vn 0.590551 0.708661 0.377953 
vn 0.204724 0.818898 0.535433 
vn -0.204724 -0.818898 -0.535433 
vn -0.204724 -0.818898 -0.535433 
vn 0.204724 0.818898 0.535433 
vn 0.0314961 0.708661 0.700787 
vn -0.0314961 -0.708661 -0.700787 
vn -0.0314961 -0.708661 -0.700787 
vn 0.0314961 0.708661 0.700787 
vn 0.440945 0.708661 0.543307 
vn -0.440945 -0.708661 -0.543307 
vn -0.448819 -0.708661 -0.543307 
vn 0.440945 0.708661 0.543307 
vn 0.968504 0.228346 -0.0551181 
vn 0.968504 0.228346 -0.0551181 
vn -0.968504 -0.23622 0.0551181 
vn -0.968504 -0.23622 0.0551181 
vn 0.968504 0.228346 -0.0551181 
vn -0.976378 -0.220472 0.0393701 
vn 0.291339 0.574803 0.76378 
vn -0.291339 -0.574803 -0.76378 
vn -0.322835 -0.401575 -0.858268 
vn 0.322835 0.401575 0.858268 
vn -0.574803 -0.401575 -0.708661 
vn 0.574803 0.401575 0.708661 
vn -0.614173 -0.228346 -0.755906 
vn 0.614173 0.228346 0.755906 
vn 0.84252 0.0472441 0.543307 
vn -0.834646 -0.0551181 -0.543307 
vn -0.84252 0.0393701 -0.535433 
vn 0.84252 -0.0393701 0.543307 
vn 0.834646 -0.141732 0.535433 
vn -0.834646 0.141732 -0.535433 
vn -0.952756 0.141732 -0.251969 
vn 0.96063 -0.133858 0.251969 
vn -0.968504 0.0393701 -0.259843 
vn 0.968504 -0.0393701 0.251969 
vn 0.913386 0.401575 -0.0551181 
vn -0.913386 -0.401575 0.0472441 
vn -0.88189 -0.401575 -0.23622 
vn 0.889764 0.401575 0.23622 
vn 0.795276 0.574803 0.204724 
vn 0.795276 0.574803 0.204724 
vn -0.787402 -0.574803 -0.212598 
vn -0.787402 -0.574803 -0.212598 
vn -0.787402 -0.574803 -0.212598 
vn 0.795276 0.574803 0.204724 
vn -0.685039 -0.574803 -0.440945 
vn 0.685039 0.574803 0.440945 
vn 0.590551 0.708661 0.377953 
vn -0.590551 -0.708661 -0.385827 
vn 0.685039 -0.700787 0.181102 
vn 0.685039 -0.700787 0.181102 
vn 0.685039 -0.700787 0.181102 
vn 0.76378 -0.574803 -0.299213 
vn 0.76378 -0.574803 -0.299213 
vn 0.76378 -0.574803 -0.299213 
vn 0.818898 -0.574803 -0.0472441 
vn 0.787402 -0.574803 0.204724 
vn 0.685039 -0.574803 0.440945 
vn 0.685039 -0.574803 0.440945 
vn 0.023622 -1 0.0629921 
vn 0.023622 -1 0.0629921 
vn 0.858268 -0.401575 -0.330709 
vn 0.858268 -0.401575 -0.330709 
vn 0.913386 -0.401575 -0.0551181 
vn 0.889764 -0.401575 0.228346 
vn 0.771654 -0.401575 0.496063 
vn 0.480315 -0.267717 0.834646 
vn 0.023622 -1 0.0629921 
vn 0.023622 -1 0.0629921 
vn 0.0472441 -0.401575 0.913386 
vn 0.0472441 -0.401575 0.913386 
vn 0.92126 -0.141732 -0.354331 
vn 0.92126 -0.141732 -0.354331 
vn 0.992126 -0.141732 -0.0551181 
vn 0.96063 -0.141732 0.251969 
vn 0.834646 -0.141732 0.535433 
vn 0.496063 -0.133858 0.858268 
vn 0.0472441 -0.141732 0.992126 
vn 0.968504 0.173228 0.188976 
vn 0.968504 0.173228 0.188976 
vn 0.968504 0.173228 0.188976 
vn 0.96063 0.133858 0.251969 
vn 0.937008 0.173228 0.299213 
vn 0.834646 0.173228 0.527559 
vn 0.826772 0.173228 0.527559 
vn 0.496063 0.165354 0.858268 
vn 0.488189 0.15748 0.858268 
vn 0.0944882 0.173228 0.976378 
vn 1 0.0393701 -0.0629921 
vn 0.929134 0.0472441 -0.362205 
vn 0.716535 -0.401575 -0.574803 
vn 0.708661 -0.0944882 -0.700787 
vn 0.472441 0.314961 0.818898 
vn 0.92126 0.125984 -0.354331 
vn 0.92126 0.125984 -0.354331 
vn 0.913386 0.204724 -0.354331 
vn 0.913386 0.204724 -0.354331 
vn -0.685039 0.708661 -0.173228 
vn -0.685039 0.708661 -0.173228 
vn -0.685039 0.708661 -0.173228 
vn -0.76378 0.574803 0.299213 
vn -0.76378 0.574803 0.299213 
vn -0.76378 0.574803 0.299213 
vn -0.818898 0.574803 0.0472441 
vn -0.795276 0.574803 -0.204724 
vn -0.685039 0.574803 -0.440945 
vn -0.858268 0.401575 0.330709 
vn -0.858268 0.401575 0.330709 
vn -0.913386 0.401575 0.0551181 
vn -0.889764 0.401575 -0.228346 
vn -0.771654 0.401575 -0.496063 
vn -0.480315 0.283465 -0.826772 
vn -0.480315 0.283465 -0.826772 
vn -0.0472441 0.401575 -0.913386 
vn -0.0472441 0.401575 -0.913386 
vn -0.92126 0.141732 0.354331 
vn -0.92126 0.141732 0.354331 
vn -0.992126 0.141732 0.0551181 
vn -0.96063 0.141732 -0.251969 
vn -0.834646 0.141732 -0.535433 
vn -0.496063 0.133858 -0.858268 
vn -0.0472441 0.141732 -0.992126 
vn -0.96063 -0.133858 -0.251969 
vn -0.96063 -0.133858 -0.251969 
vn -0.96063 -0.133858 -0.251969 
vn -0.826772 -0.173228 -0.527559 
vn -0.826772 -0.173228 -0.527559 
vn -0.826772 -0.173228 -0.527559 
vn -0.496063 -0.165354 -0.850394 
vn -0.496063 -0.165354 -0.850394 
vn -0.0866142 -0.173228 -0.984252 
vn -0.496063 -0.165354 -0.850394 
vn -0.496063 -0.165354 -0.850394 
vn -1 -0.0393701 0.0629921 
vn -0.929134 -0.0393701 0.362205 
vn -0.716535 0.401575 0.574803 
vn -0.708661 0.0944882 0.700787 
vn -0.496063 -0.165354 -0.850394 
vn -0.472441 -0.314961 -0.818898 
vn -0.968504 -0.173228 -0.19685 
vn -0.92126 -0.133858 0.354331 
vn -0.92126 -0.133858 0.354331 
vn -0.913386 -0.204724 0.354331 
vn -0.913386 -0.204724 0.354331 
vn -0.685039 0.708661 -0.173228 
vn 0.685039 -0.700787 0.181102 
vn 0.685039 -0.700787 0.181102 
vn -0.685039 0.708661 -0.173228 
vn -0.685039 0.708661 -0.173228 
vn 0.685039 -0.700787 0.181102 
vn -0.76378 0.574803 0.299213 
vn 0.76378 -0.574803 -0.299213 
vn 0.76378 -0.574803 -0.299213 
vn -0.76378 0.574803 0.299213 
vn 0.685039 -0.574803 0.440945 
vn -0.685039 0.574803 -0.440945 
vn 0.023622 -1 0.0629921 
vn -0.480315 0.283465 -0.826772 
vn 0.480315 -0.267717 0.834646 
vn -0.480315 0.283465 -0.826772 
vn 0.0472441 -0.401575 0.913386 
vn -0.0472441 0.401575 -0.913386 
vn -0.0472441 0.401575 -0.913386 
vn 0.0472441 -0.401575 0.913386 
vn 0.0472441 -0.141732 0.992126 
vn -0.0472441 0.141732 -0.992126 
vn -0.0866142 -0.173228 -0.984252 
vn -0.496063 -0.165354 -0.850394 
vn 0.488189 0.15748 0.858268 
vn 0.0944882 0.173228 0.976378 
vn 0.488189 0.15748 0.858268 
vn -0.496063 -0.165354 -0.850394 
vn -0.716535 0.401575 0.574803 
vn 0.716535 -0.401575 -0.574803 
vn -0.708661 0.0944882 0.700787 
vn 0.708661 -0.0944882 -0.700787 
vn -0.929134 -0.0393701 0.362205 
vn 0.929134 0.0472441 -0.362205 
vn 0.472441 0.314961 0.818898 
vn -0.472441 -0.314961 -0.818898 
vn -0.496063 -0.165354 -0.850394 
vn 0.496063 0.165354 0.858268 
vn -0.826772 -0.173228 -0.527559 
vn 0.937008 0.173228 0.299213 
vn 0.968504 0.173228 0.188976 
vn -0.96063 -0.133858 -0.251969 
vn -0.968504 -0.173228 -0.19685 
vn 0.968504 0.173228 0.188976 
vn 1 0.0393701 -0.0629921 
vn -1 -0.0393701 0.0629921 
vn -0.92126 -0.133858 0.354331 
vn 0.92126 0.125984 -0.354331 
vn 0.92126 0.125984 -0.354331 
vn -0.92126 -0.133858 0.354331 
vn -0.913386 -0.204724 0.354331 
vn 0.913386 0.204724 -0.354331 
vn -0.913386 -0.204724 0.354331 
vn 0.913386 0.204724 -0.354331 
vn -0.409449 0.133858 0.905512 
vn -0.409449 0.133858 0.905512 
vn -0.409449 0.133858 0.905512 
vn -0.409449 0.125984 0.905512 
vn -0.771654 0.141732 0.622047 
vn -0.771654 0.141732 0.622047 
vn -0.393701 0.251969 0.88189 
vn -0.393701 0.251969 0.88189 
vn -0.755906 0.259843 0.606299 
vn -0.370079 0.425197 0.826772 
vn -0.370079 0.425197 0.826772 
vn 0.0393701 0.440945 0.897638 
vn -0.92126 0.141732 0.354331 
vn -0.92126 0.141732 0.354331 
vn -0.929134 0.0393701 0.362205 
vn -0.929134 0.0393701 0.362205 
vn -1 -0.0551181 0.0629921 
vn -1 -0.0551181 0.0629921 
vn -1 -0.0551181 0.0629921 
vn -1 -0.0472441 0.0551181 
vn -1 0.0393701 0.0551181 
vn -0.984252 0.141732 0.0629921 
vn -0.685039 0.433071 0.582677 
vn 0.0393701 0.267717 0.96063 
vn 0.0472441 0.133858 0.992126 
vn 0.0472441 0.0393701 1 
vn -0.929134 -0.0472441 0.362205 
vn -0.905512 -0.228346 0.346457 
vn 0.771654 -0.133858 -0.622047 
vn 0.771654 -0.133858 -0.622047 
vn 0.771654 -0.133858 -0.622047 
vn 0.771654 -0.133858 -0.622047 
vn 0.409449 -0.133858 -0.905512 
vn 0.409449 -0.133858 -0.905512 
vn 0.748031 -0.259843 -0.606299 
vn 0.748031 -0.259843 -0.606299 
vn -0.0472441 -0.267717 -0.96063 
vn -0.0472441 -0.267717 -0.96063 
vn -0.0472441 -0.267717 -0.96063 
vn 0.401575 -0.251969 -0.88189 
vn -0.0472441 -0.433071 -0.897638 
vn 0.370079 -0.417323 -0.826772 
vn 0.92126 -0.133858 -0.354331 
vn 0.92126 -0.133858 -0.354331 
vn 0.929134 -0.0393701 -0.362205 
vn 0.929134 -0.0393701 -0.362205 
vn 1 0.0472441 -0.0551181 
vn 1 0.0472441 -0.0551181 
vn 1 0.0472441 -0.0551181 
vn 1 0.0472441 -0.0551181 
vn 1 -0.0393701 -0.0551181 
vn 0.992126 -0.133858 -0.0551181 
vn 0.700787 -0.433071 -0.566929 
vn -0.0472441 -0.141732 -0.992126 
vn -0.0472441 -0.0393701 -1 
vn 0.929134 0.0472441 -0.362205 
vn 0.905512 0.228346 -0.346457 
vn -0.622047 0.0393701 -0.787402 
vn 0.748031 -0.259843 -0.606299 
vn 0.771654 -0.133858 -0.622047 
vn -0.771654 0.141732 0.622047 
vn 0.748031 -0.259843 -0.606299 
vn -0.622047 0.0393701 -0.787402 
vn -0.755906 0.259843 0.606299 
vn 0.748031 -0.259843 -0.606299 
vn -0.0472441 -0.433071 -0.897638 
vn -0.370079 0.425197 0.826772 
vn 0.0393701 0.440945 0.897638 
vn -0.0472441 -0.267717 -0.96063 
vn 0.370079 -0.417323 -0.826772 
vn -0.370079 0.425197 0.826772 
vn 0.92126 -0.133858 -0.354331 
vn -0.92126 0.141732 0.354331 
vn 1 0.0472441 -0.0551181 
vn -1 -0.0551181 0.0629921 
vn -1 -0.0551181 0.0629921 
vn 1 0.0472441 -0.0551181 
vn 1 0.0472441 -0.0551181 
vn -1 -0.0551181 0.0629921 
vn -1 0.0393701 0.0551181 
vn 1 -0.0393701 -0.0551181 
vn 0.992126 -0.133858 -0.0551181 
vn -0.984252 0.141732 0.0629921 
vn 0.700787 -0.433071 -0.566929 
vn -0.685039 0.433071 0.582677 
vn 0.0393701 0.267717 0.96063 
vn -0.0472441 -0.267717 -0.96063 
vn 0.0472441 0.133858 0.992126 
vn -0.0472441 -0.141732 -0.992126 
vn -0.0472441 -0.0393701 -1 
vn 0.0472441 0.0393701 1 
vn -0.409449 0.133858 0.905512 
vn 0.771654 -0.133858 -0.622047 
vn -0.929134 0.0393701 0.362205 
vn 0.929134 -0.0393701 -0.362205 
vn -0.929134 -0.0472441 0.362205 
vn 0.929134 0.0472441 -0.362205 
vn 0.905512 0.228346 -0.346457 
vn -0.905512 -0.228346 0.346457 
vn -0.622047 0.0393701 -0.787402 
vn 0.929134 0.133858 -0.346457 
vn 0.929134 0.133858 -0.346457 
vn 0.929134 0.133858 -0.346457 
vn 0.992126 0.133858 -0.0629921 
vn 0.913386 0.204724 -0.346457 
vn 0.913386 0.204724 -0.346457 
vn 0.976378 0.204724 -0.0551181 
vn 0.944882 0.212598 0.244094 
vn 0.944882 0.212598 0.244094 
vn 0.88189 0.314961 -0.346457 
vn 0.88189 0.314961 -0.346457 
vn 0.88189 0.322835 -0.338583 
vn 0.944882 0.322835 -0.0551181 
vn 0.913386 0.314961 0.23622 
vn 0.795276 0.322835 0.511811 
vn 0.598425 0.314961 0.732283 
vn 0.598425 0.314961 0.732283 
vn 0.346457 0.322835 0.88189 
vn 0.84252 0.433071 -0.322835 
vn 0.84252 0.433071 -0.322835 
vn 0.897638 0.433071 -0.0551181 
vn 0.874016 0.433071 0.228346 
vn 0.755906 0.433071 0.488189 
vn 0.574803 0.433071 0.700787 
vn 0.566929 0.433071 0.700787 
vn 0.322835 0.433071 0.84252 
vn 0.787402 0.527559 -0.307087 
vn 0.787402 0.527559 -0.307087 
vn 0.850394 0.527559 -0.0472441 
vn 0.818898 0.535433 0.212598 
vn 0.818898 0.535433 0.212598 
vn 0.708661 0.535433 0.456693 
vn 0.307087 0.543307 0.787402 
vn 0.716535 0.629921 -0.283465 
vn 0.771654 0.629921 -0.0472441 
vn 0.748031 0.637795 0.188976 
vn 0.645669 0.637795 0.417323 
vn 0.661417 0.748031 -0.0393701 
vn 0.661417 0.535433 -0.527559 
vn 0.708661 0.433071 -0.559055 
vn -0.92126 -0.133858 0.354331 
vn -0.92126 -0.133858 0.354331 
vn -0.92126 -0.133858 0.354331 
vn -0.992126 -0.133858 0.0551181 
vn -0.913386 -0.204724 0.354331 
vn -0.913386 -0.204724 0.354331 
vn -0.976378 -0.204724 0.0551181 
vn -0.944882 -0.204724 -0.244094 
vn -0.944882 -0.204724 -0.244094 
vn -0.88189 -0.322835 0.338583 
vn -0.88189 -0.322835 0.338583 
vn -0.88189 -0.322835 0.338583 
vn -0.944882 -0.322835 0.0551181 
vn -0.913386 -0.322835 -0.23622 
vn -0.795276 -0.322835 -0.511811 
vn -0.598425 -0.322835 -0.732283 
vn -0.598425 -0.322835 -0.732283 
vn -0.338583 -0.322835 -0.88189 
vn -0.84252 -0.433071 0.322835 
vn -0.84252 -0.433071 0.322835 
vn -0.897638 -0.433071 0.0551181 
vn -0.874016 -0.433071 -0.228346 
vn -0.755906 -0.433071 -0.488189 
vn -0.566929 -0.433071 -0.700787 
vn -0.566929 -0.433071 -0.700787 
vn -0.322835 -0.433071 -0.84252 
vn -0.795276 -0.527559 0.307087 
vn -0.795276 -0.527559 0.307087 
vn -0.850394 -0.527559 0.0472441 
vn -0.818898 -0.527559 -0.212598 
vn -0.818898 -0.527559 -0.212598 
vn -0.716535 -0.535433 -0.456693 
vn -0.299213 -0.535433 -0.787402 
vn -0.724409 -0.629921 0.275591 
vn -0.771654 -0.629921 0.0472441 
vn -0.748031 -0.629921 -0.19685 
vn -0.653543 -0.637795 -0.417323 
vn -0.661417 -0.748031 0.0393701 
vn -0.661417 -0.527559 0.535433 
vn -0.700787 -0.433071 0.566929 
vn -0.92126 -0.133858 0.354331 
vn -0.92126 -0.133858 0.354331 
vn 0.929134 0.133858 -0.346457 
vn 0.929134 0.133858 -0.346457 
vn 0.992126 0.133858 -0.0629921 
vn -0.992126 -0.133858 0.0551181 
vn -0.913386 -0.204724 0.354331 
vn 0.913386 0.204724 -0.346457 
vn -0.976378 -0.204724 0.0551181 
vn 0.976378 0.204724 -0.0551181 
vn 0.944882 0.212598 0.244094 
vn -0.944882 -0.204724 -0.244094 
vn -0.944882 -0.204724 -0.244094 
vn -0.944882 -0.204724 -0.244094 
vn 0.944882 0.212598 0.244094 
vn 0.944882 0.212598 0.244094 
vn -0.88189 -0.322835 0.338583 
vn 0.88189 0.314961 -0.346457 
vn 0.795276 0.322835 0.511811 
vn -0.795276 -0.322835 -0.511811 
vn 0.598425 0.314961 0.732283 
vn -0.598425 -0.322835 -0.732283 
vn 0.346457 0.322835 0.88189 
vn -0.338583 -0.322835 -0.88189 
vn 0.322835 0.433071 0.84252 
vn -0.322835 -0.433071 -0.84252 
vn -0.716535 -0.535433 -0.456693 
vn -0.566929 -0.433071 -0.700787 
vn 0.574803 0.433071 0.700787 
vn 0.708661 0.535433 0.456693 
vn -0.299213 -0.535433 -0.787402 
vn 0.307087 0.543307 0.787402 
vn -0.724409 -0.629921 0.275591 
vn 0.716535 0.629921 -0.283465 
vn 0.787402 0.527559 -0.307087 
vn -0.795276 -0.527559 0.307087 
vn -0.748031 -0.629921 -0.19685 
vn -0.818898 -0.527559 -0.212598 
vn 0.818898 0.535433 0.212598 
vn 0.748031 0.637795 0.188976 
vn 0.645669 0.637795 0.417323 
vn -0.653543 -0.637795 -0.417323 
vn -0.661417 -0.748031 0.0393701 
vn 0.661417 0.748031 -0.0393701 
vn 0.661417 0.535433 -0.527559 
vn -0.661417 -0.527559 0.535433 
vn 0.708661 0.433071 -0.559055 
vn -0.700787 -0.433071 0.566929 
vn -0.913386 0.204724 0.346457 
vn -0.913386 0.204724 0.346457 
vn -0.913386 0.204724 0.346457 
vn -0.913386 0.19685 0.346457 
vn -0.88189 0.330709 0.338583 
vn -0.88189 0.330709 0.338583 
vn -0.976378 0.204724 0.0629921 
vn -0.976378 0.204724 0.0629921 
vn -0.84252 0.433071 0.322835 
vn -0.716535 0.433071 0.551181 
vn 0.913386 -0.204724 -0.354331 
vn 0.913386 -0.204724 -0.354331 
vn 0.913386 -0.204724 -0.354331 
vn 0.913386 -0.204724 -0.354331 
vn 0.88189 -0.322835 -0.338583 
vn 0.88189 -0.322835 -0.338583 
vn 0.976378 -0.204724 -0.0551181 
vn 0.976378 -0.204724 -0.0551181 
vn 0.84252 -0.433071 -0.322835 
vn 0.700787 -0.433071 -0.566929 
vn 0.913386 -0.204724 -0.354331 
vn 0.913386 -0.204724 -0.354331 
vn -0.913386 0.204724 0.346457 
vn -0.913386 0.19685 0.346457 
vn 0.913386 -0.204724 -0.354331 
vn -0.913386 0.204724 0.346457 
vn 0.88189 -0.322835 -0.338583 
vn -0.88189 0.330709 0.338583 
vn 0.976378 -0.204724 -0.0551181 
vn 0.976378 -0.204724 -0.0551181 
vn -0.976378 0.204724 0.0629921 
vn -0.976378 0.204724 0.0629921 
vn 0.88189 -0.322835 -0.338583 
vn -0.88189 0.330709 0.338583 
vn -0.84252 0.433071 0.322835 
vn 0.84252 -0.433071 -0.322835 
vn -0.716535 0.433071 0.551181 
vn 0.700787 -0.433071 -0.566929 
vn 0.700787 -0.433071 -0.566929 
vn -0.716535 0.433071 0.551181 
vn 0.433071 0.858268 0.275591 
vn 0.433071 0.858268 0.275591 
vn 0.433071 0.858268 0.275591 
vn 0.322835 0.858268 0.393701 
vn 0.322835 0.858268 0.393701 
vn 0.181102 0.858268 0.480315 
vn 0.181102 0.858268 0.480315 
vn 0.023622 0.858268 0.519685 
vn 0.023622 0.850394 0.519685 
vn -0.133858 0.858268 0.496063 
vn -0.133858 0.858268 0.496063 
vn -0.188976 0.944882 0.267717 
vn -0.188976 0.944882 0.267717 
vn -0.188976 0.944882 0.267717 
vn 0.314961 0.944882 0.0708661 
vn 0.314961 0.944882 0.0708661 
vn 0.314961 0.944882 0.0708661 
vn 0.275591 0.944882 0.181102 
vn 0.204724 0.944882 0.251969 
vn 0.11811 0.944882 0.307087 
vn 0.015748 0.944882 0.330709 
vn -0.0629921 0.992126 0.0866142 
vn -0.0708661 0.992126 0.0787402 
vn -0.110236 0.992126 0.00787402 
vn -0.110236 0.992126 0.00787402 
vn -0.0393701 0.992126 -0.0944882 
vn -0.0393701 0.992126 -0.0944882 
vn -0.0787402 0.992126 -0.0708661 
vn -0.0866142 0.992126 -0.0551181 
vn 0.0314961 0.755906 0.661417 
vn -0.173228 0.748031 0.645669 
vn -0.362205 0.748031 0.559055 
vn -0.433071 -0.858268 -0.275591 
vn -0.433071 -0.858268 -0.275591 
vn -0.433071 -0.858268 -0.275591 
vn -0.322835 -0.858268 -0.401575 
vn -0.322835 -0.858268 -0.401575 
vn -0.181102 -0.858268 -0.480315 
vn -0.181102 -0.858268 -0.480315 
vn -0.023622 -0.858268 -0.511811 
vn -0.023622 -0.858268 -0.511811 
vn 0.133858 -0.858268 -0.496063 
vn 0.133858 -0.858268 -0.496063 
vn 0.181102 -0.944882 -0.275591 
vn 0.181102 -0.944882 -0.275591 
vn 0.181102 -0.944882 -0.275591 
vn -0.322835 -0.944882 -0.0866142 
vn -0.322835 -0.944882 -0.0866142 
vn -0.322835 -0.944882 -0.0866142 
vn -0.275591 -0.944882 -0.181102 
vn -0.204724 -0.944882 -0.251969 
vn -0.11811 -0.944882 -0.307087 
vn -0.015748 -0.944882 -0.330709 
vn 0.0629921 -0.992126 -0.0944882 
vn 0.0866142 -0.992126 -0.0708661 
vn 0.110236 -0.992126 -0.00787402 
vn 0.110236 -0.992126 -0.00787402 
vn 0.0393701 -0.992126 0.102362 
vn 0.0629921 -0.992126 -0.0944882 
vn 0.0393701 -0.992126 0.102362 
vn 0.0393701 -0.992126 0.102362 
vn 0.0708661 -0.992126 0.0866142 
vn 0.0944882 -0.992126 0.0629921 
vn -0.0314961 -0.748031 -0.661417 
vn 0.173228 -0.748031 -0.637795 
vn 0.362205 -0.748031 -0.559055 
vn -0.433071 -0.858268 -0.275591 
vn 0.433071 0.858268 0.275591 
vn 0.433071 0.858268 0.275591 
vn -0.433071 -0.858268 -0.275591 
vn 0.322835 0.858268 0.393701 
vn -0.322835 -0.858268 -0.401575 
vn -0.181102 -0.858268 -0.480315 
vn 0.181102 0.858268 0.480315 
vn 0.181102 -0.944882 -0.275591 
vn -0.188976 0.944882 0.267717 
vn -0.188976 0.944882 0.267717 
vn 0.181102 -0.944882 -0.275591 
vn -0.322835 -0.944882 -0.0866142 
vn 0.314961 0.944882 0.0708661 
vn 0.314961 0.944882 0.0708661 
vn -0.322835 -0.944882 -0.0866142 
vn -0.0708661 0.992126 0.0787402 
vn 0.0866142 -0.992126 -0.0708661 
vn -0.0629921 0.992126 0.0866142 
vn 0.110236 -0.992126 -0.00787402 
vn -0.110236 0.992126 0.00787402 
vn -0.110236 0.992126 0.00787402 
vn 0.110236 -0.992126 -0.00787402 
vn 0.0393701 -0.992126 0.102362 
vn -0.0393701 0.992126 -0.0944882 
vn -0.0393701 0.992126 -0.0944882 
vn 0.0708661 -0.992126 0.0866142 
vn -0.0787402 0.992126 -0.0708661 
vn 0.0944882 -0.992126 0.0629921 
vn -0.0866142 0.992126 -0.0551181 
vn -0.0787402 0.992126 -0.0708661 
vn 0.0708661 -0.992126 0.0866142 
vn 0.0314961 0.755906 0.661417 
vn -0.0314961 -0.748031 -0.661417 
vn -0.023622 -0.858268 -0.511811 
vn 0.023622 0.850394 0.519685 
vn -0.173228 0.748031 0.645669 
vn 0.173228 -0.748031 -0.637795 
vn 0.362205 -0.748031 -0.559055 
vn -0.362205 0.748031 0.559055 
vn 0.622047 0.740157 -0.244094 
vn 0.622047 0.740157 -0.244094 
vn 0.622047 0.740157 -0.244094 
vn 0.622047 0.748031 -0.23622 
vn 0.480315 0.858268 -0.188976 
vn 0.480315 0.858268 -0.188976 
vn 0.488189 0.850394 -0.188976 
vn 0.511811 0.858268 -0.0314961 
vn 0.511811 0.858268 -0.0314961 
vn 0.307087 0.944882 -0.11811 
vn 0.307087 0.944882 -0.11811 
vn 0.330709 0.944882 -0.00787402 
vn 0.110236 0.992126 -0.0393701 
vn 0.519685 0.748031 -0.417323 
vn 0.519685 0.748031 -0.417323 
vn 0.259843 0.944882 -0.212598 
vn 0.259843 0.944882 -0.212598 
vn 0.173228 0.944882 -0.283465 
vn 0.0551181 0.992126 -0.102362 
vn -0.00787402 0.992126 -0.110236 
vn 0.606299 0.629921 -0.488189 
vn 0.661417 0.748031 -0.0393701 
vn -0.622047 -0.748031 0.244094 
vn -0.622047 -0.748031 0.244094 
vn -0.622047 -0.748031 0.244094 
vn -0.622047 -0.748031 0.244094 
vn -0.480315 -0.858268 0.188976 
vn -0.480315 -0.858268 0.188976 
vn -0.480315 -0.858268 0.188976 
vn -0.511811 -0.858268 0.0314961 
vn -0.511811 -0.858268 0.0314961 
vn -0.307087 -0.944882 0.11811 
vn -0.307087 -0.944882 0.11811 
vn -0.330709 -0.944882 0.023622 
vn -0.102362 -0.992126 0.0393701 
vn -0.519685 -0.748031 0.417323 
vn -0.519685 -0.748031 0.417323 
vn -0.259843 -0.944882 0.204724 
vn -0.259843 -0.944882 0.204724 
vn -0.181102 -0.944882 0.275591 
vn -0.0314961 -0.992126 0.110236 
vn 0.00787402 -0.992126 0.110236 
vn -0.606299 -0.629921 0.488189 
vn -0.661417 -0.748031 0.0393701 
vn -0.511811 -0.858268 0.0314961 
vn 0.511811 0.858268 -0.0314961 
vn 0.511811 0.858268 -0.0314961 
vn -0.511811 -0.858268 0.0314961 
vn 0.330709 0.944882 -0.00787402 
vn -0.330709 -0.944882 0.023622 
vn 0.110236 0.992126 -0.0393701 
vn -0.102362 -0.992126 0.0393701 
vn -0.519685 -0.748031 0.417323 
vn 0.519685 0.748031 -0.417323 
vn 0.519685 0.748031 -0.417323 
vn -0.519685 -0.748031 0.417323 
vn -0.480315 -0.858268 0.188976 
vn 0.480315 0.858268 -0.188976 
vn -0.181102 -0.944882 0.275591 
vn 0.173228 0.944882 -0.283465 
vn 0.259843 0.944882 -0.212598 
vn -0.259843 -0.944882 0.204724 
vn -0.0314961 -0.992126 0.110236 
vn 0.0551181 0.992126 -0.102362 
vn 0.00787402 -0.992126 0.110236 
vn -0.00787402 0.992126 -0.110236 
vn -0.606299 -0.629921 0.488189 
vn 0.606299 0.629921 -0.488189 
vn -0.622047 -0.748031 0.244094 
vn -0.606299 -0.629921 0.488189 
vn 0.606299 0.629921 -0.488189 
vn 0.622047 0.740157 -0.244094 
vn -0.661417 -0.748031 0.0393701 
vn 0.661417 0.748031 -0.0393701 
vn -0.685039 0.456693 0.574803 
vn -0.685039 0.456693 0.574803 
vn -0.685039 0.456693 0.574803 
vn -0.685039 0.496063 0.535433 
vn -0.464567 0.527559 0.708661 
vn -0.464567 0.527559 0.708661 
vn -0.464567 0.527559 0.708661 
vn -0.220472 0.527559 0.818898 
vn -0.425197 0.637795 0.645669 
vn -0.566929 0.692913 0.456693 
vn -0.566929 0.692913 0.456693 
vn 0.0393701 0.629921 0.771654 
vn 0.0393701 0.629921 0.771654 
vn 0.0314961 0.748031 0.661417 
vn -0.283465 0.858268 0.433071 
vn -0.283465 0.858268 0.433071 
vn -0.393701 0.858268 0.330709 
vn -0.259843 0.944882 0.204724 
vn -0.259843 0.944882 0.204724 
vn -0.874016 0.480315 0.0472441 
vn -0.874016 0.480315 0.0472441 
vn -0.874016 0.480315 0.0472441 
vn -0.874016 0.480315 0.0551181 
vn -0.677165 0.692913 0.251969 
vn -0.472441 0.874016 0.125984 
vn -0.322835 0.944882 0.0708661 
vn -0.944882 0.330709 0.0551181 
vn -0.944882 0.314961 0.0393701 
vn -0.92126 0.314961 -0.23622 
vn 0.464567 -0.527559 -0.708661 
vn 0.464567 -0.527559 -0.708661 
vn 0.464567 -0.527559 -0.708661 
vn 0.464567 -0.527559 -0.708661 
vn 0.677165 -0.448819 -0.582677 
vn 0.677165 -0.448819 -0.582677 
vn 0.685039 -0.496063 -0.527559 
vn 0.220472 -0.527559 -0.818898 
vn -0.0393701 -0.637795 -0.771654 
vn -0.0393701 -0.637795 -0.771654 
vn 0.204724 -0.629921 -0.748031 
vn 0.362205 -0.748031 -0.559055 
vn 0.362205 -0.748031 -0.559055 
vn 0.566929 -0.685039 -0.456693 
vn -0.0314961 -0.748031 -0.661417 
vn 0.283465 -0.858268 -0.433071 
vn 0.401575 -0.858268 -0.322835 
vn 0.259843 -0.944882 -0.204724 
vn 0.259843 -0.944882 -0.204724 
vn 0.874016 -0.480315 -0.0472441 
vn 0.874016 -0.480315 -0.0472441 
vn 0.874016 -0.480315 -0.0472441 
vn 0.874016 -0.480315 -0.0472441 
vn 0.677165 -0.685039 -0.259843 
vn 0.472441 -0.874016 -0.125984 
vn 0.322835 -0.944882 -0.0708661 
vn 0.944882 -0.322835 -0.0551181 
vn 0.944882 -0.322835 -0.0551181 
vn 0.913386 -0.322835 0.244094 
vn -0.685039 0.456693 0.574803 
vn 0.677165 -0.448819 -0.582677 
vn 0.464567 -0.527559 -0.708661 
vn -0.685039 0.456693 0.574803 
vn 0.677165 -0.448819 -0.582677 
vn -0.685039 0.456693 0.574803 
vn 0.464567 -0.527559 -0.708661 
vn -0.464567 0.527559 0.708661 
vn 0.220472 -0.527559 -0.818898 
vn -0.220472 0.527559 0.818898 
vn -0.0393701 -0.637795 -0.771654 
vn 0.0393701 0.629921 0.771654 
vn 0.362205 -0.748031 -0.559055 
vn -0.283465 0.858268 0.433071 
vn -0.425197 0.637795 0.645669 
vn 0.204724 -0.629921 -0.748031 
vn -0.0314961 -0.748031 -0.661417 
vn 0.0314961 0.748031 0.661417 
vn 0.283465 -0.858268 -0.433071 
vn -0.283465 0.858268 0.433071 
vn 0.259843 -0.944882 -0.204724 
vn -0.259843 0.944882 0.204724 
vn 0.259843 -0.944882 -0.204724 
vn -0.259843 0.944882 0.204724 
vn -0.874016 0.480315 0.0472441 
vn 0.874016 -0.480315 -0.0472441 
vn 0.322835 -0.944882 -0.0708661 
vn -0.322835 0.944882 0.0708661 
vn -0.677165 0.692913 0.251969 
vn 0.677165 -0.685039 -0.259843 
vn 0.874016 -0.480315 -0.0472441 
vn -0.874016 0.480315 0.0472441 
vn -0.472441 0.874016 0.125984 
vn 0.472441 -0.874016 -0.125984 
vn 0.944882 -0.322835 -0.0551181 
vn 0.944882 -0.322835 -0.0551181 
vn -0.944882 0.330709 0.0551181 
vn -0.944882 0.314961 0.0393701 
vn -0.944882 0.330709 0.0551181 
vn 0.944882 -0.322835 -0.0551181 
vn -0.92126 0.314961 -0.23622 
vn 0.913386 -0.322835 0.244094 
vn -1 -0.0551181 0.0472441 
vn -1 -0.0551181 0.0472441 
vn -1 -0.0551181 0.0472441 
vn -0.968504 -0.0551181 -0.244094 
vn -0.992126 0.141732 0.0472441 
vn -0.992126 0.141732 0.0472441 
vn -0.992126 0.141732 0.0472441 
vn -0.96063 0.125984 -0.23622 
vn -0.96063 0.133858 -0.251969 
vn -0.96063 0.133858 -0.251969 
vn -0.976378 0.204724 0.0472441 
vn -0.976378 0.204724 0.0472441 
vn -0.826772 0.204724 -0.527559 
vn -0.826772 0.204724 -0.527559 
vn -0.818898 0.19685 -0.535433 
vn -0.944882 0.330709 0.0472441 
vn -0.795276 0.322835 -0.511811 
vn -0.795276 0.322835 -0.511811 
vn -0.913386 0.322835 -0.244094 
vn -0.755906 0.433071 -0.488189 
vn -0.755906 0.433071 -0.488189 
vn -0.874016 0.433071 -0.23622 
vn -0.708661 0.535433 -0.456693 
vn -0.708661 0.535433 -0.456693 
vn -0.811024 0.535433 -0.220472 
vn -0.566929 0.433071 -0.700787 
vn -0.566929 0.433071 -0.700787 
vn -0.566929 0.433071 -0.700787 
vn -0.535433 0.535433 -0.653543 
vn -0.488189 0.637795 -0.598425 
vn -0.748031 0.629921 -0.19685 
vn -0.84252 0.133858 -0.527559 
vn -0.622047 0.204724 -0.755906 
vn 1 0.0472441 -0.0551181 
vn 1 0.0472441 -0.0551181 
vn 1 0.0472441 -0.0551181 
vn 0.968504 0.0472441 0.251969 
vn 0.992126 -0.133858 -0.0551181 
vn 0.992126 -0.133858 -0.0551181 
vn 0.992126 -0.133858 -0.0551181 
vn 0.96063 -0.133858 0.251969 
vn 0.96063 -0.133858 0.251969 
vn 0.96063 -0.133858 0.251969 
vn 0.976378 -0.204724 -0.0551181 
vn 0.976378 -0.204724 -0.0551181 
vn 0.826772 -0.204724 0.527559 
vn 0.826772 -0.204724 0.527559 
vn 0.826772 -0.204724 0.527559 
vn 0.944882 -0.322835 -0.0551181 
vn 0.795276 -0.322835 0.511811 
vn 0.795276 -0.322835 0.511811 
vn 0.913386 -0.322835 0.244094 
vn 0.755906 -0.433071 0.488189 
vn 0.755906 -0.433071 0.488189 
vn 0.874016 -0.433071 0.228346 
vn 0.708661 -0.535433 0.456693 
vn 0.708661 -0.535433 0.456693 
vn 0.818898 -0.527559 0.212598 
vn 0.566929 -0.433071 0.700787 
vn 0.566929 -0.433071 0.700787 
vn 0.566929 -0.433071 0.700787 
vn 0.535433 -0.535433 0.653543 
vn 0.488189 -0.637795 0.598425 
vn 0.748031 -0.629921 0.19685 
vn 0.834646 -0.141732 0.535433 
vn 0.614173 -0.204724 0.76378 
vn 1 0.0472441 -0.0551181 
vn 1 0.0472441 -0.0551181 
vn -1 -0.0551181 0.0472441 
vn -1 -0.0551181 0.0472441 
vn 1 0.0472441 -0.0551181 
vn -1 -0.0551181 0.0472441 
vn -0.968504 -0.0551181 -0.244094 
vn 0.968504 0.0472441 0.251969 
vn 0.992126 -0.133858 -0.0551181 
vn -0.992126 0.141732 0.0472441 
vn -0.992126 0.141732 0.0472441 
vn 0.992126 -0.133858 -0.0551181 
vn 0.96063 -0.133858 0.251969 
vn 0.96063 -0.133858 0.251969 
vn -0.96063 0.125984 -0.23622 
vn -0.96063 0.133858 -0.251969 
vn 0.976378 -0.204724 -0.0551181 
vn -0.976378 0.204724 0.0472441 
vn 0.944882 -0.322835 -0.0551181 
vn -0.944882 0.330709 0.0472441 
vn 0.913386 -0.322835 0.244094 
vn -0.913386 0.322835 -0.244094 
vn 0.874016 -0.433071 0.228346 
vn -0.874016 0.433071 -0.23622 
vn 0.818898 -0.527559 0.212598 
vn -0.811024 0.535433 -0.220472 
vn 0.566929 -0.433071 0.700787 
vn -0.566929 0.433071 -0.700787 
vn -0.566929 0.433071 -0.700787 
vn 0.566929 -0.433071 0.700787 
vn 0.566929 -0.433071 0.700787 
vn -0.566929 0.433071 -0.700787 
vn -0.535433 0.535433 -0.653543 
vn 0.535433 -0.535433 0.653543 
vn 0.488189 -0.637795 0.598425 
vn -0.488189 0.637795 -0.598425 
vn -0.708661 0.535433 -0.456693 
vn 0.708661 -0.535433 0.456693 
vn 0.748031 -0.629921 0.19685 
vn -0.748031 0.629921 -0.19685 
vn 0.826772 -0.204724 0.527559 
vn 0.834646 -0.141732 0.535433 
vn -0.84252 0.133858 -0.527559 
vn -0.818898 0.19685 -0.535433 
vn -0.622047 0.204724 -0.755906 
vn 0.614173 -0.204724 0.76378 
vn 0.771654 0.133858 -0.622047 
vn 0.771654 0.133858 -0.622047 
vn 0.771654 0.133858 -0.622047 
vn 0.76378 0.149606 -0.629921 
vn 0.771654 0.125984 -0.622047 
vn 0.76378 0.204724 -0.614173 
vn 0.76378 0.204724 -0.614173 
vn 0.732283 0.322835 -0.598425 
vn 0.732283 0.322835 -0.598425 
vn 0.700787 0.433071 -0.566929 
vn 0.700787 0.433071 -0.566929 
vn 0.496063 0.425197 -0.755906 
vn 0.496063 0.425197 -0.755906 
vn 0.661417 0.527559 -0.535433 
vn 0.661417 0.527559 -0.535433 
vn 0.464567 0.535433 -0.708661 
vn 0.598425 0.629921 -0.488189 
vn 0.220472 0.527559 -0.818898 
vn 0.220472 0.527559 -0.818898 
vn -0.023622 0.527559 -0.850394 
vn 0.519685 0.330709 -0.787402 
vn 0.535433 0.204724 -0.818898 
vn 0.535433 0.204724 -0.818898 
vn -0.771654 -0.133858 0.622047 
vn -0.771654 -0.133858 0.622047 
vn -0.771654 -0.133858 0.622047 
vn -0.771654 -0.133858 0.622047 
vn -0.771654 -0.133858 0.622047 
vn -0.76378 -0.204724 0.614173 
vn -0.76378 -0.204724 0.614173 
vn -0.740157 -0.322835 0.590551 
vn -0.740157 -0.322835 0.590551 
vn -0.700787 -0.433071 0.566929 
vn -0.700787 -0.433071 0.566929 
vn -0.496063 -0.433071 0.755906 
vn -0.496063 -0.433071 0.755906 
vn -0.661417 -0.527559 0.535433 
vn -0.661417 -0.527559 0.535433 
vn -0.464567 -0.527559 0.708661 
vn -0.606299 -0.629921 0.488189 
vn -0.228346 -0.527559 0.818898 
vn -0.228346 -0.527559 0.818898 
vn 0.0393701 -0.535433 0.84252 
vn -0.519685 -0.322835 0.787402 
vn -0.535433 -0.204724 0.818898 
vn -0.535433 -0.204724 0.818898 
vn -0.771654 -0.133858 0.622047 
vn 0.771654 0.133858 -0.622047 
vn 0.771654 0.133858 -0.622047 
vn -0.771654 -0.133858 0.622047 
vn -0.771654 -0.133858 0.622047 
vn 0.771654 0.133858 -0.622047 
vn -0.771654 -0.133858 0.622047 
vn 0.76378 0.149606 -0.629921 
vn 0.771654 0.133858 -0.622047 
vn -0.771654 -0.133858 0.622047 
vn -0.76378 -0.204724 0.614173 
vn 0.76378 0.204724 -0.614173 
vn 0.732283 0.322835 -0.598425 
vn -0.740157 -0.322835 0.590551 
vn 0.700787 0.433071 -0.566929 
vn -0.700787 -0.433071 0.566929 
vn 0.661417 0.527559 -0.535433 
vn -0.661417 -0.527559 0.535433 
vn -0.606299 -0.629921 0.488189 
vn 0.598425 0.629921 -0.488189 
vn -0.464567 -0.527559 0.708661 
vn 0.464567 0.535433 -0.708661 
vn 0.220472 0.527559 -0.818898 
vn -0.228346 -0.527559 0.818898 
vn -0.228346 -0.527559 0.818898 
vn 0.0393701 -0.535433 0.84252 
vn -0.023622 0.527559 -0.850394 
vn 0.220472 0.527559 -0.818898 
vn 0.496063 0.425197 -0.755906 
vn -0.496063 -0.433071 0.755906 
vn 0.519685 0.330709 -0.787402 
vn -0.519685 -0.322835 0.787402 
vn 0.535433 0.204724 -0.818898 
vn -0.535433 -0.204724 0.818898 
vn -0.535433 -0.204724 0.818898 
vn 0.535433 0.204724 -0.818898 
vn -0.0472441 0.433071 -0.897638 
vn -0.0472441 0.433071 -0.897638 
vn -0.0472441 0.433071 -0.897638 
vn -0.322835 0.433071 -0.84252 
vn -0.322835 0.433071 -0.84252 
vn -0.566929 0.433071 -0.700787 
vn 0.228346 0.527559 -0.818898 
vn 0.228346 0.527559 -0.818898 
vn 0.228346 0.527559 -0.818898 
vn -0.0393701 0.535433 -0.84252 
vn -0.299213 0.535433 -0.787402 
vn -0.527559 0.535433 -0.661417 
vn -0.771654 0.629921 0.0393701 
vn -0.771654 0.629921 0.0393701 
vn -0.771654 0.629921 0.0393701 
vn 0.433071 0.629921 -0.645669 
vn 0.433071 0.629921 -0.645669 
vn 0.204724 0.637795 -0.748031 
vn -0.0314961 0.637795 -0.771654 
vn -0.275591 0.637795 -0.724409 
vn -0.488189 0.637795 -0.598425 
vn -0.488189 0.629921 -0.598425 
vn -0.692913 0.622047 -0.354331 
vn -0.590551 0.80315 0.0393701 
vn -0.590551 0.80315 0.0393701 
vn 0.330709 0.80315 -0.496063 
vn 0.330709 0.80315 -0.496063 
vn 0.15748 0.80315 -0.574803 
vn -0.023622 0.80315 -0.590551 
vn -0.212598 0.80315 -0.551181 
vn -0.370079 0.80315 -0.456693 
vn -0.496063 0.80315 -0.322835 
vn -0.330709 0.944882 0.023622 
vn 0.0866142 0.944882 -0.314961 
vn 0.0944882 0.944882 -0.307087 
vn -0.015748 0.944882 -0.330709 
vn -0.11811 0.944882 -0.307087 
vn -0.212598 0.944882 -0.244094 
vn -0.275591 0.944882 -0.181102 
vn 0.409449 0.80315 -0.433071 
vn 0.0393701 0.992126 -0.110236 
vn -0.00787402 0.992126 -0.11811 
vn -0.0393701 0.992126 -0.110236 
vn 0.0393701 -0.433071 0.897638 
vn 0.0393701 -0.433071 0.897638 
vn 0.0393701 -0.433071 0.897638 
vn 0.322835 -0.433071 0.84252 
vn 0.322835 -0.433071 0.84252 
vn 0.566929 -0.433071 0.700787 
vn -0.228346 -0.527559 0.818898 
vn -0.228346 -0.527559 0.818898 
vn -0.228346 -0.527559 0.818898 
vn 0.0393701 -0.535433 0.84252 
vn 0.299213 -0.535433 0.787402 
vn 0.535433 -0.535433 0.653543 
vn 0.771654 -0.629921 -0.0393701 
vn 0.771654 -0.629921 -0.0393701 
vn 0.771654 -0.629921 -0.0393701 
vn -0.425197 -0.629921 0.645669 
vn -0.425197 -0.629921 0.645669 
vn -0.204724 -0.629921 0.748031 
vn 0.0393701 -0.637795 0.771654 
vn 0.275591 -0.637795 0.724409 
vn 0.488189 -0.637795 0.598425 
vn 0.488189 -0.637795 0.598425 
vn 0.692913 -0.629921 0.354331 
vn 0.551181 -0.787402 0.275591 
vn 0.496063 -0.80315 0.322835 
vn 0.574803 -0.80315 0.149606 
vn 0.598425 -0.80315 -0.0314961 
vn -0.330709 -0.80315 0.496063 
vn -0.330709 -0.80315 0.496063 
vn -0.15748 -0.80315 0.574803 
vn 0.023622 -0.80315 0.590551 
vn 0.212598 -0.80315 0.551181 
vn 0.330709 -0.944882 -0.015748 
vn -0.0866142 -0.944882 0.314961 
vn -0.0866142 -0.944882 0.314961 
vn 0.015748 -0.944882 0.330709 
vn 0.11811 -0.944882 0.307087 
vn 0.204724 -0.944882 0.251969 
vn 0.275591 -0.944882 0.181102 
vn -0.417323 -0.80315 0.417323 
vn -0.0314961 -0.992126 0.110236 
vn 0.00787402 -0.992126 0.110236 
vn 0.0393701 -0.992126 0.102362 
vn 0.0393701 -0.433071 0.897638 
vn -0.0472441 0.433071 -0.897638 
vn -0.0472441 0.433071 -0.897638 
vn 0.0393701 -0.433071 0.897638 
vn 0.322835 -0.433071 0.84252 
vn -0.322835 0.433071 -0.84252 
vn 0.566929 -0.433071 0.700787 
vn -0.566929 0.433071 -0.700787 
vn -0.228346 -0.527559 0.818898 
vn -0.228346 -0.527559 0.818898 
vn 0.228346 0.527559 -0.818898 
vn 0.228346 0.527559 -0.818898 
vn 0.535433 -0.535433 0.653543 
vn -0.527559 0.535433 -0.661417 
vn 0.771654 -0.629921 -0.0393701 
vn -0.771654 0.629921 0.0393701 
vn -0.771654 0.629921 0.0393701 
vn 0.771654 -0.629921 -0.0393701 
vn 0.433071 0.629921 -0.645669 
vn -0.425197 -0.629921 0.645669 
vn 0.488189 -0.637795 0.598425 
vn -0.488189 0.637795 -0.598425 
vn 0.488189 -0.637795 0.598425 
vn 0.692913 -0.629921 0.354331 
vn -0.692913 0.622047 -0.354331 
vn -0.488189 0.637795 -0.598425 
vn 0.598425 -0.80315 -0.0314961 
vn -0.590551 0.80315 0.0393701 
vn 0.330709 -0.944882 -0.015748 
vn -0.330709 0.944882 0.023622 
vn 0.275591 -0.944882 0.181102 
vn 0.204724 -0.944882 0.251969 
vn -0.212598 0.944882 -0.244094 
vn -0.275591 0.944882 -0.181102 
vn 0.409449 0.80315 -0.433071 
vn -0.417323 -0.80315 0.417323 
vn -0.330709 -0.80315 0.496063 
vn 0.330709 0.80315 -0.496063 
vn 0.0944882 0.944882 -0.307087 
vn -0.0866142 -0.944882 0.314961 
vn 0.0393701 0.992126 -0.110236 
vn -0.0314961 -0.992126 0.110236 
vn -0.00787402 0.992126 -0.11811 
vn 0.00787402 -0.992126 0.110236 
vn -0.0393701 0.992126 -0.110236 
vn 0.0393701 -0.992126 0.102362 
vn -0.0472441 -0.574803 -0.818898 
vn -0.0472441 -0.574803 -0.818898 
vn -0.0472441 -0.574803 -0.818898 
vn -0.0472441 -0.409449 -0.913386 
vn -0.0472441 -0.409449 -0.913386 
vn -0.322835 -0.409449 -0.850394 
vn -0.322835 -0.409449 -0.850394 
vn -0.574803 -0.409449 -0.708661 
vn 0.259843 -0.228346 -0.937008 
vn 0.259843 -0.228346 -0.937008 
vn 0.259843 -0.228346 -0.937008 
vn 0.259843 -0.23622 -0.937008 
vn 0.259843 -0.23622 -0.937008 
vn -0.0472441 -0.228346 -0.968504 
vn -0.346457 -0.228346 -0.913386 
vn -0.606299 -0.228346 -0.755906 
vn 0.259843 -0.0551181 -0.96063 
vn 0.259843 -0.0551181 -0.96063 
vn -0.0472441 -0.0551181 -1 
vn -0.354331 -0.0551181 -0.937008 
vn -0.629921 -0.0472441 -0.771654 
vn 0.543307 0.102362 -0.834646 
vn 0.543307 0.102362 -0.834646 
vn 0.543307 0.102362 -0.834646 
vn 0.543307 0.0472441 -0.834646 
vn -0.0472441 0.0866142 -0.992126 
vn -0.0472441 0.0866142 -0.992126 
vn -0.354331 0.0944882 -0.929134 
vn -0.629921 0.0944882 -0.771654 
vn -0.795276 0.0944882 -0.598425 
vn 0.244094 0.267717 -0.929134 
vn 0.244094 0.267717 -0.929134 
vn 0.259843 0.275591 -0.92126 
vn -0.0472441 0.267717 -0.96063 
vn -0.338583 0.267717 -0.897638 
vn 0.244094 0.433071 -0.866142 
vn -0.0472441 0.433071 -0.905512 
vn -0.322835 0.417323 -0.850394 
vn 0.535433 0.19685 -0.818898 
vn 0.0393701 0.574803 0.818898 
vn 0.0393701 0.574803 0.818898 
vn 0.0393701 0.574803 0.818898 
vn 0.0393701 0.401575 0.913386 
vn 0.0393701 0.401575 0.913386 
vn 0.322835 0.401575 0.858268 
vn 0.322835 0.401575 0.858268 
vn 0.574803 0.401575 0.708661 
vn -0.259843 0.228346 0.937008 
vn -0.259843 0.228346 0.937008 
vn -0.259843 0.228346 0.937008 
vn -0.259843 0.228346 0.937008 
vn -0.259843 0.228346 0.937008 
vn 0.0472441 0.228346 0.968504 
vn 0.346457 0.228346 0.913386 
vn 0.614173 0.228346 0.755906 
vn -0.267717 0.0472441 0.96063 
vn -0.267717 0.0472441 0.96063 
vn 0.0472441 0.0472441 1 
vn 0.354331 0.0472441 0.937008 
vn 0.629921 0.0472441 0.779528 
vn -0.543307 -0.133858 0.826772 
vn -0.543307 -0.133858 0.826772 
vn -0.543307 -0.133858 0.826772 
vn -0.535433 -0.0866142 0.84252 
vn -0.259843 -0.204724 0.944882 
vn -0.259843 -0.204724 0.944882 
vn 0.0472441 -0.267717 0.96063 
vn 0.0472441 -0.267717 0.96063 
vn 0.0472441 -0.267717 0.96063 
vn 0.338583 -0.267717 0.905512 
vn 0.338583 -0.267717 0.905512 
vn 0.606299 -0.267717 0.748031 
vn -0.23622 -0.433071 0.866142 
vn -0.23622 -0.433071 0.866142 
vn -0.220472 -0.0551181 0.976378 
vn 0.795276 -0.0944882 0.590551 
vn 0.0393701 -0.433071 0.897638 
vn 0.322835 -0.433071 0.84252 
vn 0.0393701 0.574803 0.818898 
vn -0.0472441 -0.574803 -0.818898 
vn -0.0472441 -0.574803 -0.818898 
vn 0.0393701 0.574803 0.818898 
vn 0.0393701 0.574803 0.818898 
vn -0.0472441 -0.574803 -0.818898 
vn -0.0472441 -0.409449 -0.913386 
vn 0.0393701 0.401575 0.913386 
vn 0.322835 0.401575 0.858268 
vn -0.322835 -0.409449 -0.850394 
vn 0.574803 0.401575 0.708661 
vn -0.574803 -0.409449 -0.708661 
vn -0.259843 0.228346 0.937008 
vn 0.259843 -0.228346 -0.937008 
vn 0.259843 -0.228346 -0.937008 
vn -0.259843 0.228346 0.937008 
vn -0.259843 0.228346 0.937008 
vn 0.259843 -0.228346 -0.937008 
vn -0.259843 0.228346 0.937008 
vn 0.259843 -0.23622 -0.937008 
vn 0.614173 0.228346 0.755906 
vn -0.606299 -0.228346 -0.755906 
vn 0.259843 -0.0551181 -0.96063 
vn -0.267717 0.0472441 0.96063 
vn 0.629921 0.0472441 0.779528 
vn -0.629921 -0.0472441 -0.771654 
vn -0.543307 -0.133858 0.826772 
vn -0.535433 -0.0866142 0.84252 
vn 0.543307 0.102362 -0.834646 
vn 0.84252 0.015748 0.543307 
vn -0.543307 -0.133858 0.826772 
vn 0.535433 0.19685 -0.818898 
vn 0.606299 -0.267717 0.748031 
vn 0.338583 -0.267717 0.905512 
vn -0.338583 0.267717 -0.897638 
vn -0.629921 0.0944882 -0.771654 
vn 0.244094 0.267717 -0.929134 
vn 0.259843 0.275591 -0.92126 
vn -0.23622 -0.433071 0.866142 
vn -0.259843 -0.204724 0.944882 
vn 0.244094 0.433071 -0.866142 
vn -0.23622 -0.433071 0.866142 
vn 0.543307 0.102362 -0.834646 
vn -0.220472 -0.0551181 0.976378 
vn 0.543307 0.0472441 -0.834646 
vn -0.448819 -0.826772 -0.330709 
vn -0.448819 -0.826772 -0.330709 
vn 0.543307 0.0472441 -0.834646 
vn -0.795276 0.0944882 -0.598425 
vn 0.795276 -0.0944882 0.590551 
vn 0.606299 -0.267717 0.748031 
vn -0.629921 0.0944882 -0.771654 
vn 0.0472441 -0.267717 0.96063 
vn 0.0393701 -0.433071 0.897638 
vn -0.0472441 0.433071 -0.905512 
vn -0.0472441 0.267717 -0.96063 
vn 0.322835 -0.433071 0.84252 
vn -0.322835 0.417323 -0.850394 
vn -0.448819 -0.826772 -0.330709 
vn 0.84252 0.015748 0.543307 
vn 0.496063 0.165354 0.858268 
vn -0.496063 -0.165354 -0.850394 
vn -0.629921 -0.0472441 -0.771654 
vn 0.629921 0.0472441 0.779528 

vt 0.778158 0.039037 
vt 0.818916 0.00243801 
vt 0.762336 0.014658 
vt 0.876666 0.012488 
vt 0.859835 0.037615 
vt 0.833452 0.051094 
vt 0.80431 0.051331 
vt 0.723302 0.032746 
vt 0.753148 0.069748 
vt 0.88515 0.06748 
vt 0.917045 0.032089 
vt 0.841877 0.086624 
vt 0.796028 0.08822 
vt 0.660935 0.091504 
vt 0.716285 0.138167 
vt 0.924401 0.135347 
vt 0.976211 0.09022 
vt 0.856752 0.164589 
vt 0.783186 0.164589 
vt 0.69942 0.302994 
vt 0.743243 0.267245 
vt 0.714487 0.189467 
vt 0.650583 0.226133 
vt 0.938109 0.310888 
vt 0.993297 0.232792 
vt 0.930615 0.192264 
vt 0.899469 0.272471 
vt 0.857385 0.168748 
vt 0.849709 0.251778 
vt 0.783526 0.168748 
vt 0.795935 0.250116 
vt 0.76566 0.349167 
vt 0.782616 0.328235 
vt 0.85532 0.330823 
vt 0.867921 0.352859 
vt 0.833117 0.318923 
vt 0.807383 0.318247 
vt 0.81655 0.362323 
vt 0.778158 0.039037 
vt 0.859835 0.037615 
vt 0.833452 0.051094 
vt 0.80431 0.051331 
vt 0.753148 0.069748 
vt 0.88515 0.06748 
vt 0.841877 0.086624 
vt 0.796028 0.08822 
vt 0.716285 0.138167 
vt 0.924401 0.135347 
vt 0.856752 0.164589 
vt 0.783186 0.164589 
vt 0.714487 0.189467 
vt 0.743243 0.267245 
vt 0.930615 0.192264 
vt 0.899469 0.272471 
vt 0.857385 0.168748 
vt 0.849709 0.251778 
vt 0.783526 0.168748 
vt 0.795935 0.250116 
vt 0.782616 0.328235 
vt 0.85532 0.330823 
vt 0.833117 0.318923 
vt 0.807383 0.318247 
vt 0.545529 0.459243 
vt 0.514263 0.468648 
vt 0.504332 0.442573 
vt 0.540314 0.43219 
vt 0.617979 0.517069 
vt 0.598253 0.509664 
vt 0.604384 0.485107 
vt 0.630221 0.493792 
vt 0.556086 0.509677 
vt 0.550726 0.484852 
vt 0.618101 0.546054 
vt 0.60663 0.537966 
vt 0.634489 0.528743 
vt 0.440414 0.4808 
vt 0.447756 0.489477 
vt 0.432704 0.488391 
vt 0.474965 0.465996 
vt 0.470697 0.458594 
vt 0.540946 0.488048 
vt 0.647983 0.513522 
vt 0.640724 0.50191 
vt 0.650028 0.476773 
vt 0.61009 0.459248 
vt 0.554622 0.430464 
vt 0.534599 0.404101 
vt 0.560312 0.400416 
vt 0.528698 0.375847 
vt 0.572983 0.384567 
vt 0.510371 0.410612 
vt 0.500981 0.433585 
vt 0.597207 0.513643 
vt 0.13 0.278383 
vt 0.12383 0.285968 
vt 0.114721 0.279611 
vt 0.119436 0.271159 
vt 0.110224 0.287517 
vt 0.093022 0.281946 
vt 0.093924 0.272755 
vt 0.092362 0.290592 
vt 0.085325 0.290928 
vt 0.083857 0.282293 
vt 0.105774 0.294975 
vt 0.086858 0.299151 
vt 0.082226 0.30064 
vt 0.078544 0.293053 
vt 0.146792 0.297516 
vt 0.148334 0.30064 
vt 0.143217 0.299696 
vt 0.137022 0.289131 
vt 0.139216 0.287199 
vt 0.112923 0.289527 
vt 0.075661 0.286548 
vt 0.079619 0.28359 
vt 0.079284 0.274015 
vt 0.1151 0.269151 
vt 0.102257 0.264637 
vt 0.124471 0.262385 
vt 0.116376 0.258394 
vt 0.129717 0.253348 
vt 0.113688 0.251592 
vt 0.131738 0.267186 
vt 0.132086 0.275801 
vt 0.092293 0.291717 
vt 0.335784 0.110558 
vt 0.344055 0.106741 
vt 0.345831 0.110582 
vt 0.337194 0.114524 
vt 0.348866 0.104524 
vt 0.350919 0.108204 
vt 0.376972 0.040325 
vt 0.374985 0.034993 
vt 0.378945 0.033515 
vt 0.381015 0.039221 
vt 0.211091 0.038067 
vt 0.206907 0.037804 
vt 0.207675 0.033515 
vt 0.211823 0.034327 
vt 0.382975 0.053585 
vt 0.378784 0.053614 
vt 0.212044 0.052051 
vt 0.207951 0.052914 
vt 0.377311 0.068374 
vt 0.381377 0.069369 
vt 0.376765 0.081795 
vt 0.372927 0.080069 
vt 0.329352 0.116572 
vt 0.328295 0.112475 
vt 0.3231 0.113807 
vt 0.324036 0.117919 
vt 0.313462 0.119498 
vt 0.312848 0.115317 
vt 0.302696 0.116811 
vt 0.303142 0.120984 
vt 0.287737 0.116977 
vt 0.287228 0.121131 
vt 0.274421 0.117947 
vt 0.275464 0.113851 
vt 0.259727 0.111701 
vt 0.261808 0.108029 
vt 0.249364 0.10506 
vt 0.251847 0.101648 
vt 0.231752 0.085713 
vt 0.245552 0.096659 
vt 0.242931 0.099972 
vt 0.22873 0.088605 
vt 0.218803 0.076213 
vt 0.222222 0.073742 
vt 0.217114 0.065879 
vt 0.21341 0.067827 
vt 0.368237 0.088675 
vt 0.371659 0.091097 
vt 0.35975 0.102562 
vt 0.357339 0.099105 
vt 0.59439 0.430367 
vt 0.706752 0.350256 
vt 0.728046 0.357753 
vt 0.700598 0.397721 
vt 0.673479 0.439045 
vt 0.662798 0.427988 
vt 0.65538 0.414644 
vt 0.652316 0.399743 
vt 0.653916 0.384755 
vt 0.660043 0.370906 
vt 0.670719 0.359119 
vt 0.68444 0.351962 
vt 0.70803 0.340788 
vt 0.742991 0.336933 
vt 0.657512 0.459597 
vt 0.64183 0.444091 
vt 0.630563 0.424126 
vt 0.635945 0.400648 
vt 0.628996 0.378308 
vt 0.676304 0.327367 
vt 0.620368 0.460498 
vt 0.748805 0.395922 
vt 0.687733 0.44451 
vt 0.71825 0.44417 
vt 0.731049 0.4358 
vt 0.741119 0.424669 
vt 0.774717 0.394711 
vt 0.683561 0.460498 
vt 0.747603 0.455483 
vt 0.762865 0.438222 
vt 0.024501 0.362669 
vt 0.017482 0.367477 
vt 0.014891 0.360231 
vt 0.023254 0.359112 
vt 0.036066 0.351865 
vt 0.041343 0.345141 
vt 0.044938 0.348916 
vt 0.03779 0.353711 
vt 0.033842 0.350639 
vt 0.036756 0.342613 
vt 0.031354 0.350135 
vt 0.031657 0.341601 
vt 0.028854 0.350437 
vt 0.026526 0.342187 
vt 0.026604 0.351525 
vt 0.02177 0.344354 
vt 0.017905 0.347892 
vt 0.024772 0.353237 
vt 0.023545 0.3554 
vt 0.015459 0.352557 
vt 0.010076 0.372887 
vt 0.011686 0.360688 
vt 0.04687 0.33779 
vt 0.052475 0.343373 
vt 0.039956 0.333928 
vt 0.031928 0.335846 
vt 0.024151 0.333302 
vt 0.006756 0.349691 
vt 0.052736 0.329969 
vt 0.031093 0.358134 
vt 0.028412 0.365746 
vt 0.021072 0.371214 
vt 0.026226 0.364519 
vt 0.047076 0.353693 
vt 0.038869 0.355981 
vt 0.038698 0.36096 
vt 0.046773 0.364008 
vt 0.044143 0.368565 
vt 0.037439 0.363146 
vt 0.040322 0.372033 
vt 0.035582 0.364849 
vt 0.030855 0.366216 
vt 0.030535 0.374666 
vt 0.052736 0.352177 
vt 0.051168 0.374469 
vt 0.045176 0.379747 
vt 0.030104 0.383903 
vt 0.489825 0.155075 
vt 0.490445 0.159242 
vt 0.484349 0.159745 
vt 0.484279 0.155538 
vt 0.525327 0.141082 
vt 0.527743 0.144537 
vt 0.515775 0.151517 
vt 0.513983 0.147709 
vt 0.430256 0.13557 
vt 0.427688 0.138912 
vt 0.419883 0.131936 
vt 0.422698 0.128795 
vt 0.454895 0.150667 
vt 0.463342 0.153171 
vt 0.462399 0.157281 
vt 0.453285 0.15455 
vt 0.472039 0.154591 
vt 0.471588 0.158785 
vt 0.501772 0.15217 
vt 0.502894 0.156234 
vt 0.442185 0.143728 
vt 0.439984 0.14732 
vt 0.542527 0.123344 
vt 0.546056 0.125655 
vt 0.413188 0.125244 
vt 0.416288 0.122384 
vt 0.404026 0.113044 
vt 0.407708 0.110984 
vt 0.398388 0.101777 
vt 0.402216 0.100004 
vt 0.552007 0.100004 
vt 0.556148 0.100808 
vt 0.553847 0.109561 
vt 0.549845 0.108227 
vt 0.103129 0.050721 
vt 0.103555 0.050592 
vt 0.103241 0.050701 
vt 0.36994 0.345932 
vt 0.350473 0.398908 
vt 0.317722 0.382582 
vt 0.349968 0.33546 
vt 0.473619 0.319784 
vt 0.485787 0.301562 
vt 0.516375 0.357564 
vt 0.488903 0.381336 
vt 0.456066 0.334005 
vt 0.436731 0.345617 
vt 0.456911 0.3982 
vt 0.421953 0.407116 
vt 0.414854 0.35108 
vt 0.385669 0.407266 
vt 0.392202 0.349991 
vt 0.425556 0.43573 
vt 0.429048 0.463704 
vt 0.404466 0.436668 
vt 0.447551 0.43098 
vt 0.462764 0.413651 
vt 0.504418 0.404588 
vt 0.321157 0.301562 
vt 0.333444 0.319743 
vt 0.324407 0.327294 
vt 0.328076 0.353516 
vt 0.346404 0.410493 
vt 0.384084 0.422975 
vt 0.465779 0.312912 
vt 0.426935 0.321459 
vt 0.411972 0.325498 
vt 0.097034 0.051833 
vt 0.375594 0.330724 
vt 0.360666 0.320589 
vt 0.103365 0.054673 
vt 0.103468 0.054629 
vt 0.103563 0.054699 
vt 0.199197 0.277708 
vt 0.209676 0.270742 
vt 0.218642 0.288071 
vt 0.212323 0.292469 
vt 0.25768 0.270818 
vt 0.268149 0.277801 
vt 0.25502 0.292581 
vt 0.248559 0.288249 
vt 0.246046 0.266443 
vt 0.241359 0.28536 
vt 0.233703 0.264934 
vt 0.233668 0.284439 
vt 0.22134 0.2664 
vt 0.225961 0.28547 
vt 0.233745 0.254987 
vt 0.22646 0.255621 
vt 0.233767 0.244944 
vt 0.241453 0.255691 
vt 0.247425 0.260829 
vt 0.262155 0.261878 
vt 0.260109 0.298449 
vt 0.057502 0.060043 
vt 0.061005 0.056018 
vt 0.061677 0.061163 
vt 0.203936 0.296302 
vt 0.204156 0.287063 
vt 0.207347 0.298449 
vt 0.20783 0.266994 
vt 0.220092 0.261051 
vt 0.252677 0.295198 
vt 0.238942 0.294328 
vt 0.233803 0.293609 
vt 0.09781 0.056678 
vt 0.221257 0.293095 
vt 0.216675 0.297183 
vt 0.063739 0.066779 
vt 0.066276 0.070759 
vt 0.04464 0.090322 
vt 0.040633 0.087271 
vt 0.111371 0.033806 
vt 0.111766 0.029701 
vt 0.125515 0.032366 
vt 0.124605 0.036298 
vt 0.139094 0.037432 
vt 0.137293 0.041444 
vt 0.144302 0.044955 
vt 0.146529 0.041562 
vt 0.15792 0.052001 
vt 0.154917 0.054651 
vt 0.166224 0.068568 
vt 0.16972 0.066674 
vt 0.142517 0.057076 
vt 0.143934 0.053178 
vt 0.151977 0.056736 
vt 0.146692 0.058197 
vt 0.052218 0.061503 
vt 0.057873 0.053402 
vt 0.064632 0.046063 
vt 0.067488 0.049079 
vt 0.075997 0.042141 
vt 0.073629 0.038639 
vt 0.087643 0.032242 
vt 0.088972 0.036149 
vt 0.10253 0.029463 
vt 0.10279 0.03346 
vt 0.074805 0.065306 
vt 0.073111 0.061265 
vt 0.082968 0.056738 
vt 0.084166 0.061049 
vt 0.116385 0.049671 
vt 0.116535 0.053804 
vt 0.126473 0.049691 
vt 0.126159 0.053815 
vt 0.13349 0.050558 
vt 0.132639 0.05462 
vt 0.258241 0.796656 
vt 0.243357 0.85296 
vt 0.209973 0.825457 
vt 0.23158 0.784376 
vt 0.187512 0.790406 
vt 0.206357 0.768432 
vt 0.288861 0.773821 
vt 0.287257 0.801402 
vt 0.26646 0.769727 
vt 0.311569 0.772462 
vt 0.316784 0.799417 
vt 0.333047 0.765664 
vt 0.345379 0.790977 
vt 0.351302 0.753777 
vt 0.284828 0.858401 
vt 0.326327 0.855893 
vt 0.366206 0.844985 
vt 0.385079 0.835972 
vt 0.330808 0.88499 
vt 0.284413 0.887176 
vt 0.375889 0.872545 
vt 0.353693 0.879455 
vt 0.331543 0.914725 
vt 0.283996 0.9164 
vt 0.309693 0.945427 
vt 0.332803 0.944569 
vt 0.333212 0.959578 
vt 0.380911 0.886584 
vt 0.397123 0.863221 
vt 0.196726 0.757711 
vt 0.261869 0.885406 
vt 0.321362 0.742488 
vt 0.308572 0.757677 
vt 0.289467 0.763766 
vt 0.275813 0.745614 
vt 0.224581 0.747616 
vt 0.063879 0.304422 
vt 0.056234 0.297724 
vt 0.063353 0.291198 
vt 0.0693 0.296266 
vt 0.050301 0.289433 
vt 0.058726 0.284864 
vt 0.046231 0.279985 
vt 0.055815 0.277652 
vt 0.054951 0.269924 
vt 0.052155 0.320753 
vt 0.041683 0.310878 
vt 0.033217 0.299363 
vt 0.034166 0.317184 
vt 0.024617 0.304468 
vt 0.027368 0.286434 
vt 0.021117 0.297224 
vt 0.018045 0.289848 
vt 0.026475 0.323653 
vt 0.016352 0.31026 
vt 0.013077 0.323213 
vt 0.003795 0.319701 
vt 0.008018 0.316467 
vt 0.013238 0.291592 
vt 0.015879 0.282193 
vt 0.025685 0.279447 
vt 0.082757 0.312102 
vt 0.08769 0.312298 
vt 0.081031 0.321964 
vt 0.06674 0.323653 
vt 0.07286 0.309186 
vt 0.039543 0.322779 
vt 0.064914 0.275571 
vt 0.063403 0.282364 
vt 0.065873 0.28886 
vt 0.07414 0.288282 
vt 0.084388 0.302378 
vt 0.06267 0.092223 
vt 0.059743 0.091401 
vt 0.064002 0.081219 
vt 0.066746 0.082558 
vt 0.061627 0.108404 
vt 0.058603 0.10877 
vt 0.074388 0.13431 
vt 0.072333 0.136516 
vt 0.068109 0.131284 
vt 0.0705 0.129394 
vt 0.080787 0.139207 
vt 0.079182 0.141798 
vt 0.088188 0.142871 
vt 0.092127 0.144363 
vt 0.091042 0.147227 
vt 0.086968 0.145676 
vt 0.09945 0.147135 
vt 0.098444 0.150022 
vt 0.066103 0.123222 
vt 0.063438 0.124655 
vt 0.060486 0.117101 
vt 0.063381 0.116151 
vt 0.147843 0.134358 
vt 0.152615 0.126542 
vt 0.155327 0.127937 
vt 0.150203 0.136259 
vt 0.141437 0.144526 
vt 0.139609 0.142094 
vt 0.129513 0.147895 
vt 0.130569 0.15072 
vt 0.120151 0.152815 
vt 0.119801 0.149792 
vt 0.109546 0.150227 
vt 0.10917 0.153215 
vt 0.068545 0.073196 
vt 0.071132 0.074821 
vt 0.158988 0.074019 
vt 0.161928 0.073196 
vt 0.163156 0.078872 
vt 0.16014 0.079369 
vt 0.163726 0.084606 
vt 0.160673 0.084723 
vt 0.163715 0.091293 
vt 0.160653 0.091286 
vt 0.160634 0.098637 
vt 0.163669 0.098875 
vt 0.161676 0.109637 
vt 0.15871 0.108927 
vt 0.158623 0.12005 
vt 0.155759 0.118991 
vt 0.687783 0.896774 
vt 0.70073 0.920869 
vt 0.672897 0.9316 
vt 0.666195 0.904991 
vt 0.620644 0.905045 
vt 0.613789 0.930713 
vt 0.601508 0.925793 
vt 0.600175 0.896774 
vt 0.643279 0.935223 
vt 0.621435 0.932706 
vt 0.643411 0.907917 
vt 0.713934 0.946147 
vt 0.68012 0.960381 
vt 0.643598 0.963774 
vt 0.627319 0.962293 
vt 0.643764 0.975039 
vt 0.726836 0.971119 
vt 0.723916 0.939605 
vt 0.708737 0.91533 
vt 0.30088 0.231301 
vt 0.297138 0.240825 
vt 0.288611 0.236172 
vt 0.291445 0.228849 
vt 0.2993 0.206682 
vt 0.301003 0.210889 
vt 0.291525 0.213371 
vt 0.288611 0.206143 
vt 0.302177 0.221121 
vt 0.292471 0.2211 
vt 0.301311 0.21343 
vt 0.310521 0.233771 
vt 0.305832 0.245447 
vt 0.311531 0.21573 
vt 0.312045 0.221273 
vt 0.315878 0.221343 
vt 0.314716 0.250096 
vt 0.303642 0.248716 
vt 0.29528 0.243446 
vt 0.452874 0.10725 
vt 0.451439 0.1103 
vt 0.445055 0.106595 
vt 0.446987 0.103838 
vt 0.437375 0.094274 
vt 0.434625 0.096225 
vt 0.431012 0.09012 
vt 0.433929 0.088407 
vt 0.519204 0.098908 
vt 0.521645 0.095774 
vt 0.524314 0.09785 
vt 0.521675 0.101196 
vt 0.52738 0.088407 
vt 0.530049 0.090484 
vt 0.51979 0.102914 
vt 0.517539 0.100402 
vt 0.44177 0.099467 
vt 0.439395 0.101855 
vt 0.512101 0.10876 
vt 0.510297 0.105914 
vt 0.504924 0.108973 
vt 0.506288 0.112042 
vt 0.494222 0.115789 
vt 0.493632 0.112485 
vt 0.478816 0.116823 
vt 0.478907 0.113469 
vt 0.469162 0.11277 
vt 0.468647 0.116101 
vt 0.459698 0.113893 
vt 0.460781 0.110704 
vt 0.499525 0.518453 
vt 0.456565 0.515297 
vt 0.457435 0.487669 
vt 0.511195 0.546526 
vt 0.449277 0.543108 
vt 0.55146 0.554032 
vt 0.554187 0.571105 
vt 0.512748 0.57525 
vt 0.430194 0.56905 
vt 0.59153 0.549485 
vt 0.615595 0.555964 
vt 0.595285 0.562638 
vt 0.558957 0.599787 
vt 0.514224 0.604236 
vt 0.424438 0.599486 
vt 0.602864 0.5913 
vt 0.566713 0.657527 
vt 0.518183 0.662024 
vt 0.469086 0.663961 
vt 0.615549 0.649619 
vt 0.520402 0.690929 
vt 0.568567 0.674104 
vt 0.399047 0.532358 
vt 0.389508 0.559446 
vt 0.369156 0.550457 
vt 0.383237 0.577471 
vt 0.627944 0.583986 
vt 0.508974 0.234 
vt 0.495318 0.230737 
vt 0.499746 0.222009 
vt 0.512162 0.229031 
vt 0.521089 0.240836 
vt 0.523991 0.237292 
vt 0.529477 0.24217 
vt 0.504138 0.213127 
vt 0.517564 0.220683 
vt 0.530257 0.229386 
vt 0.528269 0.203438 
vt 0.513607 0.195261 
vt 0.542465 0.212689 
vt 0.498421 0.187809 
vt 0.518639 0.18596 
vt 0.531308 0.198272 
vt 0.469903 0.24217 
vt 0.473682 0.233017 
vt 0.487935 0.238091 
vt 0.475223 0.223227 
vt 0.457932 0.219839 
vt 0.458754 0.209705 
vt 0.472984 0.21207 
vt 0.451061 0.209675 
vt 0.459305 0.203077 
vt 0.475305 0.202091 
vt 0.537214 0.23515 
vt 0.43675 0.026268 
vt 0.433905 0.025478 
vt 0.43713 0.017437 
vt 0.439787 0.018771 
vt 0.435305 0.036697 
vt 0.432346 0.036633 
vt 0.436398 0.047119 
vt 0.438518 0.053118 
vt 0.43578 0.054263 
vt 0.433516 0.04779 
vt 0.495076 0.078407 
vt 0.495939 0.08122 
vt 0.479906 0.083447 
vt 0.479895 0.080501 
vt 0.465836 0.08134 
vt 0.466706 0.078525 
vt 0.45264 0.074992 
vt 0.454332 0.072585 
vt 0.445354 0.00518101 
vt 0.447698 0.00702703 
vt 0.524252 0.013347 
vt 0.521213 0.00637299 
vt 0.523948 0.00518101 
vt 0.527067 0.012393 
vt 0.529011 0.020286 
vt 0.526075 0.020738 
vt 0.52669 0.029334 
vt 0.529647 0.029253 
vt 0.528735 0.042838 
vt 0.525821 0.042318 
vt 0.526245 0.05235 
vt 0.523448 0.051354 
vt 0.512777 0.068579 
vt 0.520254 0.05878 
vt 0.522829 0.060225 
vt 0.514779 0.070726 
vt 0.439774 0.061619 
vt 0.442239 0.059963 
vt 0.082372 0.604781 
vt 0.074637 0.630873 
vt 0.047008 0.619122 
vt 0.061073 0.595547 
vt 0.03283 0.643986 
vt 0.004016 0.623604 
vt 0.023588 0.601984 
vt 0.066128 0.657997 
vt 0.101709 0.664982 
vt 0.104401 0.63722 
vt 0.091248 0.633867 
vt 0.057434 0.685792 
vt 0.018876 0.670063 
vt 0.09811 0.693628 
vt 0.139643 0.695193 
vt 0.140123 0.72413 
vt 0.094778 0.722313 
vt 0.185451 0.721634 
vt 0.229404 0.714818 
vt 0.212493 0.746979 
vt 0.188256 0.751488 
vt 0.14012 0.753265 
vt 0.092305 0.751299 
vt 0.139838 0.782539 
vt 0.090571 0.781269 
vt 0.053354 0.699831 
vt 0.071969 0.718887 
vt 0.068293 0.748731 
vt 0.139433 0.812103 
vt 0.11487 0.812059 
vt 0.139252 0.827313 
vt 0.1641 0.812586 
vt 0.180255 0.78212 
vt 0.184334 0.711175 
vt 0.159365 0.693415 
vt 0.1391 0.677139 
vt 0.174548 0.663073 
vt 0.12193 0.665258 
vt 0.112507 0.637289 
vt 0.058678 0.200401 
vt 0.068314 0.204012 
vt 0.063861 0.212658 
vt 0.056446 0.209861 
vt 0.048617 0.188959 
vt 0.06104 0.190812 
vt 0.04841 0.199054 
vt 0.072661 0.195227 
vt 0.083155 0.201885 
vt 0.077046 0.209689 
vt 0.073194 0.207252 
vt 0.063667 0.180978 
vt 0.077093 0.186285 
vt 0.089057 0.19395 
vt 0.094987 0.186074 
vt 0.106724 0.196324 
vt 0.099788 0.203372 
vt 0.117452 0.207622 
vt 0.1252 0.200812 
vt 0.130441 0.207472 
vt 0.127152 0.220172 
vt 0.101276 0.178224 
vt 0.113628 0.189079 
vt 0.107923 0.170212 
vt 0.12058 0.181501 
vt 0.079361 0.181791 
vt 0.088486 0.181502 
vt 0.094625 0.17315 
vt 0.121516 0.167942 
vt 0.127671 0.173735 
vt 0.131332 0.16973 
vt 0.133912 0.17939 
vt 0.130837 0.191386 
vt 0.114787 0.209886 
vt 0.10423 0.208458 
vt 0.095338 0.207761 
vt 0.100887 0.220172 
vt 0.088296 0.206683 
vt 0.078896 0.211483 
vt 0.412324 0.073798 
vt 0.408299 0.075035 
vt 0.411752 0.083588 
vt 0.415507 0.081683 
vt 0.422908 0.09413 
vt 0.419429 0.096503 
vt 0.426743 0.105475 
vt 0.429759 0.102537 
vt 0.408561 0.057612 
vt 0.404367 0.057886 
vt 0.40527 0.063231 
vt 0.40942 0.062501 
vt 0.549413 0.062548 
vt 0.544439 0.075678 
vt 0.548393 0.077175 
vt 0.553449 0.06374 
vt 0.541197 0.084238 
vt 0.544802 0.086308 
vt 0.443304 0.115047 
vt 0.44103 0.118541 
vt 0.457731 0.126047 
vt 0.458924 0.122037 
vt 0.468249 0.127855 
vt 0.468725 0.123673 
vt 0.480161 0.128076 
vt 0.479842 0.12388 
vt 0.494311 0.121698 
vt 0.495487 0.125698 
vt 0.509698 0.119417 
vt 0.507818 0.115638 
vt 0.517276 0.110601 
vt 0.519707 0.113996 
vt 0.528065 0.106268 
vt 0.525091 0.103272 
vt 0.53728 0.096274 
vt 0.534056 0.093548 
vt 0.554011 0.045701 
vt 0.558162 0.046223 
vt 0.558445 0.034064 
vt 0.554244 0.034249 
vt 0.410493 0.035849 
vt 0.416121 0.022186 
vt 0.412214 0.020576 
vt 0.406454 0.034716 
vt 0.556728 0.020576 
vt 0.552536 0.021122 
vt 0.404974 0.042925 
vt 0.409152 0.043454 
vt 0.408674 0.054819 
vt 0.404451 0.054642 
vt 0.246405 0.370924 
vt 0.264865 0.398439 
vt 0.22623 0.398355 
vt 0.306522 0.411963 
vt 0.350741 0.41931 
vt 0.308473 0.425128 
vt 0.266215 0.427662 
vt 0.224426 0.427155 
vt 0.182241 0.422743 
vt 0.269169 0.254323 
vt 0.270794 0.269686 
vt 0.269169 0.276826 
vt 0.356525 0.448639 
vt 0.312077 0.45405 
vt 0.267531 0.45606 
vt 0.222961 0.455324 
vt 0.178534 0.452089 
vt 0.090227 0.441741 
vt 0.139653 0.420119 
vt 0.119788 0.417135 
vt 0.071617 0.411185 
vt 0.070353 0.440159 
vt 0.364368 0.5086 
vt 0.316528 0.513512 
vt 0.268592 0.514551 
vt 0.221148 0.513245 
vt 0.173997 0.510152 
vt 0.081352 0.502599 
vt 0.035407 0.497568 
vt 0.245241 0.574738 
vt 0.268403 0.544303 
vt 0.266757 0.603594 
vt 0.220423 0.542922 
vt 0.216812 0.602376 
vt 0.170748 0.597889 
vt 0.17241 0.539568 
vt 0.08031 0.594851 
vt 0.07719 0.532684 
vt 0.051744 0.564755 
vt 0.317511 0.544427 
vt 0.367029 0.539287 
vt 0.379598 0.444508 
vt 0.43557 0.498385 
vt 0.168677 0.626914 
vt 0.366363 0.570429 
vt 0.335834 0.57326 
vt 0.367416 0.600178 
vt 0.344976 0.602171 
vt 0.386888 0.252146 
vt 0.379827 0.242555 
vt 0.392969 0.242247 
vt 0.407232 0.237277 
vt 0.407856 0.232807 
vt 0.422269 0.234524 
vt 0.393522 0.232264 
vt 0.379012 0.232696 
vt 0.364448 0.234235 
vt 0.408921 0.223126 
vt 0.42404 0.224416 
vt 0.393683 0.222546 
vt 0.378311 0.223086 
vt 0.363068 0.224336 
vt 0.342938 0.236983 
vt 0.332267 0.228449 
vt 0.325998 0.23984 
vt 0.32554 0.229398 
vt 0.409994 0.202637 
vt 0.426246 0.203966 
vt 0.393585 0.202388 
vt 0.37749 0.202929 
vt 0.361167 0.204216 
vt 0.329059 0.207419 
vt 0.312477 0.209556 
vt 0.393371 0.191836 
vt 0.377053 0.192438 
vt 0.385346 0.181201 
vt 0.359453 0.172522 
vt 0.375467 0.171271 
vt 0.360552 0.193625 
vt 0.328288 0.174747 
vt 0.327955 0.196571 
vt 0.27865 0.294603 
vt 0.269169 0.304949 
vt 0.269169 0.283595 
vt 0.41014 0.191797 
vt 0.426981 0.193263 
vt 0.431967 0.225708 
vt 0.450416 0.206828 
vt 0.327903 0.170302 
vt 0.359186 0.161893 
vt 0.392485 0.170578 
vt 0.416061 0.181375 
vt 0.427209 0.182268 
vt 0.419338 0.170901 
vt 0.427509 0.171536 
vt 0.030933 0.082963 
vt 0.026884 0.081917 
vt 0.031744 0.069656 
vt 0.035664 0.071238 
vt 0.040506 0.059239 
vt 0.036871 0.057174 
vt 0.031053 0.114425 
vt 0.027051 0.115584 
vt 0.024954 0.098441 
vt 0.029147 0.098458 
vt 0.048808 0.04183 
vt 0.051857 0.044709 
vt 0.069064 0.027704 
vt 0.070794 0.031536 
vt 0.083125 0.022671 
vt 0.084206 0.026713 
vt 0.097157 0.02007 
vt 0.097911 0.024229 
vt 0.108775 0.02226 
vt 0.108415 0.018067 
vt 0.134356 0.020324 
vt 0.133446 0.024446 
vt 0.077365 0.095495 
vt 0.091886 0.088969 
vt 0.093754 0.092749 
vt 0.093754 0.108942 
vt 0.155586 0.0256 
vt 0.154454 0.029667 
vt 0.036961 0.126746 
vt 0.033315 0.128847 
vt 0.056665 0.147079 
vt 0.054294 0.150573 
vt 0.083906 0.158135 
vt 0.083384 0.162273 
vt 0.212524 0.126508 
vt 0.209244 0.123916 
vt 0.221899 0.092313 
vt 0.226055 0.092654 
vt 0.195073 0.137856 
vt 0.197486 0.141258 
vt 0.183785 0.148312 
vt 0.181875 0.144542 
vt 0.169435 0.150843 
vt 0.170976 0.154726 
vt 0.141693 0.162239 
vt 0.141138 0.1581 
vt 0.095648 0.158958 
vt 0.0955 0.163181 
vt 0.128165 0.163181 
vt 0.128021 0.158959 
vt 0.107281 0.158959 
vt 0.107281 0.163186 
vt 0.116062 0.158959 
vt 0.116062 0.163186 
vt 0.380454 0.724854 
vt 0.285669 0.712785 
vt 0.290527 0.683264 
vt 0.382085 0.694375 
vt 0.429172 0.694105 
vt 0.429185 0.724252 
vt 0.302474 0.625303 
vt 0.383484 0.635152 
vt 0.412178 0.634163 
vt 0.307079 0.606587 
vt 0.383498 0.606977 
vt 0.286529 0.620943 
vt 0.476376 0.693111 
vt 0.477402 0.722932 
vt 0.42935 0.75427 
vt 0.478399 0.752682 
vt 0.526154 0.78045 
vt 0.503149 0.782042 
vt 0.507775 0.751697 
vt 0.47911 0.78226 
vt 0.524065 0.720644 
vt 0.504434 0.691521 
vt 0.394445 0.606403 
vt 0.271511 0.679101 
vt 0.239739 0.704291 
vt 0.281352 0.741857 
vt 0.451138 0.783674 
vt 0.479882 0.810815 
vt 0.259371 0.182971 
vt 0.263009 0.172802 
vt 0.278171 0.178236 
vt 0.275173 0.188546 
vt 0.307231 0.195636 
vt 0.309046 0.18512 
vt 0.271336 0.153241 
vt 0.275327 0.154704 
vt 0.31194 0.164324 
vt 0.317483 0.164665 
vt 0.315632 0.18592 
vt 0.284624 0.158342 
vt 0.312587 0.157476 
vt 0.288009 0.148769 
vt 0.247849 0.16698 
vt 0.243841 0.177021 
vt 0.255801 0.193008 
vt 0.240059 0.18689 
vt 0.22069 0.190748 
vt 0.230533 0.183181 
vt 0.228608 0.193743 
vt 0.23637 0.196539 
vt 0.228471 0.170763 
vt 0.238786 0.163214 
vt 0.28479 0.147431 
vt 0.323674 0.198237 
vt 0.305228 0.206048 
vt 0.245361 0.200223 
vt 0.23274 0.206048 
vt 0.385902 0.067451 
vt 0.390117 0.067765 
vt 0.389914 0.090833 
vt 0.385759 0.091225 
vt 0.564187 0.069022 
vt 0.568111 0.067451 
vt 0.569827 0.071782 
vt 0.565908 0.073343 
vt 0.5685 0.117458 
vt 0.572406 0.118962 
vt 0.568027 0.127918 
vt 0.564343 0.125862 
vt 0.57124 0.089161 
vt 0.575354 0.08839 
vt 0.394264 0.108004 
vt 0.390425 0.109646 
vt 0.430538 0.156429 
vt 0.427408 0.159243 
vt 0.421271 0.152441 
vt 0.424421 0.149622 
vt 0.41547 0.139622 
vt 0.41221 0.142304 
vt 0.403789 0.131149 
vt 0.407266 0.128755 
vt 0.399931 0.117048 
vt 0.396349 0.119292 
vt 0.570022 0.085549 
vt 0.574027 0.084198 
vt 0.553771 0.14723 
vt 0.55064 0.144393 
vt 0.542588 0.158933 
vt 0.539647 0.155904 
vt 0.523711 0.170554 
vt 0.526109 0.173972 
vt 0.487703 0.18639 
vt 0.487649 0.182216 
vt 0.46494 0.183613 
vt 0.466095 0.179607 
vt 0.451492 0.177838 
vt 0.453466 0.174122 
vt 0.440679 0.166139 
vt 0.438099 0.169425 
vt 0.423783 0.63469 
vt 0.182851 0.791083 
vt 0.195561 0.822638 
vt 0.180009 0.820678 
vt 0.164072 0.819585 
vt 0.198679 0.853537 
vt 0.177292 0.850191 
vt 0.13203 0.84761 
vt 0.108104 0.821075 
vt 0.08683 0.853306 
vt 0.221799 0.858948 
vt 0.214676 0.887208 
vt 0.174288 0.879595 
vt 0.132994 0.877902 
vt 0.091998 0.882702 
vt 0.051504 0.89268 
vt 0.007197 0.897963 
vt 0.013622 0.910333 
vt 0.00017 0.918448 
vt 0.20723 0.915322 
vt 0.170884 0.908185 
vt 0.133845 0.906838 
vt 0.097277 0.911199 
vt 0.0614 0.920924 
vt 0.042795 0.92996 
vt 0.027042 0.936092 
vt 0.007363 0.948389 
vt 0.199448 0.94223 
vt 0.167554 0.935565 
vt 0.134975 0.934396 
vt 0.11185 0.938272 
vt 0.102537 0.93845 
vt 0.070946 0.947265 
vt 0.030935 0.943479 
vt 0.164202 0.961743 
vt 0.136668 0.960524 
vt 0.122546 0.962829 
vt 0.107303 0.963743 
vt 0.137043 0.965857 
vt 0.224692 0.921649 
vt 0.234371 0.893789 
vt 0.050823 0.220291 
vt 0.057076 0.229189 
vt 0.052926 0.2323 
vt 0.061493 0.226286 
vt 0.063119 0.237874 
vt 0.057333 0.242493 
vt 0.076287 0.22963 
vt 0.078659 0.217065 
vt 0.09064 0.22354 
vt 0.051129 0.247852 
vt 0.058393 0.255451 
vt 0.069109 0.246364 
vt 0.081114 0.238893 
vt 0.094092 0.23337 
vt 0.107849 0.229706 
vt 0.121846 0.223421 
vt 0.122047 0.22832 
vt 0.127274 0.228466 
vt 0.07511 0.254533 
vt 0.065562 0.26277 
vt 0.08587 0.247892 
vt 0.097452 0.243027 
vt 0.109708 0.239853 
vt 0.116777 0.239201 
vt 0.122447 0.238539 
vt 0.130466 0.23888 
vt 0.080899 0.262335 
vt 0.072628 0.269652 
vt 0.090306 0.256507 
vt 0.097912 0.253504 
vt 0.100596 0.252276 
vt 0.111384 0.249578 
vt 0.122549 0.241379 
vt 0.086448 0.269652 
vt 0.094331 0.264714 
vt 0.098883 0.26305 
vt 0.103586 0.261009 
vt 0.09505 0.266197 
vt 0.061466 0.267619 
vt 0.053668 0.260761 
vt 0.222627 0.049636 
vt 0.228258 0.061516 
vt 0.224499 0.063444 
vt 0.21874 0.051163 
vt 0.214595 0.038183 
vt 0.218663 0.037041 
vt 0.234074 0.071966 
vt 0.230525 0.074247 
vt 0.214628 0.021174 
vt 0.210488 0.021743 
vt 0.20977 0.00743598 
vt 0.213993 0.00724399 
vt 0.366003 0.022609 
vt 0.361116 0.00863701 
vt 0.365107 0.00724399 
vt 0.3701 0.02183 
vt 0.238824 0.079353 
vt 0.235679 0.082108 
vt 0.370707 0.042883 
vt 0.366546 0.042477 
vt 0.366439 0.060317 
vt 0.362549 0.058774 
vt 0.362466 0.067995 
vt 0.358821 0.065885 
vt 0.355693 0.078267 
vt 0.352309 0.075757 
vt 0.331527 0.094896 
vt 0.341487 0.087077 
vt 0.3441 0.090404 
vt 0.333671 0.09849 
vt 0.346775 0.082929 
vt 0.34974 0.085887 
vt 0.282586 0.106852 
vt 0.281913 0.110987 
vt 0.266573 0.1063 
vt 0.268305 0.102489 
vt 0.297889 0.106294 
vt 0.307878 0.103531 
vt 0.309008 0.107606 
vt 0.298699 0.11043 
vt 0.31904 0.10479 
vt 0.317768 0.100795 
vt 0.292603 0.107186 
vt 0.292887 0.111383 
vt 0.255474 0.099561 
vt 0.25786 0.096079 
vt 0.246245 0.09242 
vt 0.249028 0.089249 
vt 0.875264 0.543716 
vt 0.873899 0.573235 
vt 0.830535 0.572531 
vt 0.829734 0.543103 
vt 0.873199 0.603101 
vt 0.831283 0.602253 
vt 0.807224 0.57415 
vt 0.801679 0.544873 
vt 0.871812 0.618371 
vt 0.885997 0.605746 
vt 0.127829 0.305524 
vt 0.11349 0.299907 
vt 0.117086 0.289861 
vt 0.132155 0.295863 
vt 0.123607 0.315094 
vt 0.110214 0.30991 
vt 0.135008 0.309106 
vt 0.140894 0.300178 
vt 0.108644 0.315094 
vt 0.106071 0.308973 
vt 0.311806 0.135136 
vt 0.328895 0.130474 
vt 0.330013 0.134553 
vt 0.312281 0.139289 
vt 0.340117 0.127408 
vt 0.34149 0.131397 
vt 0.350693 0.12293 
vt 0.352559 0.126665 
vt 0.289441 0.134225 
vt 0.301149 0.134708 
vt 0.300976 0.138929 
vt 0.288998 0.138427 
vt 0.275525 0.132011 
vt 0.2743 0.135996 
vt 0.258503 0.128307 
vt 0.260824 0.124825 
vt 0.252527 0.123541 
vt 0.255186 0.120255 
vt 0.354493 0.120255 
vt 0.356929 0.123716 
vt 0.83517 0.91095 
vt 0.823184 0.934827 
vt 0.817801 0.921526 
vt 0.808609 0.910409 
vt 0.818183 0.899632 
vt 0.796699 0.902425 
vt 0.806583 0.880244 
vt 0.782848 0.898425 
vt 0.786289 0.873387 
vt 0.76845 0.898717 
vt 0.764914 0.874596 
vt 0.772302 0.922153 
vt 0.765525 0.924555 
vt 0.755248 0.902892 
vt 0.823323 0.948949 
vt 0.800409 0.947553 
vt 0.800032 0.940582 
vt 0.797375 0.933741 
vt 0.79278 0.928042 
vt 0.786678 0.924024 
vt 0.779622 0.92201 
vt 0.777101 0.945906 
vt 0.760365 0.929884 
vt 0.754492 0.942393 
vt 0.756445 0.935685 
vt 0.771552 0.955951 
vt 0.768671 0.95391 
vt 0.757031 0.956043 
vt 0.754658 0.949405 
vt 0.806542 0.854492 
vt 0.761435 0.850376 
vt 0.754492 0.87753 
vt 0.080014 0.325909 
vt 0.076161 0.331959 
vt 0.071735 0.330029 
vt 0.083596 0.331846 
vt 0.079821 0.335085 
vt 0.090025 0.335785 
vt 0.082414 0.339124 
vt 0.091929 0.342707 
vt 0.083674 0.343749 
vt 0.091697 0.34987 
vt 0.083512 0.348583 
vt 0.082005 0.353144 
vt 0.074805 0.349454 
vt 0.075651 0.347151 
vt 0.069688 0.337807 
vt 0.067265 0.337608 
vt 0.066884 0.32956 
vt 0.071941 0.338745 
vt 0.0738 0.340298 
vt 0.075103 0.342355 
vt 0.075749 0.344704 
vt 0.067928 0.345509 
vt 0.073273 0.351368 
vt 0.06886 0.353362 
vt 0.071219 0.352713 
vt 0.346196 0.051952 
vt 0.343735 0.055492 
vt 0.344995 0.051368 
vt 0.065058 0.348188 
vt 0.064113 0.352389 
vt 0.066408 0.353251 
vt 0.099018 0.335737 
vt 0.100282 0.351247 
vt 0.090643 0.353362 
vt 0.326079 0.069574 
vt 0.328151 0.073238 
vt 0.318304 0.077444 
vt 0.316816 0.073496 
vt 0.31053 0.07977 
vt 0.309634 0.07565 
vt 0.301578 0.076785 
vt 0.301642 0.080976 
vt 0.250086 0.063378 
vt 0.247694 0.066836 
vt 0.240345 0.060597 
vt 0.24338 0.057692 
vt 0.337752 0.061692 
vt 0.340459 0.064915 
vt 0.332837 0.070119 
vt 0.330469 0.066611 
vt 0.238375 0.058336 
vt 0.241634 0.055645 
vt 0.346976 0.058163 
vt 0.239956 0.053543 
vt 0.236608 0.05612 
vt 0.234923 0.053857 
vt 0.238354 0.05139 
vt 0.346962 0.050851 
vt 0.350473 0.053224 
vt 0.349666 0.05438 
vt 0.349568 0.046936 
vt 0.353097 0.04924 
vt 0.236827 0.049189 
vt 0.233314 0.051539 
vt 0.231785 0.049169 
vt 0.235372 0.046936 
vt 0.291397 0.079986 
vt 0.291832 0.075786 
vt 0.281055 0.074678 
vt 0.280374 0.078828 
vt 0.267171 0.075553 
vt 0.268425 0.071537 
vt 0.258279 0.067946 
vt 0.25656 0.071787 
vt 0.831966 0.4681 
vt 0.811009 0.466743 
vt 0.809631 0.441389 
vt 0.83665 0.443311 
vt 0.83042 0.480327 
vt 0.812582 0.491066 
vt 0.826938 0.492116 
vt 0.79913 0.493972 
vt 0.791176 0.470617 
vt 0.821619 0.515281 
vt 0.8143 0.514763 
vt 0.807516 0.516408 
vt 0.816691 0.537605 
vt 0.861529 0.450868 
vt 0.842003 0.471355 
vt 0.840231 0.497312 
vt 0.828399 0.517963 
vt 0.833946 0.522551 
vt 0.827161 0.533563 
vt 0.82806 0.536935 
vt 0.84137 0.418036 
vt 0.785128 0.451301 
vt 0.237545 0.304792 
vt 0.245427 0.308508 
vt 0.243236 0.315209 
vt 0.234759 0.313553 
vt 0.247324 0.316005 
vt 0.252886 0.31208 
vt 0.251435 0.316655 
vt 0.249305 0.30255 
vt 0.255583 0.308063 
vt 0.260066 0.315556 
vt 0.25933 0.317876 
vt 0.261473 0.313549 
vt 0.267086 0.319077 
vt 0.243015 0.318749 
vt 0.234006 0.322665 
vt 0.259318 0.320318 
vt 0.251366 0.321477 
vt 0.260044 0.322665 
vt 0.264274 0.321854 
vt 0.26526 0.322578 
vt 0.225738 0.31175 
vt 0.243817 0.298031 
vt 0.500132 0.088979 
vt 0.501651 0.091531 
vt 0.495347 0.094549 
vt 0.49433 0.091755 
vt 0.488752 0.096226 
vt 0.488322 0.093291 
vt 0.482183 0.096509 
vt 0.482247 0.093538 
vt 0.460711 0.085982 
vt 0.458998 0.08841 
vt 0.452853 0.083276 
vt 0.454912 0.081127 
vt 0.46408 0.088003 
vt 0.462543 0.090559 
vt 0.474967 0.092843 
vt 0.474324 0.095735 
vt 0.46732 0.093381 
vt 0.468573 0.090697 
vt 0.478272 0.093209 
vt 0.477973 0.096172 
vt 0.479215 0.093287 
vt 0.478965 0.096256 
vt 0.447717 0.073426 
vt 0.445403 0.075275 
vt 0.510268 0.081627 
vt 0.516884 0.073426 
vt 0.519333 0.075105 
vt 0.512293 0.083776 
vt 0.504543 0.085777 
vt 0.506296 0.088195 
vt 0.499347 0.819805 
vt 0.512538 0.805848 
vt 0.535796 0.848412 
vt 0.50038 0.860853 
vt 0.563605 0.874044 
vt 0.532706 0.864023 
vt 0.57122 0.856303 
vt 0.592211 0.890034 
vt 0.552752 0.899347 
vt 0.521883 0.914319 
vt 0.500893 0.912054 
vt 0.589703 0.92316 
vt 0.576896 0.911789 
vt 0.56268 0.931973 
vt 0.531522 0.917841 
vt 0.515966 0.938149 
vt 0.501347 0.936292 
vt 0.509053 0.95989 
vt 0.501846 0.959004 
vt 0.456253 0.809693 
vt 0.468103 0.86475 
vt 0.437164 0.875235 
vt 0.416547 0.822447 
vt 0.478903 0.915329 
vt 0.480475 0.94163 
vt 0.487683 0.9633 
vt 0.426317 0.788536 
vt 0.411218 0.809108 
vt 0.392708 0.833845 
vt 0.126691 0.324423 
vt 0.122881 0.328533 
vt 0.11399 0.322088 
vt 0.11751 0.316172 
vt 0.143717 0.322024 
vt 0.142097 0.32852 
vt 0.130223 0.336741 
vt 0.103915 0.317408 
vt 0.100929 0.32617 
vt 0.095192 0.324936 
vt 0.109267 0.330048 
vt 0.111054 0.341787 
vt 0.108182 0.3399 
vt 0.115766 0.347047 
vt 0.098102 0.334476 
vt 0.105736 0.34815 
vt 0.109083 0.351715 
vt 0.1026 0.356312 
vt 0.100878 0.354528 
vt 0.138889 0.356944 
vt 0.135607 0.346398 
vt 0.153748 0.338242 
vt 0.158243 0.351883 
vt 0.119166 0.353337 
vt 0.111797 0.358422 
vt 0.104162 0.360932 
vt 0.16616 0.342192 
vt 0.163153 0.350635 
vt 0.159866 0.360932 
vt 0.427131 0.066917 
vt 0.430265 0.065645 
vt 0.436228 0.07922 
vt 0.43339 0.081008 
vt 0.42808 0.060262 
vt 0.424872 0.061227 
vt 0.443085 0.087475 
vt 0.440801 0.08993 
vt 0.452587 0.094585 
vt 0.450976 0.097522 
vt 0.46186 0.098322 
vt 0.4608 0.101526 
vt 0.489229 0.101739 
vt 0.489452 0.1051 
vt 0.480442 0.104981 
vt 0.480611 0.101621 
vt 0.470258 0.100471 
vt 0.469622 0.103777 
vt 0.496647 0.10058 
vt 0.497548 0.103821 
vt 0.503209 0.098041 
vt 0.504433 0.101194 
vt 0.505219 0.097262 
vt 0.506593 0.100348 
vt 0.422673 0.047336 
vt 0.426012 0.047331 
vt 0.508915 0.095171 
vt 0.510724 0.098028 
vt 0.523097 0.088266 
vt 0.52059 0.086013 
vt 0.530158 0.071383 
vt 0.533232 0.072707 
vt 0.516934 0.094059 
vt 0.514861 0.091404 
vt 0.535511 0.043897 
vt 0.534347 0.036198 
vt 0.537694 0.035694 
vt 0.538855 0.043807 
vt 0.424218 0.035694 
vt 0.427567 0.03616 
vt 0.537927 0.053687 
vt 0.534578 0.053252 
vt 0.767286 0.439488 
vt 0.785132 0.469482 
vt 0.765638 0.468353 
vt 0.756874 0.467846 
vt 0.765619 0.498348 
vt 0.780621 0.530351 
vt 0.761812 0.528234 
vt 0.73969 0.496971 
vt 0.714992 0.526019 
vt 0.715061 0.511149 
vt 0.780685 0.560805 
vt 0.759433 0.557994 
vt 0.714946 0.555737 
vt 0.67049 0.557759 
vt 0.66786 0.527946 
vt 0.758032 0.573418 
vt 0.714785 0.5853 
vt 0.673327 0.58715 
vt 0.730034 0.586431 
vt 0.7141 0.61405 
vt 0.6767 0.615772 
vt 0.727793 0.615467 
vt 0.712999 0.642404 
vt 0.68025 0.643102 
vt 0.744266 0.645351 
vt 0.63396 0.593952 
vt 0.637475 0.608183 
vt 0.658235 0.619378 
vt 0.664303 0.646634 
vt 0.68204 0.656148 
vt 0.726093 0.668921 
vt 0.690671 0.49718 
vt 0.648242 0.560909 
vt 0.290357 0.220121 
vt 0.280447 0.216664 
vt 0.282624 0.210444 
vt 0.279585 0.219148 
vt 0.270393 0.213138 
vt 0.260166 0.209787 
vt 0.261897 0.203638 
vt 0.267573 0.221026 
vt 0.254732 0.224929 
vt 0.259708 0.226959 
vt 0.250016 0.206525 
vt 0.251891 0.199444 
vt 0.238606 0.234784 
vt 0.244966 0.220908 
vt 0.248013 0.239662 
vt 0.244817 0.204934 
vt 0.229376 0.229913 
vt 0.235308 0.217063 
vt 0.236849 0.212211 
vt 0.220487 0.225032 
vt 0.225841 0.213449 
vt 0.227101 0.209085 
vt 0.212053 0.220268 
vt 0.216669 0.210146 
vt 0.219615 0.199444 
vt 0.221856 0.241949 
vt 0.217686 0.238912 
vt 0.216947 0.230392 
vt 0.208892 0.224811 
vt 0.208071 0.217994 
vt 0.2093 0.202423 
vt 0.261274 0.236672 
vt 0.234663 0.241418 
vt 0.012739 0.080548 
vt 0.01857 0.068461 
vt 0.014847 0.06647 
vt 0.008838 0.07906 
vt 0.20544 0.080548 
vt 0.209421 0.079292 
vt 0.205386 0.067876 
vt 0.201486 0.069499 
vt 0.033513 0.045489 
vt 0.03015 0.042933 
vt 0.021947 0.054432 
vt 0.025487 0.056733 
vt 0.19065 0.04817 
vt 0.195883 0.05752 
vt 0.199623 0.055561 
vt 0.193992 0.045669 
vt 0.040924 0.036411 
vt 0.037835 0.033538 
vt 0.047827 0.029554 
vt 0.045263 0.026251 
vt 0.057941 0.023576 
vt 0.055901 0.019883 
vt 0.068037 0.018791 
vt 0.066451 0.01488 
vt 0.080652 0.014341 
vt 0.079456 0.010297 
vt 0.147922 0.016364 
vt 0.149542 0.012471 
vt 0.144012 0.010539 
vt 0.142631 0.014533 
vt 0.133861 0.0115 
vt 0.1351 0.00746602 
vt 0.124254 0.00481099 
vt 0.123513 0.008964 
vt 0.116096 0.00796598 
vt 0.116256 0.00377101 
vt 0.102712 0.00480598 
vt 0.103468 0.00893402 
vt 0.092059 0.011638 
vt 0.091085 0.00752503 
vt 0.172859 0.030011 
vt 0.183151 0.040516 
vt 0.186171 0.037558 
vt 0.175456 0.026742 
vt 0.162465 0.018651 
vt 0.160439 0.022352 
vt 0.756836 0.591692 
vt 0.801794 0.58993 
vt 0.75863 0.621269 
vt 0.803636 0.604518 
vt 0.803744 0.619485 
vt 0.803896 0.649163 
vt 0.760839 0.651262 
vt 0.804069 0.67866 
vt 0.783226 0.680055 
vt 0.804314 0.707411 
vt 0.78572 0.709115 
vt 0.845659 0.681152 
vt 0.841572 0.70991 
vt 0.804873 0.73496 
vt 0.773943 0.73846 
vt 0.837555 0.737415 
vt 0.805525 0.760513 
vt 0.877958 0.718184 
vt 0.873745 0.731445 
vt 0.895092 0.725938 
vt 0.826407 0.650029 
vt 0.848354 0.635569 
vt 0.827315 0.620019 
vt 0.334665 0.237283 
vt 0.344631 0.241411 
vt 0.328651 0.25277 
vt 0.333721 0.254597 
vt 0.338787 0.256374 
vt 0.35446 0.245662 
vt 0.348734 0.259833 
vt 0.361343 0.256713 
vt 0.358551 0.26327 
vt 0.370735 0.260849 
vt 0.368121 0.266653 
vt 0.364798 0.278943 
vt 0.35474 0.277013 
vt 0.381932 0.260012 
vt 0.37722 0.269965 
vt 0.374402 0.28071 
vt 0.385815 0.273133 
vt 0.368346 0.291693 
vt 0.363425 0.291603 
vt 0.363885 0.297983 
vt 0.346548 0.267236 
vt 0.339146 0.273245 
vt 0.336369 0.264114 
vt 0.561283 0.075428 
vt 0.564519 0.078151 
vt 0.552861 0.092 
vt 0.549627 0.089278 
vt 0.542045 0.098283 
vt 0.54518 0.101115 
vt 0.404654 0.080809 
vt 0.400836 0.082502 
vt 0.398388 0.077109 
vt 0.402266 0.075428 
vt 0.533951 0.106637 
vt 0.536784 0.109764 
vt 0.525421 0.119005 
vt 0.522923 0.115601 
vt 0.515594 0.125311 
vt 0.513524 0.121635 
vt 0.50423 0.13098 
vt 0.502565 0.127108 
vt 0.488607 0.132423 
vt 0.489719 0.136469 
vt 0.473862 0.135 
vt 0.474031 0.139183 
vt 0.459343 0.137753 
vt 0.460232 0.133658 
vt 0.445587 0.128753 
vt 0.452232 0.130978 
vt 0.45089 0.134987 
vt 0.443715 0.132492 
vt 0.427492 0.121177 
vt 0.430363 0.118147 
vt 0.418258 0.109771 
vt 0.421689 0.107316 
vt 0.412426 0.100975 
vt 0.415951 0.098642 
vt 0.410212 0.089969 
vt 0.406644 0.09223 
vt 0.847701 0.77422 
vt 0.861556 0.741104 
vt 0.86645 0.769152 
vt 0.904627 0.751417 
vt 0.904691 0.766033 
vt 0.923851 0.767789 
vt 0.811752 0.823799 
vt 0.834403 0.793306 
vt 0.840069 0.806237 
vt 0.871397 0.796089 
vt 0.904468 0.79359 
vt 0.92099 0.795819 
vt 0.994274 0.838212 
vt 0.982247 0.866713 
vt 0.97462 0.855157 
vt 0.810022 0.865097 
vt 0.828291 0.844958 
vt 0.850819 0.830177 
vt 0.876493 0.821833 
vt 0.903297 0.819785 
vt 0.934019 0.812071 
vt 0.9299 0.824875 
vt 0.965292 0.844936 
vt 0.940297 0.893892 
vt 0.936631 0.887715 
vt 0.860847 0.882466 
vt 0.851822 0.89364 
vt 0.872539 0.874284 
vt 0.885988 0.869568 
vt 0.900109 0.868608 
vt 0.913957 0.871503 
vt 0.926354 0.877959 
vt 0.918217 0.901861 
vt 0.883863 0.895136 
vt 0.877897 0.899697 
vt 0.890875 0.892623 
vt 0.8983 0.892216 
vt 0.905618 0.894004 
vt 0.912641 0.89656 
vt 0.834035 0.901659 
vt 0.8898 0.905377 
vt 0.893288 0.904099 
vt 0.897014 0.903889 
vt 0.153241 0.31677 
vt 0.156491 0.322504 
vt 0.148046 0.328424 
vt 0.16493 0.332454 
vt 0.161262 0.33612 
vt 0.169985 0.336658 
vt 0.156696 0.296193 
vt 0.159309 0.307109 
vt 0.154731 0.308922 
vt 0.164392 0.317049 
vt 0.171694 0.325566 
vt 0.176245 0.328965 
vt 0.204109 0.336658 
vt 0.203402 0.327404 
vt 0.207953 0.326435 
vt 0.166269 0.285834 
vt 0.165896 0.295057 
vt 0.167814 0.303901 
vt 0.1719 0.311976 
vt 0.177862 0.318857 
vt 0.183283 0.328124 
vt 0.185404 0.323975 
vt 0.198732 0.327304 
vt 0.197267 0.310276 
vt 0.192821 0.308795 
vt 0.20206 0.310343 
vt 0.204398 0.309739 
vt 0.183251 0.288959 
vt 0.182799 0.293694 
vt 0.183654 0.298406 
vt 0.185696 0.302712 
vt 0.188872 0.306238 
vt 0.200973 0.302268 
vt 0.19092 0.293653 
vt 0.191312 0.296073 
vt 0.192378 0.298312 
vt 0.194032 0.300155 
vt 0.19614 0.301482 
vt 0.198508 0.302236 
vt 0.180965 0.282578 
vt 0.195115 0.295026 
vt 0.19564 0.296163 
vt 0.196472 0.297109 
vt 0.144578 0.116715 
vt 0.14711 0.118224 
vt 0.141432 0.126398 
vt 0.139079 0.124582 
vt 0.149129 0.106245 
vt 0.151964 0.107041 
vt 0.150224 0.099802 
vt 0.15317 0.100199 
vt 0.127618 0.135011 
vt 0.135279 0.12915 
vt 0.13733 0.131272 
vt 0.129069 0.137577 
vt 0.150797 0.092322 
vt 0.153769 0.09236 
vt 0.074644 0.115298 
vt 0.07179 0.116109 
vt 0.070014 0.107685 
vt 0.072935 0.107221 
vt 0.118567 0.141816 
vt 0.117842 0.138958 
vt 0.150639 0.087054 
vt 0.15357 0.086681 
vt 0.072671 0.087356 
vt 0.072065 0.099008 
vt 0.069104 0.099321 
vt 0.069792 0.086681 
vt 0.080226 0.127009 
vt 0.077846 0.128772 
vt 0.084385 0.131601 
vt 0.08221 0.133628 
vt 0.085739 0.132918 
vt 0.087222 0.134086 
vt 0.085429 0.136441 
vt 0.08377 0.135146 
vt 0.106396 0.142868 
vt 0.106469 0.139892 
vt 0.10124 0.139759 
vt 0.100862 0.142694 
vt 0.093694 0.140939 
vt 0.094699 0.138155 
vt 0.090387 0.139357 
vt 0.091722 0.136696 
vt 0.089462 0.138873 
vt 0.090885 0.136258 
vt 0.088554 0.138359 
vt 0.090063 0.135793 
vt 0.634456 0.63255 
vt 0.672286 0.662321 
vt 0.650413 0.661706 
vt 0.67273 0.691111 
vt 0.649101 0.691225 
vt 0.71744 0.674694 
vt 0.718916 0.689335 
vt 0.741524 0.686469 
vt 0.579392 0.694565 
vt 0.60099 0.693676 
vt 0.578774 0.723496 
vt 0.625437 0.721653 
vt 0.625111 0.706699 
vt 0.67348 0.719921 
vt 0.721335 0.718185 
vt 0.745207 0.716479 
vt 0.62652 0.751386 
vt 0.579397 0.753977 
vt 0.674681 0.749161 
vt 0.722879 0.747506 
vt 0.771138 0.746713 
vt 0.579182 0.769269 
vt 0.584408 0.815299 
vt 0.532205 0.776428 
vt 0.552908 0.758386 
vt 0.630845 0.810485 
vt 0.677335 0.808028 
vt 0.723613 0.80683 
vt 0.769704 0.808 
vt 0.794331 0.778026 
vt 0.58487 0.830424 
vt 0.637238 0.86907 
vt 0.595649 0.875243 
vt 0.679484 0.867657 
vt 0.721851 0.866283 
vt 0.640314 0.896858 
vt 0.659569 0.896185 
vt 0.719234 0.880654 
vt 0.561426 0.818662 
vt 0.136795 0.20463 
vt 0.141913 0.215199 
vt 0.137917 0.221467 
vt 0.150358 0.220462 
vt 0.145841 0.227063 
vt 0.136373 0.23958 
vt 0.132556 0.236476 
vt 0.131156 0.24556 
vt 0.164772 0.200869 
vt 0.173335 0.206421 
vt 0.160102 0.207245 
vt 0.163621 0.219659 
vt 0.159429 0.216719 
vt 0.153871 0.232819 
vt 0.143992 0.245999 
vt 0.138886 0.25243 
vt 0.182058 0.212542 
vt 0.171898 0.225757 
vt 0.162054 0.23893 
vt 0.152166 0.252249 
vt 0.14243 0.265741 
vt 0.205736 0.210954 
vt 0.204245 0.220748 
vt 0.198803 0.226611 
vt 0.197794 0.203496 
vt 0.202848 0.230204 
vt 0.188485 0.238847 
vt 0.195672 0.264147 
vt 0.178765 0.251487 
vt 0.204463 0.252396 
vt 0.187074 0.275998 
vt 0.169471 0.264508 
vt 0.160608 0.277891 
vt 0.214141 0.241806 
vt 0.212237 0.259051 
vt 0.186344 0.21586 
vt 0.146972 0.278653 
vt 0.208371 0.264403 
vt 0.191495 0.278653 
vt 0.318061 0.052694 
vt 0.319183 0.056706 
vt 0.300156 0.058807 
vt 0.299721 0.054605 
vt 0.286828 0.05595 
vt 0.286897 0.060153 
vt 0.275145 0.059147 
vt 0.2759 0.055008 
vt 0.333628 0.045582 
vt 0.335853 0.04913 
vt 0.341336 0.039308 
vt 0.344156 0.042424 
vt 0.256451 0.047752 
vt 0.254485 0.051495 
vt 0.246824 0.047471 
vt 0.248788 0.043729 
vt 0.238938 0.038556 
vt 0.236641 0.042084 
vt 0.265715 0.052618 
vt 0.264258 0.056535 
vt 0.348836 0.031101 
vt 0.352196 0.033632 
vt 0.22723 0.034617 
vt 0.230022 0.031448 
vt 0.35676 0.018795 
vt 0.360537 0.020552 
vt 0.354022 0.11151 
vt 0.364149 0.105689 
vt 0.366441 0.109242 
vt 0.355941 0.115276 
vt 0.344476 0.116378 
vt 0.346321 0.120178 
vt 0.236794 0.099823 
vt 0.259661 0.116701 
vt 0.257871 0.120473 
vt 0.23379 0.10272 
vt 0.336804 0.124571 
vt 0.319767 0.130647 
vt 0.318789 0.126588 
vt 0.335034 0.120733 
vt 0.30017 0.132358 
vt 0.300303 0.128174 
vt 0.222952 0.030333 
vt 0.225886 0.027362 
vt 0.215927 0.021378 
vt 0.219274 0.018795 
vt 0.373244 0.099823 
vt 0.375536 0.103376 
vt 0.09317 0.086165 
vt 0.077877 0.074651 
vt 0.090689 0.067421 
vt 0.09317 0.070771 
vt 0.279967 0.124651 
vt 0.293396 0.126977 
vt 0.292677 0.131143 
vt 0.278952 0.128712 
vt 0.264873 0.118741 
vt 0.263332 0.122677 
vt 0.188035 0.206006 
vt 0.537054 0.806698 
vt 0.078788 0.114908 
vt 0.077816 0.110853 
vt 0.079405 0.093374 
vt 0.077969 0.089461 

usemtl Egg1Mtl

f 1/1/1 2/2/2 3/3/3 
f 4/4/4 2/2/2 5/5/5 
f 5/5/5 2/2/2 6/6/6 
f 6/6/6 2/2/2 7/7/7 
f 7/7/7 2/2/2 1/1/1 
f 8/8/8 9/9/9 1/1/1 
f 1/1/1 3/3/3 8/8/8 
f 10/10/10 11/11/11 4/4/4 
f 4/4/4 5/5/5 10/10/10 
f 12/12/12 10/10/10 5/5/5 
f 5/5/5 6/6/6 12/12/12 
f 13/13/13 12/12/12 6/6/6 
f 6/6/6 7/7/7 13/13/13 
f 9/9/9 13/13/13 7/7/7 
f 7/7/7 1/1/1 9/9/9 
f 14/14/14 15/15/15 9/9/9 
f 9/9/9 8/8/8 14/14/14 
f 16/16/16 17/17/17 11/11/11 
f 11/11/11 10/10/10 16/16/16 
f 18/18/18 16/16/16 10/10/10 
f 10/10/10 12/12/12 18/18/18 
f 19/19/19 18/18/18 12/12/12 
f 12/12/12 13/13/13 19/19/19 
f 15/15/15 19/19/19 13/13/13 
f 13/13/13 9/9/9 15/15/15 
f 20/20/20 21/21/21 22/22/22 
f 22/22/22 23/23/23 20/20/20 
f 24/24/24 25/25/25 26/26/26 
f 26/26/26 27/27/27 24/24/24 
f 27/27/27 26/26/26 28/28/28 
f 28/28/28 29/29/29 27/27/27 
f 29/29/29 28/28/28 30/30/30 
f 30/30/30 31/31/31 29/29/29 
f 31/31/31 30/30/30 22/22/22 
f 22/22/22 21/21/21 31/31/31 
f 32/32/32 33/33/33 21/21/21 
f 21/21/21 20/20/20 32/32/32 
f 34/34/34 35/35/35 24/24/24 
f 24/24/24 27/27/27 34/34/34 
f 36/36/36 34/34/34 27/27/27 
f 27/27/27 29/29/29 36/36/36 
f 37/37/37 36/36/36 29/29/29 
f 29/29/29 31/31/31 37/37/37 
f 33/33/33 37/37/37 31/31/31 
f 31/31/31 21/21/21 33/33/33 
f 32/32/32 38/38/38 33/33/33 
f 34/34/34 38/38/38 35/35/35 
f 36/36/36 38/38/38 34/34/34 
f 37/37/37 38/38/38 36/36/36 
f 33/33/33 38/38/38 37/37/37 
f 39/39/39 3/3/3 2/2/2 
f 4/4/4 40/40/40 2/2/2 
f 40/40/40 41/41/41 2/2/2 
f 41/41/41 42/42/42 2/2/2 
f 42/42/42 39/39/39 2/2/2 
f 39/39/39 43/43/43 8/8/8 
f 8/8/8 3/3/3 39/39/39 
f 4/4/4 11/11/11 44/44/44 
f 44/44/44 40/40/40 4/4/4 
f 40/40/40 44/44/44 45/45/45 
f 45/45/45 41/41/41 40/40/40 
f 41/41/41 45/45/45 46/46/46 
f 46/46/46 42/42/42 41/41/41 
f 42/42/42 46/46/46 43/43/43 
f 43/43/43 39/39/39 42/42/42 
f 43/43/43 47/47/47 14/14/14 
f 14/14/14 8/8/8 43/43/43 
f 11/11/11 17/17/17 48/48/48 
f 48/48/48 44/44/44 11/11/11 
f 44/44/44 48/48/48 49/49/49 
f 49/49/49 45/45/45 44/44/44 
f 45/45/45 49/49/49 50/50/50 
f 50/50/50 46/46/46 45/45/45 
f 46/46/46 50/50/50 47/47/47 
f 47/47/47 43/43/43 46/46/46 
f 51/51/51 52/52/52 20/20/20 
f 20/20/20 23/23/23 51/51/51 
f 53/53/53 25/25/25 24/24/24 
f 24/24/24 54/54/54 53/53/53 
f 55/55/55 53/53/53 54/54/54 
f 54/54/54 56/56/56 55/55/55 
f 57/57/57 55/55/55 56/56/56 
f 56/56/56 58/58/58 57/57/57 
f 51/51/51 57/57/57 58/58/58 
f 58/58/58 52/52/52 51/51/51 
f 52/52/52 59/59/59 32/32/32 
f 32/32/32 20/20/20 52/52/52 
f 24/24/24 35/35/35 60/60/60 
f 60/60/60 54/54/54 24/24/24 
f 54/54/54 60/60/60 61/61/61 
f 61/61/61 56/56/56 54/54/54 
f 56/56/56 61/61/61 62/62/62 
f 62/62/62 58/58/58 56/56/56 
f 58/58/58 62/62/62 59/59/59 
f 59/59/59 52/52/52 58/58/58 
f 32/32/32 59/59/59 38/38/38 
f 60/60/60 35/35/35 38/38/38 
f 61/61/61 60/60/60 38/38/38 
f 62/62/62 61/61/61 38/38/38 
f 59/59/59 62/62/62 38/38/38 
f 63/63/63 64/64/64 65/65/65 
f 65/65/65 66/66/66 63/63/63 
f 67/67/67 68/68/68 69/69/69 
f 69/69/69 70/70/70 67/67/67 
f 69/69/69 68/68/68 71/71/71 
f 71/71/71 72/72/72 69/69/69 
f 73/73/73 74/74/74 67/67/67 
f 67/67/67 75/75/75 73/73/73 
f 76/76/76 77/77/77 78/78/78 
f 79/79/79 77/77/77 76/76/76 
f 76/76/76 80/80/80 79/79/79 
f 65/65/65 64/64/64 79/79/79 
f 79/79/79 80/80/80 65/65/65 
f 63/63/63 72/72/72 81/81/81 
f 81/81/81 64/64/64 63/63/63 
f 75/75/75 67/67/67 82/82/82 
f 82/82/82 67/67/67 83/83/83 
f 83/83/83 67/67/67 70/70/70 
f 84/84/84 83/83/83 70/70/70 
f 85/85/85 70/70/70 69/69/69 
f 66/66/66 86/86/86 63/63/63 
f 85/85/85 69/69/69 72/72/72 
f 72/72/72 63/63/63 85/85/85 
f 86/86/86 66/66/66 87/87/87 
f 87/87/87 88/88/88 86/86/86 
f 89/89/89 90/90/90 88/88/88 
f 88/88/88 87/87/87 89/89/89 
f 89/89/89 87/87/87 91/91/91 
f 91/91/91 87/87/87 66/66/66 
f 66/66/66 92/92/92 91/91/91 
f 66/66/66 65/65/65 92/92/92 
f 80/80/80 92/92/92 65/65/65 
f 72/72/72 71/71/71 81/81/81 
f 71/71/71 68/68/68 93/93/93 
f 67/67/67 74/74/74 93/93/93 
f 93/93/93 68/68/68 67/67/67 
f 94/94/94 95/95/95 96/96/96 
f 96/96/96 97/97/97 94/94/94 
f 98/98/98 99/99/99 100/100/100 
f 100/100/100 96/96/96 98/98/98 
f 99/99/99 101/101/101 102/102/102 
f 102/102/102 103/103/103 99/99/99 
f 98/98/98 104/104/104 101/101/101 
f 101/101/101 99/99/99 98/98/98 
f 102/102/102 105/105/105 106/106/106 
f 106/106/106 107/107/107 102/102/102 
f 108/108/108 109/109/109 110/110/110 
f 108/108/108 110/110/110 111/111/111 
f 111/111/111 112/112/112 108/108/108 
f 94/94/94 112/112/112 111/111/111 
f 111/111/111 95/95/95 94/94/94 
f 96/96/96 95/95/95 113/113/113 
f 113/113/113 98/98/98 96/96/96 
f 107/107/107 114/114/114 102/102/102 
f 114/114/114 115/115/115 102/102/102 
f 115/115/115 103/103/103 102/102/102 
f 116/116/116 103/103/103 115/115/115 
f 100/100/100 99/99/99 103/103/103 
f 97/97/97 96/96/96 117/117/117 
f 118/118/118 117/117/117 96/96/96 
f 96/96/96 100/100/100 118/118/118 
f 119/119/119 97/97/97 117/117/117 
f 117/117/117 120/120/120 119/119/119 
f 121/121/121 119/119/119 120/120/120 
f 120/120/120 122/122/122 121/121/121 
f 121/121/121 123/123/123 119/119/119 
f 123/123/123 124/124/124 97/97/97 
f 97/97/97 119/119/119 123/123/123 
f 97/97/97 124/124/124 94/94/94 
f 112/112/112 94/94/94 124/124/124 
f 98/98/98 113/113/113 104/104/104 
f 101/101/101 104/104/104 125/125/125 
f 102/102/102 101/101/101 125/125/125 
f 125/125/125 105/105/105 102/102/102 
f 126/126/126 127/127/127 128/128/128 
f 128/128/128 129/129/129 126/126/126 
f 130/130/130 131/131/131 128/128/128 
f 128/128/128 127/127/127 130/130/130 
f 132/132/132 133/133/133 134/134/134 
f 134/134/134 135/135/135 132/132/132 
f 136/136/136 137/137/137 138/138/138 
f 138/138/138 139/139/139 136/136/136 
f 132/132/132 135/135/135 140/140/140 
f 140/140/140 141/141/141 132/132/132 
f 142/142/142 143/143/143 137/137/137 
f 137/137/137 136/136/136 142/142/142 
f 144/144/144 141/141/141 140/140/140 
f 140/140/140 145/145/145 144/144/144 
f 144/144/144 145/145/145 146/146/146 
f 146/146/146 147/147/147 144/144/144 
f 126/126/126 129/129/129 148/148/148 
f 148/148/148 149/149/149 126/126/126 
f 150/150/150 149/149/149 148/148/148 
f 148/148/148 151/151/151 150/150/150 
f 150/150/150 151/151/151 152/152/152 
f 152/152/152 153/153/153 150/150/150 
f 154/154/154 153/153/153 152/152/152 
f 152/152/152 155/155/155 154/154/154 
f 156/156/156 154/154/154 155/155/155 
f 155/155/155 157/157/157 156/156/156 
f 156/156/156 157/157/157 158/158/158 
f 158/158/158 159/159/159 156/156/156 
f 160/160/160 161/161/161 159/159/159 
f 159/159/159 158/158/158 160/160/160 
f 161/161/161 160/160/160 162/162/162 
f 162/162/162 163/163/163 161/161/161 
f 164/164/164 165/165/165 166/166/166 
f 166/166/166 167/167/167 164/164/164 
f 163/163/163 162/162/162 166/166/166 
f 166/166/166 165/165/165 163/163/163 
f 164/164/164 167/167/167 168/168/168 
f 168/168/168 169/169/169 164/164/164 
f 170/170/170 169/169/169 168/168/168 
f 168/168/168 171/171/171 170/170/170 
f 170/170/170 171/171/171 143/143/143 
f 143/143/143 142/142/142 170/170/170 
f 172/172/172 147/147/147 146/146/146 
f 146/146/146 173/173/173 172/172/172 
f 174/174/174 175/175/175 172/172/172 
f 172/172/172 173/173/173 174/174/174 
f 130/130/130 175/175/175 174/174/174 
f 174/174/174 131/131/131 130/130/130 
f 63/63/63 86/86/86 176/176/176 
f 176/176/176 85/85/85 63/63/63 
f 177/177/177 178/178/178 179/179/179 
f 180/180/180 181/181/181 179/179/179 
f 181/181/181 182/182/182 179/179/179 
f 182/182/182 183/183/183 179/179/179 
f 183/183/183 184/184/184 179/179/179 
f 184/184/184 185/185/185 179/179/179 
f 185/185/185 186/186/186 179/179/179 
f 186/186/186 187/187/187 179/179/179 
f 187/187/187 177/177/177 179/179/179 
f 188/188/188 189/189/189 178/178/178 
f 178/178/178 177/177/177 188/188/188 
f 190/190/190 191/191/191 181/181/181 
f 181/181/181 180/180/180 190/190/190 
f 191/191/191 192/192/192 182/182/182 
f 182/182/182 181/181/181 191/191/191 
f 182/182/182 192/192/192 193/193/193 
f 193/193/193 183/183/183 182/182/182 
f 193/193/193 194/194/194 184/184/184 
f 184/184/184 183/183/183 193/193/193 
f 184/184/184 194/194/194 185/185/185 
f 186/186/186 195/195/195 187/187/187 
f 187/187/187 195/195/195 188/188/188 
f 188/188/188 177/177/177 187/187/187 
f 190/190/190 196/196/196 191/191/191 
f 191/191/191 196/196/196 192/192/192 
f 178/178/178 197/197/197 179/179/179 
f 198/198/198 180/180/180 179/179/179 
f 199/199/199 198/198/198 179/179/179 
f 200/200/200 199/199/199 179/179/179 
f 201/201/201 200/200/200 179/179/179 
f 197/197/197 201/201/201 179/179/179 
f 189/189/189 202/202/202 197/197/197 
f 197/197/197 178/178/178 189/189/189 
f 180/180/180 198/198/198 203/203/203 
f 203/203/203 198/198/198 199/199/199 
f 199/199/199 200/200/200 204/204/204 
f 201/201/201 205/205/205 204/204/204 
f 204/204/204 200/200/200 201/201/201 
f 201/201/201 197/197/197 202/202/202 
f 202/202/202 205/205/205 201/201/201 
f 206/206/206 207/207/207 208/208/208 
f 208/208/208 209/209/209 206/206/206 
f 210/210/210 211/211/211 212/212/212 
f 212/212/212 213/213/213 210/210/210 
f 214/214/214 215/215/215 211/211/211 
f 211/211/211 210/210/210 214/214/214 
f 216/216/216 217/217/217 215/215/215 
f 215/215/215 214/214/214 216/216/216 
f 218/218/218 219/219/219 217/217/217 
f 217/217/217 216/216/216 218/218/218 
f 220/220/220 221/221/221 219/219/219 
f 219/219/219 218/218/218 220/220/220 
f 221/221/221 220/220/220 222/222/222 
f 220/220/220 223/223/223 222/222/222 
f 224/224/224 225/225/225 222/222/222 
f 222/222/222 223/223/223 224/224/224 
f 224/224/224 209/209/209 208/208/208 
f 208/208/208 225/225/225 224/224/224 
f 207/207/207 226/226/226 227/227/227 
f 227/227/227 208/208/208 207/207/207 
f 211/211/211 228/228/228 229/229/229 
f 229/229/229 212/212/212 211/211/211 
f 215/215/215 230/230/230 228/228/228 
f 228/228/228 211/211/211 215/215/215 
f 215/215/215 217/217/217 231/231/231 
f 231/231/231 230/230/230 215/215/215 
f 219/219/219 232/232/232 231/231/231 
f 231/231/231 217/217/217 219/219/219 
f 219/219/219 221/221/221 232/232/232 
f 222/222/222 225/225/225 233/233/233 
f 225/225/225 208/208/208 227/227/227 
f 227/227/227 233/233/233 225/225/225 
f 229/229/229 228/228/228 234/234/234 
f 228/228/228 230/230/230 234/234/234 
f 206/206/206 209/209/209 235/235/235 
f 210/210/210 213/213/213 235/235/235 
f 214/214/214 210/210/210 235/235/235 
f 216/216/216 214/214/214 235/235/235 
f 218/218/218 216/216/216 235/235/235 
f 220/220/220 218/218/218 235/235/235 
f 223/223/223 220/220/220 235/235/235 
f 224/224/224 223/223/223 235/235/235 
f 209/209/209 224/224/224 235/235/235 
f 236/236/236 237/237/237 238/238/238 
f 237/237/237 207/207/207 206/206/206 
f 206/206/206 238/238/238 237/237/237 
f 212/212/212 239/239/239 240/240/240 
f 240/240/240 213/213/213 212/212/212 
f 241/241/241 240/240/240 239/239/239 
f 239/239/239 242/242/242 241/241/241 
f 242/242/242 243/243/243 244/244/244 
f 244/244/244 241/241/241 242/242/242 
f 243/243/243 245/245/245 246/246/246 
f 246/246/246 244/244/244 243/243/243 
f 247/247/247 246/246/246 245/245/245 
f 245/245/245 248/248/248 247/247/247 
f 236/236/236 247/247/247 248/248/248 
f 248/248/248 237/237/237 236/236/236 
f 212/212/212 249/249/249 239/239/239 
f 242/242/242 239/239/239 249/249/249 
f 242/242/242 250/250/250 243/243/243 
f 250/250/250 251/251/251 245/245/245 
f 245/245/245 243/243/243 250/250/250 
f 248/248/248 245/245/245 251/251/251 
f 251/251/251 252/252/252 248/248/248 
f 207/207/207 237/237/237 226/226/226 
f 226/226/226 237/237/237 252/252/252 
f 237/237/237 248/248/248 252/252/252 
f 238/238/238 235/235/235 236/236/236 
f 206/206/206 235/235/235 238/238/238 
f 240/240/240 235/235/235 213/213/213 
f 240/240/240 241/241/241 235/235/235 
f 244/244/244 235/235/235 241/241/241 
f 246/246/246 235/235/235 244/244/244 
f 246/246/246 247/247/247 235/235/235 
f 236/236/236 235/235/235 247/247/247 
f 253/253/253 254/254/254 255/255/255 
f 255/255/255 256/256/256 253/253/253 
f 257/257/257 258/258/258 259/259/259 
f 259/259/259 260/260/260 257/257/257 
f 261/261/261 262/262/262 263/263/263 
f 263/263/263 264/264/264 261/261/261 
f 265/265/265 266/266/266 267/267/267 
f 267/267/267 268/268/268 265/265/265 
f 269/269/269 270/270/270 267/267/267 
f 267/267/267 266/266/266 269/269/269 
f 256/256/256 255/255/255 270/270/270 
f 270/270/270 269/269/269 256/256/256 
f 253/253/253 271/271/271 272/272/272 
f 272/272/272 254/254/254 253/253/253 
f 260/260/260 259/259/259 272/272/272 
f 272/272/272 271/271/271 260/260/260 
f 273/273/273 274/274/274 262/262/262 
f 262/262/262 261/261/261 273/273/273 
f 265/265/265 268/268/268 274/274/274 
f 274/274/274 273/273/273 265/265/265 
f 257/257/257 275/275/275 276/276/276 
f 276/276/276 258/258/258 257/257/257 
f 264/264/264 263/263/263 277/277/277 
f 277/277/277 278/278/278 264/264/264 
f 277/277/277 279/279/279 280/280/280 
f 280/280/280 278/278/278 277/277/277 
f 280/280/280 279/279/279 281/281/281 
f 281/281/281 282/282/282 280/280/280 
f 283/283/283 284/284/284 285/285/285 
f 285/285/285 286/286/286 283/283/283 
f 276/276/276 275/275/275 286/286/286 
f 286/286/286 285/285/285 276/276/276 
f 287/287/287 288/288/288 289/289/289 
f 290/290/290 291/291/291 292/292/292 
f 292/292/292 293/293/293 290/290/290 
f 294/294/294 295/295/295 296/296/296 
f 294/294/294 296/296/296 297/297/297 
f 297/297/297 298/298/298 294/294/294 
f 299/299/299 298/298/298 297/297/297 
f 297/297/297 300/300/300 299/299/299 
f 299/299/299 300/300/300 301/301/301 
f 301/301/301 302/302/302 299/299/299 
f 302/302/302 301/301/301 303/303/303 
f 303/303/303 304/304/304 302/302/302 
f 290/290/290 304/304/304 303/303/303 
f 303/303/303 291/291/291 290/290/290 
f 305/305/305 306/306/306 307/307/307 
f 308/308/308 306/306/306 305/305/305 
f 308/308/308 305/305/305 301/301/301 
f 301/301/301 300/300/300 308/308/308 
f 309/309/309 308/308/308 300/300/300 
f 297/297/297 310/310/310 309/309/309 
f 309/309/309 300/300/300 297/297/297 
f 296/296/296 310/310/310 297/297/297 
f 311/311/311 312/312/312 313/313/313 
f 314/314/314 293/293/293 292/292/292 
f 293/293/293 314/314/314 313/313/313 
f 313/313/313 312/312/312 293/293/293 
f 291/291/291 315/315/315 292/292/292 
f 303/303/303 316/316/316 315/315/315 
f 315/315/315 291/291/291 303/303/303 
f 301/301/301 305/305/305 307/307/307 
f 307/307/307 303/303/303 301/301/301 
f 316/316/316 303/303/303 307/307/307 
f 317/317/317 295/295/295 294/294/294 
f 298/298/298 317/317/317 294/294/294 
f 318/318/318 298/298/298 299/299/299 
f 299/299/299 302/302/302 318/318/318 
f 302/302/302 319/319/319 318/318/318 
f 320/320/320 288/288/288 287/287/287 
f 304/304/304 319/319/319 302/302/302 
f 321/321/321 304/304/304 290/290/290 
f 321/321/321 290/290/290 293/293/293 
f 293/293/293 322/322/322 321/321/321 
f 312/312/312 322/322/322 293/293/293 
f 323/323/323 324/324/324 325/325/325 
f 326/326/326 327/327/327 328/328/328 
f 328/328/328 329/329/329 326/326/326 
f 330/330/330 331/331/331 332/332/332 
f 332/332/332 333/333/333 330/330/330 
f 334/334/334 330/330/330 333/333/333 
f 333/333/333 335/335/335 334/334/334 
f 336/336/336 334/334/334 335/335/335 
f 335/335/335 337/337/337 336/336/336 
f 338/338/338 336/336/336 337/337/337 
f 337/337/337 339/339/339 338/338/338 
f 327/327/327 338/338/338 339/339/339 
f 339/339/339 328/328/328 327/327/327 
f 340/340/340 341/341/341 342/342/342 
f 343/343/343 340/340/340 342/342/342 
f 344/344/344 334/334/334 343/343/343 
f 343/343/343 334/334/334 336/336/336 
f 336/336/336 340/340/340 343/343/343 
f 330/330/330 334/334/334 344/344/344 
f 344/344/344 345/345/345 330/330/330 
f 331/331/331 330/330/330 345/345/345 
f 332/332/332 331/331/331 346/346/346 
f 347/347/347 348/348/348 349/349/349 
f 350/350/350 351/351/351 329/329/329 
f 329/329/329 352/352/352 350/350/350 
f 351/351/351 326/326/326 329/329/329 
f 327/327/327 326/326/326 353/353/353 
f 338/338/338 327/327/327 353/353/353 
f 353/353/353 354/354/354 338/338/338 
f 354/354/354 341/341/341 338/338/338 
f 336/336/336 338/338/338 341/341/341 
f 341/341/341 340/340/340 336/336/336 
f 355/355/355 332/332/332 346/346/346 
f 333/333/333 332/332/332 355/355/355 
f 356/356/356 335/335/335 333/333/333 
f 335/335/335 356/356/356 337/337/337 
f 337/337/337 356/356/356 357/357/357 
f 358/358/358 323/323/323 325/325/325 
f 339/339/339 337/337/337 357/357/357 
f 359/359/359 328/328/328 339/339/339 
f 329/329/329 328/328/328 359/359/359 
f 359/359/359 360/360/360 329/329/329 
f 352/352/352 329/329/329 360/360/360 
f 324/324/324 289/289/289 288/288/288 
f 288/288/288 325/325/325 324/324/324 
f 323/323/323 287/287/287 289/289/289 
f 289/289/289 324/324/324 323/323/323 
f 361/361/361 362/362/362 363/363/363 
f 363/363/363 364/364/364 361/361/361 
f 365/365/365 366/366/366 367/367/367 
f 367/367/367 368/368/368 365/365/365 
f 368/368/368 367/367/367 369/369/369 
f 369/369/369 370/370/370 368/368/368 
f 371/371/371 370/370/370 369/369/369 
f 369/369/369 372/372/372 371/371/371 
f 371/371/371 372/372/372 373/373/373 
f 373/373/373 374/374/374 371/371/371 
f 375/375/375 374/374/374 373/373/373 
f 373/373/373 376/376/376 375/375/375 
f 377/377/377 378/378/378 379/379/379 
f 379/379/379 380/380/380 377/377/377 
f 348/348/348 347/347/347 381/381/381 
f 381/381/381 382/382/382 348/348/348 
f 348/348/348 382/382/382 383/383/383 
f 383/383/383 384/384/384 348/348/348 
f 385/385/385 384/384/384 383/383/383 
f 383/383/383 386/386/386 385/385/385 
f 385/385/385 386/386/386 387/387/387 
f 387/387/387 388/388/388 385/385/385 
f 388/388/388 387/387/387 389/389/389 
f 389/389/389 390/390/390 388/388/388 
f 390/390/390 389/389/389 366/366/366 
f 366/366/366 365/365/365 390/390/390 
f 391/391/391 362/362/362 361/361/361 
f 361/361/361 392/392/392 391/391/391 
f 391/391/391 392/392/392 393/393/393 
f 393/393/393 394/394/394 391/391/391 
f 394/394/394 393/393/393 320/320/320 
f 320/320/320 358/358/358 394/394/394 
f 358/358/358 320/320/320 287/287/287 
f 287/287/287 323/323/323 358/358/358 
f 325/325/325 288/288/288 395/395/395 
f 395/395/395 396/396/396 325/325/325 
f 396/396/396 395/395/395 397/397/397 
f 397/397/397 398/398/398 396/396/396 
f 398/398/398 397/397/397 399/399/399 
f 399/399/399 400/400/400 398/398/398 
f 377/377/377 400/400/400 399/399/399 
f 399/399/399 378/378/378 377/377/377 
f 401/401/401 402/402/402 403/403/403 
f 403/403/403 404/404/404 401/401/401 
f 405/405/405 406/406/406 404/404/404 
f 404/404/404 403/403/403 405/405/405 
f 407/407/407 408/408/408 401/401/401 
f 401/401/401 409/409/409 407/407/407 
f 410/410/410 411/411/411 408/408/408 
f 408/408/408 407/407/407 410/410/410 
f 412/412/412 413/413/413 411/411/411 
f 411/411/411 410/410/410 412/412/412 
f 412/412/412 414/414/414 413/413/413 
f 408/408/408 415/415/415 402/402/402 
f 402/402/402 401/401/401 408/408/408 
f 411/411/411 416/416/416 415/415/415 
f 415/415/415 408/408/408 411/411/411 
f 417/417/417 411/411/411 413/413/413 
f 413/413/413 418/418/418 417/417/417 
f 416/416/416 419/419/419 420/420/420 
f 420/420/420 415/415/415 416/416/416 
f 417/417/417 421/421/421 422/422/422 
f 422/422/422 416/416/416 417/417/417 
f 416/416/416 422/422/422 419/419/419 
f 420/420/420 419/419/419 423/423/423 
f 423/423/423 424/424/424 420/420/420 
f 425/425/425 426/426/426 427/427/427 
f 422/422/422 421/421/421 428/428/428 
f 421/421/421 429/429/429 428/428/428 
f 417/417/417 418/418/418 429/429/429 
f 429/429/429 421/421/421 417/417/417 
f 406/406/406 405/405/405 430/430/430 
f 415/415/415 420/420/420 431/431/431 
f 431/431/431 402/402/402 415/415/415 
f 424/424/424 431/431/431 420/420/420 
f 423/423/423 426/426/426 425/425/425 
f 425/425/425 424/424/424 423/423/423 
f 432/432/432 414/414/414 412/412/412 
f 433/433/433 432/432/432 412/412/412 
f 412/412/412 410/410/410 433/433/433 
f 434/434/434 433/433/433 410/410/410 
f 410/410/410 407/407/407 434/434/434 
f 434/434/434 407/407/407 409/409/409 
f 409/409/409 435/435/435 434/434/434 
f 409/409/409 401/401/401 404/404/404 
f 436/436/436 404/404/404 406/406/406 
f 436/436/436 406/406/406 430/430/430 
f 437/437/437 438/438/438 439/439/439 
f 439/439/439 440/440/440 437/437/437 
f 438/438/438 441/441/441 442/442/442 
f 442/442/442 439/439/439 438/438/438 
f 441/441/441 443/443/443 444/444/444 
f 444/444/444 442/442/442 441/441/441 
f 444/444/444 443/443/443 445/445/445 
f 446/446/446 447/447/447 438/438/438 
f 438/438/438 437/437/437 446/446/446 
f 447/447/447 448/448/448 441/441/441 
f 441/441/441 438/438/438 447/447/447 
f 449/449/449 450/450/450 448/448/448 
f 448/448/448 447/447/447 449/449/449 
f 451/451/451 448/448/448 452/452/452 
f 452/452/452 453/453/453 451/451/451 
f 448/448/448 450/450/450 452/452/452 
f 454/454/454 455/455/455 450/450/450 
f 450/450/450 449/449/449 454/454/454 
f 456/456/456 457/457/457 458/458/458 
f 452/452/452 459/459/459 453/453/453 
f 453/453/453 459/459/459 460/460/460 
f 451/451/451 453/453/453 460/460/460 
f 460/460/460 461/461/461 451/451/451 
f 451/451/451 441/441/441 448/448/448 
f 462/462/462 463/463/463 464/464/464 
f 464/464/464 465/465/465 466/466/466 
f 466/466/466 462/462/462 464/464/464 
f 465/465/465 446/446/446 437/437/437 
f 437/437/437 466/466/466 465/465/465 
f 467/467/467 449/449/449 447/447/447 
f 447/447/447 446/446/446 467/467/467 
f 454/454/454 449/449/449 467/467/467 
f 456/456/456 458/458/458 455/455/455 
f 455/455/455 454/454/454 456/456/456 
f 468/468/468 444/444/444 445/445/445 
f 469/469/469 442/442/442 444/444/444 
f 444/444/444 468/468/468 469/469/469 
f 470/470/470 439/439/439 442/442/442 
f 442/442/442 469/469/469 470/470/470 
f 440/440/440 439/439/439 470/470/470 
f 470/470/470 471/471/471 440/440/440 
f 440/440/440 466/466/466 437/437/437 
f 472/472/472 462/462/462 466/466/466 
f 472/472/472 463/463/463 462/462/462 
f 473/473/473 474/474/474 475/475/475 
f 475/475/475 476/476/476 473/473/473 
f 473/473/473 477/477/477 478/478/478 
f 478/478/478 474/474/474 473/473/473 
f 479/479/479 480/480/480 481/481/481 
f 481/481/481 482/482/482 479/479/479 
f 483/483/483 484/484/484 480/480/480 
f 480/480/480 479/479/479 483/483/483 
f 485/485/485 486/486/486 487/487/487 
f 487/487/487 488/488/488 485/485/485 
f 489/489/489 490/490/490 487/487/487 
f 487/487/487 486/486/486 489/489/489 
f 491/491/491 482/482/482 481/481/481 
f 481/481/481 492/492/492 491/491/491 
f 491/491/491 492/492/492 493/493/493 
f 493/493/493 494/494/494 491/491/491 
f 494/494/494 493/493/493 478/478/478 
f 478/478/478 477/477/477 494/494/494 
f 495/495/495 496/496/496 497/497/497 
f 497/497/497 498/498/498 495/495/495 
f 495/495/495 498/498/498 499/499/499 
f 499/499/499 500/500/500 495/495/495 
f 501/501/501 500/500/500 499/499/499 
f 499/499/499 502/502/502 501/501/501 
f 501/501/501 502/502/502 503/503/503 
f 503/503/503 504/504/504 501/501/501 
f 505/505/505 504/504/504 503/503/503 
f 503/503/503 506/506/506 505/505/505 
f 483/483/483 485/485/485 488/488/488 
f 488/488/488 484/484/484 483/483/483 
f 505/505/505 506/506/506 490/490/490 
f 490/490/490 489/489/489 505/505/505 
f 476/476/476 475/475/475 507/507/507 
f 507/507/507 508/508/508 476/476/476 
f 509/509/509 510/510/510 511/511/511 
f 511/511/511 512/512/512 509/509/509 
f 512/512/512 511/511/511 513/513/513 
f 513/513/513 514/514/514 512/512/512 
f 514/514/514 513/513/513 515/515/515 
f 515/515/515 516/516/516 514/514/514 
f 517/517/517 516/516/516 515/515/515 
f 515/515/515 518/518/518 517/517/517 
f 517/517/517 518/518/518 519/519/519 
f 519/519/519 520/520/520 517/517/517 
f 520/520/520 519/519/519 521/521/521 
f 521/521/521 522/522/522 520/520/520 
f 496/496/496 522/522/522 521/521/521 
f 521/521/521 497/497/497 496/496/496 
f 451/451/451 461/461/461 443/443/443 
f 443/443/443 441/441/441 451/451/451 
f 417/417/417 416/416/416 411/411/411 
f 523/523/523 524/524/524 525/525/525 
f 525/525/525 526/526/526 523/523/523 
f 527/527/527 528/528/528 529/529/529 
f 529/529/529 530/530/530 527/527/527 
f 531/531/531 532/532/532 533/533/533 
f 528/528/528 527/527/527 532/532/532 
f 527/527/527 533/533/533 532/532/532 
f 526/526/526 525/525/525 531/531/531 
f 531/531/531 533/533/533 526/526/526 
f 525/525/525 524/524/524 534/534/534 
f 534/534/534 535/535/535 525/525/525 
f 531/531/531 536/536/536 537/537/537 
f 537/537/537 532/532/532 531/531/531 
f 525/525/525 535/535/535 536/536/536 
f 536/536/536 531/531/531 525/525/525 
f 537/537/537 536/536/536 538/538/538 
f 536/536/536 535/535/535 538/538/538 
f 535/535/535 534/534/534 539/539/539 
f 534/534/534 540/540/540 539/539/539 
f 524/524/524 541/541/541 540/540/540 
f 540/540/540 534/534/534 524/524/524 
f 523/523/523 541/541/541 524/524/524 
f 542/542/542 543/543/543 544/544/544 
f 544/544/544 545/545/545 542/542/542 
f 546/546/546 547/547/547 548/548/548 
f 548/548/548 549/549/549 546/546/546 
f 550/550/550 551/551/551 552/552/552 
f 547/547/547 552/552/552 548/548/548 
f 548/548/548 552/552/552 551/551/551 
f 550/550/550 542/542/542 545/545/545 
f 545/545/545 551/551/551 550/550/550 
f 553/553/553 554/554/554 543/543/543 
f 543/543/543 542/542/542 553/553/553 
f 555/555/555 556/556/556 550/550/550 
f 550/550/550 552/552/552 555/555/555 
f 556/556/556 553/553/553 542/542/542 
f 542/542/542 550/550/550 556/556/556 
f 555/555/555 557/557/557 556/556/556 
f 556/556/556 557/557/557 553/553/553 
f 553/553/553 558/558/558 554/554/554 
f 554/554/554 558/558/558 559/559/559 
f 543/543/543 554/554/554 559/559/559 
f 559/559/559 560/560/560 543/543/543 
f 544/544/544 543/543/543 560/560/560 
f 561/561/561 562/562/562 563/563/563 
f 563/563/563 564/564/564 561/561/561 
f 565/565/565 566/566/566 567/567/567 
f 567/567/567 568/568/568 565/565/565 
f 569/569/569 570/570/570 571/571/571 
f 571/571/571 572/572/572 569/569/569 
f 573/573/573 574/574/574 571/571/571 
f 571/571/571 570/570/570 573/573/573 
f 569/569/569 572/572/572 575/575/575 
f 575/575/575 576/576/576 569/569/569 
f 577/577/577 578/578/578 566/566/566 
f 566/566/566 565/565/565 577/577/577 
f 564/564/564 563/563/563 578/578/578 
f 578/578/578 577/577/577 564/564/564 
f 576/576/576 575/575/575 579/579/579 
f 579/579/579 580/580/580 576/576/576 
f 581/581/581 580/580/580 579/579/579 
f 579/579/579 582/582/582 581/581/581 
f 581/581/581 582/582/582 583/583/583 
f 583/583/583 584/584/584 581/581/581 
f 584/584/584 583/583/583 585/585/585 
f 585/585/585 586/586/586 584/584/584 
f 587/587/587 586/586/586 585/585/585 
f 585/585/585 588/588/588 587/587/587 
f 587/587/587 588/588/588 589/589/589 
f 589/589/589 590/590/590 587/587/587 
f 590/590/590 589/589/589 562/562/562 
f 562/562/562 561/561/561 590/590/590 
f 591/591/591 592/592/592 593/593/593 
f 591/591/591 594/594/594 595/595/595 
f 595/595/595 592/592/592 591/591/591 
f 596/596/596 597/597/597 598/598/598 
f 598/598/598 594/594/594 596/596/596 
f 598/598/598 599/599/599 595/595/595 
f 595/595/595 594/594/594 598/598/598 
f 600/600/600 601/601/601 602/602/602 
f 600/600/600 602/602/602 597/597/597 
f 597/597/597 596/596/596 600/600/600 
f 603/603/603 604/604/604 598/598/598 
f 598/598/598 597/597/597 603/603/603 
f 604/604/604 605/605/605 599/599/599 
f 599/599/599 598/598/598 604/604/604 
f 606/606/606 603/603/603 597/597/597 
f 597/597/597 602/602/602 606/606/606 
f 603/603/603 607/607/607 608/608/608 
f 608/608/608 604/604/604 603/603/603 
f 604/604/604 608/608/608 609/609/609 
f 609/609/609 605/605/605 604/604/604 
f 606/606/606 610/610/610 607/607/607 
f 607/607/607 603/603/603 606/606/606 
f 608/608/608 611/611/611 609/609/609 
f 612/612/612 611/611/611 608/608/608 
f 608/608/608 607/607/607 612/612/612 
f 610/610/610 612/612/612 607/607/607 
f 613/613/613 599/599/599 614/614/614 
f 615/615/615 613/613/613 614/614/614 
f 599/599/599 605/605/605 616/616/616 
f 616/616/616 614/614/614 599/599/599 
f 615/615/615 614/614/614 616/616/616 
f 610/610/610 606/606/606 617/617/617 
f 601/601/601 617/617/617 606/606/606 
f 606/606/606 602/602/602 601/601/601 
f 618/618/618 619/619/619 620/620/620 
f 620/620/620 621/621/621 618/618/618 
f 622/622/622 623/623/623 624/624/624 
f 622/622/622 618/618/618 621/621/621 
f 621/621/621 623/623/623 622/622/622 
f 620/620/620 625/625/625 626/626/626 
f 626/626/626 621/621/621 620/620/620 
f 621/621/621 626/626/626 627/627/627 
f 627/627/627 623/623/623 621/621/621 
f 628/628/628 626/626/626 625/625/625 
f 625/625/625 629/629/629 628/628/628 
f 628/628/628 630/630/630 627/627/627 
f 627/627/627 626/626/626 628/628/628 
f 629/629/629 631/631/631 632/632/632 
f 629/629/629 632/632/632 633/633/633 
f 633/633/633 628/628/628 629/629/629 
f 630/630/630 628/628/628 633/633/633 
f 634/634/634 635/635/635 636/636/636 
f 637/637/637 619/619/619 636/636/636 
f 636/636/636 635/635/635 637/637/637 
f 638/638/638 639/639/639 640/640/640 
f 637/637/637 640/640/640 620/620/620 
f 620/620/620 619/619/619 637/637/637 
f 641/641/641 639/639/639 638/638/638 
f 642/642/642 643/643/643 640/640/640 
f 640/640/640 639/639/639 642/642/642 
f 640/640/640 643/643/643 625/625/625 
f 625/625/625 620/620/620 640/640/640 
f 641/641/641 642/642/642 639/639/639 
f 631/631/631 629/629/629 625/625/625 
f 625/625/625 643/643/643 631/631/631 
f 627/627/627 630/630/630 644/644/644 
f 624/624/624 623/623/623 627/627/627 
f 627/627/627 644/644/644 624/624/624 
f 645/645/645 646/646/646 647/647/647 
f 647/647/647 648/648/648 645/645/645 
f 649/649/649 650/650/650 646/646/646 
f 646/646/646 645/645/645 649/649/649 
f 651/651/651 652/652/652 653/653/653 
f 653/653/653 654/654/654 651/651/651 
f 651/651/651 654/654/654 650/650/650 
f 650/650/650 649/649/649 651/651/651 
f 655/655/655 656/656/656 657/657/657 
f 657/657/657 658/658/658 655/655/655 
f 658/658/658 657/657/657 659/659/659 
f 659/659/659 660/660/660 658/658/658 
f 660/660/660 659/659/659 661/661/661 
f 661/661/661 662/662/662 660/660/660 
f 663/663/663 664/664/664 648/648/648 
f 648/648/648 647/647/647 663/663/663 
f 665/665/665 666/666/666 667/667/667 
f 667/667/667 668/668/668 665/665/665 
f 665/665/665 668/668/668 669/669/669 
f 669/669/669 670/670/670 665/665/665 
f 671/671/671 672/672/672 673/673/673 
f 673/673/673 674/674/674 671/671/671 
f 670/670/670 669/669/669 672/672/672 
f 672/672/672 671/671/671 670/670/670 
f 674/674/674 673/673/673 675/675/675 
f 675/675/675 676/676/676 674/674/674 
f 677/677/677 678/678/678 679/679/679 
f 679/679/679 680/680/680 677/677/677 
f 678/678/678 676/676/676 675/675/675 
f 675/675/675 679/679/679 678/678/678 
f 656/656/656 655/655/655 677/677/677 
f 677/677/677 680/680/680 656/656/656 
f 681/681/681 682/682/682 662/662/662 
f 662/662/662 661/661/661 681/681/681 
f 682/682/682 681/681/681 653/653/653 
f 653/653/653 652/652/652 682/682/682 
f 683/683/683 684/684/684 685/685/685 
f 685/685/685 686/686/686 683/683/683 
f 685/685/685 687/687/687 688/688/688 
f 688/688/688 689/689/689 685/685/685 
f 684/684/684 690/690/690 687/687/687 
f 687/687/687 685/685/685 684/684/684 
f 691/691/691 690/690/690 692/692/692 
f 692/692/692 690/690/690 693/693/693 
f 684/684/684 693/693/693 690/690/690 
f 690/690/690 694/694/694 695/695/695 
f 695/695/695 687/687/687 690/690/690 
f 691/691/691 696/696/696 694/694/694 
f 694/694/694 690/690/690 691/691/691 
f 697/697/697 698/698/698 699/699/699 
f 699/699/699 696/696/696 697/697/697 
f 700/700/700 701/701/701 702/702/702 
f 702/702/702 703/703/703 700/700/700 
f 698/698/698 704/704/704 705/705/705 
f 705/705/705 699/699/699 698/698/698 
f 700/700/700 703/703/703 704/704/704 
f 704/704/704 698/698/698 700/700/700 
f 704/704/704 706/706/706 707/707/707 
f 707/707/707 705/705/705 704/704/704 
f 688/688/688 687/687/687 695/695/695 
f 695/695/695 694/694/694 708/708/708 
f 699/699/699 709/709/709 696/696/696 
f 708/708/708 694/694/694 709/709/709 
f 694/694/694 696/696/696 709/709/709 
f 710/710/710 709/709/709 699/699/699 
f 699/699/699 705/705/705 710/710/710 
f 707/707/707 710/710/710 705/705/705 
f 706/706/706 711/711/711 712/712/712 
f 712/712/712 707/707/707 706/706/706 
f 713/713/713 712/712/712 711/711/711 
f 711/711/711 714/714/714 713/713/713 
f 706/706/706 715/715/715 714/714/714 
f 714/714/714 711/711/711 706/706/706 
f 704/704/704 703/703/703 715/715/715 
f 715/715/715 706/706/706 704/704/704 
f 716/716/716 701/701/701 700/700/700 
f 697/697/697 717/717/717 698/698/698 
f 700/700/700 698/698/698 716/716/716 
f 717/717/717 716/716/716 698/698/698 
f 718/718/718 719/719/719 717/717/717 
f 717/717/717 697/697/697 718/718/718 
f 691/691/691 720/720/720 696/696/696 
f 697/697/697 696/696/696 718/718/718 
f 720/720/720 718/718/718 696/696/696 
f 721/721/721 720/720/720 691/691/691 
f 691/691/691 692/692/692 721/721/721 
f 683/683/683 693/693/693 684/684/684 
f 689/689/689 686/686/686 685/685/685 
f 722/722/722 723/723/723 724/724/724 
f 724/724/724 725/725/725 722/722/722 
f 726/726/726 727/727/727 722/722/722 
f 722/722/722 728/728/728 726/726/726 
f 727/727/727 729/729/729 723/723/723 
f 723/723/723 722/722/722 727/727/727 
f 730/730/730 731/731/731 729/729/729 
f 731/731/731 732/732/732 729/729/729 
f 723/723/723 729/729/729 732/732/732 
f 733/733/733 734/734/734 729/729/729 
f 729/729/729 727/727/727 733/733/733 
f 734/734/734 735/735/735 730/730/730 
f 730/730/730 729/729/729 734/734/734 
f 736/736/736 737/737/737 738/738/738 
f 738/738/738 735/735/735 736/736/736 
f 739/739/739 740/740/740 741/741/741 
f 741/741/741 742/742/742 739/739/739 
f 743/743/743 744/744/744 737/737/737 
f 737/737/737 736/736/736 743/743/743 
f 744/744/744 740/740/740 739/739/739 
f 739/739/739 737/737/737 744/744/744 
f 745/745/745 746/746/746 744/744/744 
f 744/744/744 743/743/743 745/745/745 
f 726/726/726 733/733/733 727/727/727 
f 733/733/733 747/747/747 734/734/734 
f 736/736/736 735/735/735 748/748/748 
f 747/747/747 748/748/748 734/734/734 
f 734/734/734 748/748/748 735/735/735 
f 749/749/749 743/743/743 736/736/736 
f 736/736/736 748/748/748 749/749/749 
f 745/745/745 743/743/743 749/749/749 
f 750/750/750 751/751/751 746/746/746 
f 746/746/746 745/745/745 750/750/750 
f 752/752/752 751/751/751 750/750/750 
f 751/751/751 752/752/752 753/753/753 
f 746/746/746 751/751/751 753/753/753 
f 753/753/753 754/754/754 746/746/746 
f 744/744/744 746/746/746 754/754/754 
f 754/754/754 740/740/740 744/744/744 
f 755/755/755 739/739/739 742/742/742 
f 738/738/738 737/737/737 756/756/756 
f 739/739/739 755/755/755 737/737/737 
f 756/756/756 737/737/737 755/755/755 
f 757/757/757 738/738/738 756/756/756 
f 756/756/756 758/758/758 757/757/757 
f 730/730/730 735/735/735 759/759/759 
f 738/738/738 757/757/757 735/735/735 
f 759/759/759 735/735/735 757/757/757 
f 730/730/730 759/759/759 760/760/760 
f 760/760/760 731/731/731 730/730/730 
f 724/724/724 723/723/723 732/732/732 
f 728/728/728 722/722/722 725/725/725 
f 761/761/761 762/762/762 763/763/763 
f 763/763/763 764/764/764 761/761/761 
f 765/765/765 766/766/766 767/767/767 
f 767/767/767 768/768/768 765/765/765 
f 769/769/769 770/770/770 771/771/771 
f 771/771/771 772/772/772 769/769/769 
f 773/773/773 774/774/774 775/775/775 
f 775/775/775 776/776/776 773/773/773 
f 777/777/777 778/778/778 775/775/775 
f 775/775/775 774/774/774 777/777/777 
f 779/779/779 768/768/768 767/767/767 
f 767/767/767 780/780/780 779/779/779 
f 779/779/779 780/780/780 781/781/781 
f 781/781/781 782/782/782 779/779/779 
f 782/782/782 781/781/781 783/783/783 
f 783/783/783 784/784/784 782/782/782 
f 784/784/784 783/783/783 785/785/785 
f 785/785/785 786/786/786 784/784/784 
f 787/787/787 786/786/786 785/785/785 
f 785/785/785 788/788/788 787/787/787 
f 787/787/787 788/788/788 789/789/789 
f 789/789/789 790/790/790 787/787/787 
f 791/791/791 790/790/790 789/789/789 
f 789/789/789 792/792/792 791/791/791 
f 791/791/791 792/792/792 793/793/793 
f 793/793/793 794/794/794 791/791/791 
f 794/794/794 793/793/793 795/795/795 
f 795/795/795 796/796/796 794/794/794 
f 777/777/777 796/796/796 795/795/795 
f 795/795/795 778/778/778 777/777/777 
f 797/797/797 773/773/773 776/776/776 
f 776/776/776 798/798/798 797/797/797 
f 797/797/797 798/798/798 799/799/799 
f 799/799/799 800/800/800 797/797/797 
f 801/801/801 802/802/802 803/803/803 
f 803/803/803 804/804/804 801/801/801 
f 800/800/800 799/799/799 805/805/805 
f 805/805/805 806/806/806 800/800/800 
f 801/801/801 804/804/804 807/807/807 
f 807/807/807 808/808/808 801/801/801 
f 769/769/769 809/809/809 810/810/810 
f 810/810/810 770/770/770 769/769/769 
f 808/808/808 807/807/807 810/810/810 
f 810/810/810 809/809/809 808/808/808 
f 772/772/772 771/771/771 762/762/762 
f 762/762/762 761/761/761 772/772/772 
f 764/764/764 763/763/763 766/766/766 
f 766/766/766 765/765/765 764/764/764 
f 811/811/811 812/812/812 813/813/813 
f 814/814/814 815/815/815 816/816/816 
f 814/814/814 816/816/816 817/817/817 
f 817/817/817 812/812/812 814/814/814 
f 817/817/817 818/818/818 813/813/813 
f 813/813/813 812/812/812 817/817/817 
f 813/813/813 818/818/818 819/819/819 
f 820/820/820 821/821/821 822/822/822 
f 823/823/823 824/824/824 816/816/816 
f 816/816/816 815/815/815 823/823/823 
f 824/824/824 825/825/825 817/817/817 
f 817/817/817 816/816/816 824/824/824 
f 825/825/825 826/826/826 818/818/818 
f 818/818/818 817/817/817 825/825/825 
f 818/818/818 826/826/826 827/827/827 
f 827/827/827 819/819/819 818/818/818 
f 827/827/827 828/828/828 819/819/819 
f 819/819/819 828/828/828 829/829/829 
f 829/829/829 828/828/828 830/830/830 
f 831/831/831 828/828/828 832/832/832 
f 823/823/823 833/833/833 834/834/834 
f 834/834/834 824/824/824 823/823/823 
f 824/824/824 834/834/834 835/835/835 
f 835/835/835 825/825/825 824/824/824 
f 825/825/825 835/835/835 836/836/836 
f 836/836/836 826/826/826 825/825/825 
f 826/826/826 836/836/836 837/837/837 
f 837/837/837 827/827/827 826/826/826 
f 827/827/827 837/837/837 838/838/838 
f 838/838/838 828/828/828 827/827/827 
f 832/832/832 828/828/828 838/838/838 
f 838/838/838 839/839/839 832/832/832 
f 840/840/840 841/841/841 842/842/842 
f 841/841/841 840/840/840 843/843/843 
f 843/843/843 840/840/840 844/844/844 
f 843/843/843 844/844/844 845/845/845 
f 845/845/845 846/846/846 843/843/843 
f 846/846/846 845/845/845 847/847/847 
f 847/847/847 848/848/848 846/846/846 
f 849/849/849 848/848/848 847/847/847 
f 841/841/841 843/843/843 836/836/836 
f 836/836/836 835/835/835 841/841/841 
f 850/850/850 841/841/841 835/835/835 
f 835/835/835 834/834/834 850/850/850 
f 851/851/851 850/850/850 834/834/834 
f 834/834/834 833/833/833 851/851/851 
f 838/838/838 848/848/848 839/839/839 
f 846/846/846 848/848/848 838/838/838 
f 838/838/838 837/837/837 846/846/846 
f 843/843/843 846/846/846 837/837/837 
f 837/837/837 836/836/836 843/843/843 
f 815/815/815 852/852/852 823/823/823 
f 833/833/833 823/823/823 852/852/852 
f 852/852/852 853/853/853 833/833/833 
f 851/851/851 833/833/833 853/853/853 
f 847/847/847 845/845/845 854/854/854 
f 844/844/844 854/854/854 845/845/845 
f 842/842/842 841/841/841 850/850/850 
f 851/851/851 855/855/855 856/856/856 
f 856/856/856 850/850/850 851/851/851 
f 855/855/855 857/857/857 858/858/858 
f 858/858/858 856/856/856 855/855/855 
f 859/859/859 860/860/860 861/861/861 
f 862/862/862 863/863/863 864/864/864 
f 862/862/862 861/861/861 865/865/865 
f 865/865/865 863/863/863 862/862/862 
f 860/860/860 866/866/866 865/865/865 
f 865/865/865 861/861/861 860/860/860 
f 860/860/860 867/867/867 866/866/866 
f 863/863/863 868/868/868 869/869/869 
f 869/869/869 864/864/864 863/863/863 
f 865/865/865 870/870/870 868/868/868 
f 868/868/868 863/863/863 865/865/865 
f 866/866/866 871/871/871 870/870/870 
f 870/870/870 865/865/865 866/866/866 
f 867/867/867 872/872/872 871/871/871 
f 871/871/871 866/866/866 867/867/867 
f 873/873/873 874/874/874 872/872/872 
f 872/872/872 867/867/867 873/873/873 
f 875/875/875 876/876/876 874/874/874 
f 877/877/877 878/878/878 869/869/869 
f 869/869/869 868/868/868 877/877/877 
f 879/879/879 877/877/877 868/868/868 
f 868/868/868 870/870/870 879/879/879 
f 880/880/880 879/879/879 870/870/870 
f 870/870/870 871/871/871 880/880/880 
f 881/881/881 880/880/880 871/871/871 
f 871/871/871 872/872/872 881/881/881 
f 882/882/882 881/881/881 872/872/872 
f 872/872/872 874/874/874 882/882/882 
f 882/882/882 874/874/874 876/876/876 
f 876/876/876 883/883/883 882/882/882 
f 884/884/884 885/885/885 886/886/886 
f 887/887/887 888/888/888 885/885/885 
f 885/885/885 889/889/889 887/887/887 
f 890/890/890 887/887/887 889/889/889 
f 889/889/889 891/891/891 890/890/890 
f 892/892/892 893/893/893 894/894/894 
f 880/880/880 885/885/885 884/884/884 
f 884/884/884 879/879/879 880/880/880 
f 879/879/879 884/884/884 895/895/895 
f 895/895/895 877/877/877 879/879/879 
f 877/877/877 895/895/895 896/896/896 
f 896/896/896 878/878/878 877/877/877 
f 882/882/882 883/883/883 891/891/891 
f 889/889/889 881/881/881 882/882/882 
f 882/882/882 891/891/891 889/889/889 
f 881/881/881 889/889/889 885/885/885 
f 885/885/885 880/880/880 881/881/881 
f 864/864/864 869/869/869 897/897/897 
f 878/878/878 898/898/898 897/897/897 
f 897/897/897 869/869/869 878/878/878 
f 898/898/898 878/878/878 896/896/896 
f 887/887/887 899/899/899 900/900/900 
f 888/888/888 887/887/887 900/900/900 
f 885/885/885 888/888/888 886/886/886 
f 886/886/886 901/901/901 884/884/884 
f 884/884/884 901/901/901 895/895/895 
f 896/896/896 895/895/895 902/902/902 
f 902/902/902 903/903/903 896/896/896 
f 903/903/903 902/902/902 904/904/904 
f 904/904/904 905/905/905 903/903/903 
f 906/906/906 907/907/907 908/908/908 
f 908/908/908 909/909/909 906/906/906 
f 910/910/910 909/909/909 908/908/908 
f 908/908/908 911/911/911 910/910/910 
f 912/912/912 913/913/913 914/914/914 
f 914/914/914 915/915/915 912/912/912 
f 906/906/906 915/915/915 914/914/914 
f 914/914/914 907/907/907 906/906/906 
f 910/910/910 911/911/911 916/916/916 
f 916/916/916 917/917/917 910/910/910 
f 916/916/916 918/918/918 919/919/919 
f 919/919/919 917/917/917 916/916/916 
f 919/919/919 918/918/918 920/920/920 
f 920/920/920 921/921/921 919/919/919 
f 921/921/921 920/920/920 922/922/922 
f 922/922/922 923/923/923 921/921/921 
f 924/924/924 923/923/923 922/922/922 
f 922/922/922 925/925/925 924/924/924 
f 926/926/926 927/927/927 924/924/924 
f 924/924/924 925/925/925 926/926/926 
f 928/928/928 929/929/929 930/930/930 
f 930/930/930 931/931/931 928/928/928 
f 927/927/927 926/926/926 932/932/932 
f 932/932/932 933/933/933 927/927/927 
f 912/912/912 934/934/934 935/935/935 
f 935/935/935 913/913/913 912/912/912 
f 934/934/934 936/936/936 937/937/937 
f 937/937/937 935/935/935 934/934/934 
f 937/937/937 936/936/936 938/938/938 
f 938/938/938 939/939/939 937/937/937 
f 940/940/940 941/941/941 942/942/942 
f 942/942/942 943/943/943 940/940/940 
f 944/944/944 941/941/941 940/940/940 
f 940/940/940 945/945/945 944/944/944 
f 944/944/944 945/945/945 946/946/946 
f 946/946/946 947/947/947 944/944/944 
f 948/948/948 947/947/947 946/946/946 
f 946/946/946 949/949/949 948/948/948 
f 950/950/950 951/951/951 948/948/948 
f 948/948/948 949/949/949 950/950/950 
f 952/952/952 953/953/953 939/939/939 
f 939/939/939 938/938/938 952/952/952 
f 951/951/951 950/950/950 954/954/954 
f 954/954/954 955/955/955 951/951/951 
f 952/952/952 956/956/956 957/957/957 
f 957/957/957 953/953/953 952/952/952 
f 958/958/958 959/959/959 957/957/957 
f 957/957/957 956/956/956 958/958/958 
f 955/955/955 954/954/954 959/959/959 
f 959/959/959 958/958/958 955/955/955 
f 960/960/960 961/961/961 962/962/962 
f 962/962/962 963/963/963 960/960/960 
f 963/963/963 964/964/964 965/965/965 
f 965/965/965 960/960/960 963/963/963 
f 963/963/963 962/962/962 966/966/966 
f 966/966/966 967/967/967 963/963/963 
f 968/968/968 964/964/964 963/963/963 
f 963/963/963 967/967/967 968/968/968 
f 967/967/967 966/966/966 969/969/969 
f 969/969/969 970/970/970 967/967/967 
f 971/971/971 969/969/969 966/966/966 
f 965/965/965 964/964/964 972/972/972 
f 972/972/972 973/973/973 965/965/965 
f 974/974/974 965/965/965 973/973/973 
f 973/973/973 975/975/975 974/974/974 
f 976/976/976 977/977/977 978/978/978 
f 978/978/978 977/977/977 975/975/975 
f 977/977/977 979/979/979 975/975/975 
f 978/978/978 975/975/975 973/973/973 
f 973/973/973 980/980/980 978/978/978 
f 973/973/973 972/972/972 981/981/981 
f 981/981/981 980/980/980 973/973/973 
f 967/967/967 970/970/970 982/982/982 
f 982/982/982 968/968/968 967/967/967 
f 966/966/966 962/962/962 983/983/983 
f 983/983/983 971/971/971 966/966/966 
f 983/983/983 962/962/962 961/961/961 
f 961/961/961 984/984/984 983/983/983 
f 985/985/985 984/984/984 961/961/961 
f 961/961/961 960/960/960 985/985/985 
f 974/974/974 960/960/960 965/965/965 
f 986/986/986 974/974/974 975/975/975 
f 975/975/975 979/979/979 986/986/986 
f 987/987/987 986/986/986 979/979/979 
f 977/977/977 987/987/987 979/979/979 
f 988/988/988 989/989/989 990/990/990 
f 990/990/990 991/991/991 988/988/988 
f 992/992/992 991/991/991 990/990/990 
f 990/990/990 993/993/993 992/992/992 
f 994/994/994 995/995/995 989/989/989 
f 996/996/996 997/997/997 998/998/998 
f 998/998/998 993/993/993 996/996/996 
f 993/993/993 990/990/990 999/999/999 
f 999/999/999 996/996/996 993/993/993 
f 997/997/997 996/996/996 1000/1000/1000 
f 1000/1000/1000 996/996/996 999/999/999 
f 999/999/999 1001/1001/1001 1000/1000/1000 
f 1002/1002/1002 989/989/989 988/988/988 
f 988/988/988 1003/1003/1003 1002/1002/1002 
f 1003/1003/1003 988/988/988 1004/1004/1004 
f 1004/1004/1004 1005/1005/1005 1003/1003/1003 
f 1006/1006/1006 1007/1007/1007 1008/1008/1008 
f 1007/1007/1007 1005/1005/1005 1008/1008/1008 
f 1008/1008/1008 1005/1005/1005 1009/1009/1009 
f 1003/1003/1003 1005/1005/1005 1007/1007/1007 
f 1007/1007/1007 1010/1010/1010 1003/1003/1003 
f 1011/1011/1011 1002/1002/1002 1003/1003/1003 
f 1003/1003/1003 1010/1010/1010 1011/1011/1011 
f 999/999/999 995/995/995 1012/1012/1012 
f 1012/1012/1012 1001/1001/1001 999/999/999 
f 992/992/992 993/993/993 998/998/998 
f 998/998/998 1013/1013/1013 992/992/992 
f 1014/1014/1014 992/992/992 1013/1013/1013 
f 991/991/991 992/992/992 1014/1014/1014 
f 1004/1004/1004 988/988/988 991/991/991 
f 1005/1005/1005 1004/1004/1004 1015/1015/1015 
f 1015/1015/1015 1009/1009/1009 1005/1005/1005 
f 1016/1016/1016 1009/1009/1009 1015/1015/1015 
f 1008/1008/1008 1009/1009/1009 1016/1016/1016 
f 1017/1017/1017 1018/1018/1018 1019/1019/1019 
f 1019/1019/1019 1020/1020/1020 1017/1017/1017 
f 1021/1021/1021 1022/1022/1022 1023/1023/1023 
f 1023/1023/1023 1024/1024/1024 1021/1021/1021 
f 1025/1025/1025 1026/1026/1026 1027/1027/1027 
f 1027/1027/1027 1028/1028/1028 1025/1025/1025 
f 1026/1026/1026 1025/1025/1025 1029/1029/1029 
f 1029/1029/1029 1030/1030/1030 1026/1026/1026 
f 1031/1031/1031 1032/1032/1032 1020/1020/1020 
f 1020/1020/1020 1019/1019/1019 1031/1031/1031 
f 1033/1033/1033 1034/1034/1034 1035/1035/1035 
f 1035/1035/1035 1036/1036/1036 1033/1033/1033 
f 1037/1037/1037 1036/1036/1036 1035/1035/1035 
f 1035/1035/1035 1038/1038/1038 1037/1037/1037 
f 1037/1037/1037 1038/1038/1038 1039/1039/1039 
f 1039/1039/1039 1040/1040/1040 1037/1037/1037 
f 1031/1031/1031 1041/1041/1041 1042/1042/1042 
f 1042/1042/1042 1032/1032/1032 1031/1031/1031 
f 1040/1040/1040 1039/1039/1039 1042/1042/1042 
f 1042/1042/1042 1041/1041/1041 1040/1040/1040 
f 1029/1029/1029 1043/1043/1043 1044/1044/1044 
f 1044/1044/1044 1030/1030/1030 1029/1029/1029 
f 1024/1024/1024 1023/1023/1023 1044/1044/1044 
f 1044/1044/1044 1043/1043/1043 1024/1024/1024 
f 1045/1045/1045 1046/1046/1046 1028/1028/1028 
f 1028/1028/1028 1027/1027/1027 1045/1045/1045 
f 1046/1046/1046 1045/1045/1045 1047/1047/1047 
f 1047/1047/1047 1048/1048/1048 1046/1046/1046 
f 1049/1049/1049 1048/1048/1048 1047/1047/1047 
f 1047/1047/1047 1050/1050/1050 1049/1049/1049 
f 1051/1051/1051 1052/1052/1052 1049/1049/1049 
f 1049/1049/1049 1050/1050/1050 1051/1051/1051 
f 1052/1052/1052 1051/1051/1051 1053/1053/1053 
f 1053/1053/1053 1054/1054/1054 1052/1052/1052 
f 1054/1054/1054 1053/1053/1053 1055/1055/1055 
f 1055/1055/1055 1056/1056/1056 1054/1054/1054 
f 1057/1057/1057 1056/1056/1056 1055/1055/1055 
f 1055/1055/1055 1058/1058/1058 1057/1057/1057 
f 1057/1057/1057 1058/1058/1058 1034/1034/1034 
f 1034/1034/1034 1033/1033/1033 1057/1057/1057 
f 995/995/995 999/999/999 990/990/990 
f 990/990/990 989/989/989 995/995/995 
f 1059/1059/1059 964/964/964 968/968/968 
f 1060/1060/1060 1061/1061/1061 1062/1062/1062 
f 1060/1060/1060 1062/1062/1062 1063/1063/1063 
f 1061/1061/1061 1064/1064/1064 1065/1065/1065 
f 1065/1065/1065 1062/1062/1062 1061/1061/1061 
f 1065/1065/1065 1066/1066/1066 1063/1063/1063 
f 1063/1063/1063 1062/1062/1062 1065/1065/1065 
f 1067/1067/1067 1066/1066/1066 1068/1068/1068 
f 1069/1069/1069 1070/1070/1070 1064/1064/1064 
f 1070/1070/1070 1071/1071/1071 1064/1064/1064 
f 1071/1071/1071 1065/1065/1065 1064/1064/1064 
f 1065/1065/1065 1071/1071/1071 1072/1072/1072 
f 1072/1072/1072 1066/1066/1066 1065/1065/1065 
f 1072/1072/1072 1073/1073/1073 1068/1068/1068 
f 1068/1068/1068 1066/1066/1066 1072/1072/1072 
f 1068/1068/1068 1073/1073/1073 1074/1074/1074 
f 1075/1075/1075 1074/1074/1074 1076/1076/1076 
f 1075/1075/1075 1076/1076/1076 1077/1077/1077 
f 1078/1078/1078 1079/1079/1079 1071/1071/1071 
f 1071/1071/1071 1070/1070/1070 1078/1078/1078 
f 1079/1079/1079 1080/1080/1080 1072/1072/1072 
f 1072/1072/1072 1071/1071/1071 1079/1079/1079 
f 1080/1080/1080 1081/1081/1081 1073/1073/1073 
f 1073/1073/1073 1072/1072/1072 1080/1080/1080 
f 1073/1073/1073 1081/1081/1081 1082/1082/1082 
f 1082/1082/1082 1074/1074/1074 1073/1073/1073 
f 1082/1082/1082 1083/1083/1083 1074/1074/1074 
f 1074/1074/1074 1083/1083/1083 1076/1076/1076 
f 1083/1083/1083 1084/1084/1084 1076/1076/1076 
f 1084/1084/1084 1085/1085/1085 1077/1077/1077 
f 1077/1077/1077 1076/1076/1076 1084/1084/1084 
f 1086/1086/1086 1087/1087/1087 1079/1079/1079 
f 1079/1079/1079 1078/1078/1078 1086/1086/1086 
f 1087/1087/1087 1088/1088/1088 1080/1080/1080 
f 1080/1080/1080 1079/1079/1079 1087/1087/1087 
f 1088/1088/1088 1089/1089/1089 1080/1080/1080 
f 1090/1090/1090 1081/1081/1081 1089/1089/1089 
f 1080/1080/1080 1089/1089/1089 1081/1081/1081 
f 1090/1090/1090 1091/1091/1091 1082/1082/1082 
f 1082/1082/1082 1081/1081/1081 1090/1090/1090 
f 1082/1082/1082 1091/1091/1091 1083/1083/1083 
f 1084/1084/1084 1092/1092/1092 1085/1085/1085 
f 1086/1086/1086 1093/1093/1093 1087/1087/1087 
f 1093/1093/1093 1094/1094/1094 1088/1088/1088 
f 1088/1088/1088 1087/1087/1087 1093/1093/1093 
f 1088/1088/1088 1094/1094/1094 1095/1095/1095 
f 1095/1095/1095 1089/1089/1089 1088/1088/1088 
f 1090/1090/1090 1096/1096/1096 1091/1091/1091 
f 1093/1093/1093 1097/1097/1097 1094/1094/1094 
f 1094/1094/1094 1097/1097/1097 1095/1095/1095 
f 1078/1078/1078 1098/1098/1098 1086/1086/1086 
f 1099/1099/1099 1098/1098/1098 1078/1078/1078 
f 1078/1078/1078 1070/1070/1070 1099/1099/1099 
f 1069/1069/1069 1099/1099/1099 1070/1070/1070 
f 1089/1089/1089 1096/1096/1096 1090/1090/1090 
f 1083/1083/1083 1092/1092/1092 1084/1084/1084 
f 1100/1100/1100 1101/1101/1101 1102/1102/1102 
f 1100/1100/1100 1103/1103/1103 1101/1101/1101 
f 1102/1102/1102 1101/1101/1101 1104/1104/1104 
f 1104/1104/1104 1105/1105/1105 1102/1102/1102 
f 1103/1103/1103 1106/1106/1106 1104/1104/1104 
f 1104/1104/1104 1101/1101/1101 1103/1103/1103 
f 1107/1107/1107 1108/1108/1108 1106/1106/1106 
f 1109/1109/1109 1105/1105/1105 1110/1110/1110 
f 1110/1110/1110 1105/1105/1105 1111/1111/1111 
f 1111/1111/1111 1105/1105/1105 1104/1104/1104 
f 1106/1106/1106 1112/1112/1112 1111/1111/1111 
f 1111/1111/1111 1104/1104/1104 1106/1106/1106 
f 1108/1108/1108 1113/1113/1113 1112/1112/1112 
f 1112/1112/1112 1106/1106/1106 1108/1108/1108 
f 1108/1108/1108 1114/1114/1114 1113/1113/1113 
f 1115/1115/1115 1116/1116/1116 1114/1114/1114 
f 1115/1115/1115 1117/1117/1117 1116/1116/1116 
f 1111/1111/1111 1118/1118/1118 1119/1119/1119 
f 1119/1119/1119 1110/1110/1110 1111/1111/1111 
f 1112/1112/1112 1120/1120/1120 1118/1118/1118 
f 1118/1118/1118 1111/1111/1111 1112/1112/1112 
f 1113/1113/1113 1121/1121/1121 1120/1120/1120 
f 1120/1120/1120 1112/1112/1112 1113/1113/1113 
f 1114/1114/1114 1122/1122/1122 1121/1121/1121 
f 1121/1121/1121 1113/1113/1113 1114/1114/1114 
f 1122/1122/1122 1114/1114/1114 1123/1123/1123 
f 1114/1114/1114 1116/1116/1116 1123/1123/1123 
f 1123/1123/1123 1116/1116/1116 1124/1124/1124 
f 1117/1117/1117 1125/1125/1125 1124/1124/1124 
f 1124/1124/1124 1116/1116/1116 1117/1117/1117 
f 1118/1118/1118 1126/1126/1126 1127/1127/1127 
f 1127/1127/1127 1119/1119/1119 1118/1118/1118 
f 1120/1120/1120 1128/1128/1128 1126/1126/1126 
f 1126/1126/1126 1118/1118/1118 1120/1120/1120 
f 1128/1128/1128 1120/1120/1120 1129/1129/1129 
f 1130/1130/1130 1129/1129/1129 1121/1121/1121 
f 1120/1120/1120 1121/1121/1121 1129/1129/1129 
f 1122/1122/1122 1131/1131/1131 1130/1130/1130 
f 1130/1130/1130 1121/1121/1121 1122/1122/1122 
f 1122/1122/1122 1123/1123/1123 1131/1131/1131 
f 1124/1124/1124 1125/1125/1125 1132/1132/1132 
f 1127/1127/1127 1126/1126/1126 1133/1133/1133 
f 1128/1128/1128 1134/1134/1134 1133/1133/1133 
f 1133/1133/1133 1126/1126/1126 1128/1128/1128 
f 1128/1128/1128 1129/1129/1129 1135/1135/1135 
f 1135/1135/1135 1134/1134/1134 1128/1128/1128 
f 1130/1130/1130 1131/1131/1131 1136/1136/1136 
f 1133/1133/1133 1134/1134/1134 1137/1137/1137 
f 1134/1134/1134 1135/1135/1135 1137/1137/1137 
f 1119/1119/1119 1127/1127/1127 1138/1138/1138 
f 1119/1119/1119 1138/1138/1138 1139/1139/1139 
f 1139/1139/1139 1110/1110/1110 1119/1119/1119 
f 1109/1109/1109 1110/1110/1110 1139/1139/1139 
f 1129/1129/1129 1130/1130/1130 1136/1136/1136 
f 1123/1123/1123 1124/1124/1124 1132/1132/1132 
f 1140/1140/1140 1141/1141/1141 1142/1142/1142 
f 1142/1142/1142 1143/1143/1143 1140/1140/1140 
f 1140/1140/1140 1143/1143/1143 1144/1144/1144 
f 1144/1144/1144 1145/1145/1145 1140/1140/1140 
f 1146/1146/1146 1147/1147/1147 1142/1142/1142 
f 1142/1142/1142 1141/1141/1141 1146/1146/1146 
f 1148/1148/1148 1145/1145/1145 1144/1144/1144 
f 1144/1144/1144 1149/1149/1149 1148/1148/1148 
f 1148/1148/1148 1149/1149/1149 1150/1150/1150 
f 1150/1150/1150 1151/1151/1151 1148/1148/1148 
f 1152/1152/1152 1153/1153/1153 1154/1154/1154 
f 1154/1154/1154 1155/1155/1155 1152/1152/1152 
f 1156/1156/1156 1157/1157/1157 1147/1147/1147 
f 1147/1147/1147 1146/1146/1146 1156/1156/1156 
f 1152/1152/1152 1155/1155/1155 1158/1158/1158 
f 1158/1158/1158 1159/1159/1159 1152/1152/1152 
f 1159/1159/1159 1158/1158/1158 1160/1160/1160 
f 1160/1160/1160 1161/1161/1161 1159/1159/1159 
f 1161/1161/1161 1160/1160/1160 1162/1162/1162 
f 1162/1162/1162 1163/1163/1163 1161/1161/1161 
f 1163/1163/1163 1162/1162/1162 1164/1164/1164 
f 1164/1164/1164 1165/1165/1165 1163/1163/1163 
f 1166/1166/1166 1167/1167/1167 1168/1168/1168 
f 1168/1168/1168 1169/1169/1169 1166/1166/1166 
f 1170/1170/1170 1165/1165/1165 1164/1164/1164 
f 1164/1164/1164 1171/1171/1171 1170/1170/1170 
f 1172/1172/1172 1173/1173/1173 1174/1174/1174 
f 1174/1174/1174 1175/1175/1175 1172/1172/1172 
f 1176/1176/1176 1177/1177/1177 1178/1178/1178 
f 1178/1178/1178 1179/1179/1179 1176/1176/1176 
f 1166/1166/1166 1169/1169/1169 1180/1180/1180 
f 1180/1180/1180 1181/1181/1181 1166/1166/1166 
f 1172/1172/1172 1182/1182/1182 1183/1183/1183 
f 1183/1183/1183 1173/1173/1173 1172/1172/1172 
f 1182/1182/1182 1176/1176/1176 1179/1179/1179 
f 1179/1179/1179 1183/1183/1183 1182/1182/1182 
f 1175/1175/1175 1174/1174/1174 1184/1184/1184 
f 1184/1184/1184 1185/1185/1185 1175/1175/1175 
f 1185/1185/1185 1184/1184/1184 1186/1186/1186 
f 1186/1186/1186 1187/1187/1187 1185/1185/1185 
f 1156/1156/1156 1187/1187/1187 1186/1186/1186 
f 1186/1186/1186 1157/1157/1157 1156/1156/1156 
f 1181/1181/1181 1180/1180/1180 1178/1178/1178 
f 1178/1178/1178 1177/1177/1177 1181/1181/1181 
f 1170/1170/1170 1171/1171/1171 1168/1168/1168 
f 1168/1168/1168 1167/1167/1167 1170/1170/1170 
f 1188/1188/1188 1189/1189/1189 1190/1190/1190 
f 1190/1190/1190 1191/1191/1191 1188/1188/1188 
f 1189/1189/1189 1192/1192/1192 1193/1193/1193 
f 1193/1193/1193 1190/1190/1190 1189/1189/1189 
f 1194/1194/1194 1195/1195/1195 1191/1191/1191 
f 1191/1191/1191 1190/1190/1190 1194/1194/1194 
f 1193/1193/1193 1194/1194/1194 1190/1190/1190 
f 1193/1193/1193 1192/1192/1192 1196/1196/1196 
f 1197/1197/1197 1196/1196/1196 1192/1192/1192 
f 1198/1198/1198 1199/1199/1199 1200/1200/1200 
f 1200/1200/1200 1201/1201/1201 1198/1198/1198 
f 1202/1202/1202 1203/1203/1203 1199/1199/1199 
f 1199/1199/1199 1198/1198/1198 1202/1202/1202 
f 1204/1204/1204 1198/1198/1198 1201/1201/1201 
f 1201/1201/1201 1205/1205/1205 1204/1204/1204 
f 1202/1202/1202 1198/1198/1198 1204/1204/1204 
f 1202/1202/1202 1206/1206/1206 1203/1203/1203 
f 1207/1207/1207 1203/1203/1203 1206/1206/1206 
f 1208/1208/1208 1209/1209/1209 1210/1210/1210 
f 1210/1210/1210 1211/1211/1211 1208/1208/1208 
f 1212/1212/1212 1213/1213/1213 1210/1210/1210 
f 1210/1210/1210 1209/1209/1209 1212/1212/1212 
f 1214/1214/1214 1215/1215/1215 1213/1213/1213 
f 1213/1213/1213 1212/1212/1212 1214/1214/1214 
f 1216/1216/1216 1217/1217/1217 1218/1218/1218 
f 1218/1218/1218 1219/1219/1219 1216/1216/1216 
f 1208/1208/1208 1211/1211/1211 1218/1218/1218 
f 1218/1218/1218 1217/1217/1217 1208/1208/1208 
f 1220/1220/1220 1216/1216/1216 1219/1219/1219 
f 1219/1219/1219 1221/1221/1221 1220/1220/1220 
f 1220/1220/1220 1221/1221/1221 1222/1222/1222 
f 1222/1222/1222 1223/1223/1223 1220/1220/1220 
f 1223/1223/1223 1222/1222/1222 1224/1224/1224 
f 1224/1224/1224 1225/1225/1225 1223/1223/1223 
f 1214/1214/1214 1226/1226/1226 1227/1227/1227 
f 1227/1227/1227 1215/1215/1215 1214/1214/1214 
f 1228/1228/1228 1229/1229/1229 1230/1230/1230 
f 1230/1230/1230 1231/1231/1231 1232/1232/1232 
f 1232/1232/1232 1228/1228/1228 1230/1230/1230 
f 1232/1232/1232 1231/1231/1231 1233/1233/1233 
f 1233/1233/1233 1234/1234/1234 1232/1232/1232 
f 1234/1234/1234 1233/1233/1233 1235/1235/1235 
f 1235/1235/1235 1236/1236/1236 1234/1234/1234 
f 1235/1235/1235 1237/1237/1237 1238/1238/1238 
f 1238/1238/1238 1236/1236/1236 1235/1235/1235 
f 1239/1239/1239 1240/1240/1240 1241/1241/1241 
f 1241/1241/1241 1237/1237/1237 1239/1239/1239 
f 1242/1242/1242 1243/1243/1243 1244/1244/1244 
f 1244/1244/1244 1229/1229/1229 1242/1242/1242 
f 1229/1229/1229 1244/1244/1244 1245/1245/1245 
f 1245/1245/1245 1230/1230/1230 1229/1229/1229 
f 1245/1245/1245 1246/1246/1246 1231/1231/1231 
f 1231/1231/1231 1230/1230/1230 1245/1245/1245 
f 1246/1246/1246 1247/1247/1247 1233/1233/1233 
f 1233/1233/1233 1231/1231/1231 1246/1246/1246 
f 1247/1247/1247 1248/1248/1248 1235/1235/1235 
f 1235/1235/1235 1233/1233/1233 1247/1247/1247 
f 1248/1248/1248 1239/1239/1239 1237/1237/1237 
f 1237/1237/1237 1235/1235/1235 1248/1248/1248 
f 1239/1239/1239 1249/1249/1249 1240/1240/1240 
f 1240/1240/1240 1249/1249/1249 1250/1250/1250 
f 1243/1243/1243 1249/1249/1249 1244/1244/1244 
f 1244/1244/1244 1249/1249/1249 1245/1245/1245 
f 1245/1245/1245 1249/1249/1249 1246/1246/1246 
f 1246/1246/1246 1249/1249/1249 1247/1247/1247 
f 1247/1247/1247 1249/1249/1249 1248/1248/1248 
f 1248/1248/1248 1249/1249/1249 1239/1239/1239 
f 1251/1251/1251 1252/1252/1252 1249/1249/1249 
f 1252/1252/1252 1250/1250/1250 1249/1249/1249 
f 1253/1253/1253 1254/1254/1254 1249/1249/1249 
f 1254/1254/1254 1255/1255/1255 1249/1249/1249 
f 1255/1255/1255 1256/1256/1256 1249/1249/1249 
f 1256/1256/1256 1251/1251/1251 1249/1249/1249 
f 1257/1257/1257 1234/1234/1234 1236/1236/1236 
f 1258/1258/1258 1236/1236/1236 1238/1238/1238 
f 1258/1258/1258 1238/1238/1238 1259/1259/1259 
f 1237/1237/1237 1241/1241/1241 1259/1259/1259 
f 1259/1259/1259 1238/1238/1238 1237/1237/1237 
f 1260/1260/1260 1261/1261/1261 1262/1262/1262 
f 1263/1263/1263 1264/1264/1264 1261/1261/1261 
f 1261/1261/1261 1260/1260/1260 1263/1263/1263 
f 1263/1263/1263 1265/1265/1265 1266/1266/1266 
f 1266/1266/1266 1264/1264/1264 1263/1263/1263 
f 1267/1267/1267 1268/1268/1268 1266/1266/1266 
f 1266/1266/1266 1265/1265/1265 1267/1267/1267 
f 1269/1269/1269 1270/1270/1270 1268/1268/1268 
f 1268/1268/1268 1267/1267/1267 1269/1269/1269 
f 1271/1271/1271 1272/1272/1272 1273/1273/1273 
f 1273/1273/1273 1270/1270/1270 1271/1271/1271 
f 1262/1262/1262 1274/1274/1274 1275/1275/1275 
f 1275/1275/1275 1276/1276/1276 1262/1262/1262 
f 1261/1261/1261 1277/1277/1277 1274/1274/1274 
f 1274/1274/1274 1262/1262/1262 1261/1261/1261 
f 1264/1264/1264 1278/1278/1278 1277/1277/1277 
f 1277/1277/1277 1261/1261/1261 1264/1264/1264 
f 1266/1266/1266 1279/1279/1279 1278/1278/1278 
f 1278/1278/1278 1264/1264/1264 1266/1266/1266 
f 1268/1268/1268 1280/1280/1280 1279/1279/1279 
f 1279/1279/1279 1266/1266/1266 1268/1268/1268 
f 1270/1270/1270 1273/1273/1273 1280/1280/1280 
f 1280/1280/1280 1268/1268/1268 1270/1270/1270 
f 1273/1273/1273 1272/1272/1272 1281/1281/1281 
f 1272/1272/1272 1282/1282/1282 1281/1281/1281 
f 1275/1275/1275 1274/1274/1274 1281/1281/1281 
f 1274/1274/1274 1277/1277/1277 1281/1281/1281 
f 1277/1277/1277 1278/1278/1278 1281/1281/1281 
f 1278/1278/1278 1279/1279/1279 1281/1281/1281 
f 1279/1279/1279 1280/1280/1280 1281/1281/1281 
f 1280/1280/1280 1273/1273/1273 1281/1281/1281 
f 1283/1283/1283 1281/1281/1281 1284/1284/1284 
f 1284/1284/1284 1281/1281/1281 1282/1282/1282 
f 1285/1285/1285 1286/1286/1286 1287/1287/1287 
f 1288/1288/1288 1281/1281/1281 1289/1289/1289 
f 1289/1289/1289 1281/1281/1281 1290/1290/1290 
f 1290/1290/1290 1281/1281/1281 1283/1283/1283 
f 1291/1291/1291 1267/1267/1267 1265/1265/1265 
f 1292/1292/1292 1269/1269/1269 1267/1267/1267 
f 1292/1292/1292 1293/1293/1293 1269/1269/1269 
f 1293/1293/1293 1271/1271/1271 1270/1270/1270 
f 1270/1270/1270 1269/1269/1269 1293/1293/1293 
f 1294/1294/1294 1295/1295/1295 1296/1296/1296 
f 1296/1296/1296 1297/1297/1297 1294/1294/1294 
f 1297/1297/1297 1296/1296/1296 1298/1298/1298 
f 1298/1298/1298 1299/1299/1299 1297/1297/1297 
f 1300/1300/1300 1299/1299/1299 1298/1298/1298 
f 1298/1298/1298 1301/1301/1301 1300/1300/1300 
f 1302/1302/1302 1303/1303/1303 1304/1304/1304 
f 1304/1304/1304 1305/1305/1305 1302/1302/1302 
f 1306/1306/1306 1307/1307/1307 1308/1308/1308 
f 1308/1308/1308 1309/1309/1309 1306/1306/1306 
f 1294/1294/1294 1309/1309/1309 1308/1308/1308 
f 1308/1308/1308 1295/1295/1295 1294/1294/1294 
f 1305/1305/1305 1304/1304/1304 1310/1310/1310 
f 1310/1310/1310 1311/1311/1311 1305/1305/1305 
f 1306/1306/1306 1286/1286/1286 1312/1312/1312 
f 1312/1312/1312 1307/1307/1307 1306/1306/1306 
f 1313/1313/1313 1314/1314/1314 1315/1315/1315 
f 1315/1315/1315 1316/1316/1316 1313/1313/1313 
f 1311/1311/1311 1310/1310/1310 1314/1314/1314 
f 1314/1314/1314 1313/1313/1313 1311/1311/1311 
f 1317/1317/1317 1318/1318/1318 1319/1319/1319 
f 1319/1319/1319 1285/1285/1285 1317/1317/1317 
f 1286/1286/1286 1285/1285/1285 1319/1319/1319 
f 1319/1319/1319 1312/1312/1312 1286/1286/1286 
f 1320/1320/1320 1321/1321/1321 1318/1318/1318 
f 1318/1318/1318 1317/1317/1317 1320/1320/1320 
f 1322/1322/1322 1323/1323/1323 1324/1324/1324 
f 1324/1324/1324 1325/1325/1325 1322/1322/1322 
f 1316/1316/1316 1315/1315/1315 1323/1323/1323 
f 1323/1323/1323 1322/1322/1322 1316/1316/1316 
f 1300/1300/1300 1301/1301/1301 1326/1326/1326 
f 1326/1326/1326 1327/1327/1327 1300/1300/1300 
f 1328/1328/1328 1327/1327/1327 1326/1326/1326 
f 1326/1326/1326 1329/1329/1329 1328/1328/1328 
f 1328/1328/1328 1329/1329/1329 1330/1330/1330 
f 1330/1330/1330 1331/1331/1331 1328/1328/1328 
f 1332/1332/1332 1331/1331/1331 1330/1330/1330 
f 1330/1330/1330 1333/1333/1333 1332/1332/1332 
f 1332/1332/1332 1333/1333/1333 1303/1303/1303 
f 1303/1303/1303 1302/1302/1302 1332/1332/1332 
f 1334/1334/1334 1335/1335/1335 1336/1336/1336 
f 1336/1336/1336 1337/1337/1337 1334/1334/1334 
f 1334/1334/1334 1338/1338/1338 1335/1335/1335 
f 1335/1335/1335 1338/1338/1338 1339/1339/1339 
f 1338/1338/1338 1340/1340/1340 1339/1339/1339 
f 1339/1339/1339 1341/1341/1341 1342/1342/1342 
f 1342/1342/1342 1335/1335/1335 1339/1339/1339 
f 1343/1343/1343 1344/1344/1344 1339/1339/1339 
f 1339/1339/1339 1340/1340/1340 1343/1343/1343 
f 1344/1344/1344 1345/1345/1345 1341/1341/1341 
f 1341/1341/1341 1339/1339/1339 1344/1344/1344 
f 1343/1343/1343 1346/1346/1346 1344/1344/1344 
f 1344/1344/1344 1346/1346/1346 1345/1345/1345 
f 1337/1337/1337 1347/1347/1347 1348/1348/1348 
f 1348/1348/1348 1334/1334/1334 1337/1337/1337 
f 1334/1334/1334 1348/1348/1348 1338/1338/1338 
f 1349/1349/1349 1350/1350/1350 1343/1343/1343 
f 1343/1343/1343 1340/1340/1340 1349/1349/1349 
f 1349/1349/1349 1351/1351/1351 1350/1350/1350 
f 1343/1343/1343 1350/1350/1350 1346/1346/1346 
f 1350/1350/1350 1351/1351/1351 1346/1346/1346 
f 1351/1351/1351 1352/1352/1352 1346/1346/1346 
f 1352/1352/1352 1353/1353/1353 1346/1346/1346 
f 1338/1338/1338 1349/1349/1349 1340/1340/1340 
f 1354/1354/1354 1347/1347/1347 1337/1337/1337 
f 1354/1354/1354 1337/1337/1337 1336/1336/1336 
f 1335/1335/1335 1342/1342/1342 1355/1355/1355 
f 1355/1355/1355 1336/1336/1336 1335/1335/1335 
f 1356/1356/1356 1357/1357/1357 1358/1358/1358 
f 1358/1358/1358 1359/1359/1359 1356/1356/1356 
f 1358/1358/1358 1357/1357/1357 1360/1360/1360 
f 1357/1357/1357 1361/1361/1361 1360/1360/1360 
f 1360/1360/1360 1361/1361/1361 1362/1362/1362 
f 1363/1363/1363 1364/1364/1364 1361/1361/1361 
f 1361/1361/1361 1357/1357/1357 1363/1363/1363 
f 1361/1361/1361 1365/1365/1365 1366/1366/1366 
f 1366/1366/1366 1362/1362/1362 1361/1361/1361 
f 1364/1364/1364 1367/1367/1367 1365/1365/1365 
f 1365/1365/1365 1361/1361/1361 1364/1364/1364 
f 1366/1366/1366 1365/1365/1365 1368/1368/1368 
f 1365/1365/1365 1367/1367/1367 1368/1368/1368 
f 1359/1359/1359 1358/1358/1358 1369/1369/1369 
f 1369/1369/1369 1370/1370/1370 1359/1359/1359 
f 1358/1358/1358 1360/1360/1360 1369/1369/1369 
f 1366/1366/1366 1371/1371/1371 1372/1372/1372 
f 1372/1372/1372 1362/1362/1362 1366/1366/1366 
f 1372/1372/1372 1371/1371/1371 1373/1373/1373 
f 1366/1366/1366 1368/1368/1368 1371/1371/1371 
f 1371/1371/1371 1368/1368/1368 1373/1373/1373 
f 1373/1373/1373 1368/1368/1368 1374/1374/1374 
f 1374/1374/1374 1368/1368/1368 1375/1375/1375 
f 1360/1360/1360 1362/1362/1362 1372/1372/1372 
f 1376/1376/1376 1359/1359/1359 1370/1370/1370 
f 1376/1376/1376 1356/1356/1356 1359/1359/1359 
f 1377/1377/1377 1363/1363/1363 1357/1357/1357 
f 1357/1357/1357 1356/1356/1356 1377/1377/1377 
f 1378/1378/1378 1379/1379/1379 1380/1380/1380 
f 1380/1380/1380 1381/1381/1381 1378/1378/1378 
f 1381/1381/1381 1380/1380/1380 1382/1382/1382 
f 1382/1382/1382 1383/1383/1383 1381/1381/1381 
f 1383/1383/1383 1382/1382/1382 1384/1384/1384 
f 1384/1384/1384 1385/1385/1385 1383/1383/1383 
f 1386/1386/1386 1387/1387/1387 1388/1388/1388 
f 1388/1388/1388 1389/1389/1389 1386/1386/1386 
f 1386/1386/1386 1390/1390/1390 1391/1391/1391 
f 1391/1391/1391 1387/1387/1387 1386/1386/1386 
f 1392/1392/1392 1393/1393/1393 1394/1394/1394 
f 1394/1394/1394 1395/1395/1395 1392/1392/1392 
f 1392/1392/1392 1396/1396/1396 1397/1397/1397 
f 1397/1397/1397 1393/1393/1393 1392/1392/1392 
f 1398/1398/1398 1399/1399/1399 1397/1397/1397 
f 1397/1397/1397 1396/1396/1396 1398/1398/1398 
f 1385/1385/1385 1384/1384/1384 1399/1399/1399 
f 1399/1399/1399 1398/1398/1398 1385/1385/1385 
f 1395/1395/1395 1394/1394/1394 1391/1391/1391 
f 1391/1391/1391 1390/1390/1390 1395/1395/1395 
f 1400/1400/1400 1389/1389/1389 1388/1388/1388 
f 1388/1388/1388 1401/1401/1401 1400/1400/1400 
f 1402/1402/1402 1403/1403/1403 1404/1404/1404 
f 1404/1404/1404 1405/1405/1405 1402/1402/1402 
f 1378/1378/1378 1406/1406/1406 1407/1407/1407 
f 1407/1407/1407 1379/1379/1379 1378/1378/1378 
f 1402/1402/1402 1405/1405/1405 1407/1407/1407 
f 1407/1407/1407 1406/1406/1406 1402/1402/1402 
f 1408/1408/1408 1409/1409/1409 1410/1410/1410 
f 1410/1410/1410 1411/1411/1411 1408/1408/1408 
f 1412/1412/1412 1413/1413/1413 1410/1410/1410 
f 1410/1410/1410 1414/1414/1414 1412/1412/1412 
f 1410/1410/1410 1413/1413/1413 1411/1411/1411 
f 1414/1414/1414 1415/1415/1415 1412/1412/1412 
f 1413/1413/1413 1412/1412/1412 1416/1416/1416 
f 1413/1413/1413 1417/1417/1417 1418/1418/1418 
f 1418/1418/1418 1411/1411/1411 1413/1413/1413 
f 1415/1415/1415 1419/1419/1419 1420/1420/1420 
f 1420/1420/1420 1416/1416/1416 1412/1412/1412 
f 1412/1412/1412 1415/1415/1415 1420/1420/1420 
f 1419/1419/1419 1421/1421/1421 1420/1420/1420 
f 1420/1420/1420 1421/1421/1421 1416/1416/1416 
f 1422/1422/1422 1423/1423/1423 1417/1417/1417 
f 1417/1417/1417 1423/1423/1423 1424/1424/1424 
f 1424/1424/1424 1418/1418/1418 1417/1417/1417 
f 1425/1425/1425 1426/1426/1426 1424/1424/1424 
f 1424/1424/1424 1423/1423/1423 1425/1425/1425 
f 1427/1427/1427 1428/1428/1428 1429/1429/1429 
f 1429/1429/1429 1430/1430/1430 1427/1427/1427 
f 1408/1408/1408 1411/1411/1411 1428/1428/1428 
f 1428/1428/1428 1427/1427/1427 1408/1408/1408 
f 1428/1428/1428 1411/1411/1411 1418/1418/1418 
f 1418/1418/1418 1431/1431/1431 1428/1428/1428 
f 1429/1429/1429 1428/1428/1428 1431/1431/1431 
f 1424/1424/1424 1432/1432/1432 1431/1431/1431 
f 1431/1431/1431 1418/1418/1418 1424/1424/1424 
f 1426/1426/1426 1433/1433/1433 1432/1432/1432 
f 1432/1432/1432 1424/1424/1424 1426/1426/1426 
f 1434/1434/1434 1427/1427/1427 1430/1430/1430 
f 1430/1430/1430 1435/1435/1435 1434/1434/1434 
f 1436/1436/1436 1435/1435/1435 1430/1430/1430 
f 1436/1436/1436 1430/1430/1430 1429/1429/1429 
f 1437/1437/1437 1438/1438/1438 1439/1439/1439 
f 1439/1439/1439 1440/1440/1440 1437/1437/1437 
f 1437/1437/1437 1441/1441/1441 1442/1442/1442 
f 1442/1442/1442 1443/1443/1443 1437/1437/1437 
f 1437/1437/1437 1443/1443/1443 1438/1438/1438 
f 1440/1440/1440 1439/1439/1439 1444/1444/1444 
f 1444/1444/1444 1445/1445/1445 1446/1446/1446 
f 1439/1439/1439 1447/1447/1447 1445/1445/1445 
f 1445/1445/1445 1444/1444/1444 1439/1439/1439 
f 1448/1448/1448 1449/1449/1449 1447/1447/1447 
f 1447/1447/1447 1438/1438/1438 1448/1448/1448 
f 1448/1448/1448 1438/1438/1438 1443/1443/1443 
f 1443/1443/1443 1450/1450/1450 1448/1448/1448 
f 1446/1446/1446 1445/1445/1445 1451/1451/1451 
f 1445/1445/1445 1447/1447/1447 1451/1451/1451 
f 1449/1449/1449 1448/1448/1448 1452/1452/1452 
f 1450/1450/1450 1453/1453/1453 1452/1452/1452 
f 1452/1452/1452 1448/1448/1448 1450/1450/1450 
f 1453/1453/1453 1454/1454/1454 1455/1455/1455 
f 1455/1455/1455 1452/1452/1452 1453/1453/1453 
f 1456/1456/1456 1457/1457/1457 1458/1458/1458 
f 1458/1458/1458 1459/1459/1459 1456/1456/1456 
f 1457/1457/1457 1443/1443/1443 1442/1442/1442 
f 1442/1442/1442 1458/1458/1458 1457/1457/1457 
f 1460/1460/1460 1450/1450/1450 1443/1443/1443 
f 1443/1443/1443 1457/1457/1457 1460/1460/1460 
f 1453/1453/1453 1450/1450/1450 1460/1460/1460 
f 1460/1460/1460 1461/1461/1461 1453/1453/1453 
f 1454/1454/1454 1453/1453/1453 1461/1461/1461 
f 1461/1461/1461 1462/1462/1462 1454/1454/1454 
f 1460/1460/1460 1457/1457/1457 1456/1456/1456 
f 1459/1459/1459 1458/1458/1458 1463/1463/1463 
f 1463/1463/1463 1464/1464/1464 1459/1459/1459 
f 1465/1465/1465 1459/1459/1459 1464/1464/1464 
f 1456/1456/1456 1459/1459/1459 1465/1465/1465 
f 1466/1466/1466 1467/1467/1467 1468/1468/1468 
f 1468/1468/1468 1469/1469/1469 1466/1466/1466 
f 1470/1470/1470 1467/1467/1467 1466/1466/1466 
f 1466/1466/1466 1471/1471/1471 1470/1470/1470 
f 1472/1472/1472 1473/1473/1473 1469/1469/1469 
f 1469/1469/1469 1468/1468/1468 1472/1472/1472 
f 1474/1474/1474 1475/1475/1475 1473/1473/1473 
f 1473/1473/1473 1472/1472/1472 1474/1474/1474 
f 1474/1474/1474 1476/1476/1476 1477/1477/1477 
f 1477/1477/1477 1475/1475/1475 1474/1474/1474 
f 1478/1478/1478 1479/1479/1479 1480/1480/1480 
f 1480/1480/1480 1481/1481/1481 1478/1478/1478 
f 1482/1482/1482 1483/1483/1483 1477/1477/1477 
f 1477/1477/1477 1476/1476/1476 1482/1482/1482 
f 1481/1481/1481 1480/1480/1480 1483/1483/1483 
f 1483/1483/1483 1482/1482/1482 1481/1481/1481 
f 1484/1484/1484 1485/1485/1485 1479/1479/1479 
f 1479/1479/1479 1478/1478/1478 1484/1484/1484 
f 1484/1484/1484 1486/1486/1486 1487/1487/1487 
f 1487/1487/1487 1485/1485/1485 1484/1484/1484 
f 1488/1488/1488 1489/1489/1489 1487/1487/1487 
f 1487/1487/1487 1486/1486/1486 1488/1488/1488 
f 1470/1470/1470 1471/1471/1471 1490/1490/1490 
f 1490/1490/1490 1491/1491/1491 1470/1470/1470 
f 1488/1488/1488 1492/1492/1492 1493/1493/1493 
f 1493/1493/1493 1489/1489/1489 1488/1488/1488 
f 1494/1494/1494 1495/1495/1495 1496/1496/1496 
f 1496/1496/1496 1497/1497/1497 1494/1494/1494 
f 1495/1495/1495 1494/1494/1494 1498/1498/1498 
f 1498/1498/1498 1499/1499/1499 1495/1495/1495 
f 1499/1499/1499 1498/1498/1498 1493/1493/1493 
f 1493/1493/1493 1492/1492/1492 1499/1499/1499 
f 1500/1500/1500 1501/1501/1501 1502/1502/1502 
f 1502/1502/1502 1503/1503/1503 1500/1500/1500 
f 1491/1491/1491 1490/1490/1490 1504/1504/1504 
f 1504/1504/1504 1505/1505/1505 1491/1491/1491 
f 1500/1500/1500 1503/1503/1503 1506/1506/1506 
f 1506/1506/1506 1507/1507/1507 1500/1500/1500 
f 1506/1506/1506 1497/1497/1497 1496/1496/1496 
f 1496/1496/1496 1507/1507/1507 1506/1506/1506 
f 1416/1416/1416 1422/1422/1422 1417/1417/1417 
f 1417/1417/1417 1413/1413/1413 1416/1416/1416 
f 1438/1438/1438 1447/1447/1447 1439/1439/1439 
f 1508/1508/1508 1509/1509/1509 1510/1510/1510 
f 1511/1511/1511 1508/1508/1508 1510/1510/1510 
f 1512/1512/1512 1513/1513/1513 1514/1514/1514 
f 1512/1512/1512 1514/1514/1514 1515/1515/1515 
f 1516/1516/1516 1517/1517/1517 1514/1514/1514 
f 1515/1515/1515 1514/1514/1514 1517/1517/1517 
f 1513/1513/1513 1518/1518/1518 1519/1519/1519 
f 1519/1519/1519 1514/1514/1514 1513/1513/1513 
f 1516/1516/1516 1520/1520/1520 1521/1521/1521 
f 1521/1521/1521 1522/1522/1522 1516/1516/1516 
f 1514/1514/1514 1519/1519/1519 1520/1520/1520 
f 1520/1520/1520 1516/1516/1516 1514/1514/1514 
f 1519/1519/1519 1518/1518/1518 1523/1523/1523 
f 1520/1520/1520 1524/1524/1524 1525/1525/1525 
f 1525/1525/1525 1521/1521/1521 1520/1520/1520 
f 1524/1524/1524 1520/1520/1520 1526/1526/1526 
f 1519/1519/1519 1523/1523/1523 1520/1520/1520 
f 1520/1520/1520 1523/1523/1523 1526/1526/1526 
f 1524/1524/1524 1527/1527/1527 1528/1528/1528 
f 1528/1528/1528 1525/1525/1525 1524/1524/1524 
f 1526/1526/1526 1529/1529/1529 1527/1527/1527 
f 1527/1527/1527 1524/1524/1524 1526/1526/1526 
f 1527/1527/1527 1530/1530/1530 1531/1531/1531 
f 1531/1531/1531 1528/1528/1528 1527/1527/1527 
f 1529/1529/1529 1532/1532/1532 1530/1530/1530 
f 1530/1530/1530 1527/1527/1527 1529/1529/1529 
f 1510/1510/1510 1509/1509/1509 1512/1512/1512 
f 1511/1511/1511 1510/1510/1510 1512/1512/1512 
f 1512/1512/1512 1515/1515/1515 1511/1511/1511 
f 1533/1533/1533 1525/1525/1525 1534/1534/1534 
f 1534/1534/1534 1525/1525/1525 1535/1535/1535 
f 1525/1525/1525 1528/1528/1528 1535/1535/1535 
f 1535/1535/1535 1528/1528/1528 1531/1531/1531 
f 1531/1531/1531 1536/1536/1536 1535/1535/1535 
f 1537/1537/1537 1536/1536/1536 1531/1531/1531 
f 1531/1531/1531 1530/1530/1530 1537/1537/1537 
f 1530/1530/1530 1532/1532/1532 1538/1538/1538 
f 1539/1539/1539 1517/1517/1517 1516/1516/1516 
f 1516/1516/1516 1522/1522/1522 1539/1539/1539 
f 1540/1540/1540 1522/1522/1522 1521/1521/1521 
f 1540/1540/1540 1521/1521/1521 1525/1525/1525 
f 1525/1525/1525 1533/1533/1533 1540/1540/1540 
f 1541/1541/1541 1542/1542/1542 1543/1543/1543 
f 1544/1544/1544 1542/1542/1542 1541/1541/1541 
f 1545/1545/1545 1546/1546/1546 1547/1547/1547 
f 1545/1545/1545 1548/1548/1548 1546/1546/1546 
f 1549/1549/1549 1546/1546/1546 1550/1550/1550 
f 1548/1548/1548 1550/1550/1550 1546/1546/1546 
f 1551/1551/1551 1552/1552/1552 1547/1547/1547 
f 1547/1547/1547 1546/1546/1546 1551/1551/1551 
f 1553/1553/1553 1554/1554/1554 1549/1549/1549 
f 1549/1549/1549 1555/1555/1555 1553/1553/1553 
f 1554/1554/1554 1551/1551/1551 1546/1546/1546 
f 1546/1546/1546 1549/1549/1549 1554/1554/1554 
f 1551/1551/1551 1556/1556/1556 1552/1552/1552 
f 1557/1557/1557 1558/1558/1558 1554/1554/1554 
f 1554/1554/1554 1553/1553/1553 1557/1557/1557 
f 1558/1558/1558 1559/1559/1559 1554/1554/1554 
f 1551/1551/1551 1554/1554/1554 1556/1556/1556 
f 1554/1554/1554 1559/1559/1559 1556/1556/1556 
f 1560/1560/1560 1561/1561/1561 1558/1558/1558 
f 1558/1558/1558 1557/1557/1557 1560/1560/1560 
f 1561/1561/1561 1562/1562/1562 1559/1559/1559 
f 1559/1559/1559 1558/1558/1558 1561/1561/1561 
f 1563/1563/1563 1564/1564/1564 1561/1561/1561 
f 1561/1561/1561 1560/1560/1560 1563/1563/1563 
f 1564/1564/1564 1565/1565/1565 1562/1562/1562 
f 1562/1562/1562 1561/1561/1561 1564/1564/1564 
f 1542/1542/1542 1545/1545/1545 1543/1543/1543 
f 1544/1544/1544 1548/1548/1548 1545/1545/1545 
f 1545/1545/1545 1542/1542/1542 1544/1544/1544 
f 1566/1566/1566 1567/1567/1567 1557/1557/1557 
f 1567/1567/1567 1568/1568/1568 1557/1557/1557 
f 1557/1557/1557 1568/1568/1568 1560/1560/1560 
f 1563/1563/1563 1560/1560/1560 1568/1568/1568 
f 1568/1568/1568 1569/1569/1569 1563/1563/1563 
f 1570/1570/1570 1563/1563/1563 1569/1569/1569 
f 1563/1563/1563 1570/1570/1570 1564/1564/1564 
f 1564/1564/1564 1571/1571/1571 1565/1565/1565 
f 1549/1549/1549 1550/1550/1550 1572/1572/1572 
f 1572/1572/1572 1555/1555/1555 1549/1549/1549 
f 1573/1573/1573 1553/1553/1553 1555/1555/1555 
f 1557/1557/1557 1553/1553/1553 1573/1573/1573 
f 1573/1573/1573 1566/1566/1566 1557/1557/1557 
f 1574/1574/1574 1575/1575/1575 1576/1576/1576 
f 1576/1576/1576 1577/1577/1577 1574/1574/1574 
f 1578/1578/1578 1579/1579/1579 1580/1580/1580 
f 1580/1580/1580 1581/1581/1581 1578/1578/1578 
f 1582/1582/1582 1583/1583/1583 1584/1584/1584 
f 1584/1584/1584 1585/1585/1585 1582/1582/1582 
f 1586/1586/1586 1587/1587/1587 1588/1588/1588 
f 1588/1588/1588 1589/1589/1589 1586/1586/1586 
f 1590/1590/1590 1591/1591/1591 1583/1583/1583 
f 1583/1583/1583 1582/1582/1582 1590/1590/1590 
f 1592/1592/1592 1593/1593/1593 1591/1591/1591 
f 1591/1591/1591 1590/1590/1590 1592/1592/1592 
f 1592/1592/1592 1594/1594/1594 1595/1595/1595 
f 1595/1595/1595 1593/1593/1593 1592/1592/1592 
f 1596/1596/1596 1597/1597/1597 1595/1595/1595 
f 1595/1595/1595 1594/1594/1594 1596/1596/1596 
f 1598/1598/1598 1599/1599/1599 1597/1597/1597 
f 1597/1597/1597 1596/1596/1596 1598/1598/1598 
f 1585/1585/1585 1584/1584/1584 1576/1576/1576 
f 1576/1576/1576 1575/1575/1575 1585/1585/1585 
f 1581/1581/1581 1580/1580/1580 1588/1588/1588 
f 1588/1588/1588 1587/1587/1587 1581/1581/1581 
f 1600/1600/1600 1601/1601/1601 1602/1602/1602 
f 1602/1602/1602 1603/1603/1603 1600/1600/1600 
f 1604/1604/1604 1603/1603/1603 1602/1602/1602 
f 1602/1602/1602 1605/1605/1605 1604/1604/1604 
f 1604/1604/1604 1605/1605/1605 1606/1606/1606 
f 1606/1606/1606 1607/1607/1607 1604/1604/1604 
f 1608/1608/1608 1607/1607/1607 1606/1606/1606 
f 1606/1606/1606 1609/1609/1609 1608/1608/1608 
f 1608/1608/1608 1609/1609/1609 1610/1610/1610 
f 1610/1610/1610 1611/1611/1611 1608/1608/1608 
f 1598/1598/1598 1612/1612/1612 1613/1613/1613 
f 1613/1613/1613 1599/1599/1599 1598/1598/1598 
f 1611/1611/1611 1610/1610/1610 1613/1613/1613 
f 1613/1613/1613 1612/1612/1612 1611/1611/1611 
f 1614/1614/1614 1615/1615/1615 1616/1616/1616 
f 1616/1616/1616 1617/1617/1617 1614/1614/1614 
f 1586/1586/1586 1589/1589/1589 1616/1616/1616 
f 1616/1616/1616 1615/1615/1615 1586/1586/1586 
f 1614/1614/1614 1617/1617/1617 1618/1618/1618 
f 1618/1618/1618 1619/1619/1619 1614/1614/1614 
f 1619/1619/1619 1618/1618/1618 1601/1601/1601 
f 1601/1601/1601 1600/1600/1600 1619/1619/1619 
f 1620/1620/1620 1621/1621/1621 1622/1622/1622 
f 1621/1621/1621 1623/1623/1623 1622/1622/1622 
f 1623/1623/1623 1624/1624/1624 1622/1622/1622 
f 1624/1624/1624 1625/1625/1625 1626/1626/1626 
f 1626/1626/1626 1622/1622/1622 1624/1624/1624 
f 1625/1625/1625 1627/1627/1627 1628/1628/1628 
f 1628/1628/1628 1626/1626/1626 1625/1625/1625 
f 1628/1628/1628 1627/1627/1627 1629/1629/1629 
f 1629/1629/1629 1630/1630/1630 1628/1628/1628 
f 1631/1631/1631 1632/1632/1632 1629/1629/1629 
f 1629/1629/1629 1627/1627/1627 1631/1631/1631 
f 1630/1630/1630 1629/1629/1629 1633/1633/1633 
f 1633/1633/1633 1634/1634/1634 1630/1630/1630 
f 1632/1632/1632 1635/1635/1635 1633/1633/1633 
f 1633/1633/1633 1629/1629/1629 1632/1632/1632 
f 1634/1634/1634 1633/1633/1633 1636/1636/1636 
f 1633/1633/1633 1635/1635/1635 1636/1636/1636 
f 1632/1632/1632 1637/1637/1637 1638/1638/1638 
f 1638/1638/1638 1635/1635/1635 1632/1632/1632 
f 1637/1637/1637 1639/1639/1639 1638/1638/1638 
f 1631/1631/1631 1637/1637/1637 1632/1632/1632 
f 1640/1640/1640 1631/1631/1631 1627/1627/1627 
f 1627/1627/1627 1625/1625/1625 1640/1640/1640 
f 1641/1641/1641 1640/1640/1640 1642/1642/1642 
f 1624/1624/1624 1642/1642/1642 1625/1625/1625 
f 1642/1642/1642 1640/1640/1640 1625/1625/1625 
f 1623/1623/1623 1642/1642/1642 1624/1624/1624 
f 1643/1643/1643 1644/1644/1644 1645/1645/1645 
f 1645/1645/1645 1644/1644/1644 1646/1646/1646 
f 1646/1646/1646 1644/1644/1644 1647/1647/1647 
f 1648/1648/1648 1649/1649/1649 1647/1647/1647 
f 1647/1647/1647 1644/1644/1644 1648/1648/1648 
f 1650/1650/1650 1651/1651/1651 1649/1649/1649 
f 1649/1649/1649 1648/1648/1648 1650/1650/1650 
f 1650/1650/1650 1652/1652/1652 1653/1653/1653 
f 1653/1653/1653 1651/1651/1651 1650/1650/1650 
f 1653/1653/1653 1654/1654/1654 1655/1655/1655 
f 1655/1655/1655 1651/1651/1651 1653/1653/1653 
f 1652/1652/1652 1656/1656/1656 1657/1657/1657 
f 1657/1657/1657 1653/1653/1653 1652/1652/1652 
f 1657/1657/1657 1658/1658/1658 1654/1654/1654 
f 1654/1654/1654 1653/1653/1653 1657/1657/1657 
f 1656/1656/1656 1659/1659/1659 1657/1657/1657 
f 1657/1657/1657 1659/1659/1659 1658/1658/1658 
f 1654/1654/1654 1658/1658/1658 1660/1660/1660 
f 1660/1660/1660 1661/1661/1661 1654/1654/1654 
f 1661/1661/1661 1660/1660/1660 1662/1662/1662 
f 1655/1655/1655 1654/1654/1654 1661/1661/1661 
f 1651/1651/1651 1655/1655/1655 1663/1663/1663 
f 1663/1663/1663 1649/1649/1649 1651/1651/1651 
f 1664/1664/1664 1665/1665/1665 1663/1663/1663 
f 1647/1647/1647 1649/1649/1649 1665/1665/1665 
f 1665/1665/1665 1649/1649/1649 1663/1663/1663 
f 1646/1646/1646 1647/1647/1647 1665/1665/1665 
f 1666/1666/1666 1667/1667/1667 1668/1668/1668 
f 1668/1668/1668 1669/1669/1669 1666/1666/1666 
f 1670/1670/1670 1669/1669/1669 1668/1668/1668 
f 1668/1668/1668 1671/1671/1671 1670/1670/1670 
f 1672/1672/1672 1673/1673/1673 1674/1674/1674 
f 1674/1674/1674 1675/1675/1675 1672/1672/1672 
f 1676/1676/1676 1670/1670/1670 1671/1671/1671 
f 1671/1671/1671 1677/1677/1677 1676/1676/1676 
f 1676/1676/1676 1677/1677/1677 1678/1678/1678 
f 1678/1678/1678 1679/1679/1679 1676/1676/1676 
f 1679/1679/1679 1678/1678/1678 1680/1680/1680 
f 1680/1680/1680 1681/1681/1681 1679/1679/1679 
f 1681/1681/1681 1680/1680/1680 1682/1682/1682 
f 1682/1682/1682 1683/1683/1683 1681/1681/1681 
f 1684/1684/1684 1683/1683/1683 1682/1682/1682 
f 1682/1682/1682 1685/1685/1685 1684/1684/1684 
f 1686/1686/1686 1684/1684/1684 1685/1685/1685 
f 1685/1685/1685 1687/1687/1687 1686/1686/1686 
f 1686/1686/1686 1687/1687/1687 1688/1688/1688 
f 1688/1688/1688 1689/1689/1689 1686/1686/1686 
f 1690/1690/1690 1691/1691/1691 1692/1692/1692 
f 1692/1692/1692 1693/1693/1693 1690/1690/1690 
f 1689/1689/1689 1688/1688/1688 1692/1692/1692 
f 1692/1692/1692 1691/1691/1691 1689/1689/1689 
f 1690/1690/1690 1693/1693/1693 1694/1694/1694 
f 1694/1694/1694 1695/1695/1695 1690/1690/1690 
f 1695/1695/1695 1694/1694/1694 1696/1696/1696 
f 1696/1696/1696 1697/1697/1697 1695/1695/1695 
f 1697/1697/1697 1696/1696/1696 1698/1698/1698 
f 1698/1698/1698 1699/1699/1699 1697/1697/1697 
f 1700/1700/1700 1699/1699/1699 1698/1698/1698 
f 1698/1698/1698 1701/1701/1701 1700/1700/1700 
f 1672/1672/1672 1700/1700/1700 1701/1701/1701 
f 1701/1701/1701 1673/1673/1673 1672/1672/1672 
f 1702/1702/1702 1703/1703/1703 1704/1704/1704 
f 1705/1705/1705 1706/1706/1706 1704/1704/1704 
f 1704/1704/1704 1703/1703/1703 1705/1705/1705 
f 1705/1705/1705 1707/1707/1707 1706/1706/1706 
f 1708/1708/1708 1709/1709/1709 1710/1710/1710 
f 1704/1704/1704 1711/1711/1711 1702/1702/1702 
f 1702/1702/1702 1711/1711/1711 1709/1709/1709 
f 1711/1711/1711 1710/1710/1710 1709/1709/1709 
f 1706/1706/1706 1712/1712/1712 1711/1711/1711 
f 1711/1711/1711 1704/1704/1704 1706/1706/1706 
f 1707/1707/1707 1713/1713/1713 1712/1712/1712 
f 1712/1712/1712 1706/1706/1706 1707/1707/1707 
f 1714/1714/1714 1715/1715/1715 1716/1716/1716 
f 1717/1717/1717 1708/1708/1708 1718/1718/1718 
f 1710/1710/1710 1719/1719/1719 1718/1718/1718 
f 1718/1718/1718 1708/1708/1708 1710/1710/1710 
f 1711/1711/1711 1720/1720/1720 1719/1719/1719 
f 1719/1719/1719 1710/1710/1710 1711/1711/1711 
f 1712/1712/1712 1721/1721/1721 1720/1720/1720 
f 1720/1720/1720 1711/1711/1711 1712/1712/1712 
f 1712/1712/1712 1713/1713/1713 1721/1721/1721 
f 1713/1713/1713 1722/1722/1722 1721/1721/1721 
f 1722/1722/1722 1723/1723/1723 1721/1721/1721 
f 1723/1723/1723 1722/1722/1722 1724/1724/1724 
f 1715/1715/1715 1725/1725/1725 1726/1726/1726 
f 1726/1726/1726 1716/1716/1716 1715/1715/1715 
f 1718/1718/1718 1727/1727/1727 1728/1728/1728 
f 1728/1728/1728 1717/1717/1717 1718/1718/1718 
f 1719/1719/1719 1729/1729/1729 1727/1727/1727 
f 1727/1727/1727 1718/1718/1718 1719/1719/1719 
f 1720/1720/1720 1730/1730/1730 1729/1729/1729 
f 1729/1729/1729 1719/1719/1719 1720/1720/1720 
f 1721/1721/1721 1731/1731/1731 1730/1730/1730 
f 1730/1730/1730 1720/1720/1720 1721/1721/1721 
f 1723/1723/1723 1732/1732/1732 1731/1731/1731 
f 1731/1731/1731 1721/1721/1721 1723/1723/1723 
f 1733/1733/1733 1732/1732/1732 1723/1723/1723 
f 1723/1723/1723 1724/1724/1724 1733/1733/1733 
f 1726/1726/1726 1733/1733/1733 1724/1724/1724 
f 1724/1724/1724 1716/1716/1716 1726/1726/1726 
f 1726/1726/1726 1725/1725/1725 1734/1734/1734 
f 1727/1727/1727 1729/1729/1729 1735/1735/1735 
f 1735/1735/1735 1736/1736/1736 1727/1727/1727 
f 1730/1730/1730 1737/1737/1737 1735/1735/1735 
f 1735/1735/1735 1729/1729/1729 1730/1730/1730 
f 1731/1731/1731 1738/1738/1738 1737/1737/1737 
f 1737/1737/1737 1730/1730/1730 1731/1731/1731 
f 1732/1732/1732 1739/1739/1739 1738/1738/1738 
f 1738/1738/1738 1731/1731/1731 1732/1732/1732 
f 1732/1732/1732 1733/1733/1733 1740/1740/1740 
f 1740/1740/1740 1739/1739/1739 1732/1732/1732 
f 1726/1726/1726 1734/1734/1734 1740/1740/1740 
f 1740/1740/1740 1733/1733/1733 1726/1726/1726 
f 1724/1724/1724 1714/1714/1714 1716/1716/1716 
f 1717/1717/1717 1728/1728/1728 1741/1741/1741 
f 1728/1728/1728 1727/1727/1727 1736/1736/1736 
f 1736/1736/1736 1735/1735/1735 1742/1742/1742 
f 1737/1737/1737 1743/1743/1743 1742/1742/1742 
f 1742/1742/1742 1735/1735/1735 1737/1737/1737 
f 1738/1738/1738 1744/1744/1744 1743/1743/1743 
f 1743/1743/1743 1737/1737/1737 1738/1738/1738 
f 1738/1738/1738 1739/1739/1739 1744/1744/1744 
f 1745/1745/1745 1746/1746/1746 1747/1747/1747 
f 1746/1746/1746 1748/1748/1748 1749/1749/1749 
f 1749/1749/1749 1747/1747/1747 1746/1746/1746 
f 1749/1749/1749 1748/1748/1748 1750/1750/1750 
f 1751/1751/1751 1752/1752/1752 1753/1753/1753 
f 1746/1746/1746 1745/1745/1745 1754/1754/1754 
f 1745/1745/1745 1753/1753/1753 1754/1754/1754 
f 1754/1754/1754 1753/1753/1753 1752/1752/1752 
f 1754/1754/1754 1755/1755/1755 1748/1748/1748 
f 1748/1748/1748 1746/1746/1746 1754/1754/1754 
f 1755/1755/1755 1756/1756/1756 1750/1750/1750 
f 1750/1750/1750 1748/1748/1748 1755/1755/1755 
f 1757/1757/1757 1758/1758/1758 1759/1759/1759 
f 1760/1760/1760 1761/1761/1761 1751/1751/1751 
f 1761/1761/1761 1762/1762/1762 1752/1752/1752 
f 1752/1752/1752 1751/1751/1751 1761/1761/1761 
f 1762/1762/1762 1763/1763/1763 1754/1754/1754 
f 1754/1754/1754 1752/1752/1752 1762/1762/1762 
f 1763/1763/1763 1764/1764/1764 1755/1755/1755 
f 1755/1755/1755 1754/1754/1754 1763/1763/1763 
f 1755/1755/1755 1764/1764/1764 1756/1756/1756 
f 1756/1756/1756 1764/1764/1764 1765/1765/1765 
f 1765/1765/1765 1764/1764/1764 1766/1766/1766 
f 1766/1766/1766 1767/1767/1767 1765/1765/1765 
f 1768/1768/1768 1767/1767/1767 1766/1766/1766 
f 1766/1766/1766 1769/1769/1769 1768/1768/1768 
f 1770/1770/1770 1758/1758/1758 1767/1767/1767 
f 1767/1767/1767 1768/1768/1768 1770/1770/1770 
f 1770/1770/1770 1771/1771/1771 1759/1759/1759 
f 1759/1759/1759 1758/1758/1758 1770/1770/1770 
f 1772/1772/1772 1773/1773/1773 1761/1761/1761 
f 1761/1761/1761 1760/1760/1760 1772/1772/1772 
f 1773/1773/1773 1774/1774/1774 1762/1762/1762 
f 1762/1762/1762 1761/1761/1761 1773/1773/1773 
f 1774/1774/1774 1775/1775/1775 1763/1763/1763 
f 1763/1763/1763 1762/1762/1762 1774/1774/1774 
f 1775/1775/1775 1776/1776/1776 1764/1764/1764 
f 1764/1764/1764 1763/1763/1763 1775/1775/1775 
f 1776/1776/1776 1769/1769/1769 1766/1766/1766 
f 1766/1766/1766 1764/1764/1764 1776/1776/1776 
f 1770/1770/1770 1777/1777/1777 1771/1771/1771 
f 1778/1778/1778 1779/1779/1779 1774/1774/1774 
f 1774/1774/1774 1773/1773/1773 1778/1778/1778 
f 1779/1779/1779 1780/1780/1780 1775/1775/1775 
f 1775/1775/1775 1774/1774/1774 1779/1779/1779 
f 1780/1780/1780 1781/1781/1781 1776/1776/1776 
f 1776/1776/1776 1775/1775/1775 1780/1780/1780 
f 1781/1781/1781 1782/1782/1782 1769/1769/1769 
f 1769/1769/1769 1776/1776/1776 1781/1781/1781 
f 1782/1782/1782 1783/1783/1783 1768/1768/1768 
f 1768/1768/1768 1769/1769/1769 1782/1782/1782 
f 1783/1783/1783 1777/1777/1777 1770/1770/1770 
f 1770/1770/1770 1768/1768/1768 1783/1783/1783 
f 1767/1767/1767 1758/1758/1758 1757/1757/1757 
f 1784/1784/1784 1772/1772/1772 1760/1760/1760 
f 1772/1772/1772 1778/1778/1778 1773/1773/1773 
f 1778/1778/1778 1785/1785/1785 1779/1779/1779 
f 1785/1785/1785 1786/1786/1786 1780/1780/1780 
f 1780/1780/1780 1779/1779/1779 1785/1785/1785 
f 1786/1786/1786 1787/1787/1787 1781/1781/1781 
f 1781/1781/1781 1780/1780/1780 1786/1786/1786 
f 1781/1781/1781 1787/1787/1787 1782/1782/1782 
f 1788/1788/1788 1789/1789/1789 1790/1790/1790 
f 1790/1790/1790 1791/1791/1791 1788/1788/1788 
f 1792/1792/1792 1793/1793/1793 1789/1789/1789 
f 1789/1789/1789 1788/1788/1788 1792/1792/1792 
f 1792/1792/1792 1794/1794/1794 1795/1795/1795 
f 1795/1795/1795 1793/1793/1793 1792/1792/1792 
f 1796/1796/1796 1797/1797/1797 1798/1798/1798 
f 1798/1798/1798 1799/1799/1799 1796/1796/1796 
f 1797/1797/1797 1791/1791/1791 1790/1790/1790 
f 1790/1790/1790 1798/1798/1798 1797/1797/1797 
f 1800/1800/1800 1801/1801/1801 1795/1795/1795 
f 1795/1795/1795 1794/1794/1794 1800/1800/1800 
f 1802/1802/1802 1803/1803/1803 1804/1804/1804 
f 1804/1804/1804 1805/1805/1805 1802/1802/1802 
f 1796/1796/1796 1799/1799/1799 1806/1806/1806 
f 1806/1806/1806 1807/1807/1807 1796/1796/1796 
f 1808/1808/1808 1809/1809/1809 1801/1801/1801 
f 1801/1801/1801 1800/1800/1800 1808/1808/1808 
f 1810/1810/1810 1811/1811/1811 1812/1812/1812 
f 1812/1812/1812 1813/1813/1813 1810/1810/1810 
f 1802/1802/1802 1814/1814/1814 1815/1815/1815 
f 1815/1815/1815 1803/1803/1803 1802/1802/1802 
f 1814/1814/1814 1816/1816/1816 1817/1817/1817 
f 1817/1817/1817 1815/1815/1815 1814/1814/1814 
f 1818/1818/1818 1819/1819/1819 1820/1820/1820 
f 1820/1820/1820 1821/1821/1821 1818/1818/1818 
f 1818/1818/1818 1821/1821/1821 1817/1817/1817 
f 1817/1817/1817 1816/1816/1816 1818/1818/1818 
f 1805/1805/1805 1804/1804/1804 1812/1812/1812 
f 1812/1812/1812 1811/1811/1811 1805/1805/1805 
f 1822/1822/1822 1823/1823/1823 1807/1807/1807 
f 1807/1807/1807 1806/1806/1806 1822/1822/1822 
f 1824/1824/1824 1823/1823/1823 1822/1822/1822 
f 1822/1822/1822 1825/1825/1825 1824/1824/1824 
f 1824/1824/1824 1825/1825/1825 1826/1826/1826 
f 1826/1826/1826 1827/1827/1827 1824/1824/1824 
f 1827/1827/1827 1826/1826/1826 1828/1828/1828 
f 1828/1828/1828 1829/1829/1829 1827/1827/1827 
f 1829/1829/1829 1828/1828/1828 1830/1830/1830 
f 1830/1830/1830 1831/1831/1831 1829/1829/1829 
f 1831/1831/1831 1830/1830/1830 1832/1832/1832 
f 1832/1832/1832 1833/1833/1833 1831/1831/1831 
f 1819/1819/1819 1833/1833/1833 1832/1832/1832 
f 1832/1832/1832 1820/1820/1820 1819/1819/1819 
f 1834/1834/1834 1835/1835/1835 1836/1836/1836 
f 1835/1835/1835 1837/1837/1837 1838/1838/1838 
f 1838/1838/1838 1836/1836/1836 1835/1835/1835 
f 1839/1839/1839 1840/1840/1840 1837/1837/1837 
f 1837/1837/1837 1835/1835/1835 1839/1839/1839 
f 1839/1839/1839 1841/1841/1841 1840/1840/1840 
f 1842/1842/1842 1843/1843/1843 1844/1844/1844 
f 1845/1845/1845 1844/1844/1844 1846/1846/1846 
f 1843/1843/1843 1846/1846/1846 1844/1844/1844 
f 1837/1837/1837 1847/1847/1847 1838/1838/1838 
f 1845/1845/1845 1846/1846/1846 1847/1847/1847 
f 1838/1838/1838 1847/1847/1847 1846/1846/1846 
f 1840/1840/1840 1848/1848/1848 1847/1847/1847 
f 1847/1847/1847 1837/1837/1837 1840/1840/1840 
f 1840/1840/1840 1841/1841/1841 1849/1849/1849 
f 1849/1849/1849 1848/1848/1848 1840/1840/1840 
f 1845/1845/1845 1850/1850/1850 1851/1851/1851 
f 1851/1851/1851 1844/1844/1844 1845/1845/1845 
f 1847/1847/1847 1852/1852/1852 1850/1850/1850 
f 1850/1850/1850 1845/1845/1845 1847/1847/1847 
f 1848/1848/1848 1853/1853/1853 1852/1852/1852 
f 1852/1852/1852 1847/1847/1847 1848/1848/1848 
f 1849/1849/1849 1854/1854/1854 1853/1853/1853 
f 1853/1853/1853 1848/1848/1848 1849/1849/1849 
f 1855/1855/1855 1856/1856/1856 1857/1857/1857 
f 1857/1857/1857 1858/1858/1858 1855/1855/1855 
f 1859/1859/1859 1850/1850/1850 1852/1852/1852 
f 1852/1852/1852 1860/1860/1860 1859/1859/1859 
f 1860/1860/1860 1852/1852/1852 1853/1853/1853 
f 1853/1853/1853 1861/1861/1861 1860/1860/1860 
f 1861/1861/1861 1853/1853/1853 1854/1854/1854 
f 1854/1854/1854 1862/1862/1862 1861/1861/1861 
f 1863/1863/1863 1862/1862/1862 1854/1854/1854 
f 1864/1864/1864 1859/1859/1859 1865/1865/1865 
f 1865/1865/1865 1866/1866/1866 1864/1864/1864 
f 1860/1860/1860 1867/1867/1867 1865/1865/1865 
f 1865/1865/1865 1859/1859/1859 1860/1860/1860 
f 1860/1860/1860 1861/1861/1861 1868/1868/1868 
f 1868/1868/1868 1867/1867/1867 1860/1860/1860 
f 1861/1861/1861 1862/1862/1862 1868/1868/1868 
f 1866/1866/1866 1865/1865/1865 1869/1869/1869 
f 1850/1850/1850 1859/1859/1859 1851/1851/1851 
f 1851/1851/1851 1859/1859/1859 1855/1855/1855 
f 1859/1859/1859 1856/1856/1856 1855/1855/1855 
f 1865/1865/1865 1867/1867/1867 1870/1870/1870 
f 1870/1870/1870 1869/1869/1869 1865/1865/1865 
f 1867/1867/1867 1868/1868/1868 1871/1871/1871 
f 1872/1872/1872 1856/1856/1856 1864/1864/1864 
f 1873/1873/1873 1874/1874/1874 1875/1875/1875 
f 1876/1876/1876 1877/1877/1877 1875/1875/1875 
f 1875/1875/1875 1874/1874/1874 1876/1876/1876 
f 1877/1877/1877 1878/1878/1878 1879/1879/1879 
f 1879/1879/1879 1875/1875/1875 1877/1877/1877 
f 1879/1879/1879 1878/1878/1878 1880/1880/1880 
f 1881/1881/1881 1882/1882/1882 1883/1883/1883 
f 1884/1884/1884 1885/1885/1885 1882/1882/1882 
f 1883/1883/1883 1882/1882/1882 1885/1885/1885 
f 1877/1877/1877 1876/1876/1876 1886/1886/1886 
f 1884/1884/1884 1886/1886/1886 1885/1885/1885 
f 1876/1876/1876 1885/1885/1885 1886/1886/1886 
f 1886/1886/1886 1887/1887/1887 1878/1878/1878 
f 1878/1878/1878 1877/1877/1877 1886/1886/1886 
f 1878/1878/1878 1887/1887/1887 1888/1888/1888 
f 1888/1888/1888 1880/1880/1880 1878/1878/1878 
f 1889/1889/1889 1890/1890/1890 1884/1884/1884 
f 1884/1884/1884 1882/1882/1882 1889/1889/1889 
f 1890/1890/1890 1891/1891/1891 1886/1886/1886 
f 1886/1886/1886 1884/1884/1884 1890/1890/1890 
f 1891/1891/1891 1892/1892/1892 1887/1887/1887 
f 1887/1887/1887 1886/1886/1886 1891/1891/1891 
f 1892/1892/1892 1893/1893/1893 1888/1888/1888 
f 1888/1888/1888 1887/1887/1887 1892/1892/1892 
f 1894/1894/1894 1895/1895/1895 1896/1896/1896 
f 1896/1896/1896 1897/1897/1897 1894/1894/1894 
f 1896/1896/1896 1898/1898/1898 1899/1899/1899 
f 1900/1900/1900 1901/1901/1901 1899/1899/1899 
f 1899/1899/1899 1902/1902/1902 1900/1900/1900 
f 1900/1900/1900 1903/1903/1903 1904/1904/1904 
f 1904/1904/1904 1901/1901/1901 1900/1900/1900 
f 1904/1904/1904 1903/1903/1903 1905/1905/1905 
f 1906/1906/1906 1907/1907/1907 1902/1902/1902 
f 1890/1890/1890 1889/1889/1889 1899/1899/1899 
f 1889/1889/1889 1908/1908/1908 1899/1899/1899 
f 1908/1908/1908 1896/1896/1896 1899/1899/1899 
f 1909/1909/1909 1893/1893/1893 1905/1905/1905 
f 1893/1893/1893 1892/1892/1892 1904/1904/1904 
f 1904/1904/1904 1905/1905/1905 1893/1893/1893 
f 1892/1892/1892 1891/1891/1891 1901/1901/1901 
f 1901/1901/1901 1904/1904/1904 1892/1892/1892 
f 1891/1891/1891 1890/1890/1890 1899/1899/1899 
f 1899/1899/1899 1901/1901/1901 1891/1891/1891 
f 1902/1902/1902 1907/1907/1907 1910/1910/1910 
f 1910/1910/1910 1900/1900/1900 1902/1902/1902 
f 1900/1900/1900 1911/1911/1911 1903/1903/1903 
f 1895/1895/1895 1898/1898/1898 1896/1896/1896 
f 1912/1912/1912 1913/1913/1913 1914/1914/1914 
f 1914/1914/1914 1915/1915/1915 1912/1912/1912 
f 1916/1916/1916 1915/1915/1915 1914/1914/1914 
f 1914/1914/1914 1917/1917/1917 1916/1916/1916 
f 1916/1916/1916 1917/1917/1917 1918/1918/1918 
f 1918/1918/1918 1919/1919/1919 1916/1916/1916 
f 1920/1920/1920 1921/1921/1921 1913/1913/1913 
f 1913/1913/1913 1912/1912/1912 1920/1920/1920 
f 1920/1920/1920 1922/1922/1922 1923/1923/1923 
f 1923/1923/1923 1921/1921/1921 1920/1920/1920 
f 1924/1924/1924 1925/1925/1925 1926/1926/1926 
f 1926/1926/1926 1927/1927/1927 1924/1924/1924 
f 1928/1928/1928 1927/1927/1927 1926/1926/1926 
f 1926/1926/1926 1929/1929/1929 1928/1928/1928 
f 1930/1930/1930 1931/1931/1931 1925/1925/1925 
f 1925/1925/1925 1924/1924/1924 1930/1930/1930 
f 1930/1930/1930 1919/1919/1919 1918/1918/1918 
f 1918/1918/1918 1931/1931/1931 1930/1930/1930 
f 1932/1932/1932 1933/1933/1933 1923/1923/1923 
f 1923/1923/1923 1922/1922/1922 1932/1932/1932 
f 1928/1928/1928 1929/1929/1929 1934/1934/1934 
f 1934/1934/1934 1935/1935/1935 1928/1928/1928 
f 1936/1936/1936 1937/1937/1937 1933/1933/1933 
f 1933/1933/1933 1932/1932/1932 1936/1936/1936 
f 1938/1938/1938 1939/1939/1939 1940/1940/1940 
f 1940/1940/1940 1941/1941/1941 1938/1938/1938 
f 1942/1942/1942 1938/1938/1938 1941/1941/1941 
f 1941/1941/1941 1943/1943/1943 1942/1942/1942 
f 1944/1944/1944 1945/1945/1945 1946/1946/1946 
f 1946/1946/1946 1947/1947/1947 1944/1944/1944 
f 1948/1948/1948 1949/1949/1949 1950/1950/1950 
f 1950/1950/1950 1951/1951/1951 1948/1948/1948 
f 1950/1950/1950 1949/1949/1949 1952/1952/1952 
f 1952/1952/1952 1953/1953/1953 1950/1950/1950 
f 1935/1935/1935 1934/1934/1934 1954/1954/1954 
f 1954/1954/1954 1955/1955/1955 1935/1935/1935 
f 1955/1955/1955 1954/1954/1954 1956/1956/1956 
f 1956/1956/1956 1957/1957/1957 1955/1955/1955 
f 1958/1958/1958 1959/1959/1959 1940/1940/1940 
f 1940/1940/1940 1939/1939/1939 1958/1958/1958 
f 1960/1960/1960 1961/1961/1961 1962/1962/1962 
f 1962/1962/1962 1963/1963/1963 1960/1960/1960 
f 1964/1964/1964 1965/1965/1965 1966/1966/1966 
f 1966/1966/1966 1967/1967/1967 1964/1964/1964 
f 1953/1953/1953 1952/1952/1952 1966/1966/1966 
f 1966/1966/1966 1965/1965/1965 1953/1953/1953 
f 1945/1945/1945 1968/1968/1968 1969/1969/1969 
f 1969/1969/1969 1946/1946/1946 1945/1945/1945 
f 1964/1964/1964 1967/1967/1967 1969/1969/1969 
f 1969/1969/1969 1968/1968/1968 1964/1964/1964 
f 1942/1942/1942 1943/1943/1943 1948/1948/1948 
f 1948/1948/1948 1951/1951/1951 1942/1942/1942 
f 1897/1897/1897 1896/1896/1896 1908/1908/1908 
f 1908/1908/1908 1970/1970/1970 1897/1897/1897 
f 1856/1856/1856 1872/1872/1872 1971/1971/1971 
f 1971/1971/1971 1857/1857/1857 1856/1856/1856 
f 1898/1898/1898 1906/1906/1906 1902/1902/1902 
f 1902/1902/1902 1899/1899/1899 1898/1898/1898 
f 1859/1859/1859 1864/1864/1864 1856/1856/1856 
f 931/931/931 1972/1972/1972 1973/1973/1973 
f 1973/1973/1973 928/928/928 931/931/931 
f 1960/1960/1960 1974/1974/1974 1975/1975/1975 
f 1975/1975/1975 1961/1961/1961 1960/1960/1960 

g Union1

v 0.544763 4.30683 4.28347 
v 0.544763 3.45049 4.28347 
v -0.611252 4.30683 2.28111 
v 0.544763 3.45049 4.28347 
v 0.544763 4.30683 4.28347 
v -2.61359 4.30683 3.43716 
v -0.611252 4.30683 2.28111 
v -0.611252 3.45049 2.28111 
v -2.61359 4.30683 3.43716 
v -0.611252 3.45049 2.28111 
v 4.28328 3.45049 -0.545015 
v 4.28335 3.45049 -0.544967 
v 4.28332 3.45049 -0.544947 
v 4.28335 3.45049 -0.544967 
v 4.28328 3.45049 -0.545015 
v 4.28335 4.30683 -0.544967 
v 4.28328 4.30683 -0.545015 
v 4.28328 3.45049 -0.545015 
v 4.28332 3.45049 -0.544947 
v 4.28328 4.30683 -0.545015 
v 4.28335 4.30683 -0.544967 
v 4.28328 4.30683 -0.545015 
v 4.28332 4.30683 -0.544947 
v 4.28335 3.45049 -0.544967 
v 4.28335 4.30683 -0.544967 
v 4.28332 4.30683 -0.544947 
v 2.61349 3.45049 -3.4371 
v 2.61335 3.45049 -3.43694 
v 2.61325 3.45049 -3.43697 
v 4.28332 3.45049 -0.54486 
v 2.61349 3.45049 -3.4371 
v 2.61349 4.30683 -3.4371 
v 4.28332 3.45049 -0.544947 
v 2.61335 3.45049 -3.43694 
v 2.61339 3.45049 -3.43696 
v 2.61325 3.45049 -3.43697 
v 2.61339 3.45049 -3.43696 
v 2.61335 3.45049 -3.43694 
v 0.832854 3.45049 -2.40897 
v 4.28332 3.45049 -0.544947 
v 2.61339 4.30683 -3.43696 
v 0.611122 4.30683 -2.28095 
v 0.611122 4.30683 -2.28095 
v 0.611122 4.30683 -2.28095 
v 2.61339 4.30683 -3.43696 
v 0.13203 4.30683 -4.10189 
v 0.13203 4.30683 -4.10189 
v 2.61339 4.30683 -3.43696 
v 2.61325 4.30683 -3.43697 
v 2.61335 4.30683 -3.43694 
v 2.61335 4.30683 -3.43694 
v 4.28329 4.30683 -0.54484 
v 3.4371 4.30683 2.61331 
v 4.28329 3.45049 -0.54484 
v 3.4371 4.30683 2.61331 
v 4.28329 4.30683 -0.54484 
v 3.77195 4.30683 -0.249707 
v 3.77195 4.30683 -0.249707 
v 4.28329 4.30683 -0.54484 
v 4.28332 4.30683 -0.54486 
v 2.28109 4.30683 0.611042 
v 4.28332 4.30683 -0.544947 
v 4.28332 4.30683 -0.54486 
v 3.77205 4.30683 -0.249766 
v 3.77195 4.30683 -0.249707 
v 4.28332 4.30683 -0.54486 
v 3.77205 4.30683 -0.249766 
v 2.61349 4.30683 -3.4371 
v 2.61335 4.30683 -3.43694 
v 4.28329 3.45049 -0.54484 
v 4.28332 3.45049 -0.544947 
v 4.28332 3.45049 -0.54486 
v 4.28332 3.45049 -0.54486 
v 0.13203 3.45049 -4.10189 
v 2.61325 3.45049 -3.43697 
v 2.61325 4.30683 -3.43697 
v 2.61349 4.30683 -3.4371 
v 2.61325 4.30683 -3.43697 
v 3.43704 4.30683 2.61352 
v 2.28099 4.30683 0.611188 
v -0.611291 4.30683 2.28105 
v 2.28099 4.30683 0.611188 
v 3.43704 4.30683 2.61352 
v 2.28099 3.45049 0.611188 
v -0.544815 4.30683 -4.28317 
v -0.544938 4.30683 -4.28346 
v -0.544888 4.30683 -4.28321 
v -0.544938 4.30683 -4.28346 
v -0.544815 4.30683 -4.28317 
v -0.544815 3.45049 -4.28317 
v -0.544815 3.45049 -4.28317 
v -0.544815 4.30683 -4.28317 
v -0.544938 3.45049 -4.28346 
v -0.544815 3.45049 -4.28317 
v -0.544888 3.45049 -4.28321 
v -0.544938 3.45049 -4.28346 
v -0.544938 4.30683 -4.28346 
v -0.544938 3.45049 -4.28346 
v -3.43718 4.30683 -2.61362 
v 0.61115 3.45049 -2.28106 
v 0.590272 3.45049 -2.31714 
v 0.832476 3.45049 -2.40884 
v 0.590272 3.45049 -2.31714 
v 0.61115 3.45049 -2.28106 
v 0.611111 3.45049 -2.28112 
v 0.611111 3.45049 -2.28112 
v 0.61115 3.45049 -2.28106 
v 0.832476 3.45049 -2.40884 
v 2.28109 4.30683 0.611042 
v 0.611122 4.30683 -2.28095 
v 3.77205 4.30683 -0.249766 
v 2.28109 4.30683 0.611042 
v 2.28109 4.30683 0.611042 
v 2.28109 4.30683 0.611042 
v 2.28109 4.30683 0.611042 
v 2.28109 4.30683 0.611129 
v 0.832854 3.45049 -2.40897 
v 2.28099 3.45049 0.611188 
v 0.611111 3.45049 -2.28112 
v -0.611291 3.45049 2.28105 
v 2.61339 3.45049 -3.43696 
v 0.832854 3.45049 -2.40897 
v 0.13203 3.45049 -4.10189 
v 3.4371 3.45049 2.61331 
v 2.28109 3.45049 0.611042 
v 3.4371 4.30683 2.61331 
v 3.4371 3.45049 2.61331 
v 2.28109 3.45049 0.611042 
v 4.28329 3.45049 -0.54484 
v 3.4371 3.45049 2.61331 
v 2.28109 3.45049 0.611042 
v 2.28109 4.30683 0.611129 
v 2.28099 4.30683 0.611188 
v 2.28109 4.30683 0.611129 
v 2.28099 3.45049 0.611188 
v -2.28117 4.30683 -0.611265 
v -0.544888 3.45049 -4.28321 
v 0.832476 3.45049 -2.40884 
v -2.28117 3.45049 -0.611265 
v 3.43704 3.45049 2.61352 
v 0.544792 3.45049 4.28336 
v -0.611291 3.45049 2.28105 
v 0.544792 3.45049 4.28336 
v 0.544792 4.30683 4.28336 
v -3.43718 3.45049 -2.61362 
v -3.43718 3.45049 -2.61362 
v 0.590272 3.45049 -2.31714 
v 0.590199 3.45049 -2.31719 
v -0.544888 3.45049 -4.28321 
v -0.544888 3.45049 -4.28321 
v 0.590199 3.45049 -2.31719 
v -3.43718 3.45049 -2.61362 
v -2.28117 3.45049 -0.611265 
v -3.43718 4.30683 -2.61362 
v 0.590199 3.45049 -2.31719 
v -0.544888 3.45049 -4.28321 
v -0.544888 3.45049 -4.28321 
v -3.43718 4.30683 -2.61362 
v 0.544792 4.30683 4.28336 
v 0.544792 3.45049 4.28336 
v 3.43704 3.45049 2.61352 
v 0.544792 4.30683 4.28336 
v -0.611291 4.30683 2.28105 
v -2.28117 4.30683 -0.611265 
v -2.28117 4.30683 -0.611265 
v -2.28117 3.45049 -0.611265 
v -2.28116 4.30683 -0.611178 
v -0.611291 3.45049 2.28105 
v -0.611291 4.30683 2.28105 
v -2.61359 4.30683 3.43708 
v -2.28116 4.30683 -0.611178 
v 0.611082 4.30683 -2.28102 
v 3.43704 4.30683 2.61352 
v -0.544888 4.30683 -4.28321 
v -0.544888 4.30683 -4.28321 
v 0.611082 4.30683 -2.28102 
v 0.611122 4.30683 -2.28095 
v 0.611122 4.30683 -2.28095 
v -0.544888 4.30683 -4.28321 
v -0.544888 4.30683 -4.28321 
v -0.544888 4.30683 -4.28321 
v -2.61359 4.30683 3.43716 
v 0.544763 4.30683 4.28347 
v -0.611252 4.30683 2.28111 
v -2.61359 3.45049 3.43716 
v -0.611252 3.45049 2.28111 
v 0.544763 3.45049 4.28347 
v -2.61359 3.45049 3.43716 
v -3.73809 3.45049 0.229979 
v -4.28347 3.45049 0.544851 
v -3.43717 3.45049 -2.61344 
v -4.28347 3.45049 0.544851 
v -3.73809 3.45049 0.229979 
v -4.28343 3.45049 0.544919 
v -4.28343 3.45049 0.544919 
v -3.73809 3.45049 0.229979 
v -2.61359 3.45049 3.43708 
v -4.28343 3.45049 0.544919 
v -4.2834 4.30683 0.544812 
v -4.28347 3.45049 0.544851 
v -4.28343 3.45049 0.544919 
v -4.28347 4.30683 0.544851 
v -4.2834 4.30683 0.544812 
v -4.2834 4.30683 0.544812 
v -4.28347 4.30683 0.544851 
v -4.28347 4.30683 0.544851 
v -4.2834 4.30683 0.544812 
v -4.28343 3.45049 0.544919 
v -2.61359 4.30683 3.43708 
v -4.2834 4.30683 0.544812 
v -2.61359 3.45049 3.43708 
v -4.28343 4.30683 0.544831 
v -2.61359 3.45049 3.43708 
v -3.56794 4.30683 0.131654 
v -4.28343 4.30683 0.544831 
v -4.28343 4.30683 0.544831 
v -4.28343 4.30683 0.544831 
v -3.56794 4.30683 0.131654 
v -3.43717 4.30683 -2.61344 
v -3.56797 4.30683 0.131761 
v -4.28343 4.30683 0.544831 
v -3.43717 4.30683 -2.61344 
v -4.28343 3.45049 0.544831 
v -3.56797 4.30683 0.131761 
v -3.56794 4.30683 0.131654 
v -4.28343 4.30683 0.544831 
v -4.2834 4.30683 0.544812 
v -4.28343 4.30683 0.544831 
v -4.28343 4.30683 0.544831 
v -4.28343 3.45049 0.544831 
v -2.61359 4.30683 3.43708 
v -4.28343 3.45049 0.544831 
v -4.28343 3.45049 0.544831 
v -4.28343 3.45049 0.544919 
v -3.43717 3.45049 -2.61344 
v -4.28343 3.45049 0.544919 
v -3.73806 3.45049 0.229872 
v -3.73806 3.45049 0.229872 
v -3.73806 3.45049 0.229872 
v -2.28117 3.45049 -0.611265 
v -2.28117 3.45049 -0.611265 
v -2.28117 3.45049 -0.611265 
v -3.43717 3.45049 -2.61344 
v -2.28116 4.30683 -0.611178 
v -2.28112 4.30683 -0.61111 
v -3.56797 4.30683 0.131761 
v -2.28112 4.30683 -0.61111 
v -2.28109 4.30683 -0.61113 
v -2.28109 4.30683 -0.61113 
v -2.28112 4.30683 -0.61111 
v -2.28109 4.30683 -0.61113 
v -2.61359 3.45049 3.43716 
v 2.61349 3.45049 -3.4371 
v 3.43704 3.45049 2.61352 
v -3.43717 4.30683 -2.61344 

vn 0.866142 0 -0.496063 
vn 0.866142 0 -0.496063 
vn 0.866142 0 -0.496063 
vn -0.259843 0 0.968504 
vn -0.259843 0 0.968504 
vn -0.259843 0 0.968504 
vn -0.503937 0 -0.866142 
vn -0.503937 0 -0.866142 
vn -0.503937 0 -0.866142 
vn 0.866142 0 -0.496063 
vn 0 -1 0 
vn 0 -1 0 
vn 0 -1 0 
vn -0.503937 0 -0.866142 
vn -0.503937 0 -0.866142 
vn -0.503937 0 -0.866142 
vn 0.866142 0 -0.496063 
vn 0.866142 0 -0.496063 
vn 0.866142 0 -0.496063 
vn -0.503937 0 -0.866142 
vn 0 1 0 
vn 0 1 0 
vn 0 1 0 
vn 0.968504 0 0.259843 
vn 0.968504 0 0.259843 
vn 0.968504 0 0.259843 
vn 0 -1 0 
vn 0 -1 0 
vn 0 -1 0 
vn 0 -1 0 
vn 0.866142 0 -0.496063 
vn 0.866142 0 -0.496063 
vn 0 -1 0 
vn 0.259843 0 -0.968504 
vn 0.259843 0 -0.968504 
vn 0.259843 0 -0.968504 
vn 0.503937 0 0.866142 
vn 0.503937 0 0.866142 
vn 0.503937 0 0.866142 
vn 0.866142 0 -0.496063 
vn 0.503937 0 0.866142 
vn 0.503937 0 0.866142 
vn 0.503937 0 0.866142 
vn 0 1 0 
vn 0 1 0 
vn 0 1 0 
vn 0.259843 0 -0.968504 
vn 0.259843 0 -0.968504 
vn 0.259843 0 -0.968504 
vn 0.259843 0 -0.968504 
vn 0.503937 0 0.866142 
vn 0.968504 0 0.259843 
vn 0.968504 0 0.259843 
vn 0.968504 0 0.259843 
vn 0 1 0 
vn 0 1 0 
vn 0 1 0 
vn 0.503937 0 0.866142 
vn 0.503937 0 0.866142 
vn 0.503937 0 0.866142 
vn 0 1 0 
vn 0.866142 0 -0.496063 
vn 0.866142 0 -0.496063 
vn 0 1 0 
vn 0 1 0 
vn 0 1 0 
vn 0 1 0 
vn 0 1 0 
vn 0 1 0 
vn 0.503937 0 0.866142 
vn 0.968504 0 0.259843 
vn 0.866142 0 -0.496063 
vn 0.503937 0 0.866142 
vn 0.259843 0 -0.968504 
vn -0.503937 0 -0.866142 
vn -0.503937 0 -0.866142 
vn -0.503937 0 -0.866142 
vn 0 1 0 
vn 0 1 0 
vn 0 1 0 
vn 0 1 0 
vn 0.866142 0 -0.496063 
vn 0.866142 0 -0.496063 
vn 0.866142 0 -0.496063 
vn 0 1 0 
vn 0 1 0 
vn 0 1 0 
vn 0.866142 0 -0.496063 
vn 0.866142 0 -0.496063 
vn 0.866142 0 -0.496063 
vn 0.259843 0 -0.968504 
vn 0.259843 0 -0.968504 
vn 0 -1 0 
vn 0 -1 0 
vn 0 -1 0 
vn 0.866142 0 -0.496063 
vn -0.496063 0 -0.866142 
vn -0.496063 0 -0.866142 
vn -0.496063 0 -0.866142 
vn 0 -1 0 
vn 0 -1 0 
vn 0 -1 0 
vn 0.866142 0 -0.496063 
vn 0.866142 0 -0.496063 
vn 0.866142 0 -0.496063 
vn -0.503937 0 -0.866142 
vn -0.503937 0 -0.866142 
vn -0.503937 0 -0.866142 
vn 0 1 0 
vn 0 1 0 
vn -0.503937 0 -0.866142 
vn -0.503937 0 -0.866142 
vn -0.503937 0 -0.866142 
vn -0.866142 0 0.496063 
vn -0.866142 0 0.496063 
vn -0.866142 0 0.496063 
vn 0 -1 0 
vn 0 -1 0 
vn 0 -1 0 
vn 0 -1 0 
vn 0 -1 0 
vn 0 -1 0 
vn 0 -1 0 
vn -0.866142 0 0.496063 
vn -0.866142 0 0.496063 
vn -0.866142 0 0.496063 
vn 0 -1 0 
vn 0 -1 0 
vn 0 -1 0 
vn 0.968504 0 0.259843 
vn 0.503937 0 0.866142 
vn 0.503937 0 0.866142 
vn 0.503937 0 0.866142 
vn 0 1 0 
vn 0.503937 0 0.866142 
vn 0 1 0 
vn 0.259843 0 -0.968504 
vn 0 -1 0 
vn 0 -1 0 
vn 0 -1 0 
vn 0 -1 0 
vn -0.866142 0 0.496063 
vn -0.866142 0 0.496063 
vn -0.866142 0 0.496063 
vn -0.496063 0 -0.866142 
vn 0 -1 0 
vn 0 -1 0 
vn -0.866142 0 0.496063 
vn -0.866142 0 0.496063 
vn -0.866142 0 0.496063 
vn 0 -1 0 
vn -0.866142 0 0.496063 
vn -0.866142 0 0.496063 
vn -0.866142 0 0.496063 
vn 0 -1 0 
vn 0 -1 0 
vn 0.259843 0 -0.968504 
vn 0 1 0 
vn 0.503937 0 0.866142 
vn 0.503937 0 0.866142 
vn 0.503937 0 0.866142 
vn 0 1 0 
vn -0.866142 0 0.496063 
vn -0.866142 0 0.496063 
vn -0.503937 0 -0.866142 
vn -0.503937 0 -0.866142 
vn -0.503937 0 -0.866142 
vn 0.503937 0 0.866142 
vn 0.503937 0 0.866142 
vn 0.503937 0 0.866142 
vn 0 1 0 
vn 0 1 0 
vn 0.503937 0 0.866142 
vn 0.259843 0 -0.968504 
vn -0.866142 0 0.496063 
vn -0.866142 0 0.496063 
vn -0.866142 0 0.496063 
vn -0.866142 0 0.496063 
vn 0 1 0 
vn -0.866142 0 0.496063 
vn 0.259843 0 -0.968504 
vn 0 1 0 
vn 0 1 0 
vn 0 1 0 
vn 0 -1 0 
vn 0 -1 0 
vn 0 -1 0 
vn -0.503937 0 -0.866142 
vn 0 -1 0 
vn 0 -1 0 
vn 0 -1 0 
vn 0.503937 0 0.866142 
vn 0.503937 0 0.866142 
vn 0.503937 0 0.866142 
vn 0 -1 0 
vn 0 -1 0 
vn 0 -1 0 
vn 0.503937 0 0.866142 
vn 0.503937 0 0.866142 
vn -0.968504 0 -0.259843 
vn -0.968504 0 -0.259843 
vn 0 1 0 
vn 0 1 0 
vn 0 1 0 
vn 0.503937 0 0.866142 
vn -0.968504 0 -0.259843 
vn -0.968504 0 -0.259843 
vn -0.866142 0 0.496063 
vn -0.866142 0 0.496063 
vn -0.866142 0 0.496063 
vn -0.866142 0 0.496063 
vn -0.866142 0 0.496063 
vn 0.503937 0 0.866142 
vn -0.503937 0 -0.866142 
vn -0.503937 0 -0.866142 
vn -0.503937 0 -0.866142 
vn 0 1 0 
vn 0 1 0 
vn 0 1 0 
vn 0 1 0 
vn -0.968504 0 -0.259843 
vn -0.968504 0 -0.259843 
vn -0.968504 0 -0.259843 
vn 0 1 0 
vn 0 1 0 
vn 0 1 0 
vn -0.866142 0 0.496063 
vn -0.866142 0 0.496063 
vn -0.503937 0 -0.866142 
vn -0.503937 0 -0.866142 
vn 0 1 0 
vn -0.866142 0 0.496063 
vn 0 -1 0 
vn 0 -1 0 
vn -0.968504 0 -0.259843 
vn -0.866142 0 0.496063 
vn 0 -1 0 
vn 0 -1 0 
vn -0.503937 0 -0.866142 
vn -0.503937 0 -0.866142 
vn 0 -1 0 
vn 0.866142 0 -0.496063 
vn 0.866142 0 -0.496063 
vn 0.866142 0 -0.496063 
vn 0 1 0 
vn 0.503937 0 0.866142 
vn 0.503937 0 0.866142 
vn 0.503937 0 0.866142 
vn 0.866142 0 -0.496063 
vn 0.866142 0 -0.496063 
vn 0 1 0 
vn -0.259843 0 0.968504 
vn -0.503937 0 -0.866142 
vn 0.866142 0 -0.496063 
vn 0.866142 0 -0.496063 

vt 32.0535 -20.5023 
vt 31.9465 -20.5023 
vt 32.0535 -20.7913 
vt 32.0535 -21.2087 
vt 31.9465 -21.2087 
vt 31.9465 -21.4978 
vt 32.0535 -21.2087 
vt 31.9465 -21.2087 
vt 32.0535 -21.4978 
vt 31.9465 -20.7913 
vt 31.7913 -20.5023 
vt 31.7913 -20.5023 
vt 31.7913 -20.5023 
vt 31.9465 -20.5023 
vt 31.9465 -20.5023 
vt 32.0535 -20.5023 
vt 32.0535 -20.7913 
vt 31.9465 -20.7913 
vt 31.9465 -20.7913 
vt 32.0535 -20.5023 
vt 32.2087 -20.5023 
vt 32.2087 -20.5023 
vt 32.2087 -20.5023 
vt 32.0535 -20.5023 
vt 31.9465 -20.5023 
vt 31.9465 -20.5023 
vt 32.2087 -20.5023 
vt 32.2087 -20.5023 
vt 32.2087 -20.5023 
vt 31.7913 -20.5023 
vt 31.9465 -21.2087 
vt 32.0535 -21.2087 
vt 31.7913 -20.5023 
vt 31.9465 -20.5023 
vt 31.9465 -20.5023 
vt 31.9465 -20.5023 
vt 32.0535 -20.5023 
vt 32.0535 -20.5023 
vt 32.0535 -20.7593 
vt 31.9465 -20.7913 
vt 31.9465 -20.5023 
vt 31.9465 -20.7913 
vt 31.9465 -20.7913 
vt 31.7913 -20.7913 
vt 31.7913 -20.5023 
vt 31.5642 -20.7293 
vt 32.0535 -20.7293 
vt 32.0535 -20.5023 
vt 32.0535 -20.5023 
vt 32.0535 -20.5023 
vt 31.9465 -20.5023 
vt 31.9465 -20.5023 
vt 31.9465 -20.7913 
vt 32.0535 -20.5023 
vt 32.4977 -20.7913 
vt 32.2087 -20.5023 
vt 32.2087 -20.5761 
vt 31.9465 -20.5761 
vt 31.9465 -20.5023 
vt 31.9465 -20.5023 
vt 32.2087 -20.7913 
vt 32.0535 -20.7913 
vt 32.0535 -20.7913 
vt 32.2087 -20.5761 
vt 32.2087 -20.5761 
vt 32.2087 -20.5023 
vt 32.2087 -20.5761 
vt 31.7913 -20.5023 
vt 31.7913 -20.5023 
vt 32.0535 -20.5023 
vt 32.0535 -20.5023 
vt 31.9465 -20.7913 
vt 32.0535 -20.5023 
vt 31.9465 -20.7293 
vt 31.9465 -20.5023 
vt 32.0535 -20.5023 
vt 32.0535 -20.5023 
vt 31.7913 -20.5023 
vt 32.4977 -20.7913 
vt 32.2087 -20.7913 
vt 32.2087 -21.2087 
vt 32.0535 -20.7913 
vt 32.0535 -20.5023 
vt 31.9465 -20.7913 
vt 31.5023 -20.7913 
vt 31.5022 -20.7913 
vt 31.5023 -20.7913 
vt 32.0535 -21.4978 
vt 32.0535 -21.4977 
vt 31.9465 -21.4977 
vt 31.9465 -20.7913 
vt 32.0535 -20.7913 
vt 32.4978 -20.7913 
vt 32.4977 -20.7913 
vt 32.4977 -20.7913 
vt 31.9465 -21.4978 
vt 32.0535 -20.7913 
vt 31.9465 -20.7913 
vt 32.0535 -21.2087 
vt 32.2087 -20.7913 
vt 32.2139 -20.7913 
vt 32.2087 -20.7593 
vt 31.9465 -21.2139 
vt 31.9465 -21.2087 
vt 31.9465 -21.2087 
vt 31.9465 -20.7913 
vt 31.9465 -20.7913 
vt 31.9465 -20.7593 
vt 32.2087 -20.7913 
vt 31.7913 -20.7913 
vt 32.0535 -20.5761 
vt 32.0535 -20.7913 
vt 32.0535 -20.7913 
vt 31.9465 -20.7913 
vt 31.9465 -20.7913 
vt 31.9465 -20.7913 
vt 32.2087 -20.7593 
vt 31.7913 -20.7913 
vt 32.2087 -20.7913 
vt 31.7913 -21.2087 
vt 32.2087 -20.5023 
vt 32.2087 -20.7593 
vt 32.4358 -20.7293 
vt 32.0535 -20.5023 
vt 32.0535 -20.7913 
vt 31.9465 -20.5023 
vt 31.5023 -20.7913 
vt 31.7913 -20.7913 
vt 31.7913 -20.5023 
vt 32.0535 -20.7913 
vt 32.0535 -20.7913 
vt 31.9465 -20.7913 
vt 31.9465 -20.7913 
vt 32.2087 -20.7913 
vt 32.0535 -20.7913 
vt 31.7913 -21.2087 
vt 31.9465 -20.7913 
vt 32.2087 -20.7593 
vt 32.2087 -21.2087 
vt 31.5023 -20.7913 
vt 31.5023 -21.2087 
vt 32.0535 -20.7913 
vt 32.0535 -20.5023 
vt 31.9465 -20.5023 
vt 31.9465 -21.2087 
vt 32.4978 -21.2087 
vt 32.2139 -20.7913 
vt 32.0535 -21.214 
vt 32.0535 -21.4977 
vt 32.0535 -21.4977 
vt 32.214 -20.7913 
vt 32.0535 -21.4978 
vt 32.0535 -21.2087 
vt 31.9465 -21.4978 
vt 32.214 -20.7913 
vt 32.4977 -20.7913 
vt 31.9465 -20.7913 
vt 31.5022 -21.2087 
vt 31.9465 -21.2087 
vt 32.0535 -21.2087 
vt 32.0535 -20.7913 
vt 32.4977 -21.2087 
vt 31.9465 -20.7913 
vt 31.9465 -21.2087 
vt 32.0535 -21.2087 
vt 31.9465 -21.2087 
vt 32.0535 -21.2087 
vt 32.0535 -21.2087 
vt 31.9465 -21.2087 
vt 31.9465 -21.4977 
vt 31.7913 -21.2087 
vt 31.7913 -20.7913 
vt 31.9465 -20.7913 
vt 32.0535 -20.7913 
vt 31.9465 -21.4977 
vt 31.9465 -21.2087 
vt 31.9465 -21.2087 
vt 31.9465 -21.2087 
vt 31.5023 -20.7913 
vt 31.9465 -21.4977 
vt 32.0535 -20.7913 
vt 32.2087 -21.4978 
vt 32.4977 -21.2087 
vt 32.2087 -21.2087 
vt 31.7913 -21.4978 
vt 31.7913 -21.2087 
vt 31.5023 -21.2087 
vt 31.9465 -21.4978 
vt 32.2087 -21.419 
vt 32.2087 -21.4978 
vt 32.4977 -21.2087 
vt 32.0535 -21.4978 
vt 32.0535 -21.419 
vt 32.0535 -21.4978 
vt 32.2087 -21.4978 
vt 32.2087 -21.419 
vt 31.7913 -21.4977 
vt 32.0535 -21.4978 
vt 31.9465 -21.4977 
vt 31.9465 -21.4978 
vt 31.9465 -21.4978 
vt 31.7913 -21.4978 
vt 31.7913 -21.4977 
vt 31.7913 -21.4977 
vt 31.9465 -21.4978 
vt 32.0535 -21.4978 
vt 32.0535 -21.4977 
vt 32.0535 -21.2087 
vt 31.9465 -20.7913 
vt 31.9465 -21.2087 
vt 32.0535 -20.7913 
vt 31.9465 -21.2087 
vt 32.0535 -21.4977 
vt 32.0535 -21.3945 
vt 32.0535 -21.4977 
vt 32.0535 -21.4977 
vt 31.7913 -21.4977 
vt 31.7913 -21.3945 
vt 31.5023 -21.2087 
vt 31.7913 -21.3945 
vt 32.0535 -21.4977 
vt 32.0535 -21.2087 
vt 31.9465 -21.4977 
vt 31.7913 -21.3945 
vt 31.7913 -21.3945 
vt 31.7913 -21.4977 
vt 31.9465 -21.2087 
vt 31.9465 -21.2087 
vt 32.0535 -21.4977 
vt 31.9465 -21.4977 
vt 32.2087 -21.4977 
vt 32.0535 -21.2087 
vt 32.2087 -21.4977 
vt 32.2087 -21.4978 
vt 31.9465 -21.2087 
vt 32.0535 -21.2087 
vt 32.2087 -21.419 
vt 32.2087 -21.419 
vt 31.9465 -21.419 
vt 31.9465 -21.2087 
vt 32.2087 -21.2087 
vt 31.9465 -21.2087 
vt 31.9465 -21.4977 
vt 32.0535 -21.2087 
vt 31.7913 -21.2087 
vt 31.9465 -21.3945 
vt 31.9465 -21.2087 
vt 31.9465 -21.2087 
vt 32.0535 -21.2087 
vt 32.0535 -21.2087 
vt 31.7913 -21.2087 
vt 32.0535 -21.4978 
vt 31.9465 -20.5023 
vt 31.9465 -20.5023 
vt 32.0535 -21.4977 

usemtl Union1Mtl

f 1976/1976/1976 1977/1977/1977 1978/1978/1978 
f 1979/1979/1979 1980/1980/1980 1981/1981/1981 
f 1982/1982/1982 1983/1983/1983 1984/1984/1984 
f 1985/1985/1985 1978/1978/1978 1977/1977/1977 
f 1986/1986/1986 1987/1987/1987 1988/1988/1988 
f 1989/1989/1989 1990/1990/1990 1991/1991/1991 
f 1992/1992/1992 1993/1993/1993 1994/1994/1994 
f 1990/1990/1990 1995/1995/1995 1991/1991/1991 
f 1996/1996/1996 1997/1997/1997 1998/1998/1998 
f 1999/1999/1999 2000/2000/2000 2001/2001/2001 
f 2002/2002/2002 2003/2003/2003 2004/2004/2004 
f 2003/2003/2003 2002/2002/2002 2005/2005/2005 
f 1994/1994/1994 2006/2006/2006 2007/2007/2007 
f 2002/2002/2002 2008/2008/2008 2005/2005/2005 
f 2009/2009/2009 2010/2010/2010 2011/2011/2011 
f 2012/2012/2012 2013/2013/2013 2014/2014/2014 
f 1994/1994/1994 2007/2007/2007 1992/1992/1992 
f 1994/1994/1994 1993/1993/1993 2015/2015/2015 
f 2016/2016/2016 2017/2017/2017 2018/2018/2018 
f 2019/2019/2019 2020/2020/2020 2021/2021/2021 
f 2022/2022/2022 2023/2023/2023 2024/2024/2024 
f 2023/2023/2023 2025/2025/2025 2024/2024/2024 
f 2026/2026/2026 2016/2016/2016 2018/2018/2018 
f 2027/2027/2027 2028/2028/2028 2029/2029/2029 
f 2030/2030/2030 2031/2031/2031 2032/2032/2032 
f 2033/2033/2033 2034/2034/2034 2035/2035/2035 
f 2030/2030/2030 2032/2032/2032 2036/2036/2036 
f 2037/2037/2037 1992/1992/1992 2038/2038/2038 
f 2039/2039/2039 2040/2040/2040 2041/2041/2041 
f 2032/2032/2032 2042/2042/2042 2036/2036/2036 
f 2041/2041/2041 2043/2043/2043 2044/2044/2044 
f 2007/2007/2007 2038/2038/2038 1992/1992/1992 
f 2037/2037/2037 2038/2038/2038 2015/2015/2015 
f 2034/2034/2034 2045/2045/2045 2035/2035/2035 
f 2001/2001/2001 2046/2046/2046 1999/1999/1999 
f 2038/2038/2038 2047/2047/2047 1994/1994/1994 
f 2048/2048/2048 2035/2035/2035 2045/2045/2045 
f 2011/2011/2011 2049/2049/2049 2022/2022/2022 
f 2049/2049/2049 2011/2011/2011 2010/2010/2010 
f 2024/2024/2024 2011/2011/2011 2022/2022/2022 
f 2050/2050/2050 2051/2051/2051 2052/2052/2052 
f 2043/2043/2043 2053/2053/2053 2044/2044/2044 
f 2054/2054/2054 2055/2055/2055 2056/2056/2056 
f 2057/2057/2057 2058/2058/2058 2059/2059/2059 
f 2060/2060/2060 2061/2061/2061 2062/2062/2062 
f 2063/2063/2063 2064/2064/2064 2065/2065/2065 
f 2066/2066/2066 2067/2067/2067 2022/2022/2022 
f 2068/2068/2068 2069/2069/2069 2070/2070/2070 
f 2065/2065/2065 2071/2071/2071 2063/2063/2063 
f 2072/2072/2072 2073/2073/2073 2074/2074/2074 
f 2075/2075/2075 2076/2076/2076 2077/2077/2077 
f 2078/2078/2078 2079/2079/2079 2080/2080/2080 
f 2081/2081/2081 2082/2082/2082 2083/2083/2083 
f 2084/2084/2084 2039/2039/2039 2085/2085/2085 
f 2086/2086/2086 2087/2087/2087 2088/2088/2088 
f 2089/2089/2089 2090/2090/2090 2091/2091/2091 
f 2092/2092/2092 2093/2093/2093 2094/2094/2094 
f 2093/2093/2093 2092/2092/2092 2005/2005/2005 
f 2092/2092/2092 2003/2003/2003 2005/2005/2005 
f 2094/2094/2094 2093/2093/2093 2095/2095/2095 
f 2096/2096/2096 2097/2097/2097 2098/2098/2098 
f 2085/2085/2085 2039/2039/2039 2044/2044/2044 
f 2099/2099/2099 2091/2091/2091 2100/2100/2100 
f 2091/2091/2091 2099/2099/2099 2101/2101/2101 
f 2102/2102/2102 2103/2103/2103 2104/2104/2104 
f 2028/2028/2028 2105/2105/2105 2029/2029/2029 
f 2106/2106/2106 2107/2107/2107 2108/2108/2108 
f 2109/2109/2109 2084/2084/2084 2055/2055/2055 
f 2106/2106/2106 2110/2110/2110 2045/2045/2045 
f 2110/2110/2110 2106/2106/2106 2108/2108/2108 
f 2084/2084/2084 2056/2056/2056 2055/2055/2055 
f 2056/2056/2056 2084/2084/2084 2111/2111/2111 
f 2110/2110/2110 2048/2048/2048 2045/2045/2045 
f 2066/2066/2066 2049/2049/2049 2112/2112/2112 
f 2049/2049/2049 2066/2066/2066 2022/2022/2022 
f 2094/2094/2094 2113/2113/2113 2092/2092/2092 
f 2097/2097/2097 2077/2077/2077 2098/2098/2098 
f 2077/2077/2077 2076/2076/2076 2098/2098/2098 
f 2094/2094/2094 2095/2095/2095 2114/2114/2114 
f 2115/2115/2115 2095/2095/2095 2093/2093/2093 
f 2095/2095/2095 2115/2115/2115 2116/2116/2116 
f 2117/2117/2117 2118/2118/2118 2119/2119/2119 
f 2073/2073/2073 2120/2120/2120 2074/2074/2074 
f 2121/2121/2121 2068/2068/2068 2070/2070/2070 
f 2094/2094/2094 2114/2114/2114 2122/2122/2122 
f 2123/2123/2123 2124/2124/2124 2125/2125/2125 
f 2070/2070/2070 2126/2126/2126 2121/2121/2121 
f 2121/2121/2121 2122/2122/2122 2114/2114/2114 
f 2122/2122/2122 2121/2121/2121 2126/2126/2126 
f 2127/2127/2127 2128/2128/2128 2129/2129/2129 
f 2076/2076/2076 2130/2130/2130 2131/2131/2131 
f 2132/2132/2132 2112/2112/2112 2049/2049/2049 
f 2131/2131/2131 2098/2098/2098 2076/2076/2076 
f 2061/2061/2061 2133/2133/2133 2111/2111/2111 
f 2134/2134/2134 2135/2135/2135 2136/2136/2136 
f 2056/2056/2056 2137/2137/2137 2054/2054/2054 
f 2119/2119/2119 2138/2138/2138 2117/2117/2117 
f 2139/2139/2139 2129/2129/2129 2128/2128/2128 
f 2140/2140/2140 2141/2141/2141 2142/2142/2142 
f 2143/2143/2143 2144/2144/2144 2145/2145/2145 
f 2111/2111/2111 2146/2146/2146 2056/2056/2056 
f 2084/2084/2084 2147/2147/2147 2111/2111/2111 
f 2147/2147/2147 2084/2084/2084 2085/2085/2085 
f 2148/2148/2148 2134/2134/2134 2136/2136/2136 
f 2062/2062/2062 2111/2111/2111 2147/2147/2147 
f 2111/2111/2111 2062/2062/2062 2061/2061/2061 
f 2067/2067/2067 2149/2149/2149 2022/2022/2022 
f 2150/2150/2150 2151/2151/2151 2152/2152/2152 
f 2152/2152/2152 2153/2153/2153 2150/2150/2150 
f 2154/2154/2154 2019/2019/2019 2021/2021/2021 
f 2153/2153/2153 2155/2155/2155 2150/2150/2150 
f 2149/2149/2149 2156/2156/2156 2022/2022/2022 
f 2157/2157/2157 2158/2158/2158 2159/2159/2159 
f 2160/2160/2160 2161/2161/2161 2162/2162/2162 
f 1983/1983/1983 2163/2163/2163 1984/1984/1984 
f 2164/2164/2164 2165/2165/2165 2166/2166/2166 
f 2167/2167/2167 2168/2168/2168 2169/2169/2169 
f 2170/2170/2170 2171/2171/2171 2172/2172/2172 
f 2173/2173/2173 2169/2169/2169 2174/2174/2174 
f 2169/2169/2169 2173/2173/2173 2167/2167/2167 
f 2175/2175/2175 2176/2176/2176 2176/2176/2176 
f 2177/2177/2177 2178/2178/2178 2179/2179/2179 
f 2174/2174/2174 2180/2180/2180 2173/2173/2173 
f 2176/2176/2176 2181/2181/2181 2182/2182/2182 
f 2095/2095/2095 2171/2171/2171 2114/2114/2114 
f 2171/2171/2171 2095/2095/2095 2172/2172/2172 
f 2183/2183/2183 2184/2184/2184 2185/2185/2185 
f 2184/2184/2184 2183/2183/2183 2186/2186/2186 
f 2185/2185/2185 2184/2184/2184 2187/2187/2187 
f 2145/2145/2145 2188/2188/2188 2143/2143/2143 
f 2189/2189/2189 2190/2190/2190 2191/2191/2191 
f 2192/2192/2192 2193/2193/2193 2194/2194/2194 
f 2194/2194/2194 2193/2193/2193 2195/2195/2195 
f 2196/2196/2196 2197/2197/2197 2198/2198/2198 
f 2199/2199/2199 2200/2200/2200 2201/2201/2201 
f 2202/2202/2202 2185/2185/2185 2187/2187/2187 
f 2187/2187/2187 2203/2203/2203 2202/2202/2202 
f 2191/2191/2191 2204/2204/2204 2189/2189/2189 
f 2191/2191/2191 2190/2190/2190 2205/2205/2205 
f 2201/2201/2201 2206/2206/2206 2199/2199/2199 
f 2202/2202/2202 2203/2203/2203 2207/2207/2207 
f 2176/2176/2176 2176/2176/2176 2182/2182/2182 
f 2208/2208/2208 2209/2209/2209 2208/2208/2208 
f 2176/2176/2176 2198/2198/2198 2210/2210/2210 
f 2210/2210/2210 2198/2198/2198 2197/2197/2197 
f 2210/2210/2210 2175/2175/2175 2176/2176/2176 
f 2211/2211/2211 2202/2202/2202 2207/2207/2207 
f 2205/2205/2205 2205/2205/2205 2191/2191/2191 
f 2171/2171/2171 2212/2212/2212 2114/2114/2114 
f 2213/2213/2213 2164/2164/2164 2166/2166/2166 
f 2141/2141/2141 2214/2214/2214 2215/2215/2215 
f 2166/2166/2166 2216/2216/2216 2213/2213/2213 
f 2217/2217/2217 2218/2218/2218 2219/2219/2219 
f 2220/2220/2220 2199/2199/2199 2056/2056/2056 
f 2221/2221/2221 2222/2222/2222 2223/2223/2223 
f 2224/2224/2224 2225/2225/2225 2219/2219/2219 
f 2195/2195/2195 2226/2226/2226 2194/2194/2194 
f 2199/2199/2199 2206/2206/2206 2056/2056/2056 
f 2220/2220/2220 2056/2056/2056 2146/2146/2146 
f 2141/2141/2141 2215/2215/2215 2142/2142/2142 
f 1981/1981/1981 2227/2227/2227 1979/1979/1979 
f 2041/2041/2041 2044/2044/2044 2039/2039/2039 
f 2228/2228/2228 2050/2050/2050 2052/2052/2052 
f 1994/1994/1994 2015/2015/2015 2038/2038/2038 
f 2101/2101/2101 2089/2089/2089 2091/2091/2091 
f 2059/2059/2059 2058/2058/2058 2229/2229/2229 
f 2230/2230/2230 2224/2224/2224 2219/2219/2219 
f 2218/2218/2218 2230/2230/2230 2219/2219/2219 

g Union2

v -3.43721 -5.32969 -2.61351 
v -3.43721 -4.47335 -2.61351 
v -2.28113 -5.32969 -0.611197 
v -3.43721 -4.47335 -2.61351 
v -3.43721 -5.32969 -2.61351 
v -4.28347 -5.32969 0.544851 
v -2.28113 -5.32969 -0.611197 
v -2.28113 -4.47335 -0.611197 
v -4.28347 -5.32969 0.544851 
v -2.28113 -4.47335 -0.611197 
v 2.61364 -4.47335 -3.43692 
v 2.61363 -4.47335 -3.43701 
v 2.6136 -4.47335 -3.43699 
v 2.61363 -4.47335 -3.43701 
v 2.61364 -4.47335 -3.43692 
v 2.61363 -5.32969 -3.43701 
v 2.61364 -5.32969 -3.43692 
v 2.61364 -4.47335 -3.43692 
v 2.6136 -4.47335 -3.43699 
v 2.61364 -5.32969 -3.43692 
v 2.61363 -5.32969 -3.43701 
v 2.61364 -5.32969 -3.43692 
v 2.6136 -5.32969 -3.43699 
v 2.61363 -4.47335 -3.43701 
v 2.61363 -5.32969 -3.43701 
v 2.6136 -5.32969 -3.43699 
v 4.28336 -4.47335 -0.544792 
v 4.28315 -4.47335 -0.544762 
v 4.28313 -4.47335 -0.544655 
v 2.61352 -4.47335 -3.43704 
v 4.28336 -4.47335 -0.544792 
v 4.28336 -5.32969 -0.544792 
v 2.6136 -4.47335 -3.43699 
v 4.28315 -4.47335 -0.544762 
v 4.28319 -4.47335 -0.544782 
v 4.28313 -4.47335 -0.544655 
v 4.28319 -4.47335 -0.544782 
v 4.28315 -4.47335 -0.544762 
v 2.50265 -4.47335 0.48321 
v 2.6136 -4.47335 -3.43699 
v 4.28319 -5.32969 -0.544782 
v 2.28092 -5.32969 0.611227 
v 2.28092 -5.32969 0.611227 
v 2.28092 -5.32969 0.611227 
v 4.28319 -5.32969 -0.544782 
v 3.61836 -5.32969 1.9366 
v 3.61836 -5.32969 1.9366 
v 4.28319 -5.32969 -0.544782 
v 4.28313 -5.32969 -0.544655 
v 4.28315 -5.32969 -0.544762 
v 4.28315 -5.32969 -0.544762 
v 2.61349 -5.32969 -3.43702 
v -0.544646 -5.32969 -4.28326 
v 2.61349 -4.47335 -3.43702 
v -0.544646 -5.32969 -4.28326 
v 2.61349 -5.32969 -3.43702 
v 2.10223 -5.32969 -3.14175 
v 2.10223 -5.32969 -3.14175 
v 2.61349 -5.32969 -3.43702 
v 2.61352 -5.32969 -3.43704 
v 0.611364 -5.32969 -2.281 
v 2.6136 -5.32969 -3.43699 
v 2.61352 -5.32969 -3.43704 
v 2.10233 -5.32969 -3.14181 
v 2.10223 -5.32969 -3.14175 
v 2.61352 -5.32969 -3.43704 
v 2.10233 -5.32969 -3.14181 
v 4.28336 -5.32969 -0.544792 
v 4.28315 -5.32969 -0.544762 
v 2.61349 -4.47335 -3.43702 
v 2.6136 -4.47335 -3.43699 
v 2.61352 -4.47335 -3.43704 
v 2.61352 -4.47335 -3.43704 
v 3.61836 -4.47335 1.9366 
v 4.28313 -4.47335 -0.544655 
v 4.28313 -5.32969 -0.544655 
v 4.28336 -5.32969 -0.544792 
v 4.28313 -5.32969 -0.544655 
v -0.54486 -5.32969 -4.28332 
v 0.611189 -5.32969 -2.28099 
v -2.28109 -5.32969 -0.611129 
v 0.611189 -5.32969 -2.28099 
v -0.54486 -5.32969 -4.28332 
v 0.611189 -4.47335 -2.28099 
v 3.43693 -5.32969 2.61341 
v 3.43712 -5.32969 2.61366 
v 3.43693 -5.32969 2.61349 
v 3.43712 -5.32969 2.61366 
v 3.43693 -5.32969 2.61341 
v 3.43693 -4.47335 2.61341 
v 3.43693 -4.47335 2.61341 
v 3.43693 -5.32969 2.61341 
v 3.43712 -4.47335 2.61366 
v 3.43693 -4.47335 2.61341 
v 3.43693 -4.47335 2.61349 
v 3.43712 -4.47335 2.61366 
v 3.43712 -5.32969 2.61366 
v 3.43712 -4.47335 2.61366 
v 0.54487 -5.32969 4.2835 
v 2.28103 -4.47335 0.611256 
v 2.30184 -4.47335 0.647379 
v 2.50235 -4.47335 0.483473 
v 2.30184 -4.47335 0.647379 
v 2.28103 -4.47335 0.611256 
v 2.28107 -4.47335 0.611324 
v 2.28107 -4.47335 0.611324 
v 2.28103 -4.47335 0.611256 
v 2.50235 -4.47335 0.483473 
v 0.611364 -5.32969 -2.281 
v 2.28092 -5.32969 0.611227 
v 2.10233 -5.32969 -3.14181 
v 0.611364 -5.32969 -2.281 
v 0.611364 -5.32969 -2.281 
v 0.611364 -5.32969 -2.281 
v 0.611364 -5.32969 -2.281 
v 0.611291 -5.32969 -2.28105 
v 2.50265 -4.47335 0.48321 
v 0.611189 -4.47335 -2.28099 
v 2.28107 -4.47335 0.611324 
v -2.28109 -4.47335 -0.611129 
v 4.28319 -4.47335 -0.544782 
v 2.50265 -4.47335 0.48321 
v 3.61836 -4.47335 1.9366 
v -0.544646 -4.47335 -4.28326 
v 0.611364 -4.47335 -2.281 
v -0.544646 -5.32969 -4.28326 
v -0.544646 -4.47335 -4.28326 
v 0.611364 -4.47335 -2.281 
v 2.61349 -4.47335 -3.43702 
v -0.544646 -4.47335 -4.28326 
v 0.611364 -4.47335 -2.281 
v 0.611291 -5.32969 -2.28105 
v 0.611189 -5.32969 -2.28099 
v 0.611291 -5.32969 -2.28105 
v 0.611189 -4.47335 -2.28099 
v -0.611213 -5.32969 2.28118 
v 3.43693 -4.47335 2.61349 
v 2.50235 -4.47335 0.483473 
v -0.611213 -4.47335 2.28118 
v -0.54486 -4.47335 -4.28332 
v -3.43711 -4.47335 -2.61348 
v -2.28109 -4.47335 -0.611129 
v -3.43711 -4.47335 -2.61348 
v -3.43711 -5.32969 -2.61348 
v 0.54487 -4.47335 4.2835 
v 0.54487 -4.47335 4.2835 
v 2.30184 -4.47335 0.647379 
v 2.30184 -4.47335 0.647466 
v 3.43693 -4.47335 2.61349 
v 3.43693 -4.47335 2.61349 
v 2.30184 -4.47335 0.647466 
v 0.54487 -4.47335 4.2835 
v -0.611213 -4.47335 2.28118 
v 0.54487 -5.32969 4.2835 
v 2.30184 -4.47335 0.647466 
v 3.43693 -4.47335 2.61349 
v 3.43693 -4.47335 2.61349 
v 0.54487 -5.32969 4.2835 
v -3.43711 -5.32969 -2.61348 
v -3.43711 -4.47335 -2.61348 
v -0.54486 -4.47335 -4.28332 
v -3.43711 -5.32969 -2.61348 
v -2.28109 -5.32969 -0.611129 
v -0.611213 -5.32969 2.28118 
v -0.611213 -5.32969 2.28118 
v -0.611213 -4.47335 2.28118 
v -0.611286 -5.32969 2.28113 
v -2.28109 -4.47335 -0.611129 
v -2.28109 -5.32969 -0.611129 
v -4.28339 -5.32969 0.544899 
v -0.611286 -5.32969 2.28113 
v 2.28096 -5.32969 0.611295 
v -0.54486 -5.32969 -4.28332 
v 3.43693 -5.32969 2.61349 
v 3.43693 -5.32969 2.61349 
v 2.28096 -5.32969 0.611295 
v 2.28092 -5.32969 0.611227 
v 2.28092 -5.32969 0.611227 
v 3.43693 -5.32969 2.61349 
v 3.43693 -5.32969 2.61349 
v 3.43693 -5.32969 2.61349 
v -4.28347 -5.32969 0.544851 
v -3.43721 -5.32969 -2.61351 
v -2.28113 -5.32969 -0.611197 
v -4.28347 -4.47335 0.544851 
v -2.28113 -4.47335 -0.611197 
v -3.43721 -4.47335 -2.61351 
v -4.28347 -4.47335 0.544851 
v -2.06821 -4.47335 3.12229 
v -2.61359 -4.47335 3.43716 
v 0.544724 -4.47335 4.2834 
v -2.61359 -4.47335 3.43716 
v -2.06821 -4.47335 3.12229 
v -2.61363 -4.47335 3.43709 
v -2.61363 -4.47335 3.43709 
v -2.06821 -4.47335 3.12229 
v -4.28339 -4.47335 0.544899 
v -2.61363 -4.47335 3.43709 
v -2.61352 -5.32969 3.43712 
v -2.61359 -4.47335 3.43716 
v -2.61363 -4.47335 3.43709 
v -2.61359 -5.32969 3.43716 
v -2.61352 -5.32969 3.43712 
v -2.61352 -5.32969 3.43712 
v -2.61359 -5.32969 3.43716 
v -2.61359 -5.32969 3.43716 
v -2.61352 -5.32969 3.43712 
v -2.61363 -4.47335 3.43709 
v -4.28339 -5.32969 0.544899 
v -2.61352 -5.32969 3.43712 
v -4.28339 -4.47335 0.544899 
v -2.61355 -5.32969 3.43714 
v -4.28339 -4.47335 0.544899 
v -1.89799 -5.32969 3.0241 
v -2.61355 -5.32969 3.43714 
v -2.61355 -5.32969 3.43714 
v -2.61355 -5.32969 3.43714 
v -1.89799 -5.32969 3.0241 
v 0.544724 -5.32969 4.2834 
v -1.89809 -5.32969 3.02407 
v -2.61355 -5.32969 3.43714 
v 0.544724 -5.32969 4.2834 
v -2.61355 -4.47335 3.43714 
v -1.89809 -5.32969 3.02407 
v -1.89799 -5.32969 3.0241 
v -2.61355 -5.32969 3.43714 
v -2.61352 -5.32969 3.43712 
v -2.61355 -5.32969 3.43714 
v -2.61355 -5.32969 3.43714 
v -2.61355 -4.47335 3.43714 
v -4.28339 -5.32969 0.544899 
v -2.61355 -4.47335 3.43714 
v -2.61355 -4.47335 3.43714 
v -2.61363 -4.47335 3.43709 
v 0.544724 -4.47335 4.2834 
v -2.61363 -4.47335 3.43709 
v -2.06811 -4.47335 3.12232 
v -2.06811 -4.47335 3.12232 
v -2.06811 -4.47335 3.12232 
v -0.611213 -4.47335 2.28118 
v -0.611213 -4.47335 2.28118 
v -0.611213 -4.47335 2.28118 
v 0.544724 -4.47335 4.2834 
v -0.611286 -5.32969 2.28113 
v -0.611325 -5.32969 2.28107 
v -1.89809 -5.32969 3.02407 
v -0.611325 -5.32969 2.28107 
v -0.611291 -5.32969 2.28105 
v -0.611291 -5.32969 2.28105 
v -0.611325 -5.32969 2.28107 
v -0.611291 -5.32969 2.28105 
v -4.28347 -4.47335 0.544851 
v 4.28336 -4.47335 -0.544792 
v -0.54486 -4.47335 -4.28332 
v 0.544724 -5.32969 4.2834 

vn 0.866142 0 -0.496063 
vn 0.866142 0 -0.496063 
vn 0.866142 0 -0.496063 
vn -0.968504 0 -0.259843 
vn -0.968504 0 -0.259843 
vn -0.968504 0 -0.259843 
vn 0.503937 0 0.866142 
vn 0.503937 0 0.866142 
vn 0.503937 0 0.866142 
vn 0.866142 0 -0.496063 
vn 0 1 0 
vn 0 1 0 
vn 0 1 0 
vn 0.503937 0 0.866142 
vn 0.503937 0 0.866142 
vn 0.503937 0 0.866142 
vn 0.866142 0 -0.496063 
vn 0.866142 0 -0.496063 
vn 0.866142 0 -0.496063 
vn 0.503937 0 0.866142 
vn 0 -1 0 
vn 0 -1 0 
vn 0 -1 0 
vn 0.259843 0 -0.968504 
vn 0.259843 0 -0.968504 
vn 0.259843 0 -0.968504 
vn 0 1 0 
vn 0 1 0 
vn 0 1 0 
vn 0 1 0 
vn 0.866142 0 -0.496063 
vn 0.866142 0 -0.496063 
vn 0 1 0 
vn 0.968504 0 0.259843 
vn 0.968504 0 0.259843 
vn 0.968504 0 0.259843 
vn -0.503937 0 -0.866142 
vn -0.503937 0 -0.866142 
vn -0.503937 0 -0.866142 
vn 0.866142 0 -0.496063 
vn -0.503937 0 -0.866142 
vn -0.503937 0 -0.866142 
vn -0.503937 0 -0.866142 
vn 0 -1 0 
vn 0 -1 0 
vn 0 -1 0 
vn 0.968504 0 0.259843 
vn 0.968504 0 0.259843 
vn 0.968504 0 0.259843 
vn 0.968504 0 0.259843 
vn -0.503937 0 -0.866142 
vn 0.259843 0 -0.968504 
vn 0.259843 0 -0.968504 
vn 0.259843 0 -0.968504 
vn 0 -1 0 
vn 0 -1 0 
vn 0 -1 0 
vn -0.503937 0 -0.866142 
vn -0.503937 0 -0.866142 
vn -0.503937 0 -0.866142 
vn 0 -1 0 
vn 0.866142 0 -0.496063 
vn 0.866142 0 -0.496063 
vn 0 -1 0 
vn 0 -1 0 
vn 0 -1 0 
vn 0 -1 0 
vn 0 -1 0 
vn 0 -1 0 
vn -0.503937 0 -0.866142 
vn 0.259843 0 -0.968504 
vn 0.866142 0 -0.496063 
vn -0.503937 0 -0.866142 
vn 0.968504 0 0.259843 
vn 0.503937 0 0.866142 
vn 0.503937 0 0.866142 
vn 0.503937 0 0.866142 
vn 0 -1 0 
vn 0 -1 0 
vn 0 -1 0 
vn 0 -1 0 
vn 0.866142 0 -0.496063 
vn 0.866142 0 -0.496063 
vn 0.866142 0 -0.496063 
vn 0 -1 0 
vn 0 -1 0 
vn 0 -1 0 
vn 0.866142 0 -0.496063 
vn 0.866142 0 -0.496063 
vn 0.866142 0 -0.496063 
vn 0.968504 0 0.259843 
vn 0.968504 0 0.259843 
vn 0 1 0 
vn 0 1 0 
vn 0 1 0 
vn 0.866142 0 -0.496063 
vn 0.503937 0 0.866142 
vn 0.503937 0 0.866142 
vn 0.503937 0 0.866142 
vn 0 1 0 
vn 0 1 0 
vn 0 1 0 
vn 0.866142 0 -0.496063 
vn 0.866142 0 -0.496063 
vn 0.866142 0 -0.496063 
vn 0.503937 0 0.866142 
vn 0.503937 0 0.866142 
vn 0.503937 0 0.866142 
vn 0 -1 0 
vn 0 -1 0 
vn 0.503937 0 0.866142 
vn 0.503937 0 0.866142 
vn 0.503937 0 0.866142 
vn -0.866142 0 0.496063 
vn -0.866142 0 0.496063 
vn -0.866142 0 0.496063 
vn 0 1 0 
vn 0 1 0 
vn 0 1 0 
vn 0 1 0 
vn 0 1 0 
vn 0 1 0 
vn 0 1 0 
vn -0.866142 0 0.496063 
vn -0.866142 0 0.496063 
vn -0.866142 0 0.496063 
vn 0 1 0 
vn 0 1 0 
vn 0 1 0 
vn 0.259843 0 -0.968504 
vn -0.503937 0 -0.866142 
vn -0.503937 0 -0.866142 
vn -0.503937 0 -0.866142 
vn 0 -1 0 
vn -0.503937 0 -0.866142 
vn 0 -1 0 
vn 0.968504 0 0.259843 
vn 0 1 0 
vn 0 1 0 
vn 0 1 0 
vn 0 1 0 
vn -0.866142 0 0.496063 
vn -0.866142 0 0.496063 
vn -0.866142 0 0.496063 
vn 0.503937 0 0.866142 
vn 0 1 0 
vn 0 1 0 
vn -0.866142 0 0.496063 
vn -0.866142 0 0.496063 
vn -0.866142 0 0.496063 
vn 0 1 0 
vn -0.866142 0 0.496063 
vn -0.866142 0 0.496063 
vn -0.866142 0 0.496063 
vn 0 1 0 
vn 0 1 0 
vn 0.968504 0 0.259843 
vn 0 -1 0 
vn -0.503937 0 -0.866142 
vn -0.503937 0 -0.866142 
vn -0.503937 0 -0.866142 
vn 0 -1 0 
vn -0.866142 0 0.496063 
vn -0.866142 0 0.496063 
vn 0.503937 0 0.866142 
vn 0.503937 0 0.866142 
vn 0.503937 0 0.866142 
vn -0.503937 0 -0.866142 
vn -0.503937 0 -0.866142 
vn -0.503937 0 -0.866142 
vn 0 -1 0 
vn 0 -1 0 
vn -0.503937 0 -0.866142 
vn 0.968504 0 0.259843 
vn -0.866142 0 0.496063 
vn -0.866142 0 0.496063 
vn -0.866142 0 0.496063 
vn -0.866142 0 0.496063 
vn 0 -1 0 
vn -0.866142 0 0.496063 
vn 0.968504 0 0.259843 
vn 0 -1 0 
vn 0 -1 0 
vn 0 -1 0 
vn 0 1 0 
vn 0 1 0 
vn 0 1 0 
vn 0.503937 0 0.866142 
vn 0 1 0 
vn 0 1 0 
vn 0 1 0 
vn -0.503937 0 -0.866142 
vn -0.503937 0 -0.866142 
vn -0.503937 0 -0.866142 
vn 0 1 0 
vn 0 1 0 
vn 0 1 0 
vn -0.503937 0 -0.866142 
vn -0.503937 0 -0.866142 
vn -0.259843 0 0.968504 
vn -0.259843 0 0.968504 
vn 0 -1 0 
vn 0 -1 0 
vn 0 -1 0 
vn -0.503937 0 -0.866142 
vn -0.259843 0 0.968504 
vn -0.259843 0 0.968504 
vn -0.866142 0 0.496063 
vn -0.866142 0 0.496063 
vn -0.866142 0 0.496063 
vn -0.866142 0 0.496063 
vn -0.866142 0 0.496063 
vn -0.503937 0 -0.866142 
vn 0.503937 0 0.866142 
vn 0.503937 0 0.866142 
vn 0.503937 0 0.866142 
vn 0 -1 0 
vn 0 -1 0 
vn 0 -1 0 
vn 0 -1 0 
vn -0.259843 0 0.968504 
vn -0.259843 0 0.968504 
vn -0.259843 0 0.968504 
vn 0 -1 0 
vn 0 -1 0 
vn 0 -1 0 
vn -0.866142 0 0.496063 
vn -0.866142 0 0.496063 
vn 0.503937 0 0.866142 
vn 0.503937 0 0.866142 
vn 0 -1 0 
vn -0.866142 0 0.496063 
vn 0 1 0 
vn 0 1 0 
vn -0.259843 0 0.968504 
vn -0.866142 0 0.496063 
vn 0 1 0 
vn 0 1 0 
vn 0.503937 0 0.866142 
vn 0.503937 0 0.866142 
vn 0 1 0 
vn 0.866142 0 -0.496063 
vn 0.866142 0 -0.496063 
vn 0.866142 0 -0.496063 
vn 0 -1 0 
vn -0.503937 0 -0.866142 
vn -0.503937 0 -0.866142 
vn -0.503937 0 -0.866142 
vn 0.866142 0 -0.496063 
vn 0.866142 0 -0.496063 
vn 0 -1 0 
vn -0.968504 0 -0.259843 
vn 0.503937 0 0.866142 
vn 0.866142 0 -0.496063 
vn 0.866142 0 -0.496063 

vt 16.0535 -40.5023 
vt 15.9465 -40.5023 
vt 16.0535 -40.7913 
vt 16.0535 -41.2087 
vt 15.9465 -41.2087 
vt 15.9465 -41.4978 
vt 16.0535 -41.2087 
vt 15.9465 -41.2087 
vt 16.0535 -41.4978 
vt 15.9465 -40.7913 
vt 15.7913 -40.5023 
vt 15.7913 -40.5023 
vt 15.7913 -40.5023 
vt 15.9465 -40.5023 
vt 15.9465 -40.5023 
vt 16.0535 -40.5023 
vt 16.0535 -40.7913 
vt 15.9465 -40.7913 
vt 15.9465 -40.7913 
vt 16.0535 -40.5023 
vt 16.2087 -40.5023 
vt 16.2087 -40.5023 
vt 16.2087 -40.5023 
vt 16.0535 -40.5023 
vt 15.9465 -40.5023 
vt 15.9465 -40.5023 
vt 16.2087 -40.5023 
vt 16.2087 -40.5023 
vt 16.2087 -40.5023 
vt 15.7913 -40.5023 
vt 15.9465 -41.2087 
vt 16.0535 -41.2087 
vt 15.7913 -40.5023 
vt 15.9465 -40.5023 
vt 15.9465 -40.5023 
vt 15.9465 -40.5023 
vt 16.0535 -40.5023 
vt 16.0535 -40.5023 
vt 16.0535 -40.7593 
vt 15.9465 -40.7913 
vt 15.9465 -40.5023 
vt 15.9465 -40.7913 
vt 15.9465 -40.7913 
vt 15.7913 -40.7913 
vt 15.7913 -40.5023 
vt 15.5642 -40.7293 
vt 16.0535 -40.7293 
vt 16.0535 -40.5023 
vt 16.0535 -40.5023 
vt 16.0535 -40.5023 
vt 15.9465 -40.5023 
vt 15.9465 -40.5023 
vt 15.9465 -40.7913 
vt 16.0535 -40.5023 
vt 16.4977 -40.7913 
vt 16.2087 -40.5023 
vt 16.2087 -40.5761 
vt 15.9465 -40.5761 
vt 15.9465 -40.5023 
vt 15.9465 -40.5023 
vt 16.2087 -40.7913 
vt 16.0535 -40.7913 
vt 16.0535 -40.7913 
vt 16.2087 -40.5761 
vt 16.2087 -40.5761 
vt 16.2087 -40.5023 
vt 16.2087 -40.5761 
vt 15.7913 -40.5023 
vt 15.7913 -40.5023 
vt 16.0535 -40.5023 
vt 16.0535 -40.5023 
vt 15.9465 -40.7913 
vt 16.0535 -40.5023 
vt 15.9465 -40.7293 
vt 15.9465 -40.5023 
vt 16.0535 -40.5023 
vt 16.0535 -40.5023 
vt 15.7913 -40.5023 
vt 16.4977 -40.7913 
vt 16.2087 -40.7913 
vt 16.2087 -41.2087 
vt 16.0535 -40.7913 
vt 16.0535 -40.5023 
vt 15.9465 -40.7913 
vt 15.5023 -40.7913 
vt 15.5022 -40.7913 
vt 15.5023 -40.7913 
vt 16.0535 -41.4978 
vt 16.0535 -41.4977 
vt 15.9465 -41.4977 
vt 15.9465 -40.7913 
vt 16.0535 -40.7913 
vt 16.4978 -40.7913 
vt 16.4977 -40.7913 
vt 16.4977 -40.7913 
vt 15.9465 -41.4978 
vt 16.0535 -40.7913 
vt 15.9465 -40.7913 
vt 16.0535 -41.2087 
vt 16.2087 -40.7913 
vt 16.2139 -40.7913 
vt 16.2087 -40.7593 
vt 15.9465 -41.2139 
vt 15.9465 -41.2087 
vt 15.9465 -41.2087 
vt 15.9465 -40.7913 
vt 15.9465 -40.7913 
vt 15.9465 -40.7593 
vt 16.2087 -40.7913 
vt 15.7913 -40.7913 
vt 16.0535 -40.5761 
vt 16.0535 -40.7913 
vt 16.0535 -40.7913 
vt 15.9465 -40.7913 
vt 15.9465 -40.7913 
vt 15.9465 -40.7913 
vt 16.2087 -40.7593 
vt 15.7913 -40.7913 
vt 16.2087 -40.7913 
vt 15.7913 -41.2087 
vt 16.2087 -40.5023 
vt 16.2087 -40.7593 
vt 16.4358 -40.7293 
vt 16.0535 -40.5023 
vt 16.0535 -40.7913 
vt 15.9465 -40.5023 
vt 15.5023 -40.7913 
vt 15.7913 -40.7913 
vt 15.7913 -40.5023 
vt 16.0535 -40.7913 
vt 16.0535 -40.7913 
vt 15.9465 -40.7913 
vt 15.9465 -40.7913 
vt 16.2087 -40.7913 
vt 16.0535 -40.7913 
vt 15.7913 -41.2087 
vt 15.9465 -40.7913 
vt 16.2087 -40.7593 
vt 16.2087 -41.2087 
vt 15.5023 -40.7913 
vt 15.5023 -41.2087 
vt 16.0535 -40.7913 
vt 16.0535 -40.5023 
vt 15.9465 -40.5023 
vt 15.9465 -41.2087 
vt 16.4978 -41.2087 
vt 16.2139 -40.7913 
vt 16.0535 -41.214 
vt 16.0535 -41.4977 
vt 16.0535 -41.4977 
vt 16.214 -40.7913 
vt 16.0535 -41.4978 
vt 16.0535 -41.2087 
vt 15.9465 -41.4978 
vt 16.214 -40.7913 
vt 16.4977 -40.7913 
vt 15.9465 -40.7913 
vt 15.5022 -41.2087 
vt 15.9465 -41.2087 
vt 16.0535 -41.2087 
vt 16.0535 -40.7913 
vt 16.4977 -41.2087 
vt 15.9465 -40.7913 
vt 15.9465 -41.2087 
vt 16.0535 -41.2087 
vt 15.9465 -41.2087 
vt 16.0535 -41.2087 
vt 16.0535 -41.2087 
vt 15.9465 -41.2087 
vt 15.9465 -41.4977 
vt 15.7913 -41.2087 
vt 15.7913 -40.7913 
vt 15.9465 -40.7913 
vt 16.0535 -40.7913 
vt 15.9465 -41.4977 
vt 15.9465 -41.2087 
vt 15.9465 -41.2087 
vt 15.9465 -41.2087 
vt 15.5023 -40.7913 
vt 15.9465 -41.4977 
vt 16.0535 -40.7913 
vt 16.2087 -41.4978 
vt 16.4977 -41.2087 
vt 16.2087 -41.2087 
vt 15.7913 -41.4978 
vt 15.7913 -41.2087 
vt 15.5023 -41.2087 
vt 15.9465 -41.4978 
vt 16.2087 -41.419 
vt 16.2087 -41.4978 
vt 16.4977 -41.2087 
vt 16.0535 -41.4978 
vt 16.0535 -41.419 
vt 16.0535 -41.4978 
vt 16.2087 -41.4978 
vt 16.2087 -41.419 
vt 15.7913 -41.4977 
vt 16.0535 -41.4978 
vt 15.9465 -41.4977 
vt 15.9465 -41.4978 
vt 15.9465 -41.4978 
vt 15.7913 -41.4978 
vt 15.7913 -41.4977 
vt 15.7913 -41.4977 
vt 15.9465 -41.4978 
vt 16.0535 -41.4978 
vt 16.0535 -41.4977 
vt 16.0535 -41.2087 
vt 15.9465 -40.7913 
vt 15.9465 -41.2087 
vt 16.0535 -40.7913 
vt 15.9465 -41.2087 
vt 16.0535 -41.4977 
vt 16.0535 -41.3945 
vt 16.0535 -41.4977 
vt 16.0535 -41.4977 
vt 15.7913 -41.4977 
vt 15.7913 -41.3945 
vt 15.5023 -41.2087 
vt 15.7913 -41.3945 
vt 16.0535 -41.4977 
vt 16.0535 -41.2087 
vt 15.9465 -41.4977 
vt 15.7913 -41.3945 
vt 15.7913 -41.3945 
vt 15.7913 -41.4977 
vt 15.9465 -41.2087 
vt 15.9465 -41.2087 
vt 16.0535 -41.4977 
vt 15.9465 -41.4977 
vt 16.2087 -41.4977 
vt 16.0535 -41.2087 
vt 16.2087 -41.4977 
vt 16.2087 -41.4978 
vt 15.9465 -41.2087 
vt 16.0535 -41.2087 
vt 16.2087 -41.419 
vt 16.2087 -41.419 
vt 15.9465 -41.419 
vt 15.9465 -41.2087 
vt 16.2087 -41.2087 
vt 15.9465 -41.2087 
vt 15.9465 -41.4977 
vt 16.0535 -41.2087 
vt 15.7913 -41.2087 
vt 15.9465 -41.3945 
vt 15.9465 -41.2087 
vt 15.9465 -41.2087 
vt 16.0535 -41.2087 
vt 16.0535 -41.2087 
vt 15.7913 -41.2087 
vt 16.0535 -41.4978 
vt 15.9465 -40.5023 
vt 15.9465 -40.5023 
vt 16.0535 -41.4977 

usemtl Union1Mtl

f 2231/2231/2231 2232/2232/2232 2233/2233/2233 
f 2234/2234/2234 2235/2235/2235 2236/2236/2236 
f 2237/2237/2237 2238/2238/2238 2239/2239/2239 
f 2240/2240/2240 2233/2233/2233 2232/2232/2232 
f 2241/2241/2241 2242/2242/2242 2243/2243/2243 
f 2244/2244/2244 2245/2245/2245 2246/2246/2246 
f 2247/2247/2247 2248/2248/2248 2249/2249/2249 
f 2245/2245/2245 2250/2250/2250 2246/2246/2246 
f 2251/2251/2251 2252/2252/2252 2253/2253/2253 
f 2254/2254/2254 2255/2255/2255 2256/2256/2256 
f 2257/2257/2257 2258/2258/2258 2259/2259/2259 
f 2258/2258/2258 2257/2257/2257 2260/2260/2260 
f 2249/2249/2249 2261/2261/2261 2262/2262/2262 
f 2257/2257/2257 2263/2263/2263 2260/2260/2260 
f 2264/2264/2264 2265/2265/2265 2266/2266/2266 
f 2267/2267/2267 2268/2268/2268 2269/2269/2269 
f 2249/2249/2249 2262/2262/2262 2247/2247/2247 
f 2249/2249/2249 2248/2248/2248 2270/2270/2270 
f 2271/2271/2271 2272/2272/2272 2273/2273/2273 
f 2274/2274/2274 2275/2275/2275 2276/2276/2276 
f 2277/2277/2277 2278/2278/2278 2279/2279/2279 
f 2278/2278/2278 2280/2280/2280 2279/2279/2279 
f 2281/2281/2281 2271/2271/2271 2273/2273/2273 
f 2282/2282/2282 2283/2283/2283 2284/2284/2284 
f 2285/2285/2285 2286/2286/2286 2287/2287/2287 
f 2288/2288/2288 2289/2289/2289 2290/2290/2290 
f 2285/2285/2285 2287/2287/2287 2291/2291/2291 
f 2292/2292/2292 2247/2247/2247 2293/2293/2293 
f 2294/2294/2294 2295/2295/2295 2296/2296/2296 
f 2287/2287/2287 2297/2297/2297 2291/2291/2291 
f 2296/2296/2296 2298/2298/2298 2299/2299/2299 
f 2262/2262/2262 2293/2293/2293 2247/2247/2247 
f 2292/2292/2292 2293/2293/2293 2270/2270/2270 
f 2289/2289/2289 2300/2300/2300 2290/2290/2290 
f 2256/2256/2256 2301/2301/2301 2254/2254/2254 
f 2293/2293/2293 2302/2302/2302 2249/2249/2249 
f 2303/2303/2303 2290/2290/2290 2300/2300/2300 
f 2266/2266/2266 2304/2304/2304 2277/2277/2277 
f 2304/2304/2304 2266/2266/2266 2265/2265/2265 
f 2279/2279/2279 2266/2266/2266 2277/2277/2277 
f 2305/2305/2305 2306/2306/2306 2307/2307/2307 
f 2298/2298/2298 2308/2308/2308 2299/2299/2299 
f 2309/2309/2309 2310/2310/2310 2311/2311/2311 
f 2312/2312/2312 2313/2313/2313 2314/2314/2314 
f 2315/2315/2315 2316/2316/2316 2317/2317/2317 
f 2318/2318/2318 2319/2319/2319 2320/2320/2320 
f 2321/2321/2321 2322/2322/2322 2277/2277/2277 
f 2323/2323/2323 2324/2324/2324 2325/2325/2325 
f 2320/2320/2320 2326/2326/2326 2318/2318/2318 
f 2327/2327/2327 2328/2328/2328 2329/2329/2329 
f 2330/2330/2330 2331/2331/2331 2332/2332/2332 
f 2333/2333/2333 2334/2334/2334 2335/2335/2335 
f 2336/2336/2336 2337/2337/2337 2338/2338/2338 
f 2339/2339/2339 2294/2294/2294 2340/2340/2340 
f 2341/2341/2341 2342/2342/2342 2343/2343/2343 
f 2344/2344/2344 2345/2345/2345 2346/2346/2346 
f 2347/2347/2347 2348/2348/2348 2349/2349/2349 
f 2348/2348/2348 2347/2347/2347 2260/2260/2260 
f 2347/2347/2347 2258/2258/2258 2260/2260/2260 
f 2349/2349/2349 2348/2348/2348 2350/2350/2350 
f 2351/2351/2351 2352/2352/2352 2353/2353/2353 
f 2340/2340/2340 2294/2294/2294 2299/2299/2299 
f 2354/2354/2354 2346/2346/2346 2355/2355/2355 
f 2346/2346/2346 2354/2354/2354 2356/2356/2356 
f 2357/2357/2357 2358/2358/2358 2359/2359/2359 
f 2283/2283/2283 2360/2360/2360 2284/2284/2284 
f 2361/2361/2361 2362/2362/2362 2363/2363/2363 
f 2364/2364/2364 2339/2339/2339 2310/2310/2310 
f 2361/2361/2361 2365/2365/2365 2300/2300/2300 
f 2365/2365/2365 2361/2361/2361 2363/2363/2363 
f 2339/2339/2339 2311/2311/2311 2310/2310/2310 
f 2311/2311/2311 2339/2339/2339 2366/2366/2366 
f 2365/2365/2365 2303/2303/2303 2300/2300/2300 
f 2321/2321/2321 2304/2304/2304 2367/2367/2367 
f 2304/2304/2304 2321/2321/2321 2277/2277/2277 
f 2349/2349/2349 2368/2368/2368 2347/2347/2347 
f 2352/2352/2352 2332/2332/2332 2353/2353/2353 
f 2332/2332/2332 2331/2331/2331 2353/2353/2353 
f 2349/2349/2349 2350/2350/2350 2369/2369/2369 
f 2370/2370/2370 2350/2350/2350 2348/2348/2348 
f 2350/2350/2350 2370/2370/2370 2371/2371/2371 
f 2372/2372/2372 2373/2373/2373 2374/2374/2374 
f 2328/2328/2328 2375/2375/2375 2329/2329/2329 
f 2376/2376/2376 2323/2323/2323 2325/2325/2325 
f 2349/2349/2349 2369/2369/2369 2377/2377/2377 
f 2378/2378/2378 2379/2379/2379 2380/2380/2380 
f 2325/2325/2325 2381/2381/2381 2376/2376/2376 
f 2376/2376/2376 2377/2377/2377 2369/2369/2369 
f 2377/2377/2377 2376/2376/2376 2381/2381/2381 
f 2382/2382/2382 2383/2383/2383 2384/2384/2384 
f 2331/2331/2331 2385/2385/2385 2386/2386/2386 
f 2387/2387/2387 2367/2367/2367 2304/2304/2304 
f 2386/2386/2386 2353/2353/2353 2331/2331/2331 
f 2316/2316/2316 2388/2388/2388 2366/2366/2366 
f 2389/2389/2389 2390/2390/2390 2391/2391/2391 
f 2311/2311/2311 2392/2392/2392 2309/2309/2309 
f 2374/2374/2374 2393/2393/2393 2372/2372/2372 
f 2394/2394/2394 2384/2384/2384 2383/2383/2383 
f 2395/2395/2395 2396/2396/2396 2397/2397/2397 
f 2398/2398/2398 2399/2399/2399 2400/2400/2400 
f 2366/2366/2366 2401/2401/2401 2311/2311/2311 
f 2339/2339/2339 2402/2402/2402 2366/2366/2366 
f 2402/2402/2402 2339/2339/2339 2340/2340/2340 
f 2403/2403/2403 2389/2389/2389 2391/2391/2391 
f 2317/2317/2317 2366/2366/2366 2402/2402/2402 
f 2366/2366/2366 2317/2317/2317 2316/2316/2316 
f 2322/2322/2322 2404/2404/2404 2277/2277/2277 
f 2405/2405/2405 2406/2406/2406 2407/2407/2407 
f 2407/2407/2407 2408/2408/2408 2405/2405/2405 
f 2409/2409/2409 2274/2274/2274 2276/2276/2276 
f 2408/2408/2408 2410/2410/2410 2405/2405/2405 
f 2404/2404/2404 2411/2411/2411 2277/2277/2277 
f 2412/2412/2412 2413/2413/2413 2414/2414/2414 
f 2415/2415/2415 2416/2416/2416 2417/2417/2417 
f 2238/2238/2238 2418/2418/2418 2239/2239/2239 
f 2419/2419/2419 2420/2420/2420 2421/2421/2421 
f 2422/2422/2422 2423/2423/2423 2424/2424/2424 
f 2425/2425/2425 2426/2426/2426 2427/2427/2427 
f 2428/2428/2428 2424/2424/2424 2429/2429/2429 
f 2424/2424/2424 2428/2428/2428 2422/2422/2422 
f 2430/2430/2430 2431/2431/2431 2431/2431/2431 
f 2432/2432/2432 2433/2433/2433 2434/2434/2434 
f 2429/2429/2429 2435/2435/2435 2428/2428/2428 
f 2431/2431/2431 2436/2436/2436 2437/2437/2437 
f 2350/2350/2350 2426/2426/2426 2369/2369/2369 
f 2426/2426/2426 2350/2350/2350 2427/2427/2427 
f 2438/2438/2438 2439/2439/2439 2440/2440/2440 
f 2439/2439/2439 2438/2438/2438 2441/2441/2441 
f 2440/2440/2440 2439/2439/2439 2442/2442/2442 
f 2400/2400/2400 2443/2443/2443 2398/2398/2398 
f 2444/2444/2444 2445/2445/2445 2446/2446/2446 
f 2447/2447/2447 2448/2448/2448 2449/2449/2449 
f 2449/2449/2449 2448/2448/2448 2450/2450/2450 
f 2451/2451/2451 2452/2452/2452 2453/2453/2453 
f 2454/2454/2454 2455/2455/2455 2456/2456/2456 
f 2457/2457/2457 2440/2440/2440 2442/2442/2442 
f 2442/2442/2442 2458/2458/2458 2457/2457/2457 
f 2446/2446/2446 2459/2459/2459 2444/2444/2444 
f 2446/2446/2446 2445/2445/2445 2460/2460/2460 
f 2456/2456/2456 2461/2461/2461 2454/2454/2454 
f 2457/2457/2457 2458/2458/2458 2462/2462/2462 
f 2431/2431/2431 2431/2431/2431 2437/2437/2437 
f 2463/2463/2463 2464/2464/2464 2463/2463/2463 
f 2431/2431/2431 2453/2453/2453 2465/2465/2465 
f 2465/2465/2465 2453/2453/2453 2452/2452/2452 
f 2465/2465/2465 2430/2430/2430 2431/2431/2431 
f 2466/2466/2466 2457/2457/2457 2462/2462/2462 
f 2460/2460/2460 2460/2460/2460 2446/2446/2446 
f 2426/2426/2426 2467/2467/2467 2369/2369/2369 
f 2468/2468/2468 2419/2419/2419 2421/2421/2421 
f 2396/2396/2396 2469/2469/2469 2470/2470/2470 
f 2421/2421/2421 2471/2471/2471 2468/2468/2468 
f 2472/2472/2472 2473/2473/2473 2474/2474/2474 
f 2475/2475/2475 2454/2454/2454 2311/2311/2311 
f 2476/2476/2476 2477/2477/2477 2478/2478/2478 
f 2479/2479/2479 2480/2480/2480 2474/2474/2474 
f 2450/2450/2450 2481/2481/2481 2449/2449/2449 
f 2454/2454/2454 2461/2461/2461 2311/2311/2311 
f 2475/2475/2475 2311/2311/2311 2401/2401/2401 
f 2396/2396/2396 2470/2470/2470 2397/2397/2397 
f 2236/2236/2236 2482/2482/2482 2234/2234/2234 
f 2296/2296/2296 2299/2299/2299 2294/2294/2294 
f 2483/2483/2483 2305/2305/2305 2307/2307/2307 
f 2249/2249/2249 2270/2270/2270 2293/2293/2293 
f 2356/2356/2356 2344/2344/2344 2346/2346/2346 
f 2314/2314/2314 2313/2313/2313 2484/2484/2484 
f 2485/2485/2485 2479/2479/2479 2474/2474/2474 
f 2473/2473/2473 2485/2485/2485 2474/2474/2474 

g Union3

v 0.664001 5.73355 5.22103 
v 0.664001 4.68978 5.22103 
v -0.745042 5.73355 2.7804 
v 0.664001 4.68978 5.22103 
v 0.664001 5.73355 5.22103 
v -3.18565 5.73355 4.18949 
v -0.745042 5.73355 2.7804 
v -0.745042 4.68979 2.7804 
v -3.18565 5.73355 4.18949 
v -0.745042 4.68979 2.7804 
v 5.2208 4.68978 -0.664307 
v 5.22089 4.68978 -0.664248 
v 5.22085 4.68978 -0.664225 
v 5.22089 4.68978 -0.664248 
v 5.2208 4.68978 -0.664307 
v 5.22089 5.73355 -0.664248 
v 5.2208 5.73355 -0.664307 
v 5.2208 4.68978 -0.664307 
v 5.22085 4.68978 -0.664225 
v 5.2208 5.73355 -0.664307 
v 5.22089 5.73355 -0.664248 
v 5.2208 5.73355 -0.664307 
v 5.22085 5.73355 -0.664225 
v 5.22089 4.68978 -0.664248 
v 5.22089 5.73355 -0.664248 
v 5.22085 5.73355 -0.664225 
v 3.18552 4.68979 -4.18941 
v 3.18536 4.68979 -4.18921 
v 3.18523 4.68979 -4.18925 
v 5.22086 4.68978 -0.664118 
v 3.18552 4.68979 -4.18941 
v 3.18552 5.73355 -4.18941 
v 5.22085 4.68978 -0.664225 
v 3.18536 4.68979 -4.18921 
v 3.18541 4.68979 -4.18924 
v 3.18523 4.68979 -4.18925 
v 3.18541 4.68979 -4.18924 
v 3.18536 4.68979 -4.18921 
v 1.01515 4.68979 -2.93624 
v 5.22085 4.68978 -0.664225 
v 3.18541 5.73355 -4.18924 
v 0.744883 5.73355 -2.7802 
v 0.744883 5.73355 -2.7802 
v 0.744883 5.73355 -2.7802 
v 3.18541 5.73355 -4.18924 
v 0.160928 5.73355 -4.99971 
v 0.160928 5.73355 -4.99971 
v 3.18541 5.73355 -4.18924 
v 3.18523 5.73355 -4.18925 
v 3.18536 5.73355 -4.18921 
v 3.18536 5.73355 -4.18921 
v 5.22081 5.73355 -0.664094 
v 4.1894 5.73355 3.18531 
v 5.22081 4.68978 -0.664094 
v 4.1894 5.73355 3.18531 
v 5.22081 5.73355 -0.664094 
v 4.59755 5.73355 -0.304363 
v 4.59755 5.73355 -0.304363 
v 5.22081 5.73355 -0.664094 
v 5.22086 5.73355 -0.664118 
v 2.78037 5.73355 0.744787 
v 5.22085 5.73355 -0.664225 
v 5.22086 5.73355 -0.664118 
v 4.59767 5.73355 -0.304435 
v 4.59755 5.73355 -0.304363 
v 5.22086 5.73355 -0.664118 
v 4.59767 5.73355 -0.304435 
v 3.18552 5.73355 -4.18941 
v 3.18536 5.73355 -4.18921 
v 5.22081 4.68978 -0.664094 
v 5.22085 4.68978 -0.664225 
v 5.22086 4.68978 -0.664118 
v 5.22086 4.68978 -0.664118 
v 0.160928 4.68979 -4.99971 
v 3.18523 4.68979 -4.18925 
v 3.18523 5.73355 -4.18925 
v 3.18552 5.73355 -4.18941 
v 3.18523 5.73355 -4.18925 
v 4.18933 5.73355 3.18557 
v 2.78025 5.73355 0.744965 
v -0.745089 5.73355 2.78032 
v 2.78025 5.73355 0.744965 
v 4.18933 5.73355 3.18557 
v 2.78025 4.68978 0.744965 
v -0.664064 5.73355 -5.22066 
v -0.664213 5.73355 -5.22102 
v -0.664153 5.73355 -5.22072 
v -0.664213 5.73355 -5.22102 
v -0.664064 5.73355 -5.22066 
v -0.664064 4.68979 -5.22066 
v -0.664064 4.68979 -5.22066 
v -0.664064 5.73355 -5.22066 
v -0.664213 4.68979 -5.22102 
v -0.664064 4.68979 -5.22066 
v -0.664153 4.68979 -5.22072 
v -0.664213 4.68979 -5.22102 
v -0.664213 5.73355 -5.22102 
v -0.664213 4.68979 -5.22102 
v -4.18951 5.73355 -3.18568 
v 0.744918 4.68979 -2.78033 
v 0.71947 4.68979 -2.82431 
v 1.01469 4.68979 -2.93608 
v 0.71947 4.68979 -2.82431 
v 0.744918 4.68979 -2.78033 
v 0.744871 4.68979 -2.78041 
v 0.744871 4.68979 -2.78041 
v 0.744918 4.68979 -2.78033 
v 1.01469 4.68979 -2.93608 
v 2.78037 5.73355 0.744787 
v 0.744883 5.73355 -2.7802 
v 4.59767 5.73355 -0.304435 
v 2.78037 5.73355 0.744787 
v 2.78037 5.73355 0.744787 
v 2.78037 5.73355 0.744787 
v 2.78037 5.73355 0.744787 
v 2.78038 5.73355 0.744893 
v 1.01515 4.68979 -2.93624 
v 2.78025 4.68978 0.744965 
v 0.744871 4.68979 -2.78041 
v -0.745089 4.68979 2.78032 
v 3.18541 4.68979 -4.18924 
v 1.01515 4.68979 -2.93624 
v 0.160928 4.68979 -4.99971 
v 4.1894 4.68978 3.18531 
v 2.78037 4.68979 0.744787 
v 4.1894 5.73355 3.18531 
v 4.1894 4.68978 3.18531 
v 2.78037 4.68979 0.744787 
v 5.22081 4.68978 -0.664094 
v 4.1894 4.68978 3.18531 
v 2.78037 4.68979 0.744787 
v 2.78038 5.73355 0.744893 
v 2.78025 5.73355 0.744965 
v 2.78038 5.73355 0.744893 
v 2.78025 4.68978 0.744965 
v -2.78047 5.73355 -0.745059 
v -0.664153 4.68979 -5.22072 
v 1.01469 4.68979 -2.93608 
v -2.78047 4.68979 -0.745059 
v 4.18933 4.68978 3.18557 
v 0.664036 4.68978 5.2209 
v -0.745089 4.68979 2.78032 
v 0.664036 4.68978 5.2209 
v 0.664036 5.73355 5.2209 
v -4.18951 4.68979 -3.18568 
v -4.18951 4.68979 -3.18568 
v 0.71947 4.68979 -2.82431 
v 0.719382 4.68979 -2.82437 
v -0.664153 4.68979 -5.22072 
v -0.664153 4.68979 -5.22072 
v 0.719382 4.68979 -2.82437 
v -4.18951 4.68979 -3.18568 
v -2.78047 4.68979 -0.745059 
v -4.18951 5.73355 -3.18568 
v 0.719382 4.68979 -2.82437 
v -0.664153 4.68979 -5.22072 
v -0.664153 4.68979 -5.22072 
v -4.18951 5.73355 -3.18568 
v 0.664036 5.73355 5.2209 
v 0.664036 4.68978 5.2209 
v 4.18933 4.68978 3.18557 
v 0.664036 5.73355 5.2209 
v -0.745089 5.73355 2.78032 
v -2.78047 5.73355 -0.745059 
v -2.78047 5.73355 -0.745059 
v -2.78047 4.68979 -0.745059 
v -2.78046 5.73355 -0.744952 
v -0.745089 4.68979 2.78032 
v -0.745089 5.73355 2.78032 
v -3.18565 5.73355 4.18938 
v -2.78046 5.73355 -0.744952 
v 0.744836 5.73355 -2.78028 
v 4.18933 5.73355 3.18557 
v -0.664153 5.73355 -5.22072 
v -0.664153 5.73355 -5.22072 
v 0.744836 5.73355 -2.78028 
v 0.744883 5.73355 -2.7802 
v 0.744883 5.73355 -2.7802 
v -0.664153 5.73355 -5.22072 
v -0.664153 5.73355 -5.22072 
v -0.664153 5.73355 -5.22072 
v -3.18565 5.73355 4.18949 
v 0.664001 5.73355 5.22103 
v -0.745042 5.73355 2.7804 
v -3.18565 4.68979 4.18949 
v -0.745042 4.68979 2.7804 
v 0.664001 4.68978 5.22103 
v -3.18565 4.68979 4.18949 
v -4.55628 4.68979 0.280316 
v -5.22103 4.68979 0.664107 
v -4.1895 4.68979 -3.18547 
v -5.22103 4.68979 0.664107 
v -4.55628 4.68979 0.280316 
v -5.22098 4.68979 0.66419 
v -5.22098 4.68979 0.66419 
v -4.55628 4.68979 0.280316 
v -3.18565 4.68979 4.18938 
v -5.22098 4.68979 0.66419 
v -5.22094 5.73355 0.664059 
v -5.22103 4.68979 0.664107 
v -5.22098 4.68979 0.66419 
v -5.22103 5.73355 0.664107 
v -5.22094 5.73355 0.664059 
v -5.22094 5.73355 0.664059 
v -5.22103 5.73355 0.664107 
v -5.22103 5.73355 0.664107 
v -5.22094 5.73355 0.664059 
v -5.22098 4.68979 0.66419 
v -3.18565 5.73355 4.18938 
v -5.22094 5.73355 0.664059 
v -3.18565 4.68979 4.18938 
v -5.22099 5.73355 0.664083 
v -3.18565 4.68979 4.18938 
v -4.34889 5.73355 0.160471 
v -5.22099 5.73355 0.664083 
v -5.22099 5.73355 0.664083 
v -5.22099 5.73355 0.664083 
v -4.34889 5.73355 0.160471 
v -4.1895 5.73355 -3.18547 
v -4.34893 5.73355 0.160601 
v -5.22099 5.73355 0.664083 
v -4.1895 5.73355 -3.18547 
v -5.22099 4.68979 0.664083 
v -4.34893 5.73355 0.160601 
v -4.34889 5.73355 0.160471 
v -5.22099 5.73355 0.664083 
v -5.22094 5.73355 0.664059 
v -5.22099 5.73355 0.664083 
v -5.22099 5.73355 0.664083 
v -5.22099 4.68979 0.664083 
v -3.18565 5.73355 4.18938 
v -5.22099 4.68979 0.664083 
v -5.22099 4.68979 0.664083 
v -5.22098 4.68979 0.66419 
v -4.1895 4.68979 -3.18547 
v -5.22098 4.68979 0.66419 
v -4.55625 4.68979 0.280186 
v -4.55625 4.68979 0.280186 
v -4.55625 4.68979 0.280186 
v -2.78047 4.68979 -0.745059 
v -2.78047 4.68979 -0.745059 
v -2.78047 4.68979 -0.745059 
v -4.1895 4.68979 -3.18547 
v -2.78046 5.73355 -0.744952 
v -2.78042 5.73355 -0.74487 
v -4.34893 5.73355 0.160601 
v -2.78042 5.73355 -0.74487 
v -2.78037 5.73355 -0.744894 
v -2.78037 5.73355 -0.744894 
v -2.78042 5.73355 -0.74487 
v -2.78037 5.73355 -0.744894 
v -3.18565 4.68979 4.18949 
v 3.18552 4.68979 -4.18941 
v 4.18933 4.68978 3.18557 
v -4.1895 5.73355 -3.18547 

vn 0.866142 0 -0.496063 
vn 0.866142 0 -0.496063 
vn 0.866142 0 -0.496063 
vn -0.259843 0 0.968504 
vn -0.259843 0 0.968504 
vn -0.259843 0 0.968504 
vn -0.503937 0 -0.866142 
vn -0.503937 0 -0.866142 
vn -0.503937 0 -0.866142 
vn 0.866142 0 -0.496063 
vn 0 -1 0 
vn 0 -1 0 
vn 0 -1 0 
vn -0.503937 0 -0.866142 
vn -0.503937 0 -0.866142 
vn -0.503937 0 -0.866142 
vn 0.866142 0 -0.496063 
vn 0.866142 0 -0.496063 
vn 0.866142 0 -0.496063 
vn -0.503937 0 -0.866142 
vn 0 1 0 
vn 0 1 0 
vn 0 1 0 
vn 0.968504 0 0.259843 
vn 0.968504 0 0.259843 
vn 0.968504 0 0.259843 
vn 0 -1 0 
vn 0 -1 0 
vn 0 -1 0 
vn 0 -1 0 
vn 0.866142 0 -0.496063 
vn 0.866142 0 -0.496063 
vn 0 -1 0 
vn 0.259843 0 -0.968504 
vn 0.259843 0 -0.968504 
vn 0.259843 0 -0.968504 
vn 0.503937 0 0.866142 
vn 0.503937 0 0.866142 
vn 0.503937 0 0.866142 
vn 0.866142 0 -0.496063 
vn 0.503937 0 0.866142 
vn 0.503937 0 0.866142 
vn 0.503937 0 0.866142 
vn 0 1 0 
vn 0 1 0 
vn 0 1 0 
vn 0.259843 0 -0.968504 
vn 0.259843 0 -0.968504 
vn 0.259843 0 -0.968504 
vn 0.259843 0 -0.968504 
vn 0.503937 0 0.866142 
vn 0.968504 0 0.259843 
vn 0.968504 0 0.259843 
vn 0.968504 0 0.259843 
vn 0 1 0 
vn 0 1 0 
vn 0 1 0 
vn 0.503937 0 0.866142 
vn 0.503937 0 0.866142 
vn 0.503937 0 0.866142 
vn 0 1 0 
vn 0.866142 0 -0.496063 
vn 0.866142 0 -0.496063 
vn 0 1 0 
vn 0 1 0 
vn 0 1 0 
vn 0 1 0 
vn 0 1 0 
vn 0 1 0 
vn 0.503937 0 0.866142 
vn 0.968504 0 0.259843 
vn 0.866142 0 -0.496063 
vn 0.503937 0 0.866142 
vn 0.259843 0 -0.968504 
vn -0.503937 0 -0.866142 
vn -0.503937 0 -0.866142 
vn -0.503937 0 -0.866142 
vn 0 1 0 
vn 0 1 0 
vn 0 1 0 
vn 0 1 0 
vn 0.866142 0 -0.496063 
vn 0.866142 0 -0.496063 
vn 0.866142 0 -0.496063 
vn 0 1 0 
vn 0 1 0 
vn 0 1 0 
vn 0.866142 0 -0.496063 
vn 0.866142 0 -0.496063 
vn 0.866142 0 -0.496063 
vn 0.259843 0 -0.968504 
vn 0.259843 0 -0.968504 
vn 0 -1 0 
vn 0 -1 0 
vn 0 -1 0 
vn 0.866142 0 -0.496063 
vn -0.496063 0 -0.866142 
vn -0.496063 0 -0.866142 
vn -0.496063 0 -0.866142 
vn 0 -1 0 
vn 0 -1 0 
vn 0 -1 0 
vn 0.866142 0 -0.496063 
vn 0.866142 0 -0.496063 
vn 0.866142 0 -0.496063 
vn -0.503937 0 -0.866142 
vn -0.503937 0 -0.866142 
vn -0.503937 0 -0.866142 
vn 0 1 0 
vn 0 1 0 
vn -0.503937 0 -0.866142 
vn -0.503937 0 -0.866142 
vn -0.503937 0 -0.866142 
vn -0.866142 0 0.496063 
vn -0.866142 0 0.496063 
vn -0.866142 0 0.496063 
vn 0 -1 0 
vn 0 -1 0 
vn 0 -1 0 
vn 0 -1 0 
vn 0 -1 0 
vn 0 -1 0 
vn 0 -1 0 
vn -0.866142 0 0.496063 
vn -0.866142 0 0.496063 
vn -0.866142 0 0.496063 
vn 0 -1 0 
vn 0 -1 0 
vn 0 -1 0 
vn 0.968504 0 0.259843 
vn 0.503937 0 0.866142 
vn 0.503937 0 0.866142 
vn 0.503937 0 0.866142 
vn 0 1 0 
vn 0.503937 0 0.866142 
vn 0 1 0 
vn 0.259843 0 -0.968504 
vn 0 -1 0 
vn 0 -1 0 
vn 0 -1 0 
vn 0 -1 0 
vn -0.866142 0 0.496063 
vn -0.866142 0 0.496063 
vn -0.866142 0 0.496063 
vn -0.496063 0 -0.866142 
vn 0 -1 0 
vn 0 -1 0 
vn -0.866142 0 0.496063 
vn -0.866142 0 0.496063 
vn -0.866142 0 0.496063 
vn 0 -1 0 
vn -0.866142 0 0.496063 
vn -0.866142 0 0.496063 
vn -0.866142 0 0.496063 
vn 0 -1 0 
vn 0 -1 0 
vn 0.259843 0 -0.968504 
vn 0 1 0 
vn 0.503937 0 0.866142 
vn 0.503937 0 0.866142 
vn 0.503937 0 0.866142 
vn 0 1 0 
vn -0.866142 0 0.496063 
vn -0.866142 0 0.496063 
vn -0.503937 0 -0.866142 
vn -0.503937 0 -0.866142 
vn -0.503937 0 -0.866142 
vn 0.503937 0 0.866142 
vn 0.503937 0 0.866142 
vn 0.503937 0 0.866142 
vn 0 1 0 
vn 0 1 0 
vn 0.503937 0 0.866142 
vn 0.259843 0 -0.968504 
vn -0.866142 0 0.496063 
vn -0.866142 0 0.496063 
vn -0.866142 0 0.496063 
vn -0.866142 0 0.496063 
vn 0 1 0 
vn -0.866142 0 0.496063 
vn 0.259843 0 -0.968504 
vn 0 1 0 
vn 0 1 0 
vn 0 1 0 
vn 0 -1 0 
vn 0 -1 0 
vn 0 -1 0 
vn -0.503937 0 -0.866142 
vn 0 -1 0 
vn 0 -1 0 
vn 0 -1 0 
vn 0.503937 0 0.866142 
vn 0.503937 0 0.866142 
vn 0.503937 0 0.866142 
vn 0 -1 0 
vn 0 -1 0 
vn 0 -1 0 
vn 0.503937 0 0.866142 
vn 0.503937 0 0.866142 
vn -0.968504 0 -0.259843 
vn -0.968504 0 -0.259843 
vn 0 1 0 
vn 0 1 0 
vn 0 1 0 
vn 0.503937 0 0.866142 
vn -0.968504 0 -0.259843 
vn -0.968504 0 -0.259843 
vn -0.866142 0 0.496063 
vn -0.866142 0 0.496063 
vn -0.866142 0 0.496063 
vn -0.866142 0 0.496063 
vn -0.866142 0 0.496063 
vn 0.503937 0 0.866142 
vn -0.503937 0 -0.866142 
vn -0.503937 0 -0.866142 
vn -0.503937 0 -0.866142 
vn 0 1 0 
vn 0 1 0 
vn 0 1 0 
vn 0 1 0 
vn -0.968504 0 -0.259843 
vn -0.968504 0 -0.259843 
vn -0.968504 0 -0.259843 
vn 0 1 0 
vn 0 1 0 
vn 0 1 0 
vn -0.866142 0 0.496063 
vn -0.866142 0 0.496063 
vn -0.503937 0 -0.866142 
vn -0.503937 0 -0.866142 
vn 0 1 0 
vn -0.866142 0 0.496063 
vn 0 -1 0 
vn 0 -1 0 
vn -0.968504 0 -0.259843 
vn -0.866142 0 0.496063 
vn 0 -1 0 
vn 0 -1 0 
vn -0.503937 0 -0.866142 
vn -0.503937 0 -0.866142 
vn 0 -1 0 
vn 0.866142 0 -0.496063 
vn 0.866142 0 -0.496063 
vn 0.866142 0 -0.496063 
vn 0 1 0 
vn 0.503937 0 0.866142 
vn 0.503937 0 0.866142 
vn 0.503937 0 0.866142 
vn 0.866142 0 -0.496063 
vn 0.866142 0 -0.496063 
vn 0 1 0 
vn -0.259843 0 0.968504 
vn -0.503937 0 -0.866142 
vn 0.866142 0 -0.496063 
vn 0.866142 0 -0.496063 

vt 56.0652 -22.3933 
vt 55.9348 -22.3933 
vt 56.0652 -22.7456 
vt 56.0652 -23.2544 
vt 55.9348 -23.2544 
vt 55.9348 -23.6067 
vt 56.0652 -23.2544 
vt 55.9348 -23.2544 
vt 56.0652 -23.6067 
vt 55.9348 -22.7456 
vt 55.7456 -22.3933 
vt 55.7456 -22.3933 
vt 55.7456 -22.3933 
vt 55.9348 -22.3933 
vt 55.9348 -22.3933 
vt 56.0652 -22.3933 
vt 56.0652 -22.7456 
vt 55.9348 -22.7456 
vt 55.9348 -22.7456 
vt 56.0652 -22.3933 
vt 56.2544 -22.3933 
vt 56.2544 -22.3933 
vt 56.2544 -22.3933 
vt 56.0652 -22.3933 
vt 55.9348 -22.3933 
vt 55.9348 -22.3933 
vt 56.2544 -22.3933 
vt 56.2544 -22.3933 
vt 56.2544 -22.3934 
vt 55.7456 -22.3933 
vt 55.9348 -23.2544 
vt 56.0652 -23.2544 
vt 55.7456 -22.3933 
vt 55.9348 -22.3933 
vt 55.9348 -22.3933 
vt 55.9348 -22.3934 
vt 56.0652 -22.3933 
vt 56.0652 -22.3933 
vt 56.0652 -22.7066 
vt 55.9348 -22.7456 
vt 55.9348 -22.3933 
vt 55.9348 -22.7456 
vt 55.9348 -22.7456 
vt 55.7456 -22.7456 
vt 55.7456 -22.3933 
vt 55.4688 -22.6701 
vt 56.0652 -22.6701 
vt 56.0652 -22.3933 
vt 56.0652 -22.3934 
vt 56.0652 -22.3933 
vt 55.9348 -22.3933 
vt 55.9348 -22.3933 
vt 55.9348 -22.7456 
vt 56.0652 -22.3933 
vt 56.6067 -22.7456 
vt 56.2544 -22.3933 
vt 56.2544 -22.4833 
vt 55.9348 -22.4833 
vt 55.9348 -22.3933 
vt 55.9348 -22.3933 
vt 56.2544 -22.7456 
vt 56.0652 -22.7456 
vt 56.0652 -22.7456 
vt 56.2544 -22.4833 
vt 56.2544 -22.4833 
vt 56.2544 -22.3933 
vt 56.2544 -22.4833 
vt 55.7456 -22.3933 
vt 55.7456 -22.3933 
vt 56.0652 -22.3933 
vt 56.0652 -22.3933 
vt 55.9348 -22.7456 
vt 56.0652 -22.3933 
vt 55.9348 -22.6701 
vt 55.9348 -22.3934 
vt 56.0652 -22.3934 
vt 56.0652 -22.3933 
vt 55.7456 -22.3934 
vt 56.6067 -22.7456 
vt 56.2544 -22.7456 
vt 56.2544 -23.2544 
vt 56.0652 -22.7456 
vt 56.0652 -22.3933 
vt 55.9348 -22.7456 
vt 55.3933 -22.7456 
vt 55.3933 -22.7456 
vt 55.3933 -22.7456 
vt 56.0652 -23.6067 
vt 56.0652 -23.6067 
vt 55.9348 -23.6067 
vt 55.9348 -22.7456 
vt 56.0652 -22.7456 
vt 56.6067 -22.7456 
vt 56.6067 -22.7456 
vt 56.6067 -22.7456 
vt 55.9348 -23.6067 
vt 56.0652 -22.7456 
vt 55.9348 -22.7456 
vt 56.0652 -23.2544 
vt 56.2544 -22.7456 
vt 56.2608 -22.7456 
vt 56.2544 -22.7067 
vt 55.9348 -23.2608 
vt 55.9348 -23.2544 
vt 55.9348 -23.2544 
vt 55.9348 -22.7456 
vt 55.9348 -22.7456 
vt 55.9348 -22.7067 
vt 56.2544 -22.7456 
vt 55.7456 -22.7456 
vt 56.0652 -22.4833 
vt 56.0652 -22.7456 
vt 56.0652 -22.7456 
vt 55.9348 -22.7456 
vt 55.9348 -22.7456 
vt 55.9348 -22.7456 
vt 56.2544 -22.7066 
vt 55.7456 -22.7456 
vt 56.2544 -22.7456 
vt 55.7456 -23.2544 
vt 56.2544 -22.3933 
vt 56.2544 -22.7066 
vt 56.5312 -22.6701 
vt 56.0652 -22.3933 
vt 56.0652 -22.7456 
vt 55.9348 -22.3933 
vt 55.3933 -22.7456 
vt 55.7456 -22.7456 
vt 55.7456 -22.3933 
vt 56.0652 -22.7456 
vt 56.0652 -22.7456 
vt 55.9348 -22.7456 
vt 55.9348 -22.7456 
vt 56.2544 -22.7456 
vt 56.0652 -22.7456 
vt 55.7456 -23.2544 
vt 55.9348 -22.7456 
vt 56.2544 -22.7067 
vt 56.2544 -23.2544 
vt 55.3933 -22.7456 
vt 55.3933 -23.2544 
vt 56.0652 -22.7456 
vt 56.0652 -22.3933 
vt 55.9348 -22.3933 
vt 55.9348 -23.2544 
vt 56.6067 -23.2544 
vt 56.2608 -22.7456 
vt 56.0652 -23.2608 
vt 56.0652 -23.6067 
vt 56.0652 -23.6067 
vt 56.2608 -22.7456 
vt 56.0652 -23.6067 
vt 56.0652 -23.2544 
vt 55.9348 -23.6067 
vt 56.2608 -22.7456 
vt 56.6067 -22.7456 
vt 55.9348 -22.7456 
vt 55.3933 -23.2544 
vt 55.9348 -23.2544 
vt 56.0652 -23.2544 
vt 56.0652 -22.7456 
vt 56.6067 -23.2544 
vt 55.9348 -22.7456 
vt 55.9348 -23.2544 
vt 56.0652 -23.2544 
vt 55.9348 -23.2544 
vt 56.0652 -23.2544 
vt 56.0652 -23.2544 
vt 55.9348 -23.2544 
vt 55.9348 -23.6067 
vt 55.7456 -23.2544 
vt 55.7456 -22.7456 
vt 55.9348 -22.7456 
vt 56.0652 -22.7456 
vt 55.9348 -23.6067 
vt 55.9348 -23.2544 
vt 55.9348 -23.2544 
vt 55.9348 -23.2544 
vt 55.3933 -22.7456 
vt 55.9348 -23.6067 
vt 56.0652 -22.7456 
vt 56.2544 -23.6067 
vt 56.6067 -23.2544 
vt 56.2544 -23.2544 
vt 55.7456 -23.6067 
vt 55.7456 -23.2544 
vt 55.3933 -23.2544 
vt 55.9348 -23.6067 
vt 56.2544 -23.5108 
vt 56.2544 -23.6067 
vt 56.6067 -23.2544 
vt 56.0652 -23.6067 
vt 56.0652 -23.5108 
vt 56.0652 -23.6067 
vt 56.2544 -23.6067 
vt 56.2544 -23.5108 
vt 55.7456 -23.6067 
vt 56.0652 -23.6067 
vt 55.9348 -23.6067 
vt 55.9348 -23.6067 
vt 55.9348 -23.6067 
vt 55.7456 -23.6067 
vt 55.7456 -23.6067 
vt 55.7456 -23.6067 
vt 55.9348 -23.6067 
vt 56.0652 -23.6067 
vt 56.0652 -23.6067 
vt 56.0652 -23.2544 
vt 55.9348 -22.7456 
vt 55.9348 -23.2544 
vt 56.0652 -22.7456 
vt 55.9348 -23.2544 
vt 56.0652 -23.6067 
vt 56.0652 -23.4808 
vt 56.0652 -23.6067 
vt 56.0652 -23.6067 
vt 55.7456 -23.6067 
vt 55.7456 -23.4808 
vt 55.3933 -23.2544 
vt 55.7456 -23.4808 
vt 56.0652 -23.6067 
vt 56.0652 -23.2544 
vt 55.9348 -23.6067 
vt 55.7456 -23.4808 
vt 55.7456 -23.4808 
vt 55.7456 -23.6067 
vt 55.9348 -23.2544 
vt 55.9348 -23.2544 
vt 56.0652 -23.6067 
vt 55.9348 -23.6067 
vt 56.2544 -23.6067 
vt 56.0652 -23.2544 
vt 56.2544 -23.6067 
vt 56.2544 -23.6067 
vt 55.9348 -23.2544 
vt 56.0652 -23.2544 
vt 56.2544 -23.5107 
vt 56.2544 -23.5107 
vt 55.9348 -23.5107 
vt 55.9348 -23.2544 
vt 56.2544 -23.2544 
vt 55.9348 -23.2544 
vt 55.9348 -23.6067 
vt 56.0652 -23.2544 
vt 55.7456 -23.2544 
vt 55.9348 -23.4808 
vt 55.9348 -23.2544 
vt 55.9348 -23.2544 
vt 56.0652 -23.2544 
vt 56.0652 -23.2544 
vt 55.7456 -23.2544 
vt 56.0652 -23.6067 
vt 55.9348 -22.3933 
vt 55.9348 -22.3933 
vt 56.0652 -23.6067 

usemtl Union3Mtl

f 2486/2486/2486 2487/2487/2487 2488/2488/2488 
f 2489/2489/2489 2490/2490/2490 2491/2491/2491 
f 2492/2492/2492 2493/2493/2493 2494/2494/2494 
f 2495/2495/2495 2488/2488/2488 2487/2487/2487 
f 2496/2496/2496 2497/2497/2497 2498/2498/2498 
f 2499/2499/2499 2500/2500/2500 2501/2501/2501 
f 2502/2502/2502 2503/2503/2503 2504/2504/2504 
f 2500/2500/2500 2505/2505/2505 2501/2501/2501 
f 2506/2506/2506 2507/2507/2507 2508/2508/2508 
f 2509/2509/2509 2510/2510/2510 2511/2511/2511 
f 2512/2512/2512 2513/2513/2513 2514/2514/2514 
f 2513/2513/2513 2512/2512/2512 2515/2515/2515 
f 2504/2504/2504 2516/2516/2516 2517/2517/2517 
f 2512/2512/2512 2518/2518/2518 2515/2515/2515 
f 2519/2519/2519 2520/2520/2520 2521/2521/2521 
f 2522/2522/2522 2523/2523/2523 2524/2524/2524 
f 2504/2504/2504 2517/2517/2517 2502/2502/2502 
f 2504/2504/2504 2503/2503/2503 2525/2525/2525 
f 2526/2526/2526 2527/2527/2527 2528/2528/2528 
f 2529/2529/2529 2530/2530/2530 2531/2531/2531 
f 2532/2532/2532 2533/2533/2533 2534/2534/2534 
f 2533/2533/2533 2535/2535/2535 2534/2534/2534 
f 2536/2536/2536 2526/2526/2526 2528/2528/2528 
f 2537/2537/2537 2538/2538/2538 2539/2539/2539 
f 2540/2540/2540 2541/2541/2541 2542/2542/2542 
f 2543/2543/2543 2544/2544/2544 2545/2545/2545 
f 2540/2540/2540 2542/2542/2542 2546/2546/2546 
f 2547/2547/2547 2502/2502/2502 2548/2548/2548 
f 2549/2549/2549 2550/2550/2550 2551/2551/2551 
f 2542/2542/2542 2552/2552/2552 2546/2546/2546 
f 2551/2551/2551 2553/2553/2553 2554/2554/2554 
f 2517/2517/2517 2548/2548/2548 2502/2502/2502 
f 2547/2547/2547 2548/2548/2548 2525/2525/2525 
f 2544/2544/2544 2555/2555/2555 2545/2545/2545 
f 2511/2511/2511 2556/2556/2556 2509/2509/2509 
f 2548/2548/2548 2557/2557/2557 2504/2504/2504 
f 2558/2558/2558 2545/2545/2545 2555/2555/2555 
f 2521/2521/2521 2559/2559/2559 2532/2532/2532 
f 2559/2559/2559 2521/2521/2521 2520/2520/2520 
f 2534/2534/2534 2521/2521/2521 2532/2532/2532 
f 2560/2560/2560 2561/2561/2561 2562/2562/2562 
f 2553/2553/2553 2563/2563/2563 2554/2554/2554 
f 2564/2564/2564 2565/2565/2565 2566/2566/2566 
f 2567/2567/2567 2568/2568/2568 2569/2569/2569 
f 2570/2570/2570 2571/2571/2571 2572/2572/2572 
f 2573/2573/2573 2574/2574/2574 2575/2575/2575 
f 2576/2576/2576 2577/2577/2577 2532/2532/2532 
f 2578/2578/2578 2579/2579/2579 2580/2580/2580 
f 2575/2575/2575 2581/2581/2581 2573/2573/2573 
f 2582/2582/2582 2583/2583/2583 2584/2584/2584 
f 2585/2585/2585 2586/2586/2586 2587/2587/2587 
f 2588/2588/2588 2589/2589/2589 2590/2590/2590 
f 2591/2591/2591 2592/2592/2592 2593/2593/2593 
f 2594/2594/2594 2549/2549/2549 2595/2595/2595 
f 2596/2596/2596 2597/2597/2597 2598/2598/2598 
f 2599/2599/2599 2600/2600/2600 2601/2601/2601 
f 2602/2602/2602 2603/2603/2603 2604/2604/2604 
f 2603/2603/2603 2602/2602/2602 2515/2515/2515 
f 2602/2602/2602 2513/2513/2513 2515/2515/2515 
f 2604/2604/2604 2603/2603/2603 2605/2605/2605 
f 2606/2606/2606 2607/2607/2607 2608/2608/2608 
f 2595/2595/2595 2549/2549/2549 2554/2554/2554 
f 2609/2609/2609 2601/2601/2601 2610/2610/2610 
f 2601/2601/2601 2609/2609/2609 2611/2611/2611 
f 2612/2612/2612 2613/2613/2613 2614/2614/2614 
f 2538/2538/2538 2615/2615/2615 2539/2539/2539 
f 2616/2616/2616 2617/2617/2617 2618/2618/2618 
f 2619/2619/2619 2594/2594/2594 2565/2565/2565 
f 2616/2616/2616 2620/2620/2620 2555/2555/2555 
f 2620/2620/2620 2616/2616/2616 2618/2618/2618 
f 2594/2594/2594 2566/2566/2566 2565/2565/2565 
f 2566/2566/2566 2594/2594/2594 2621/2621/2621 
f 2620/2620/2620 2558/2558/2558 2555/2555/2555 
f 2576/2576/2576 2559/2559/2559 2622/2622/2622 
f 2559/2559/2559 2576/2576/2576 2532/2532/2532 
f 2604/2604/2604 2623/2623/2623 2602/2602/2602 
f 2607/2607/2607 2587/2587/2587 2608/2608/2608 
f 2587/2587/2587 2586/2586/2586 2608/2608/2608 
f 2604/2604/2604 2605/2605/2605 2624/2624/2624 
f 2625/2625/2625 2605/2605/2605 2603/2603/2603 
f 2605/2605/2605 2625/2625/2625 2626/2626/2626 
f 2627/2627/2627 2628/2628/2628 2629/2629/2629 
f 2583/2583/2583 2630/2630/2630 2584/2584/2584 
f 2631/2631/2631 2578/2578/2578 2580/2580/2580 
f 2604/2604/2604 2624/2624/2624 2632/2632/2632 
f 2633/2633/2633 2634/2634/2634 2635/2635/2635 
f 2580/2580/2580 2636/2636/2636 2631/2631/2631 
f 2631/2631/2631 2632/2632/2632 2624/2624/2624 
f 2632/2632/2632 2631/2631/2631 2636/2636/2636 
f 2637/2637/2637 2638/2638/2638 2639/2639/2639 
f 2586/2586/2586 2640/2640/2640 2641/2641/2641 
f 2642/2642/2642 2622/2622/2622 2559/2559/2559 
f 2641/2641/2641 2608/2608/2608 2586/2586/2586 
f 2571/2571/2571 2643/2643/2643 2621/2621/2621 
f 2644/2644/2644 2645/2645/2645 2646/2646/2646 
f 2566/2566/2566 2647/2647/2647 2564/2564/2564 
f 2629/2629/2629 2648/2648/2648 2627/2627/2627 
f 2649/2649/2649 2639/2639/2639 2638/2638/2638 
f 2650/2650/2650 2651/2651/2651 2652/2652/2652 
f 2653/2653/2653 2654/2654/2654 2655/2655/2655 
f 2621/2621/2621 2656/2656/2656 2566/2566/2566 
f 2594/2594/2594 2657/2657/2657 2621/2621/2621 
f 2657/2657/2657 2594/2594/2594 2595/2595/2595 
f 2658/2658/2658 2644/2644/2644 2646/2646/2646 
f 2572/2572/2572 2621/2621/2621 2657/2657/2657 
f 2621/2621/2621 2572/2572/2572 2571/2571/2571 
f 2577/2577/2577 2659/2659/2659 2532/2532/2532 
f 2660/2660/2660 2661/2661/2661 2662/2662/2662 
f 2662/2662/2662 2663/2663/2663 2660/2660/2660 
f 2664/2664/2664 2529/2529/2529 2531/2531/2531 
f 2663/2663/2663 2665/2665/2665 2660/2660/2660 
f 2659/2659/2659 2666/2666/2666 2532/2532/2532 
f 2667/2667/2667 2668/2668/2668 2669/2669/2669 
f 2670/2670/2670 2671/2671/2671 2672/2672/2672 
f 2493/2493/2493 2673/2673/2673 2494/2494/2494 
f 2674/2674/2674 2675/2675/2675 2676/2676/2676 
f 2677/2677/2677 2678/2678/2678 2679/2679/2679 
f 2680/2680/2680 2681/2681/2681 2682/2682/2682 
f 2683/2683/2683 2679/2679/2679 2684/2684/2684 
f 2679/2679/2679 2683/2683/2683 2677/2677/2677 
f 2685/2685/2685 2686/2686/2686 2686/2686/2686 
f 2687/2687/2687 2688/2688/2688 2689/2689/2689 
f 2684/2684/2684 2690/2690/2690 2683/2683/2683 
f 2686/2686/2686 2691/2691/2691 2692/2692/2692 
f 2605/2605/2605 2681/2681/2681 2624/2624/2624 
f 2681/2681/2681 2605/2605/2605 2682/2682/2682 
f 2693/2693/2693 2694/2694/2694 2695/2695/2695 
f 2694/2694/2694 2693/2693/2693 2696/2696/2696 
f 2695/2695/2695 2694/2694/2694 2697/2697/2697 
f 2655/2655/2655 2698/2698/2698 2653/2653/2653 
f 2699/2699/2699 2700/2700/2700 2701/2701/2701 
f 2702/2702/2702 2703/2703/2703 2704/2704/2704 
f 2704/2704/2704 2703/2703/2703 2705/2705/2705 
f 2706/2706/2706 2707/2707/2707 2708/2708/2708 
f 2709/2709/2709 2710/2710/2710 2711/2711/2711 
f 2712/2712/2712 2695/2695/2695 2697/2697/2697 
f 2697/2697/2697 2713/2713/2713 2712/2712/2712 
f 2701/2701/2701 2714/2714/2714 2699/2699/2699 
f 2701/2701/2701 2700/2700/2700 2715/2715/2715 
f 2711/2711/2711 2716/2716/2716 2709/2709/2709 
f 2712/2712/2712 2713/2713/2713 2717/2717/2717 
f 2686/2686/2686 2686/2686/2686 2692/2692/2692 
f 2718/2718/2718 2719/2719/2719 2718/2718/2718 
f 2686/2686/2686 2708/2708/2708 2720/2720/2720 
f 2720/2720/2720 2708/2708/2708 2707/2707/2707 
f 2720/2720/2720 2685/2685/2685 2686/2686/2686 
f 2721/2721/2721 2712/2712/2712 2717/2717/2717 
f 2715/2715/2715 2715/2715/2715 2701/2701/2701 
f 2681/2681/2681 2722/2722/2722 2624/2624/2624 
f 2723/2723/2723 2674/2674/2674 2676/2676/2676 
f 2651/2651/2651 2724/2724/2724 2725/2725/2725 
f 2676/2676/2676 2726/2726/2726 2723/2723/2723 
f 2727/2727/2727 2728/2728/2728 2729/2729/2729 
f 2730/2730/2730 2709/2709/2709 2566/2566/2566 
f 2731/2731/2731 2732/2732/2732 2733/2733/2733 
f 2734/2734/2734 2735/2735/2735 2729/2729/2729 
f 2705/2705/2705 2736/2736/2736 2704/2704/2704 
f 2709/2709/2709 2716/2716/2716 2566/2566/2566 
f 2730/2730/2730 2566/2566/2566 2656/2656/2656 
f 2651/2651/2651 2725/2725/2725 2652/2652/2652 
f 2491/2491/2491 2737/2737/2737 2489/2489/2489 
f 2551/2551/2551 2554/2554/2554 2549/2549/2549 
f 2738/2738/2738 2560/2560/2560 2562/2562/2562 
f 2504/2504/2504 2525/2525/2525 2548/2548/2548 
f 2611/2611/2611 2599/2599/2599 2601/2601/2601 
f 2569/2569/2569 2568/2568/2568 2739/2739/2739 
f 2740/2740/2740 2734/2734/2734 2729/2729/2729 
f 2728/2728/2728 2740/2740/2740 2729/2729/2729 

g Union4

v -3.81338 -6.04155 -2.89953 
v -3.81338 -5.0915 -2.89953 
v -2.53078 -6.04155 -0.678086 
v -3.81338 -5.0915 -2.89953 
v -3.81338 -6.04155 -2.89953 
v -4.75225 -6.04155 0.604479 
v -2.53078 -6.04155 -0.678086 
v -2.53078 -5.0915 -0.678086 
v -4.75225 -6.04155 0.604479 
v -2.53078 -5.0915 -0.678086 
v 2.89967 -5.0915 -3.81306 
v 2.89967 -5.0915 -3.81315 
v 2.89963 -5.0915 -3.81313 
v 2.89967 -5.0915 -3.81315 
v 2.89967 -5.0915 -3.81306 
v 2.89967 -6.04155 -3.81315 
v 2.89967 -6.04155 -3.81306 
v 2.89967 -5.0915 -3.81306 
v 2.89963 -5.0915 -3.81313 
v 2.89967 -6.04155 -3.81306 
v 2.89967 -6.04155 -3.81315 
v 2.89967 -6.04155 -3.81306 
v 2.89963 -6.04155 -3.81313 
v 2.89967 -5.0915 -3.81315 
v 2.89967 -6.04155 -3.81315 
v 2.89963 -6.04155 -3.81313 
v 4.75213 -5.0915 -0.604414 
v 4.7519 -5.0915 -0.604381 
v 4.75187 -5.0915 -0.604262 
v 2.89955 -5.0915 -3.81318 
v 4.75213 -5.0915 -0.604414 
v 4.75213 -6.04155 -0.604414 
v 2.89963 -5.0915 -3.81313 
v 4.7519 -5.0915 -0.604381 
v 4.75194 -5.0915 -0.604402 
v 4.75187 -5.0915 -0.604262 
v 4.75194 -5.0915 -0.604402 
v 4.7519 -5.0915 -0.604381 
v 2.77654 -5.0915 0.536092 
v 2.89963 -5.0915 -3.81313 
v 4.75194 -6.04156 -0.604402 
v 2.53054 -6.04155 0.67812 
v 2.53054 -6.04155 0.67812 
v 2.53054 -6.04155 0.67812 
v 4.75194 -6.04156 -0.604402 
v 4.01435 -6.04155 2.14855 
v 4.01435 -6.04155 2.14855 
v 4.75194 -6.04156 -0.604402 
v 4.75187 -6.04155 -0.604262 
v 4.7519 -6.04155 -0.604381 
v 4.7519 -6.04155 -0.604381 
v 2.89951 -6.04155 -3.81316 
v -0.604252 -6.04155 -4.75202 
v 2.89951 -5.0915 -3.81316 
v -0.604252 -6.04155 -4.75202 
v 2.89951 -6.04155 -3.81316 
v 2.33229 -6.04155 -3.48558 
v 2.33229 -6.04155 -3.48558 
v 2.89951 -6.04155 -3.81316 
v 2.89955 -6.04155 -3.81318 
v 0.678271 -6.04155 -2.53063 
v 2.89963 -6.04155 -3.81313 
v 2.89955 -6.04155 -3.81318 
v 2.33241 -6.04155 -3.48564 
v 2.33229 -6.04155 -3.48558 
v 2.89955 -6.04155 -3.81318 
v 2.33241 -6.04155 -3.48564 
v 4.75213 -6.04155 -0.604414 
v 4.7519 -6.04155 -0.604381 
v 2.89951 -5.0915 -3.81316 
v 2.89963 -5.0915 -3.81313 
v 2.89955 -5.0915 -3.81318 
v 2.89955 -5.0915 -3.81318 
v 4.01435 -5.0915 2.14855 
v 4.75187 -5.0915 -0.604262 
v 4.75187 -6.04155 -0.604262 
v 4.75213 -6.04155 -0.604414 
v 4.75187 -6.04155 -0.604262 
v -0.604489 -6.04155 -4.75209 
v 0.678077 -6.04155 -2.53062 
v -2.53073 -6.04155 -0.678011 
v 0.678077 -6.04155 -2.53062 
v -0.604489 -6.04155 -4.75209 
v 0.678077 -5.0915 -2.53062 
v 3.81306 -6.04155 2.89942 
v 3.81327 -6.04155 2.89969 
v 3.81307 -6.04155 2.89951 
v 3.81327 -6.04155 2.89969 
v 3.81306 -6.04155 2.89942 
v 3.81306 -5.0915 2.89942 
v 3.81306 -5.0915 2.89942 
v 3.81306 -6.04155 2.89942 
v 3.81327 -5.0915 2.89969 
v 3.81306 -5.0915 2.89942 
v 3.81307 -5.0915 2.89951 
v 3.81327 -5.0915 2.89969 
v 3.81327 -6.04155 2.89969 
v 3.81327 -5.0915 2.89969 
v 0.6045 -6.04155 4.75228 
v 2.53066 -5.0915 0.678152 
v 2.55375 -5.0915 0.718228 
v 2.77621 -5.0915 0.536384 
v 2.55375 -5.0915 0.718228 
v 2.53066 -5.0915 0.678152 
v 2.53071 -5.0915 0.678227 
v 2.53071 -5.0915 0.678227 
v 2.53066 -5.0915 0.678152 
v 2.77621 -5.0915 0.536384 
v 0.678271 -6.04155 -2.53063 
v 2.53054 -6.04155 0.67812 
v 2.33241 -6.04155 -3.48564 
v 0.678271 -6.04155 -2.53063 
v 0.678271 -6.04155 -2.53063 
v 0.678271 -6.04155 -2.53063 
v 0.678271 -6.04155 -2.53063 
v 0.67819 -6.04155 -2.53068 
v 2.77654 -5.0915 0.536092 
v 0.678077 -5.0915 -2.53062 
v 2.53071 -5.0915 0.678227 
v -2.53073 -5.0915 -0.678011 
v 4.75194 -5.0915 -0.604402 
v 2.77654 -5.0915 0.536092 
v 4.01435 -5.0915 2.14855 
v -0.604252 -5.0915 -4.75202 
v 0.678271 -5.0915 -2.53063 
v -0.604252 -6.04155 -4.75202 
v -0.604252 -5.0915 -4.75202 
v 0.678271 -5.0915 -2.53063 
v 2.89951 -5.0915 -3.81316 
v -0.604252 -5.0915 -4.75202 
v 0.678271 -5.0915 -2.53063 
v 0.67819 -6.04155 -2.53068 
v 0.678077 -6.04155 -2.53062 
v 0.67819 -6.04155 -2.53068 
v 0.678077 -5.0915 -2.53062 
v -0.678104 -6.04155 2.53083 
v 3.81307 -5.0915 2.89951 
v 2.77621 -5.0915 0.536384 
v -0.678104 -5.0915 2.53083 
v -0.604489 -5.0915 -4.75209 
v -3.81326 -5.0915 -2.8995 
v -2.53073 -5.0915 -0.678011 
v -3.81326 -5.0915 -2.8995 
v -3.81326 -6.04155 -2.8995 
v 0.6045 -5.0915 4.75228 
v 0.6045 -5.0915 4.75228 
v 2.55375 -5.0915 0.718228 
v 2.55376 -5.0915 0.718324 
v 3.81307 -5.0915 2.89951 
v 3.81307 -5.0915 2.89951 
v 2.55376 -5.0915 0.718324 
v 0.6045 -5.0915 4.75228 
v -0.678104 -5.0915 2.53083 
v 0.6045 -6.04155 4.75228 
v 2.55376 -5.0915 0.718324 
v 3.81307 -5.0915 2.89951 
v 3.81307 -5.0915 2.89951 
v 0.6045 -6.04155 4.75228 
v -3.81326 -6.04155 -2.8995 
v -3.81326 -5.0915 -2.8995 
v -0.604489 -5.0915 -4.75209 
v -3.81326 -6.04155 -2.8995 
v -2.53073 -6.04155 -0.678011 
v -0.678104 -6.04155 2.53083 
v -0.678104 -6.04155 2.53083 
v -0.678104 -5.0915 2.53083 
v -0.678185 -6.04155 2.53078 
v -2.53073 -5.0915 -0.678011 
v -2.53073 -6.04155 -0.678011 
v -4.75217 -6.04155 0.604533 
v -0.678185 -6.04155 2.53078 
v 2.53059 -6.04155 0.678195 
v -0.604489 -6.04155 -4.75209 
v 3.81307 -6.04155 2.89951 
v 3.81307 -6.04155 2.89951 
v 2.53059 -6.04155 0.678195 
v 2.53054 -6.04155 0.67812 
v 2.53054 -6.04155 0.67812 
v 3.81307 -6.04155 2.89951 
v 3.81307 -6.04155 2.89951 
v 3.81307 -6.04155 2.89951 
v -4.75225 -6.04155 0.604479 
v -3.81338 -6.04155 -2.89953 
v -2.53078 -6.04155 -0.678086 
v -4.75225 -5.0915 0.604479 
v -2.53078 -5.0915 -0.678086 
v -3.81338 -5.0915 -2.89953 
v -4.75225 -5.0915 0.604479 
v -2.29456 -5.0915 3.46399 
v -2.89962 -5.0915 3.81332 
v 0.604338 -5.0915 4.75217 
v -2.89962 -5.0915 3.81332 
v -2.29456 -5.0915 3.46399 
v -2.89966 -5.0915 3.81325 
v -2.89966 -5.0915 3.81325 
v -2.29456 -5.0915 3.46399 
v -4.75217 -5.0915 0.604533 
v -2.89966 -5.0915 3.81325 
v -2.89954 -6.04155 3.81328 
v -2.89962 -5.0915 3.81332 
v -2.89966 -5.0915 3.81325 
v -2.89962 -6.04155 3.81332 
v -2.89954 -6.04155 3.81328 
v -2.89954 -6.04155 3.81328 
v -2.89962 -6.04155 3.81332 
v -2.89962 -6.04155 3.81332 
v -2.89954 -6.04155 3.81328 
v -2.89966 -5.0915 3.81325 
v -4.75217 -6.04155 0.604533 
v -2.89954 -6.04155 3.81328 
v -4.75217 -5.0915 0.604533 
v -2.89958 -6.04155 3.8133 
v -4.75217 -5.0915 0.604533 
v -2.1057 -6.04155 3.35506 
v -2.89958 -6.04155 3.8133 
v -2.89958 -6.04155 3.8133 
v -2.89958 -6.04155 3.8133 
v -2.1057 -6.04155 3.35506 
v 0.604338 -6.04155 4.75217 
v -2.10582 -6.04155 3.35503 
v -2.89958 -6.04155 3.8133 
v 0.604338 -6.04155 4.75217 
v -2.89958 -5.0915 3.8133 
v -2.10582 -6.04155 3.35503 
v -2.1057 -6.04155 3.35506 
v -2.89958 -6.04155 3.8133 
v -2.89954 -6.04155 3.81328 
v -2.89958 -6.04155 3.8133 
v -2.89958 -6.04155 3.8133 
v -2.89958 -5.0915 3.8133 
v -4.75217 -6.04155 0.604533 
v -2.89958 -5.0915 3.8133 
v -2.89958 -5.0915 3.8133 
v -2.89966 -5.0915 3.81325 
v 0.604338 -5.0915 4.75217 
v -2.89966 -5.0915 3.81325 
v -2.29444 -5.0915 3.46403 
v -2.29444 -5.0915 3.46403 
v -2.29444 -5.0915 3.46403 
v -0.678104 -5.0915 2.53083 
v -0.678104 -5.0915 2.53083 
v -0.678104 -5.0915 2.53083 
v 0.604338 -5.0915 4.75217 
v -0.678185 -6.04155 2.53078 
v -0.678228 -6.04155 2.53071 
v -2.10582 -6.04155 3.35503 
v -0.678228 -6.04155 2.53071 
v -0.67819 -6.04155 2.53068 
v -0.67819 -6.04155 2.53068 
v -0.678228 -6.04155 2.53071 
v -0.67819 -6.04155 2.53068 
v -4.75225 -5.0915 0.604479 
v 4.75213 -5.0915 -0.604414 
v -0.604489 -5.0915 -4.75209 
v 0.604338 -6.04155 4.75217 

vn 0.866142 0 -0.496063 
vn 0.866142 0 -0.496063 
vn 0.866142 0 -0.496063 
vn -0.968504 0 -0.259843 
vn -0.968504 0 -0.259843 
vn -0.968504 0 -0.259843 
vn 0.503937 0 0.866142 
vn 0.503937 0 0.866142 
vn 0.503937 0 0.866142 
vn 0.866142 0 -0.496063 
vn 0 1 0 
vn 0 1 0 
vn 0 1 0 
vn 0.503937 0 0.866142 
vn 0.503937 0 0.866142 
vn 0.503937 0 0.866142 
vn 0.866142 0 -0.496063 
vn 0.866142 0 -0.496063 
vn 0.866142 0 -0.496063 
vn 0.503937 0 0.866142 
vn 0 -1 0 
vn 0 -1 0 
vn 0 -1 0 
vn 0.259843 0 -0.968504 
vn 0.259843 0 -0.968504 
vn 0.259843 0 -0.968504 
vn 0 1 0 
vn 0 1 0 
vn 0 1 0 
vn 0 1 0 
vn 0.866142 0 -0.496063 
vn 0.866142 0 -0.496063 
vn 0 1 0 
vn 0.968504 0 0.259843 
vn 0.968504 0 0.259843 
vn 0.968504 0 0.259843 
vn -0.503937 0 -0.866142 
vn -0.503937 0 -0.866142 
vn -0.503937 0 -0.866142 
vn 0.866142 0 -0.496063 
vn -0.503937 0 -0.866142 
vn -0.503937 0 -0.866142 
vn -0.503937 0 -0.866142 
vn 0 -1 0 
vn 0 -1 0 
vn 0 -1 0 
vn 0.968504 0 0.259843 
vn 0.968504 0 0.259843 
vn 0.968504 0 0.259843 
vn 0.968504 0 0.259843 
vn -0.503937 0 -0.866142 
vn 0.259843 0 -0.968504 
vn 0.259843 0 -0.968504 
vn 0.259843 0 -0.968504 
vn 0 -1 0 
vn 0 -1 0 
vn 0 -1 0 
vn -0.503937 0 -0.866142 
vn -0.503937 0 -0.866142 
vn -0.503937 0 -0.866142 
vn 0 -1 0 
vn 0.866142 0 -0.496063 
vn 0.866142 0 -0.496063 
vn 0 -1 0 
vn 0 -1 0 
vn 0 -1 0 
vn 0 -1 0 
vn 0 -1 0 
vn 0 -1 0 
vn -0.503937 0 -0.866142 
vn 0.259843 0 -0.968504 
vn 0.866142 0 -0.496063 
vn -0.503937 0 -0.866142 
vn 0.968504 0 0.259843 
vn 0.503937 0 0.866142 
vn 0.503937 0 0.866142 
vn 0.503937 0 0.866142 
vn 0 -1 0 
vn 0 -1 0 
vn 0 -1 0 
vn 0 -1 0 
vn 0.866142 0 -0.496063 
vn 0.866142 0 -0.496063 
vn 0.866142 0 -0.496063 
vn 0 -1 0 
vn 0 -1 0 
vn 0 -1 0 
vn 0.866142 0 -0.496063 
vn 0.866142 0 -0.496063 
vn 0.866142 0 -0.496063 
vn 0.968504 0 0.259843 
vn 0.968504 0 0.259843 
vn 0 1 0 
vn 0 1 0 
vn 0 1 0 
vn 0.866142 0 -0.496063 
vn 0.503937 0 0.866142 
vn 0.503937 0 0.866142 
vn 0.503937 0 0.866142 
vn 0 1 0 
vn 0 1 0 
vn 0 1 0 
vn 0.866142 0 -0.496063 
vn 0.866142 0 -0.496063 
vn 0.866142 0 -0.496063 
vn 0.503937 0 0.866142 
vn 0.503937 0 0.866142 
vn 0.503937 0 0.866142 
vn 0 -1 0 
vn 0 -1 0 
vn 0.503937 0 0.866142 
vn 0.503937 0 0.866142 
vn 0.503937 0 0.866142 
vn -0.866142 0 0.496063 
vn -0.866142 0 0.496063 
vn -0.866142 0 0.496063 
vn 0 1 0 
vn 0 1 0 
vn 0 1 0 
vn 0 1 0 
vn 0 1 0 
vn 0 1 0 
vn 0 1 0 
vn -0.866142 0 0.496063 
vn -0.866142 0 0.496063 
vn -0.866142 0 0.496063 
vn 0 1 0 
vn 0 1 0 
vn 0 1 0 
vn 0.259843 0 -0.968504 
vn -0.503937 0 -0.866142 
vn -0.503937 0 -0.866142 
vn -0.503937 0 -0.866142 
vn 0 -1 0 
vn -0.503937 0 -0.866142 
vn 0 -1 0 
vn 0.968504 0 0.259843 
vn 0 1 0 
vn 0 1 0 
vn 0 1 0 
vn 0 1 0 
vn -0.866142 0 0.496063 
vn -0.866142 0 0.496063 
vn -0.866142 0 0.496063 
vn 0.503937 0 0.866142 
vn 0 1 0 
vn 0 1 0 
vn -0.866142 0 0.496063 
vn -0.866142 0 0.496063 
vn -0.866142 0 0.496063 
vn 0 1 0 
vn -0.866142 0 0.496063 
vn -0.866142 0 0.496063 
vn -0.866142 0 0.496063 
vn 0 1 0 
vn 0 1 0 
vn 0.968504 0 0.259843 
vn 0 -1 0 
vn -0.503937 0 -0.866142 
vn -0.503937 0 -0.866142 
vn -0.503937 0 -0.866142 
vn 0 -1 0 
vn -0.866142 0 0.496063 
vn -0.866142 0 0.496063 
vn 0.503937 0 0.866142 
vn 0.503937 0 0.866142 
vn 0.503937 0 0.866142 
vn -0.503937 0 -0.866142 
vn -0.503937 0 -0.866142 
vn -0.503937 0 -0.866142 
vn 0 -1 0 
vn 0 -1 0 
vn -0.503937 0 -0.866142 
vn 0.968504 0 0.259843 
vn -0.866142 0 0.496063 
vn -0.866142 0 0.496063 
vn -0.866142 0 0.496063 
vn -0.866142 0 0.496063 
vn 0 -1 0 
vn -0.866142 0 0.496063 
vn 0.968504 0 0.259843 
vn 0 -1 0 
vn 0 -1 0 
vn 0 -1 0 
vn 0 1 0 
vn 0 1 0 
vn 0 1 0 
vn 0.503937 0 0.866142 
vn 0 1 0 
vn 0 1 0 
vn 0 1 0 
vn -0.503937 0 -0.866142 
vn -0.503937 0 -0.866142 
vn -0.503937 0 -0.866142 
vn 0 1 0 
vn 0 1 0 
vn 0 1 0 
vn -0.503937 0 -0.866142 
vn -0.503937 0 -0.866142 
vn -0.259843 0 0.968504 
vn -0.259843 0 0.968504 
vn 0 -1 0 
vn 0 -1 0 
vn 0 -1 0 
vn -0.503937 0 -0.866142 
vn -0.259843 0 0.968504 
vn -0.259843 0 0.968504 
vn -0.866142 0 0.496063 
vn -0.866142 0 0.496063 
vn -0.866142 0 0.496063 
vn -0.866142 0 0.496063 
vn -0.866142 0 0.496063 
vn -0.503937 0 -0.866142 
vn 0.503937 0 0.866142 
vn 0.503937 0 0.866142 
vn 0.503937 0 0.866142 
vn 0 -1 0 
vn 0 -1 0 
vn 0 -1 0 
vn 0 -1 0 
vn -0.259843 0 0.968504 
vn -0.259843 0 0.968504 
vn -0.259843 0 0.968504 
vn 0 -1 0 
vn 0 -1 0 
vn 0 -1 0 
vn -0.866142 0 0.496063 
vn -0.866142 0 0.496063 
vn 0.503937 0 0.866142 
vn 0.503937 0 0.866142 
vn 0 -1 0 
vn -0.866142 0 0.496063 
vn 0 1 0 
vn 0 1 0 
vn -0.259843 0 0.968504 
vn -0.866142 0 0.496063 
vn 0 1 0 
vn 0 1 0 
vn 0.503937 0 0.866142 
vn 0.503937 0 0.866142 
vn 0 1 0 
vn 0.866142 0 -0.496063 
vn 0.866142 0 -0.496063 
vn 0.866142 0 -0.496063 
vn 0 -1 0 
vn -0.503937 0 -0.866142 
vn -0.503937 0 -0.866142 
vn -0.503937 0 -0.866142 
vn 0.866142 0 -0.496063 
vn 0.866142 0 -0.496063 
vn 0 -1 0 
vn -0.968504 0 -0.259843 
vn 0.503937 0 0.866142 
vn 0.866142 0 -0.496063 
vn 0.866142 0 -0.496063 

vt 30.0594 -34.4478 
vt 29.9406 -34.4478 
vt 30.0594 -34.7684 
vt 30.0594 -35.2316 
vt 29.9406 -35.2316 
vt 29.9406 -35.5522 
vt 30.0594 -35.2316 
vt 29.9406 -35.2316 
vt 30.0594 -35.5522 
vt 29.9406 -34.7684 
vt 29.7685 -34.4478 
vt 29.7684 -34.4478 
vt 29.7684 -34.4478 
vt 29.9406 -34.4478 
vt 29.9406 -34.4478 
vt 30.0594 -34.4478 
vt 30.0594 -34.7685 
vt 29.9406 -34.7685 
vt 29.9406 -34.7684 
vt 30.0594 -34.4478 
vt 30.2316 -34.4478 
vt 30.2315 -34.4478 
vt 30.2316 -34.4478 
vt 30.0594 -34.4478 
vt 29.9406 -34.4478 
vt 29.9406 -34.4478 
vt 30.2316 -34.4478 
vt 30.2316 -34.4478 
vt 30.2316 -34.4478 
vt 29.7684 -34.4478 
vt 29.9406 -35.2316 
vt 30.0594 -35.2316 
vt 29.7684 -34.4478 
vt 29.9406 -34.4478 
vt 29.9406 -34.4478 
vt 29.9406 -34.4478 
vt 30.0594 -34.4478 
vt 30.0594 -34.4478 
vt 30.0594 -34.7329 
vt 29.9406 -34.7684 
vt 29.9406 -34.4478 
vt 29.9406 -34.7684 
vt 29.9406 -34.7684 
vt 29.7684 -34.7684 
vt 29.7684 -34.4478 
vt 29.5165 -34.6997 
vt 30.0594 -34.6997 
vt 30.0594 -34.4478 
vt 30.0594 -34.4478 
vt 30.0594 -34.4478 
vt 29.9406 -34.4478 
vt 29.9406 -34.4478 
vt 29.9406 -34.7684 
vt 30.0594 -34.4478 
vt 30.5522 -34.7684 
vt 30.2316 -34.4478 
vt 30.2316 -34.5297 
vt 29.9406 -34.5297 
vt 29.9406 -34.4478 
vt 29.9406 -34.4478 
vt 30.2316 -34.7684 
vt 30.0594 -34.7684 
vt 30.0594 -34.7684 
vt 30.2316 -34.5297 
vt 30.2316 -34.5297 
vt 30.2316 -34.4478 
vt 30.2316 -34.5297 
vt 29.7684 -34.4478 
vt 29.7684 -34.4478 
vt 30.0594 -34.4478 
vt 30.0594 -34.4478 
vt 29.9406 -34.7684 
vt 30.0594 -34.4478 
vt 29.9406 -34.6997 
vt 29.9406 -34.4478 
vt 30.0594 -34.4478 
vt 30.0594 -34.4478 
vt 29.7684 -34.4478 
vt 30.5522 -34.7684 
vt 30.2316 -34.7684 
vt 30.2316 -35.2316 
vt 30.0594 -34.7684 
vt 30.0594 -34.4478 
vt 29.9406 -34.7684 
vt 29.4478 -34.7684 
vt 29.4478 -34.7684 
vt 29.4478 -34.7684 
vt 30.0594 -35.5522 
vt 30.0594 -35.5522 
vt 29.9406 -35.5522 
vt 29.9406 -34.7684 
vt 30.0594 -34.7684 
vt 30.5522 -34.7684 
vt 30.5522 -34.7684 
vt 30.5522 -34.7684 
vt 29.9406 -35.5522 
vt 30.0594 -34.7684 
vt 29.9406 -34.7684 
vt 30.0594 -35.2316 
vt 30.2316 -34.7684 
vt 30.2374 -34.7684 
vt 30.2316 -34.733 
vt 29.9406 -35.2374 
vt 29.9406 -35.2316 
vt 29.9406 -35.2316 
vt 29.9406 -34.7684 
vt 29.9406 -34.7684 
vt 29.9406 -34.733 
vt 30.2316 -34.7684 
vt 29.7684 -34.7684 
vt 30.0594 -34.5297 
vt 30.0594 -34.7684 
vt 30.0594 -34.7684 
vt 29.9406 -34.7684 
vt 29.9406 -34.7684 
vt 29.9406 -34.7684 
vt 30.2316 -34.7329 
vt 29.7684 -34.7684 
vt 30.2316 -34.7684 
vt 29.7684 -35.2316 
vt 30.2316 -34.4478 
vt 30.2316 -34.7329 
vt 30.4835 -34.6997 
vt 30.0594 -34.4478 
vt 30.0594 -34.7684 
vt 29.9406 -34.4478 
vt 29.4478 -34.7684 
vt 29.7684 -34.7684 
vt 29.7684 -34.4478 
vt 30.0594 -34.7684 
vt 30.0594 -34.7684 
vt 29.9406 -34.7684 
vt 29.9406 -34.7684 
vt 30.2316 -34.7684 
vt 30.0594 -34.7684 
vt 29.7684 -35.2316 
vt 29.9406 -34.7684 
vt 30.2316 -34.733 
vt 30.2316 -35.2316 
vt 29.4478 -34.7684 
vt 29.4478 -35.2316 
vt 30.0594 -34.7684 
vt 30.0594 -34.4478 
vt 29.9406 -34.4478 
vt 29.9406 -35.2316 
vt 30.5522 -35.2316 
vt 30.2374 -34.7684 
vt 30.0594 -35.2374 
vt 30.0594 -35.5522 
vt 30.0594 -35.5522 
vt 30.2374 -34.7684 
vt 30.0594 -35.5522 
vt 30.0594 -35.2316 
vt 29.9406 -35.5522 
vt 30.2374 -34.7684 
vt 30.5522 -34.7684 
vt 29.9406 -34.7684 
vt 29.4478 -35.2316 
vt 29.9406 -35.2316 
vt 30.0594 -35.2316 
vt 30.0594 -34.7684 
vt 30.5522 -35.2316 
vt 29.9406 -34.7684 
vt 29.9406 -35.2316 
vt 30.0594 -35.2316 
vt 29.9406 -35.2316 
vt 30.0594 -35.2316 
vt 30.0594 -35.2316 
vt 29.9406 -35.2316 
vt 29.9406 -35.5522 
vt 29.7684 -35.2316 
vt 29.7684 -34.7684 
vt 29.9406 -34.7684 
vt 30.0594 -34.7684 
vt 29.9406 -35.5522 
vt 29.9406 -35.2316 
vt 29.9406 -35.2316 
vt 29.9406 -35.2316 
vt 29.4478 -34.7684 
vt 29.9406 -35.5522 
vt 30.0594 -34.7684 
vt 30.2316 -35.5522 
vt 30.5522 -35.2316 
vt 30.2316 -35.2316 
vt 29.7684 -35.5522 
vt 29.7684 -35.2316 
vt 29.4478 -35.2316 
vt 29.9406 -35.5522 
vt 30.2316 -35.4649 
vt 30.2316 -35.5522 
vt 30.5522 -35.2316 
vt 30.0594 -35.5522 
vt 30.0594 -35.4649 
vt 30.0594 -35.5522 
vt 30.2316 -35.5522 
vt 30.2316 -35.4649 
vt 29.7684 -35.5522 
vt 30.0594 -35.5522 
vt 29.9406 -35.5522 
vt 29.9406 -35.5522 
vt 29.9406 -35.5522 
vt 29.7684 -35.5522 
vt 29.7684 -35.5522 
vt 29.7684 -35.5522 
vt 29.9406 -35.5522 
vt 30.0594 -35.5522 
vt 30.0594 -35.5522 
vt 30.0594 -35.2316 
vt 29.9406 -34.7684 
vt 29.9406 -35.2316 
vt 30.0594 -34.7684 
vt 29.9406 -35.2316 
vt 30.0594 -35.5522 
vt 30.0594 -35.4376 
vt 30.0594 -35.5522 
vt 30.0594 -35.5522 
vt 29.7684 -35.5522 
vt 29.7684 -35.4376 
vt 29.4478 -35.2316 
vt 29.7684 -35.4377 
vt 30.0594 -35.5522 
vt 30.0594 -35.2316 
vt 29.9406 -35.5522 
vt 29.7684 -35.4377 
vt 29.7684 -35.4376 
vt 29.7684 -35.5522 
vt 29.9406 -35.2316 
vt 29.9406 -35.2316 
vt 30.0594 -35.5522 
vt 29.9406 -35.5522 
vt 30.2316 -35.5522 
vt 30.0594 -35.2316 
vt 30.2316 -35.5522 
vt 30.2316 -35.5522 
vt 29.9406 -35.2316 
vt 30.0594 -35.2316 
vt 30.2316 -35.4649 
vt 30.2316 -35.4649 
vt 29.9406 -35.4649 
vt 29.9406 -35.2316 
vt 30.2316 -35.2316 
vt 29.9406 -35.2316 
vt 29.9406 -35.5522 
vt 30.0594 -35.2316 
vt 29.7684 -35.2316 
vt 29.9406 -35.4377 
vt 29.9406 -35.2316 
vt 29.9406 -35.2316 
vt 30.0594 -35.2316 
vt 30.0594 -35.2316 
vt 29.7684 -35.2316 
vt 30.0594 -35.5522 
vt 29.9406 -34.4478 
vt 29.9406 -34.4478 
vt 30.0594 -35.5522 

usemtl Union4Mtl

f 2741/2741/2741 2742/2742/2742 2743/2743/2743 
f 2744/2744/2744 2745/2745/2745 2746/2746/2746 
f 2747/2747/2747 2748/2748/2748 2749/2749/2749 
f 2750/2750/2750 2743/2743/2743 2742/2742/2742 
f 2751/2751/2751 2752/2752/2752 2753/2753/2753 
f 2754/2754/2754 2755/2755/2755 2756/2756/2756 
f 2757/2757/2757 2758/2758/2758 2759/2759/2759 
f 2755/2755/2755 2760/2760/2760 2756/2756/2756 
f 2761/2761/2761 2762/2762/2762 2763/2763/2763 
f 2764/2764/2764 2765/2765/2765 2766/2766/2766 
f 2767/2767/2767 2768/2768/2768 2769/2769/2769 
f 2768/2768/2768 2767/2767/2767 2770/2770/2770 
f 2759/2759/2759 2771/2771/2771 2772/2772/2772 
f 2767/2767/2767 2773/2773/2773 2770/2770/2770 
f 2774/2774/2774 2775/2775/2775 2776/2776/2776 
f 2777/2777/2777 2778/2778/2778 2779/2779/2779 
f 2759/2759/2759 2772/2772/2772 2757/2757/2757 
f 2759/2759/2759 2758/2758/2758 2780/2780/2780 
f 2781/2781/2781 2782/2782/2782 2783/2783/2783 
f 2784/2784/2784 2785/2785/2785 2786/2786/2786 
f 2787/2787/2787 2788/2788/2788 2789/2789/2789 
f 2788/2788/2788 2790/2790/2790 2789/2789/2789 
f 2791/2791/2791 2781/2781/2781 2783/2783/2783 
f 2792/2792/2792 2793/2793/2793 2794/2794/2794 
f 2795/2795/2795 2796/2796/2796 2797/2797/2797 
f 2798/2798/2798 2799/2799/2799 2800/2800/2800 
f 2795/2795/2795 2797/2797/2797 2801/2801/2801 
f 2802/2802/2802 2757/2757/2757 2803/2803/2803 
f 2804/2804/2804 2805/2805/2805 2806/2806/2806 
f 2797/2797/2797 2807/2807/2807 2801/2801/2801 
f 2806/2806/2806 2808/2808/2808 2809/2809/2809 
f 2772/2772/2772 2803/2803/2803 2757/2757/2757 
f 2802/2802/2802 2803/2803/2803 2780/2780/2780 
f 2799/2799/2799 2810/2810/2810 2800/2800/2800 
f 2766/2766/2766 2811/2811/2811 2764/2764/2764 
f 2803/2803/2803 2812/2812/2812 2759/2759/2759 
f 2813/2813/2813 2800/2800/2800 2810/2810/2810 
f 2776/2776/2776 2814/2814/2814 2787/2787/2787 
f 2814/2814/2814 2776/2776/2776 2775/2775/2775 
f 2789/2789/2789 2776/2776/2776 2787/2787/2787 
f 2815/2815/2815 2816/2816/2816 2817/2817/2817 
f 2808/2808/2808 2818/2818/2818 2809/2809/2809 
f 2819/2819/2819 2820/2820/2820 2821/2821/2821 
f 2822/2822/2822 2823/2823/2823 2824/2824/2824 
f 2825/2825/2825 2826/2826/2826 2827/2827/2827 
f 2828/2828/2828 2829/2829/2829 2830/2830/2830 
f 2831/2831/2831 2832/2832/2832 2787/2787/2787 
f 2833/2833/2833 2834/2834/2834 2835/2835/2835 
f 2830/2830/2830 2836/2836/2836 2828/2828/2828 
f 2837/2837/2837 2838/2838/2838 2839/2839/2839 
f 2840/2840/2840 2841/2841/2841 2842/2842/2842 
f 2843/2843/2843 2844/2844/2844 2845/2845/2845 
f 2846/2846/2846 2847/2847/2847 2848/2848/2848 
f 2849/2849/2849 2804/2804/2804 2850/2850/2850 
f 2851/2851/2851 2852/2852/2852 2853/2853/2853 
f 2854/2854/2854 2855/2855/2855 2856/2856/2856 
f 2857/2857/2857 2858/2858/2858 2859/2859/2859 
f 2858/2858/2858 2857/2857/2857 2770/2770/2770 
f 2857/2857/2857 2768/2768/2768 2770/2770/2770 
f 2859/2859/2859 2858/2858/2858 2860/2860/2860 
f 2861/2861/2861 2862/2862/2862 2863/2863/2863 
f 2850/2850/2850 2804/2804/2804 2809/2809/2809 
f 2864/2864/2864 2856/2856/2856 2865/2865/2865 
f 2856/2856/2856 2864/2864/2864 2866/2866/2866 
f 2867/2867/2867 2868/2868/2868 2869/2869/2869 
f 2793/2793/2793 2870/2870/2870 2794/2794/2794 
f 2871/2871/2871 2872/2872/2872 2873/2873/2873 
f 2874/2874/2874 2849/2849/2849 2820/2820/2820 
f 2871/2871/2871 2875/2875/2875 2810/2810/2810 
f 2875/2875/2875 2871/2871/2871 2873/2873/2873 
f 2849/2849/2849 2821/2821/2821 2820/2820/2820 
f 2821/2821/2821 2849/2849/2849 2876/2876/2876 
f 2875/2875/2875 2813/2813/2813 2810/2810/2810 
f 2831/2831/2831 2814/2814/2814 2877/2877/2877 
f 2814/2814/2814 2831/2831/2831 2787/2787/2787 
f 2859/2859/2859 2878/2878/2878 2857/2857/2857 
f 2862/2862/2862 2842/2842/2842 2863/2863/2863 
f 2842/2842/2842 2841/2841/2841 2863/2863/2863 
f 2859/2859/2859 2860/2860/2860 2879/2879/2879 
f 2880/2880/2880 2860/2860/2860 2858/2858/2858 
f 2860/2860/2860 2880/2880/2880 2881/2881/2881 
f 2882/2882/2882 2883/2883/2883 2884/2884/2884 
f 2838/2838/2838 2885/2885/2885 2839/2839/2839 
f 2886/2886/2886 2833/2833/2833 2835/2835/2835 
f 2859/2859/2859 2879/2879/2879 2887/2887/2887 
f 2888/2888/2888 2889/2889/2889 2890/2890/2890 
f 2835/2835/2835 2891/2891/2891 2886/2886/2886 
f 2886/2886/2886 2887/2887/2887 2879/2879/2879 
f 2887/2887/2887 2886/2886/2886 2891/2891/2891 
f 2892/2892/2892 2893/2893/2893 2894/2894/2894 
f 2841/2841/2841 2895/2895/2895 2896/2896/2896 
f 2897/2897/2897 2877/2877/2877 2814/2814/2814 
f 2896/2896/2896 2863/2863/2863 2841/2841/2841 
f 2826/2826/2826 2898/2898/2898 2876/2876/2876 
f 2899/2899/2899 2900/2900/2900 2901/2901/2901 
f 2821/2821/2821 2902/2902/2902 2819/2819/2819 
f 2884/2884/2884 2903/2903/2903 2882/2882/2882 
f 2904/2904/2904 2894/2894/2894 2893/2893/2893 
f 2905/2905/2905 2906/2906/2906 2907/2907/2907 
f 2908/2908/2908 2909/2909/2909 2910/2910/2910 
f 2876/2876/2876 2911/2911/2911 2821/2821/2821 
f 2849/2849/2849 2912/2912/2912 2876/2876/2876 
f 2912/2912/2912 2849/2849/2849 2850/2850/2850 
f 2913/2913/2913 2899/2899/2899 2901/2901/2901 
f 2827/2827/2827 2876/2876/2876 2912/2912/2912 
f 2876/2876/2876 2827/2827/2827 2826/2826/2826 
f 2832/2832/2832 2914/2914/2914 2787/2787/2787 
f 2915/2915/2915 2916/2916/2916 2917/2917/2917 
f 2917/2917/2917 2918/2918/2918 2915/2915/2915 
f 2919/2919/2919 2784/2784/2784 2786/2786/2786 
f 2918/2918/2918 2920/2920/2920 2915/2915/2915 
f 2914/2914/2914 2921/2921/2921 2787/2787/2787 
f 2922/2922/2922 2923/2923/2923 2924/2924/2924 
f 2925/2925/2925 2926/2926/2926 2927/2927/2927 
f 2748/2748/2748 2928/2928/2928 2749/2749/2749 
f 2929/2929/2929 2930/2930/2930 2931/2931/2931 
f 2932/2932/2932 2933/2933/2933 2934/2934/2934 
f 2935/2935/2935 2936/2936/2936 2937/2937/2937 
f 2938/2938/2938 2934/2934/2934 2939/2939/2939 
f 2934/2934/2934 2938/2938/2938 2932/2932/2932 
f 2940/2940/2940 2941/2941/2941 2941/2941/2941 
f 2942/2942/2942 2943/2943/2943 2944/2944/2944 
f 2939/2939/2939 2945/2945/2945 2938/2938/2938 
f 2941/2941/2941 2946/2946/2946 2947/2947/2947 
f 2860/2860/2860 2936/2936/2936 2879/2879/2879 
f 2936/2936/2936 2860/2860/2860 2937/2937/2937 
f 2948/2948/2948 2949/2949/2949 2950/2950/2950 
f 2949/2949/2949 2948/2948/2948 2951/2951/2951 
f 2950/2950/2950 2949/2949/2949 2952/2952/2952 
f 2910/2910/2910 2953/2953/2953 2908/2908/2908 
f 2954/2954/2954 2955/2955/2955 2956/2956/2956 
f 2957/2957/2957 2958/2958/2958 2959/2959/2959 
f 2959/2959/2959 2958/2958/2958 2960/2960/2960 
f 2961/2961/2961 2962/2962/2962 2963/2963/2963 
f 2964/2964/2964 2965/2965/2965 2966/2966/2966 
f 2967/2967/2967 2950/2950/2950 2952/2952/2952 
f 2952/2952/2952 2968/2968/2968 2967/2967/2967 
f 2956/2956/2956 2969/2969/2969 2954/2954/2954 
f 2956/2956/2956 2955/2955/2955 2970/2970/2970 
f 2966/2966/2966 2971/2971/2971 2964/2964/2964 
f 2967/2967/2967 2968/2968/2968 2972/2972/2972 
f 2941/2941/2941 2941/2941/2941 2947/2947/2947 
f 2973/2973/2973 2974/2974/2974 2973/2973/2973 
f 2941/2941/2941 2963/2963/2963 2975/2975/2975 
f 2975/2975/2975 2963/2963/2963 2962/2962/2962 
f 2975/2975/2975 2940/2940/2940 2941/2941/2941 
f 2976/2976/2976 2967/2967/2967 2972/2972/2972 
f 2970/2970/2970 2970/2970/2970 2956/2956/2956 
f 2936/2936/2936 2977/2977/2977 2879/2879/2879 
f 2978/2978/2978 2929/2929/2929 2931/2931/2931 
f 2906/2906/2906 2979/2979/2979 2980/2980/2980 
f 2931/2931/2931 2981/2981/2981 2978/2978/2978 
f 2982/2982/2982 2983/2983/2983 2984/2984/2984 
f 2985/2985/2985 2964/2964/2964 2821/2821/2821 
f 2986/2986/2986 2987/2987/2987 2988/2988/2988 
f 2989/2989/2989 2990/2990/2990 2984/2984/2984 
f 2960/2960/2960 2991/2991/2991 2959/2959/2959 
f 2964/2964/2964 2971/2971/2971 2821/2821/2821 
f 2985/2985/2985 2821/2821/2821 2911/2911/2911 
f 2906/2906/2906 2980/2980/2980 2907/2907/2907 
f 2746/2746/2746 2992/2992/2992 2744/2744/2744 
f 2806/2806/2806 2809/2809/2809 2804/2804/2804 
f 2993/2993/2993 2815/2815/2815 2817/2817/2817 
f 2759/2759/2759 2780/2780/2780 2803/2803/2803 
f 2866/2866/2866 2854/2854/2854 2856/2856/2856 
f 2824/2824/2824 2823/2823/2823 2994/2994/2994 
f 2995/2995/2995 2989/2989/2989 2984/2984/2984 
f 2983/2983/2983 2995/2995/2995 2984/2984/2984 

g Union5

v -4.18955 -6.75638 -3.18555 
v -4.18955 -5.71261 -3.18555 
v -2.78042 -6.75638 -0.744976 
v -4.18955 -5.71261 -3.18555 
v -4.18955 -6.75638 -3.18555 
v -5.22103 -6.75638 0.664107 
v -2.78042 -6.75638 -0.744976 
v -2.78042 -5.71261 -0.744976 
v -5.22103 -6.75638 0.664107 
v -2.78042 -5.71261 -0.744976 
v 3.18571 -5.71261 -4.18919 
v 3.1857 -5.71261 -4.1893 
v 3.18566 -5.71261 -4.18927 
v 3.1857 -5.71261 -4.1893 
v 3.18571 -5.71261 -4.18919 
v 3.1857 -6.75638 -4.1893 
v 3.18571 -6.75638 -4.18919 
v 3.18571 -5.71261 -4.18919 
v 3.18566 -5.71261 -4.18927 
v 3.18571 -6.75638 -4.18919 
v 3.1857 -6.75638 -4.1893 
v 3.18571 -6.75638 -4.18919 
v 3.18566 -6.75638 -4.18927 
v 3.1857 -5.71261 -4.1893 
v 3.1857 -6.75638 -4.1893 
v 3.18566 -6.75638 -4.18927 
v 5.2209 -5.71261 -0.664035 
v 5.22065 -5.71261 -0.663999 
v 5.22061 -5.71261 -0.663869 
v 3.18557 -5.71261 -4.18933 
v 5.2209 -5.71261 -0.664035 
v 5.2209 -6.75638 -0.664035 
v 3.18566 -5.71261 -4.18927 
v 5.22065 -5.71261 -0.663999 
v 5.22069 -5.71261 -0.664023 
v 5.22061 -5.71261 -0.663869 
v 5.22069 -5.71261 -0.664023 
v 5.22065 -5.71261 -0.663999 
v 3.05043 -5.71261 0.588975 
v 3.18566 -5.71261 -4.18927 
v 5.22069 -6.75638 -0.664023 
v 2.78017 -6.75638 0.745013 
v 2.78017 -6.75638 0.745013 
v 2.78017 -6.75638 0.745013 
v 5.22069 -6.75638 -0.664023 
v 4.41035 -6.75638 2.36049 
v 4.41035 -6.75638 2.36049 
v 5.22069 -6.75638 -0.664023 
v 5.22061 -6.75638 -0.663869 
v 5.22065 -6.75638 -0.663999 
v 5.22065 -6.75638 -0.663999 
v 3.18553 -6.75638 -4.18931 
v -0.663858 -6.75638 -5.22078 
v 3.18553 -5.71261 -4.18931 
v -0.663858 -6.75638 -5.22078 
v 3.18553 -6.75638 -4.18931 
v 2.56236 -6.75638 -3.82941 
v 2.56236 -6.75638 -3.82941 
v 3.18553 -6.75638 -4.18931 
v 3.18557 -6.75638 -4.18933 
v 0.745178 -6.75638 -2.78026 
v 3.18566 -6.75638 -4.18927 
v 3.18557 -6.75638 -4.18933 
v 2.56248 -6.75638 -3.82948 
v 2.56236 -6.75638 -3.82941 
v 3.18557 -6.75638 -4.18933 
v 2.56248 -6.75638 -3.82948 
v 5.2209 -6.75638 -0.664035 
v 5.22065 -6.75638 -0.663999 
v 3.18553 -5.71261 -4.18931 
v 3.18566 -5.71261 -4.18927 
v 3.18557 -5.71261 -4.18933 
v 3.18557 -5.71261 -4.18933 
v 4.41035 -5.71261 2.36049 
v 5.22061 -5.71261 -0.663869 
v 5.22061 -6.75638 -0.663869 
v 5.2209 -6.75638 -0.664035 
v 5.22061 -6.75638 -0.663869 
v -0.664118 -6.75638 -5.22085 
v 0.744966 -6.75638 -2.78025 
v -2.78038 -6.75638 -0.744893 
v 0.744966 -6.75638 -2.78025 
v -0.664118 -6.75638 -5.22085 
v 0.744966 -5.71261 -2.78025 
v 4.1892 -6.75638 3.18543 
v 4.18943 -6.75638 3.18573 
v 4.1892 -6.75638 3.18553 
v 4.18943 -6.75638 3.18573 
v 4.1892 -6.75638 3.18543 
v 4.1892 -5.71261 3.18543 
v 4.1892 -5.71261 3.18543 
v 4.1892 -6.75638 3.18543 
v 4.18943 -5.71261 3.18573 
v 4.1892 -5.71261 3.18543 
v 4.1892 -5.71261 3.18553 
v 4.18943 -5.71261 3.18573 
v 4.18943 -6.75638 3.18573 
v 4.18943 -5.71261 3.18573 
v 0.664131 -6.75638 5.22106 
v 2.7803 -5.71261 0.745048 
v 2.80566 -5.71261 0.789077 
v 3.05007 -5.71261 0.589296 
v 2.80566 -5.71261 0.789077 
v 2.7803 -5.71261 0.745048 
v 2.78035 -5.71261 0.74513 
v 2.78035 -5.71261 0.74513 
v 2.7803 -5.71261 0.745048 
v 3.05007 -5.71261 0.589296 
v 0.745178 -6.75638 -2.78026 
v 2.78017 -6.75638 0.745013 
v 2.56248 -6.75638 -3.82948 
v 0.745178 -6.75638 -2.78026 
v 0.745178 -6.75638 -2.78026 
v 0.745178 -6.75638 -2.78026 
v 0.745178 -6.75638 -2.78026 
v 0.745089 -6.75638 -2.78032 
v 3.05043 -5.71261 0.588975 
v 0.744966 -5.71261 -2.78025 
v 2.78035 -5.71261 0.74513 
v -2.78038 -5.71261 -0.744893 
v 5.22069 -5.71261 -0.664023 
v 3.05043 -5.71261 0.588975 
v 4.41035 -5.71261 2.36049 
v -0.663858 -5.71261 -5.22078 
v 0.745178 -5.71261 -2.78026 
v -0.663858 -6.75638 -5.22078 
v -0.663858 -5.71261 -5.22078 
v 0.745178 -5.71261 -2.78026 
v 3.18553 -5.71261 -4.18931 
v -0.663858 -5.71261 -5.22078 
v 0.745178 -5.71261 -2.78026 
v 0.745089 -6.75638 -2.78032 
v 0.744966 -6.75638 -2.78025 
v 0.745089 -6.75638 -2.78032 
v 0.744966 -5.71261 -2.78025 
v -0.744994 -6.75638 2.78049 
v 4.1892 -5.71261 3.18553 
v 3.05007 -5.71261 0.589296 
v -0.744994 -5.71261 2.78049 
v -0.664118 -5.71261 -5.22085 
v -4.18942 -5.71261 -3.18552 
v -2.78038 -5.71261 -0.744893 
v -4.18942 -5.71261 -3.18552 
v -4.18942 -6.75638 -3.18552 
v 0.664131 -5.71261 5.22106 
v 0.664131 -5.71261 5.22106 
v 2.80566 -5.71261 0.789077 
v 2.80567 -5.71261 0.789183 
v 4.1892 -5.71261 3.18553 
v 4.1892 -5.71261 3.18553 
v 2.80567 -5.71261 0.789183 
v 0.664131 -5.71261 5.22106 
v -0.744994 -5.71261 2.78049 
v 0.664131 -6.75638 5.22106 
v 2.80567 -5.71261 0.789183 
v 4.1892 -5.71261 3.18553 
v 4.1892 -5.71261 3.18553 
v 0.664131 -6.75638 5.22106 
v -4.18942 -6.75638 -3.18552 
v -4.18942 -5.71261 -3.18552 
v -0.664118 -5.71261 -5.22085 
v -4.18942 -6.75638 -3.18552 
v -2.78038 -6.75638 -0.744893 
v -0.744994 -6.75638 2.78049 
v -0.744994 -6.75638 2.78049 
v -0.744994 -5.71261 2.78049 
v -0.745083 -6.75638 2.78043 
v -2.78038 -5.71261 -0.744893 
v -2.78038 -6.75638 -0.744893 
v -5.22094 -6.75638 0.664166 
v -0.745083 -6.75638 2.78043 
v 2.78022 -6.75638 0.745095 
v -0.664118 -6.75638 -5.22085 
v 4.1892 -6.75638 3.18553 
v 4.1892 -6.75638 3.18553 
v 2.78022 -6.75638 0.745095 
v 2.78017 -6.75638 0.745013 
v 2.78017 -6.75638 0.745013 
v 4.1892 -6.75638 3.18553 
v 4.1892 -6.75638 3.18553 
v 4.1892 -6.75638 3.18553 
v -5.22103 -6.75638 0.664107 
v -4.18955 -6.75638 -3.18555 
v -2.78042 -6.75638 -0.744976 
v -5.22103 -5.71261 0.664107 
v -2.78042 -5.71261 -0.744976 
v -4.18955 -5.71261 -3.18555 
v -5.22103 -5.71261 0.664107 
v -2.5209 -5.71261 3.8057 
v -3.18565 -5.71261 4.18949 
v 0.663953 -5.71261 5.22095 
v -3.18565 -5.71261 4.18949 
v -2.5209 -5.71261 3.8057 
v -3.18569 -5.71261 4.1894 
v -3.18569 -5.71261 4.1894 
v -2.5209 -5.71261 3.8057 
v -5.22094 -5.71261 0.664166 
v -3.18569 -5.71261 4.1894 
v -3.18556 -6.75638 4.18944 
v -3.18565 -5.71261 4.18949 
v -3.18569 -5.71261 4.1894 
v -3.18565 -6.75638 4.18949 
v -3.18556 -6.75638 4.18944 
v -3.18556 -6.75638 4.18944 
v -3.18565 -6.75638 4.18949 
v -3.18565 -6.75638 4.18949 
v -3.18556 -6.75638 4.18944 
v -3.18569 -5.71261 4.1894 
v -5.22094 -6.75638 0.664166 
v -3.18556 -6.75638 4.18944 
v -5.22094 -5.71261 0.664166 
v -3.18561 -6.75638 4.18946 
v -5.22094 -5.71261 0.664166 
v -2.31342 -6.75638 3.68602 
v -3.18561 -6.75638 4.18946 
v -3.18561 -6.75638 4.18946 
v -3.18561 -6.75638 4.18946 
v -2.31342 -6.75638 3.68602 
v 0.663953 -6.75638 5.22095 
v -2.31355 -6.75638 3.68598 
v -3.18561 -6.75638 4.18946 
v 0.663953 -6.75638 5.22095 
v -3.18561 -5.71261 4.18946 
v -2.31355 -6.75638 3.68598 
v -2.31342 -6.75638 3.68602 
v -3.18561 -6.75638 4.18946 
v -3.18556 -6.75638 4.18944 
v -3.18561 -6.75638 4.18946 
v -3.18561 -6.75638 4.18946 
v -3.18561 -5.71261 4.18946 
v -5.22094 -6.75638 0.664166 
v -3.18561 -5.71261 4.18946 
v -3.18561 -5.71261 4.18946 
v -3.18569 -5.71261 4.1894 
v 0.663953 -5.71261 5.22095 
v -3.18569 -5.71261 4.1894 
v -2.52077 -5.71261 3.80573 
v -2.52077 -5.71261 3.80573 
v -2.52077 -5.71261 3.80573 
v -0.744994 -5.71261 2.78049 
v -0.744994 -5.71261 2.78049 
v -0.744994 -5.71261 2.78049 
v 0.663953 -5.71261 5.22095 
v -0.745083 -6.75638 2.78043 
v -0.745131 -6.75638 2.78034 
v -2.31355 -6.75638 3.68598 
v -0.745131 -6.75638 2.78034 
v -0.74509 -6.75638 2.78032 
v -0.74509 -6.75638 2.78032 
v -0.745131 -6.75638 2.78034 
v -0.74509 -6.75638 2.78032 
v -5.22103 -5.71261 0.664107 
v 5.2209 -5.71261 -0.664035 
v -0.664118 -5.71261 -5.22085 
v 0.663953 -6.75638 5.22095 

vn 0.866142 0 -0.496063 
vn 0.866142 0 -0.496063 
vn 0.866142 0 -0.496063 
vn -0.968504 0 -0.259843 
vn -0.968504 0 -0.259843 
vn -0.968504 0 -0.259843 
vn 0.503937 0 0.866142 
vn 0.503937 0 0.866142 
vn 0.503937 0 0.866142 
vn 0.866142 0 -0.496063 
vn 0 1 0 
vn 0 1 0 
vn 0 1 0 
vn 0.503937 0 0.866142 
vn 0.503937 0 0.866142 
vn 0.503937 0 0.866142 
vn 0.866142 0 -0.496063 
vn 0.866142 0 -0.496063 
vn 0.866142 0 -0.496063 
vn 0.503937 0 0.866142 
vn 0 -1 0 
vn 0 -1 0 
vn 0 -1 0 
vn 0.259843 0 -0.968504 
vn 0.259843 0 -0.968504 
vn 0.259843 0 -0.968504 
vn 0 1 0 
vn 0 1 0 
vn 0 1 0 
vn 0 1 0 
vn 0.866142 0 -0.496063 
vn 0.866142 0 -0.496063 
vn 0 1 0 
vn 0.968504 0 0.259843 
vn 0.968504 0 0.259843 
vn 0.968504 0 0.259843 
vn -0.503937 0 -0.866142 
vn -0.503937 0 -0.866142 
vn -0.503937 0 -0.866142 
vn 0.866142 0 -0.496063 
vn -0.503937 0 -0.866142 
vn -0.503937 0 -0.866142 
vn -0.503937 0 -0.866142 
vn 0 -1 0 
vn 0 -1 0 
vn 0 -1 0 
vn 0.968504 0 0.259843 
vn 0.968504 0 0.259843 
vn 0.968504 0 0.259843 
vn 0.968504 0 0.259843 
vn -0.503937 0 -0.866142 
vn 0.259843 0 -0.968504 
vn 0.259843 0 -0.968504 
vn 0.259843 0 -0.968504 
vn 0 -1 0 
vn 0 -1 0 
vn 0 -1 0 
vn -0.503937 0 -0.866142 
vn -0.503937 0 -0.866142 
vn -0.503937 0 -0.866142 
vn 0 -1 0 
vn 0.866142 0 -0.496063 
vn 0.866142 0 -0.496063 
vn 0 -1 0 
vn 0 -1 0 
vn 0 -1 0 
vn 0 -1 0 
vn 0 -1 0 
vn 0 -1 0 
vn -0.503937 0 -0.866142 
vn 0.259843 0 -0.968504 
vn 0.866142 0 -0.496063 
vn -0.503937 0 -0.866142 
vn 0.968504 0 0.259843 
vn 0.503937 0 0.866142 
vn 0.503937 0 0.866142 
vn 0.503937 0 0.866142 
vn 0 -1 0 
vn 0 -1 0 
vn 0 -1 0 
vn 0 -1 0 
vn 0.866142 0 -0.496063 
vn 0.866142 0 -0.496063 
vn 0.866142 0 -0.496063 
vn 0 -1 0 
vn 0 -1 0 
vn 0 -1 0 
vn 0.866142 0 -0.496063 
vn 0.866142 0 -0.496063 
vn 0.866142 0 -0.496063 
vn 0.968504 0 0.259843 
vn 0.968504 0 0.259843 
vn 0 1 0 
vn 0 1 0 
vn 0 1 0 
vn 0.866142 0 -0.496063 
vn 0.503937 0 0.866142 
vn 0.503937 0 0.866142 
vn 0.503937 0 0.866142 
vn 0 1 0 
vn 0 1 0 
vn 0 1 0 
vn 0.866142 0 -0.496063 
vn 0.866142 0 -0.496063 
vn 0.866142 0 -0.496063 
vn 0.503937 0 0.866142 
vn 0.503937 0 0.866142 
vn 0.503937 0 0.866142 
vn 0 -1 0 
vn 0 -1 0 
vn 0.503937 0 0.866142 
vn 0.503937 0 0.866142 
vn 0.503937 0 0.866142 
vn -0.866142 0 0.496063 
vn -0.866142 0 0.496063 
vn -0.866142 0 0.496063 
vn 0 1 0 
vn 0 1 0 
vn 0 1 0 
vn 0 1 0 
vn 0 1 0 
vn 0 1 0 
vn 0 1 0 
vn -0.866142 0 0.496063 
vn -0.866142 0 0.496063 
vn -0.866142 0 0.496063 
vn 0 1 0 
vn 0 1 0 
vn 0 1 0 
vn 0.259843 0 -0.968504 
vn -0.503937 0 -0.866142 
vn -0.503937 0 -0.866142 
vn -0.503937 0 -0.866142 
vn 0 -1 0 
vn -0.503937 0 -0.866142 
vn 0 -1 0 
vn 0.968504 0 0.259843 
vn 0 1 0 
vn 0 1 0 
vn 0 1 0 
vn 0 1 0 
vn -0.866142 0 0.496063 
vn -0.866142 0 0.496063 
vn -0.866142 0 0.496063 
vn 0.503937 0 0.866142 
vn 0 1 0 
vn 0 1 0 
vn -0.866142 0 0.496063 
vn -0.866142 0 0.496063 
vn -0.866142 0 0.496063 
vn 0 1 0 
vn -0.866142 0 0.496063 
vn -0.866142 0 0.496063 
vn -0.866142 0 0.496063 
vn 0 1 0 
vn 0 1 0 
vn 0.968504 0 0.259843 
vn 0 -1 0 
vn -0.503937 0 -0.866142 
vn -0.503937 0 -0.866142 
vn -0.503937 0 -0.866142 
vn 0 -1 0 
vn -0.866142 0 0.496063 
vn -0.866142 0 0.496063 
vn 0.503937 0 0.866142 
vn 0.503937 0 0.866142 
vn 0.503937 0 0.866142 
vn -0.503937 0 -0.866142 
vn -0.503937 0 -0.866142 
vn -0.503937 0 -0.866142 
vn 0 -1 0 
vn 0 -1 0 
vn -0.503937 0 -0.866142 
vn 0.968504 0 0.259843 
vn -0.866142 0 0.496063 
vn -0.866142 0 0.496063 
vn -0.866142 0 0.496063 
vn -0.866142 0 0.496063 
vn 0 -1 0 
vn -0.866142 0 0.496063 
vn 0.968504 0 0.259843 
vn 0 -1 0 
vn 0 -1 0 
vn 0 -1 0 
vn 0 1 0 
vn 0 1 0 
vn 0 1 0 
vn 0.503937 0 0.866142 
vn 0 1 0 
vn 0 1 0 
vn 0 1 0 
vn -0.503937 0 -0.866142 
vn -0.503937 0 -0.866142 
vn -0.503937 0 -0.866142 
vn 0 1 0 
vn 0 1 0 
vn 0 1 0 
vn -0.503937 0 -0.866142 
vn -0.503937 0 -0.866142 
vn -0.259843 0 0.968504 
vn -0.259843 0 0.968504 
vn 0 -1 0 
vn 0 -1 0 
vn 0 -1 0 
vn -0.503937 0 -0.866142 
vn -0.259843 0 0.968504 
vn -0.259843 0 0.968504 
vn -0.866142 0 0.496063 
vn -0.866142 0 0.496063 
vn -0.866142 0 0.496063 
vn -0.866142 0 0.496063 
vn -0.866142 0 0.496063 
vn -0.503937 0 -0.866142 
vn 0.503937 0 0.866142 
vn 0.503937 0 0.866142 
vn 0.503937 0 0.866142 
vn 0 -1 0 
vn 0 -1 0 
vn 0 -1 0 
vn 0 -1 0 
vn -0.259843 0 0.968504 
vn -0.259843 0 0.968504 
vn -0.259843 0 0.968504 
vn 0 -1 0 
vn 0 -1 0 
vn 0 -1 0 
vn -0.866142 0 0.496063 
vn -0.866142 0 0.496063 
vn 0.503937 0 0.866142 
vn 0.503937 0 0.866142 
vn 0 -1 0 
vn -0.866142 0 0.496063 
vn 0 1 0 
vn 0 1 0 
vn -0.259843 0 0.968504 
vn -0.866142 0 0.496063 
vn 0 1 0 
vn 0 1 0 
vn 0.503937 0 0.866142 
vn 0.503937 0 0.866142 
vn 0 1 0 
vn 0.866142 0 -0.496063 
vn 0.866142 0 -0.496063 
vn 0.866142 0 -0.496063 
vn 0 -1 0 
vn -0.503937 0 -0.866142 
vn -0.503937 0 -0.866142 
vn -0.503937 0 -0.866142 
vn 0.866142 0 -0.496063 
vn 0.866142 0 -0.496063 
vn 0 -1 0 
vn -0.968504 0 -0.259843 
vn 0.503937 0 0.866142 
vn 0.866142 0 -0.496063 
vn 0.866142 0 -0.496063 

vt 36.0652 -14.3933 
vt 35.9348 -14.3933 
vt 36.0652 -14.7456 
vt 36.0652 -15.2544 
vt 35.9348 -15.2544 
vt 35.9348 -15.6067 
vt 36.0652 -15.2544 
vt 35.9348 -15.2544 
vt 36.0652 -15.6067 
vt 35.9348 -14.7456 
vt 35.7456 -14.3933 
vt 35.7456 -14.3933 
vt 35.7456 -14.3933 
vt 35.9348 -14.3933 
vt 35.9348 -14.3933 
vt 36.0652 -14.3933 
vt 36.0652 -14.7456 
vt 35.9348 -14.7456 
vt 35.9348 -14.7456 
vt 36.0652 -14.3933 
vt 36.2544 -14.3933 
vt 36.2544 -14.3933 
vt 36.2544 -14.3933 
vt 36.0652 -14.3933 
vt 35.9348 -14.3933 
vt 35.9348 -14.3933 
vt 36.2544 -14.3933 
vt 36.2544 -14.3933 
vt 36.2544 -14.3934 
vt 35.7456 -14.3933 
vt 35.9348 -15.2544 
vt 36.0652 -15.2544 
vt 35.7456 -14.3933 
vt 35.9348 -14.3933 
vt 35.9348 -14.3933 
vt 35.9348 -14.3934 
vt 36.0652 -14.3933 
vt 36.0652 -14.3933 
vt 36.0652 -14.7066 
vt 35.9348 -14.7456 
vt 35.9348 -14.3933 
vt 35.9348 -14.7456 
vt 35.9348 -14.7456 
vt 35.7456 -14.7456 
vt 35.7456 -14.3933 
vt 35.4688 -14.6701 
vt 36.0652 -14.6701 
vt 36.0652 -14.3933 
vt 36.0652 -14.3934 
vt 36.0652 -14.3933 
vt 35.9348 -14.3933 
vt 35.9348 -14.3933 
vt 35.9348 -14.7456 
vt 36.0652 -14.3933 
vt 36.6067 -14.7456 
vt 36.2544 -14.3933 
vt 36.2544 -14.4833 
vt 35.9348 -14.4833 
vt 35.9348 -14.3933 
vt 35.9348 -14.3933 
vt 36.2544 -14.7456 
vt 36.0652 -14.7456 
vt 36.0652 -14.7456 
vt 36.2544 -14.4833 
vt 36.2544 -14.4833 
vt 36.2544 -14.3933 
vt 36.2544 -14.4833 
vt 35.7456 -14.3933 
vt 35.7456 -14.3933 
vt 36.0652 -14.3933 
vt 36.0652 -14.3933 
vt 35.9348 -14.7456 
vt 36.0652 -14.3933 
vt 35.9348 -14.6701 
vt 35.9348 -14.3934 
vt 36.0652 -14.3934 
vt 36.0652 -14.3933 
vt 35.7456 -14.3934 
vt 36.6067 -14.7456 
vt 36.2544 -14.7456 
vt 36.2544 -15.2544 
vt 36.0652 -14.7456 
vt 36.0652 -14.3933 
vt 35.9348 -14.7456 
vt 35.3933 -14.7456 
vt 35.3933 -14.7456 
vt 35.3933 -14.7456 
vt 36.0652 -15.6067 
vt 36.0652 -15.6067 
vt 35.9348 -15.6067 
vt 35.9348 -14.7456 
vt 36.0652 -14.7456 
vt 36.6067 -14.7456 
vt 36.6067 -14.7456 
vt 36.6067 -14.7456 
vt 35.9348 -15.6067 
vt 36.0652 -14.7456 
vt 35.9348 -14.7456 
vt 36.0652 -15.2544 
vt 36.2544 -14.7456 
vt 36.2608 -14.7456 
vt 36.2544 -14.7067 
vt 35.9348 -15.2608 
vt 35.9348 -15.2544 
vt 35.9348 -15.2544 
vt 35.9348 -14.7456 
vt 35.9348 -14.7456 
vt 35.9348 -14.7067 
vt 36.2544 -14.7456 
vt 35.7456 -14.7456 
vt 36.0652 -14.4833 
vt 36.0652 -14.7456 
vt 36.0652 -14.7456 
vt 35.9348 -14.7456 
vt 35.9348 -14.7456 
vt 35.9348 -14.7456 
vt 36.2544 -14.7066 
vt 35.7456 -14.7456 
vt 36.2544 -14.7456 
vt 35.7456 -15.2544 
vt 36.2544 -14.3933 
vt 36.2544 -14.7066 
vt 36.5312 -14.6701 
vt 36.0652 -14.3933 
vt 36.0652 -14.7456 
vt 35.9348 -14.3933 
vt 35.3933 -14.7456 
vt 35.7456 -14.7456 
vt 35.7456 -14.3933 
vt 36.0652 -14.7456 
vt 36.0652 -14.7456 
vt 35.9348 -14.7456 
vt 35.9348 -14.7456 
vt 36.2544 -14.7456 
vt 36.0652 -14.7456 
vt 35.7456 -15.2544 
vt 35.9348 -14.7456 
vt 36.2544 -14.7067 
vt 36.2544 -15.2544 
vt 35.3933 -14.7456 
vt 35.3933 -15.2544 
vt 36.0652 -14.7456 
vt 36.0652 -14.3933 
vt 35.9348 -14.3933 
vt 35.9348 -15.2544 
vt 36.6067 -15.2544 
vt 36.2608 -14.7456 
vt 36.0652 -15.2608 
vt 36.0652 -15.6067 
vt 36.0652 -15.6067 
vt 36.2608 -14.7456 
vt 36.0652 -15.6067 
vt 36.0652 -15.2544 
vt 35.9348 -15.6067 
vt 36.2608 -14.7456 
vt 36.6067 -14.7456 
vt 35.9348 -14.7456 
vt 35.3933 -15.2544 
vt 35.9348 -15.2544 
vt 36.0652 -15.2544 
vt 36.0652 -14.7456 
vt 36.6067 -15.2544 
vt 35.9348 -14.7456 
vt 35.9348 -15.2544 
vt 36.0652 -15.2544 
vt 35.9348 -15.2544 
vt 36.0652 -15.2544 
vt 36.0652 -15.2544 
vt 35.9348 -15.2544 
vt 35.9348 -15.6067 
vt 35.7456 -15.2544 
vt 35.7456 -14.7456 
vt 35.9348 -14.7456 
vt 36.0652 -14.7456 
vt 35.9348 -15.6067 
vt 35.9348 -15.2544 
vt 35.9348 -15.2544 
vt 35.9348 -15.2544 
vt 35.3933 -14.7456 
vt 35.9348 -15.6067 
vt 36.0652 -14.7456 
vt 36.2544 -15.6067 
vt 36.6067 -15.2544 
vt 36.2544 -15.2544 
vt 35.7456 -15.6067 
vt 35.7456 -15.2544 
vt 35.3933 -15.2544 
vt 35.9348 -15.6067 
vt 36.2544 -15.5108 
vt 36.2544 -15.6067 
vt 36.6067 -15.2544 
vt 36.0652 -15.6067 
vt 36.0652 -15.5108 
vt 36.0652 -15.6067 
vt 36.2544 -15.6067 
vt 36.2544 -15.5108 
vt 35.7456 -15.6067 
vt 36.0652 -15.6067 
vt 35.9348 -15.6067 
vt 35.9348 -15.6067 
vt 35.9348 -15.6067 
vt 35.7456 -15.6067 
vt 35.7456 -15.6067 
vt 35.7456 -15.6067 
vt 35.9348 -15.6067 
vt 36.0652 -15.6067 
vt 36.0652 -15.6067 
vt 36.0652 -15.2544 
vt 35.9348 -14.7456 
vt 35.9348 -15.2544 
vt 36.0652 -14.7456 
vt 35.9348 -15.2544 
vt 36.0652 -15.6067 
vt 36.0652 -15.4808 
vt 36.0652 -15.6067 
vt 36.0652 -15.6067 
vt 35.7456 -15.6067 
vt 35.7456 -15.4808 
vt 35.3933 -15.2544 
vt 35.7456 -15.4808 
vt 36.0652 -15.6067 
vt 36.0652 -15.2544 
vt 35.9348 -15.6067 
vt 35.7456 -15.4808 
vt 35.7456 -15.4808 
vt 35.7456 -15.6067 
vt 35.9348 -15.2544 
vt 35.9348 -15.2544 
vt 36.0652 -15.6067 
vt 35.9348 -15.6067 
vt 36.2544 -15.6067 
vt 36.0652 -15.2544 
vt 36.2544 -15.6067 
vt 36.2544 -15.6067 
vt 35.9348 -15.2544 
vt 36.0652 -15.2544 
vt 36.2544 -15.5107 
vt 36.2544 -15.5107 
vt 35.9348 -15.5107 
vt 35.9348 -15.2544 
vt 36.2544 -15.2544 
vt 35.9348 -15.2544 
vt 35.9348 -15.6067 
vt 36.0652 -15.2544 
vt 35.7456 -15.2544 
vt 35.9348 -15.4808 
vt 35.9348 -15.2544 
vt 35.9348 -15.2544 
vt 36.0652 -15.2544 
vt 36.0652 -15.2544 
vt 35.7456 -15.2544 
vt 36.0652 -15.6067 
vt 35.9348 -14.3933 
vt 35.9348 -14.3933 
vt 36.0652 -15.6067 

usemtl Union3Mtl

f 2996/2996/2996 2997/2997/2997 2998/2998/2998 
f 2999/2999/2999 3000/3000/3000 3001/3001/3001 
f 3002/3002/3002 3003/3003/3003 3004/3004/3004 
f 3005/3005/3005 2998/2998/2998 2997/2997/2997 
f 3006/3006/3006 3007/3007/3007 3008/3008/3008 
f 3009/3009/3009 3010/3010/3010 3011/3011/3011 
f 3012/3012/3012 3013/3013/3013 3014/3014/3014 
f 3010/3010/3010 3015/3015/3015 3011/3011/3011 
f 3016/3016/3016 3017/3017/3017 3018/3018/3018 
f 3019/3019/3019 3020/3020/3020 3021/3021/3021 
f 3022/3022/3022 3023/3023/3023 3024/3024/3024 
f 3023/3023/3023 3022/3022/3022 3025/3025/3025 
f 3014/3014/3014 3026/3026/3026 3027/3027/3027 
f 3022/3022/3022 3028/3028/3028 3025/3025/3025 
f 3029/3029/3029 3030/3030/3030 3031/3031/3031 
f 3032/3032/3032 3033/3033/3033 3034/3034/3034 
f 3014/3014/3014 3027/3027/3027 3012/3012/3012 
f 3014/3014/3014 3013/3013/3013 3035/3035/3035 
f 3036/3036/3036 3037/3037/3037 3038/3038/3038 
f 3039/3039/3039 3040/3040/3040 3041/3041/3041 
f 3042/3042/3042 3043/3043/3043 3044/3044/3044 
f 3043/3043/3043 3045/3045/3045 3044/3044/3044 
f 3046/3046/3046 3036/3036/3036 3038/3038/3038 
f 3047/3047/3047 3048/3048/3048 3049/3049/3049 
f 3050/3050/3050 3051/3051/3051 3052/3052/3052 
f 3053/3053/3053 3054/3054/3054 3055/3055/3055 
f 3050/3050/3050 3052/3052/3052 3056/3056/3056 
f 3057/3057/3057 3012/3012/3012 3058/3058/3058 
f 3059/3059/3059 3060/3060/3060 3061/3061/3061 
f 3052/3052/3052 3062/3062/3062 3056/3056/3056 
f 3061/3061/3061 3063/3063/3063 3064/3064/3064 
f 3027/3027/3027 3058/3058/3058 3012/3012/3012 
f 3057/3057/3057 3058/3058/3058 3035/3035/3035 
f 3054/3054/3054 3065/3065/3065 3055/3055/3055 
f 3021/3021/3021 3066/3066/3066 3019/3019/3019 
f 3058/3058/3058 3067/3067/3067 3014/3014/3014 
f 3068/3068/3068 3055/3055/3055 3065/3065/3065 
f 3031/3031/3031 3069/3069/3069 3042/3042/3042 
f 3069/3069/3069 3031/3031/3031 3030/3030/3030 
f 3044/3044/3044 3031/3031/3031 3042/3042/3042 
f 3070/3070/3070 3071/3071/3071 3072/3072/3072 
f 3063/3063/3063 3073/3073/3073 3064/3064/3064 
f 3074/3074/3074 3075/3075/3075 3076/3076/3076 
f 3077/3077/3077 3078/3078/3078 3079/3079/3079 
f 3080/3080/3080 3081/3081/3081 3082/3082/3082 
f 3083/3083/3083 3084/3084/3084 3085/3085/3085 
f 3086/3086/3086 3087/3087/3087 3042/3042/3042 
f 3088/3088/3088 3089/3089/3089 3090/3090/3090 
f 3085/3085/3085 3091/3091/3091 3083/3083/3083 
f 3092/3092/3092 3093/3093/3093 3094/3094/3094 
f 3095/3095/3095 3096/3096/3096 3097/3097/3097 
f 3098/3098/3098 3099/3099/3099 3100/3100/3100 
f 3101/3101/3101 3102/3102/3102 3103/3103/3103 
f 3104/3104/3104 3059/3059/3059 3105/3105/3105 
f 3106/3106/3106 3107/3107/3107 3108/3108/3108 
f 3109/3109/3109 3110/3110/3110 3111/3111/3111 
f 3112/3112/3112 3113/3113/3113 3114/3114/3114 
f 3113/3113/3113 3112/3112/3112 3025/3025/3025 
f 3112/3112/3112 3023/3023/3023 3025/3025/3025 
f 3114/3114/3114 3113/3113/3113 3115/3115/3115 
f 3116/3116/3116 3117/3117/3117 3118/3118/3118 
f 3105/3105/3105 3059/3059/3059 3064/3064/3064 
f 3119/3119/3119 3111/3111/3111 3120/3120/3120 
f 3111/3111/3111 3119/3119/3119 3121/3121/3121 
f 3122/3122/3122 3123/3123/3123 3124/3124/3124 
f 3048/3048/3048 3125/3125/3125 3049/3049/3049 
f 3126/3126/3126 3127/3127/3127 3128/3128/3128 
f 3129/3129/3129 3104/3104/3104 3075/3075/3075 
f 3126/3126/3126 3130/3130/3130 3065/3065/3065 
f 3130/3130/3130 3126/3126/3126 3128/3128/3128 
f 3104/3104/3104 3076/3076/3076 3075/3075/3075 
f 3076/3076/3076 3104/3104/3104 3131/3131/3131 
f 3130/3130/3130 3068/3068/3068 3065/3065/3065 
f 3086/3086/3086 3069/3069/3069 3132/3132/3132 
f 3069/3069/3069 3086/3086/3086 3042/3042/3042 
f 3114/3114/3114 3133/3133/3133 3112/3112/3112 
f 3117/3117/3117 3097/3097/3097 3118/3118/3118 
f 3097/3097/3097 3096/3096/3096 3118/3118/3118 
f 3114/3114/3114 3115/3115/3115 3134/3134/3134 
f 3135/3135/3135 3115/3115/3115 3113/3113/3113 
f 3115/3115/3115 3135/3135/3135 3136/3136/3136 
f 3137/3137/3137 3138/3138/3138 3139/3139/3139 
f 3093/3093/3093 3140/3140/3140 3094/3094/3094 
f 3141/3141/3141 3088/3088/3088 3090/3090/3090 
f 3114/3114/3114 3134/3134/3134 3142/3142/3142 
f 3143/3143/3143 3144/3144/3144 3145/3145/3145 
f 3090/3090/3090 3146/3146/3146 3141/3141/3141 
f 3141/3141/3141 3142/3142/3142 3134/3134/3134 
f 3142/3142/3142 3141/3141/3141 3146/3146/3146 
f 3147/3147/3147 3148/3148/3148 3149/3149/3149 
f 3096/3096/3096 3150/3150/3150 3151/3151/3151 
f 3152/3152/3152 3132/3132/3132 3069/3069/3069 
f 3151/3151/3151 3118/3118/3118 3096/3096/3096 
f 3081/3081/3081 3153/3153/3153 3131/3131/3131 
f 3154/3154/3154 3155/3155/3155 3156/3156/3156 
f 3076/3076/3076 3157/3157/3157 3074/3074/3074 
f 3139/3139/3139 3158/3158/3158 3137/3137/3137 
f 3159/3159/3159 3149/3149/3149 3148/3148/3148 
f 3160/3160/3160 3161/3161/3161 3162/3162/3162 
f 3163/3163/3163 3164/3164/3164 3165/3165/3165 
f 3131/3131/3131 3166/3166/3166 3076/3076/3076 
f 3104/3104/3104 3167/3167/3167 3131/3131/3131 
f 3167/3167/3167 3104/3104/3104 3105/3105/3105 
f 3168/3168/3168 3154/3154/3154 3156/3156/3156 
f 3082/3082/3082 3131/3131/3131 3167/3167/3167 
f 3131/3131/3131 3082/3082/3082 3081/3081/3081 
f 3087/3087/3087 3169/3169/3169 3042/3042/3042 
f 3170/3170/3170 3171/3171/3171 3172/3172/3172 
f 3172/3172/3172 3173/3173/3173 3170/3170/3170 
f 3174/3174/3174 3039/3039/3039 3041/3041/3041 
f 3173/3173/3173 3175/3175/3175 3170/3170/3170 
f 3169/3169/3169 3176/3176/3176 3042/3042/3042 
f 3177/3177/3177 3178/3178/3178 3179/3179/3179 
f 3180/3180/3180 3181/3181/3181 3182/3182/3182 
f 3003/3003/3003 3183/3183/3183 3004/3004/3004 
f 3184/3184/3184 3185/3185/3185 3186/3186/3186 
f 3187/3187/3187 3188/3188/3188 3189/3189/3189 
f 3190/3190/3190 3191/3191/3191 3192/3192/3192 
f 3193/3193/3193 3189/3189/3189 3194/3194/3194 
f 3189/3189/3189 3193/3193/3193 3187/3187/3187 
f 3195/3195/3195 3196/3196/3196 3196/3196/3196 
f 3197/3197/3197 3198/3198/3198 3199/3199/3199 
f 3194/3194/3194 3200/3200/3200 3193/3193/3193 
f 3196/3196/3196 3201/3201/3201 3202/3202/3202 
f 3115/3115/3115 3191/3191/3191 3134/3134/3134 
f 3191/3191/3191 3115/3115/3115 3192/3192/3192 
f 3203/3203/3203 3204/3204/3204 3205/3205/3205 
f 3204/3204/3204 3203/3203/3203 3206/3206/3206 
f 3205/3205/3205 3204/3204/3204 3207/3207/3207 
f 3165/3165/3165 3208/3208/3208 3163/3163/3163 
f 3209/3209/3209 3210/3210/3210 3211/3211/3211 
f 3212/3212/3212 3213/3213/3213 3214/3214/3214 
f 3214/3214/3214 3213/3213/3213 3215/3215/3215 
f 3216/3216/3216 3217/3217/3217 3218/3218/3218 
f 3219/3219/3219 3220/3220/3220 3221/3221/3221 
f 3222/3222/3222 3205/3205/3205 3207/3207/3207 
f 3207/3207/3207 3223/3223/3223 3222/3222/3222 
f 3211/3211/3211 3224/3224/3224 3209/3209/3209 
f 3211/3211/3211 3210/3210/3210 3225/3225/3225 
f 3221/3221/3221 3226/3226/3226 3219/3219/3219 
f 3222/3222/3222 3223/3223/3223 3227/3227/3227 
f 3196/3196/3196 3196/3196/3196 3202/3202/3202 
f 3228/3228/3228 3229/3229/3229 3228/3228/3228 
f 3196/3196/3196 3218/3218/3218 3230/3230/3230 
f 3230/3230/3230 3218/3218/3218 3217/3217/3217 
f 3230/3230/3230 3195/3195/3195 3196/3196/3196 
f 3231/3231/3231 3222/3222/3222 3227/3227/3227 
f 3225/3225/3225 3225/3225/3225 3211/3211/3211 
f 3191/3191/3191 3232/3232/3232 3134/3134/3134 
f 3233/3233/3233 3184/3184/3184 3186/3186/3186 
f 3161/3161/3161 3234/3234/3234 3235/3235/3235 
f 3186/3186/3186 3236/3236/3236 3233/3233/3233 
f 3237/3237/3237 3238/3238/3238 3239/3239/3239 
f 3240/3240/3240 3219/3219/3219 3076/3076/3076 
f 3241/3241/3241 3242/3242/3242 3243/3243/3243 
f 3244/3244/3244 3245/3245/3245 3239/3239/3239 
f 3215/3215/3215 3246/3246/3246 3214/3214/3214 
f 3219/3219/3219 3226/3226/3226 3076/3076/3076 
f 3240/3240/3240 3076/3076/3076 3166/3166/3166 
f 3161/3161/3161 3235/3235/3235 3162/3162/3162 
f 3001/3001/3001 3247/3247/3247 2999/2999/2999 
f 3061/3061/3061 3064/3064/3064 3059/3059/3059 
f 3248/3248/3248 3070/3070/3070 3072/3072/3072 
f 3014/3014/3014 3035/3035/3035 3058/3058/3058 
f 3121/3121/3121 3109/3109/3109 3111/3111/3111 
f 3079/3079/3079 3078/3078/3078 3249/3249/3249 
f 3250/3250/3250 3244/3244/3244 3239/3239/3239 
f 3238/3238/3238 3250/3250/3250 3239/3239/3239 

g Union6

v 0.604374 6.01712 4.75211 
v 0.604374 5.06707 4.75211 
v -0.678155 6.01713 2.53062 
v 0.604374 5.06707 4.75211 
v 0.604374 6.01712 4.75211 
v -2.89962 6.01713 3.81319 
v -0.678155 6.01713 2.53062 
v -0.678155 5.06707 2.53062 
v -2.89962 6.01713 3.81319 
v -0.678155 5.06707 2.53062 
v 4.75203 5.06707 -0.604798 
v 4.75211 5.06707 -0.604745 
v 4.75208 5.06707 -0.604723 
v 4.75211 5.06707 -0.604745 
v 4.75203 5.06707 -0.604798 
v 4.75211 6.01712 -0.604745 
v 4.75203 6.01712 -0.604798 
v 4.75203 5.06707 -0.604798 
v 4.75208 5.06707 -0.604723 
v 4.75203 6.01712 -0.604798 
v 4.75211 6.01712 -0.604745 
v 4.75203 6.01712 -0.604798 
v 4.75208 6.01712 -0.604723 
v 4.75211 5.06707 -0.604745 
v 4.75211 6.01712 -0.604745 
v 4.75208 6.01712 -0.604723 
v 2.8995 5.06707 -3.8134 
v 2.89935 5.06707 -3.81321 
v 2.89923 5.06707 -3.81324 
v 4.75208 5.06707 -0.604626 
v 2.8995 5.06707 -3.8134 
v 2.8995 6.01712 -3.8134 
v 4.75208 5.06707 -0.604723 
v 2.89935 5.06707 -3.81321 
v 2.89939 5.06707 -3.81323 
v 2.89923 5.06707 -3.81324 
v 2.89939 5.06707 -3.81323 
v 2.89935 5.06707 -3.81321 
v 0.923993 5.06707 -2.67274 
v 4.75208 5.06707 -0.604723 
v 2.89939 6.01713 -3.81323 
v 0.677994 6.01713 -2.53071 
v 0.677994 6.01713 -2.53071 
v 0.677994 6.01713 -2.53071 
v 2.89939 6.01713 -3.81323 
v 0.14647 6.01713 -4.55094 
v 0.14647 6.01713 -4.55094 
v 2.89939 6.01713 -3.81323 
v 2.89923 6.01712 -3.81324 
v 2.89935 6.01712 -3.81321 
v 2.89935 6.01712 -3.81321 
v 4.75204 6.01712 -0.604604 
v 3.81324 6.01712 2.89917 
v 4.75204 5.06707 -0.604604 
v 3.81324 6.01712 2.89917 
v 4.75204 6.01712 -0.604604 
v 4.18474 6.01712 -0.277172 
v 4.18474 6.01712 -0.277172 
v 4.75204 6.01712 -0.604604 
v 4.75208 6.01712 -0.604626 
v 2.53072 6.01712 0.677778 
v 4.75208 6.01712 -0.604723 
v 4.75208 6.01712 -0.604626 
v 4.18485 6.01712 -0.277237 
v 4.18474 6.01712 -0.277172 
v 4.75208 6.01712 -0.604626 
v 4.18485 6.01712 -0.277237 
v 2.8995 6.01712 -3.8134 
v 2.89935 6.01712 -3.81321 
v 4.75204 5.06707 -0.604604 
v 4.75208 5.06707 -0.604723 
v 4.75208 5.06707 -0.604626 
v 4.75208 5.06707 -0.604626 
v 0.14647 5.06707 -4.55094 
v 2.89923 5.06707 -3.81324 
v 2.89923 6.01712 -3.81324 
v 2.8995 6.01712 -3.8134 
v 2.89923 6.01712 -3.81324 
v 3.81318 6.01712 2.89941 
v 2.53061 6.01712 0.67794 
v -0.678198 6.01712 2.53055 
v 2.53061 6.01712 0.67794 
v 3.81318 6.01712 2.89941 
v 2.53061 5.06707 0.67794 
v -0.604448 6.01713 -4.75205 
v -0.604584 6.01713 -4.75237 
v -0.604529 6.01713 -4.7521 
v -0.604584 6.01713 -4.75237 
v -0.604448 6.01713 -4.75205 
v -0.604448 5.06707 -4.75205 
v -0.604448 5.06707 -4.75205 
v -0.604448 6.01713 -4.75205 
v -0.604584 5.06707 -4.75237 
v -0.604448 5.06707 -4.75205 
v -0.604529 5.06707 -4.7521 
v -0.604584 5.06707 -4.75237 
v -0.604584 6.01713 -4.75237 
v -0.604584 5.06707 -4.75237 
v -3.81336 6.01713 -2.89979 
v 0.678026 5.06707 -2.53083 
v 0.654863 5.06707 -2.57086 
v 0.923574 5.06707 -2.6726 
v 0.654863 5.06707 -2.57086 
v 0.678026 5.06707 -2.53083 
v 0.677983 5.06707 -2.53091 
v 0.677983 5.06707 -2.53091 
v 0.678026 5.06707 -2.53083 
v 0.923574 5.06707 -2.6726 
v 2.53072 6.01712 0.677778 
v 0.677994 6.01713 -2.53071 
v 4.18485 6.01712 -0.277237 
v 2.53072 6.01712 0.677778 
v 2.53072 6.01712 0.677778 
v 2.53072 6.01712 0.677778 
v 2.53072 6.01712 0.677778 
v 2.53073 6.01712 0.677875 
v 0.923993 5.06707 -2.67274 
v 2.53061 5.06707 0.67794 
v 0.677983 5.06707 -2.53091 
v -0.678198 5.06707 2.53055 
v 2.89939 5.06707 -3.81323 
v 0.923993 5.06707 -2.67274 
v 0.14647 5.06707 -4.55094 
v 3.81324 5.06707 2.89917 
v 2.53072 5.06707 0.677778 
v 3.81324 6.01712 2.89917 
v 3.81324 5.06707 2.89917 
v 2.53072 5.06707 0.677778 
v 4.75204 5.06707 -0.604604 
v 3.81324 5.06707 2.89917 
v 2.53072 5.06707 0.677778 
v 2.53073 6.01712 0.677875 
v 2.53061 6.01712 0.67794 
v 2.53073 6.01712 0.677875 
v 2.53061 5.06707 0.67794 
v -2.53083 6.01713 -0.678298 
v -0.604529 5.06707 -4.7521 
v 0.923574 5.06707 -2.6726 
v -2.53083 5.06707 -0.678298 
v 3.81318 5.06707 2.89941 
v 0.604406 5.06707 4.75199 
v -0.678198 5.06707 2.53055 
v 0.604406 5.06707 4.75199 
v 0.604406 6.01712 4.75199 
v -3.81336 5.06707 -2.89979 
v -3.81336 5.06707 -2.89979 
v 0.654863 5.06707 -2.57086 
v 0.654782 5.06707 -2.57092 
v -0.604529 5.06707 -4.7521 
v -0.604529 5.06707 -4.7521 
v 0.654782 5.06707 -2.57092 
v -3.81336 5.06707 -2.89979 
v -2.53083 5.06707 -0.678298 
v -3.81336 6.01713 -2.89979 
v 0.654782 5.06707 -2.57092 
v -0.604529 5.06707 -4.7521 
v -0.604529 5.06707 -4.7521 
v -3.81336 6.01713 -2.89979 
v 0.604406 6.01712 4.75199 
v 0.604406 5.06707 4.75199 
v 3.81318 5.06707 2.89941 
v 0.604406 6.01712 4.75199 
v -0.678198 6.01712 2.53055 
v -2.53083 6.01713 -0.678298 
v -2.53083 6.01713 -0.678298 
v -2.53083 5.06707 -0.678298 
v -2.53082 6.01713 -0.678202 
v -0.678198 5.06707 2.53055 
v -0.678198 6.01712 2.53055 
v -2.89963 6.01712 3.81309 
v -2.53082 6.01713 -0.678202 
v 0.677951 6.01713 -2.53079 
v 3.81318 6.01712 2.89941 
v -0.604529 6.01713 -4.7521 
v -0.604529 6.01713 -4.7521 
v 0.677951 6.01713 -2.53079 
v 0.677994 6.01713 -2.53071 
v 0.677994 6.01713 -2.53071 
v -0.604529 6.01713 -4.7521 
v -0.604529 6.01713 -4.7521 
v -0.604529 6.01713 -4.7521 
v -2.89962 6.01713 3.81319 
v 0.604374 6.01712 4.75211 
v -0.678155 6.01713 2.53062 
v -2.89962 5.06707 3.81319 
v -0.678155 5.06707 2.53062 
v 0.604374 5.06707 4.75211 
v -2.89962 5.06707 3.81319 
v -4.14719 5.06707 0.255011 
v -4.75225 5.06707 0.604343 
v -3.81334 5.06707 -2.89959 
v -4.75225 5.06707 0.604343 
v -4.14719 5.06707 0.255011 
v -4.75221 5.06707 0.604418 
v -4.75221 5.06707 0.604418 
v -4.14719 5.06707 0.255011 
v -2.89963 5.06707 3.81309 
v -4.75221 5.06707 0.604418 
v -4.75218 6.01713 0.604299 
v -4.75225 5.06707 0.604343 
v -4.75221 5.06707 0.604418 
v -4.75225 6.01713 0.604343 
v -4.75218 6.01713 0.604299 
v -4.75218 6.01713 0.604299 
v -4.75225 6.01713 0.604343 
v -4.75225 6.01713 0.604343 
v -4.75218 6.01713 0.604299 
v -4.75221 5.06707 0.604418 
v -2.89963 6.01712 3.81309 
v -4.75218 6.01713 0.604299 
v -2.89963 5.06707 3.81309 
v -4.75222 6.01713 0.604321 
v -2.89963 5.06707 3.81309 
v -3.95843 6.01713 0.145926 
v -4.75222 6.01713 0.604321 
v -4.75222 6.01713 0.604321 
v -4.75222 6.01713 0.604321 
v -3.95843 6.01713 0.145926 
v -3.81334 6.01713 -2.89959 
v -3.95846 6.01713 0.146045 
v -4.75222 6.01713 0.604321 
v -3.81334 6.01713 -2.89959 
v -4.75222 5.06707 0.604321 
v -3.95846 6.01713 0.146045 
v -3.95843 6.01713 0.145926 
v -4.75222 6.01713 0.604321 
v -4.75218 6.01713 0.604299 
v -4.75222 6.01713 0.604321 
v -4.75222 6.01713 0.604321 
v -4.75222 5.06707 0.604321 
v -2.89963 6.01712 3.81309 
v -4.75222 5.06707 0.604321 
v -4.75222 5.06707 0.604321 
v -4.75221 5.06707 0.604418 
v -3.81334 5.06707 -2.89959 
v -4.75221 5.06707 0.604418 
v -4.14716 5.06707 0.254893 
v -4.14716 5.06707 0.254893 
v -4.14716 5.06707 0.254893 
v -2.53083 5.06707 -0.678298 
v -2.53083 5.06707 -0.678298 
v -2.53083 5.06707 -0.678298 
v -3.81334 5.06707 -2.89959 
v -2.53082 6.01713 -0.678202 
v -2.53078 6.01713 -0.678127 
v -3.95846 6.01713 0.146045 
v -2.53078 6.01713 -0.678127 
v -2.53074 6.01713 -0.678148 
v -2.53074 6.01713 -0.678148 
v -2.53078 6.01713 -0.678127 
v -2.53074 6.01713 -0.678148 
v -2.89962 5.06707 3.81319 
v 2.8995 5.06707 -3.8134 
v 3.81318 5.06707 2.89941 
v -3.81334 6.01713 -2.89959 

vn 0.866142 0 -0.496063 
vn 0.866142 0 -0.496063 
vn 0.866142 0 -0.496063 
vn -0.259843 0 0.968504 
vn -0.259843 0 0.968504 
vn -0.259843 0 0.968504 
vn -0.503937 0 -0.866142 
vn -0.503937 0 -0.866142 
vn -0.503937 0 -0.866142 
vn 0.866142 0 -0.496063 
vn 0 -1 0 
vn 0 -1 0 
vn 0 -1 0 
vn -0.503937 0 -0.866142 
vn -0.503937 0 -0.866142 
vn -0.503937 0 -0.866142 
vn 0.866142 0 -0.496063 
vn 0.866142 0 -0.496063 
vn 0.866142 0 -0.496063 
vn -0.503937 0 -0.866142 
vn 0 1 0 
vn 0 1 0 
vn 0 1 0 
vn 0.968504 0 0.259843 
vn 0.968504 0 0.259843 
vn 0.968504 0 0.259843 
vn 0 -1 0 
vn 0 -1 0 
vn 0 -1 0 
vn 0 -1 0 
vn 0.866142 0 -0.496063 
vn 0.866142 0 -0.496063 
vn 0 -1 0 
vn 0.259843 0 -0.968504 
vn 0.259843 0 -0.968504 
vn 0.259843 0 -0.968504 
vn 0.503937 0 0.866142 
vn 0.503937 0 0.866142 
vn 0.503937 0 0.866142 
vn 0.866142 0 -0.496063 
vn 0.503937 0 0.866142 
vn 0.503937 0 0.866142 
vn 0.503937 0 0.866142 
vn 0 1 0 
vn 0 1 0 
vn 0 1 0 
vn 0.259843 0 -0.968504 
vn 0.259843 0 -0.968504 
vn 0.259843 0 -0.968504 
vn 0.259843 0 -0.968504 
vn 0.503937 0 0.866142 
vn 0.968504 0 0.259843 
vn 0.968504 0 0.259843 
vn 0.968504 0 0.259843 
vn 0 1 0 
vn 0 1 0 
vn 0 1 0 
vn 0.503937 0 0.866142 
vn 0.503937 0 0.866142 
vn 0.503937 0 0.866142 
vn 0 1 0 
vn 0.866142 0 -0.496063 
vn 0.866142 0 -0.496063 
vn 0 1 0 
vn 0 1 0 
vn 0 1 0 
vn 0 1 0 
vn 0 1 0 
vn 0 1 0 
vn 0.503937 0 0.866142 
vn 0.968504 0 0.259843 
vn 0.866142 0 -0.496063 
vn 0.503937 0 0.866142 
vn 0.259843 0 -0.968504 
vn -0.503937 0 -0.866142 
vn -0.503937 0 -0.866142 
vn -0.503937 0 -0.866142 
vn 0 1 0 
vn 0 1 0 
vn 0 1 0 
vn 0 1 0 
vn 0.866142 0 -0.496063 
vn 0.866142 0 -0.496063 
vn 0.866142 0 -0.496063 
vn 0 1 0 
vn 0 1 0 
vn 0 1 0 
vn 0.866142 0 -0.496063 
vn 0.866142 0 -0.496063 
vn 0.866142 0 -0.496063 
vn 0.259843 0 -0.968504 
vn 0.259843 0 -0.968504 
vn 0 -1 0 
vn 0 -1 0 
vn 0 -1 0 
vn 0.866142 0 -0.496063 
vn -0.496063 0 -0.866142 
vn -0.496063 0 -0.866142 
vn -0.496063 0 -0.866142 
vn 0 -1 0 
vn 0 -1 0 
vn 0 -1 0 
vn 0.866142 0 -0.496063 
vn 0.866142 0 -0.496063 
vn 0.866142 0 -0.496063 
vn -0.503937 0 -0.866142 
vn -0.503937 0 -0.866142 
vn -0.503937 0 -0.866142 
vn 0 1 0 
vn 0 1 0 
vn -0.503937 0 -0.866142 
vn -0.503937 0 -0.866142 
vn -0.503937 0 -0.866142 
vn -0.866142 0 0.496063 
vn -0.866142 0 0.496063 
vn -0.866142 0 0.496063 
vn 0 -1 0 
vn 0 -1 0 
vn 0 -1 0 
vn 0 -1 0 
vn 0 -1 0 
vn 0 -1 0 
vn 0 -1 0 
vn -0.866142 0 0.496063 
vn -0.866142 0 0.496063 
vn -0.866142 0 0.496063 
vn 0 -1 0 
vn 0 -1 0 
vn 0 -1 0 
vn 0.968504 0 0.259843 
vn 0.503937 0 0.866142 
vn 0.503937 0 0.866142 
vn 0.503937 0 0.866142 
vn 0 1 0 
vn 0.503937 0 0.866142 
vn 0 1 0 
vn 0.259843 0 -0.968504 
vn 0 -1 0 
vn 0 -1 0 
vn 0 -1 0 
vn 0 -1 0 
vn -0.866142 0 0.496063 
vn -0.866142 0 0.496063 
vn -0.866142 0 0.496063 
vn -0.496063 0 -0.866142 
vn 0 -1 0 
vn 0 -1 0 
vn -0.866142 0 0.496063 
vn -0.866142 0 0.496063 
vn -0.866142 0 0.496063 
vn 0 -1 0 
vn -0.866142 0 0.496063 
vn -0.866142 0 0.496063 
vn -0.866142 0 0.496063 
vn 0 -1 0 
vn 0 -1 0 
vn 0.259843 0 -0.968504 
vn 0 1 0 
vn 0.503937 0 0.866142 
vn 0.503937 0 0.866142 
vn 0.503937 0 0.866142 
vn 0 1 0 
vn -0.866142 0 0.496063 
vn -0.866142 0 0.496063 
vn -0.503937 0 -0.866142 
vn -0.503937 0 -0.866142 
vn -0.503937 0 -0.866142 
vn 0.503937 0 0.866142 
vn 0.503937 0 0.866142 
vn 0.503937 0 0.866142 
vn 0 1 0 
vn 0 1 0 
vn 0.503937 0 0.866142 
vn 0.259843 0 -0.968504 
vn -0.866142 0 0.496063 
vn -0.866142 0 0.496063 
vn -0.866142 0 0.496063 
vn -0.866142 0 0.496063 
vn 0 1 0 
vn -0.866142 0 0.496063 
vn 0.259843 0 -0.968504 
vn 0 1 0 
vn 0 1 0 
vn 0 1 0 
vn 0 -1 0 
vn 0 -1 0 
vn 0 -1 0 
vn -0.503937 0 -0.866142 
vn 0 -1 0 
vn 0 -1 0 
vn 0 -1 0 
vn 0.503937 0 0.866142 
vn 0.503937 0 0.866142 
vn 0.503937 0 0.866142 
vn 0 -1 0 
vn 0 -1 0 
vn 0 -1 0 
vn 0.503937 0 0.866142 
vn 0.503937 0 0.866142 
vn -0.968504 0 -0.259843 
vn -0.968504 0 -0.259843 
vn 0 1 0 
vn 0 1 0 
vn 0 1 0 
vn 0.503937 0 0.866142 
vn -0.968504 0 -0.259843 
vn -0.968504 0 -0.259843 
vn -0.866142 0 0.496063 
vn -0.866142 0 0.496063 
vn -0.866142 0 0.496063 
vn -0.866142 0 0.496063 
vn -0.866142 0 0.496063 
vn 0.503937 0 0.866142 
vn -0.503937 0 -0.866142 
vn -0.503937 0 -0.866142 
vn -0.503937 0 -0.866142 
vn 0 1 0 
vn 0 1 0 
vn 0 1 0 
vn 0 1 0 
vn -0.968504 0 -0.259843 
vn -0.968504 0 -0.259843 
vn -0.968504 0 -0.259843 
vn 0 1 0 
vn 0 1 0 
vn 0 1 0 
vn -0.866142 0 0.496063 
vn -0.866142 0 0.496063 
vn -0.503937 0 -0.866142 
vn -0.503937 0 -0.866142 
vn 0 1 0 
vn -0.866142 0 0.496063 
vn 0 -1 0 
vn 0 -1 0 
vn -0.968504 0 -0.259843 
vn -0.866142 0 0.496063 
vn 0 -1 0 
vn 0 -1 0 
vn -0.503937 0 -0.866142 
vn -0.503937 0 -0.866142 
vn 0 -1 0 
vn 0.866142 0 -0.496063 
vn 0.866142 0 -0.496063 
vn 0.866142 0 -0.496063 
vn 0 1 0 
vn 0.503937 0 0.866142 
vn 0.503937 0 0.866142 
vn 0.503937 0 0.866142 
vn 0.866142 0 -0.496063 
vn 0.866142 0 -0.496063 
vn 0 1 0 
vn -0.259843 0 0.968504 
vn -0.503937 0 -0.866142 
vn 0.866142 0 -0.496063 
vn 0.866142 0 -0.496063 

vt 22.0594 -0.44778 
vt 21.9406 -0.44778 
vt 22.0594 -0.768421 
vt 22.0594 -1.23159 
vt 21.9406 -1.23159 
vt 21.9406 -1.55223 
vt 22.0594 -1.23158 
vt 21.9406 -1.23158 
vt 22.0594 -1.55223 
vt 21.9406 -0.768421 
vt 21.7685 -0.447785 
vt 21.7684 -0.44778 
vt 21.7684 -0.447785 
vt 21.9406 -0.44778 
vt 21.9406 -0.447785 
vt 22.0594 -0.44778 
vt 22.0594 -0.768454 
vt 21.9406 -0.768454 
vt 21.9406 -0.768443 
vt 22.0594 -0.447785 
vt 22.2316 -0.44778 
vt 22.2315 -0.447785 
vt 22.2316 -0.447785 
vt 22.0594 -0.44778 
vt 21.9406 -0.44778 
vt 21.9406 -0.447785 
vt 22.2316 -0.447791 
vt 22.2316 -0.447818 
vt 22.2316 -0.447829 
vt 21.7684 -0.447791 
vt 21.9406 -1.23158 
vt 22.0594 -1.23158 
vt 21.7684 -0.447785 
vt 21.9406 -0.447818 
vt 21.9406 -0.447812 
vt 21.9406 -0.447829 
vt 22.0594 -0.447812 
vt 22.0594 -0.447818 
vt 22.0594 -0.732936 
vt 21.9406 -0.768443 
vt 21.9406 -0.447812 
vt 21.9406 -0.768443 
vt 21.9406 -0.768443 
vt 21.7684 -0.768443 
vt 21.7684 -0.447812 
vt 21.5165 -0.699718 
vt 22.0594 -0.699718 
vt 22.0594 -0.447812 
vt 22.0594 -0.447829 
vt 22.0594 -0.447818 
vt 21.9406 -0.447818 
vt 21.9406 -0.447796 
vt 21.9406 -0.76841 
vt 22.0594 -0.447796 
vt 22.5522 -0.76841 
vt 22.2316 -0.447796 
vt 22.2316 -0.529673 
vt 21.9406 -0.529673 
vt 21.9406 -0.447796 
vt 21.9406 -0.447791 
vt 22.2316 -0.76841 
vt 22.0594 -0.768443 
vt 22.0594 -0.768432 
vt 22.2316 -0.529657 
vt 22.2316 -0.529673 
vt 22.2316 -0.447791 
vt 22.2316 -0.529657 
vt 21.7684 -0.447791 
vt 21.7684 -0.447818 
vt 22.0594 -0.447796 
vt 22.0594 -0.447785 
vt 21.9406 -0.768432 
vt 22.0594 -0.447791 
vt 21.9406 -0.699718 
vt 21.9406 -0.447829 
vt 22.0594 -0.447829 
vt 22.0594 -0.447791 
vt 21.7684 -0.447829 
vt 22.5522 -0.768432 
vt 22.2316 -0.768432 
vt 22.2316 -1.23158 
vt 22.0594 -0.768432 
vt 22.0594 -0.447791 
vt 21.9406 -0.768432 
vt 21.4478 -0.768438 
vt 21.4478 -0.768432 
vt 21.4478 -0.768443 
vt 22.0594 -1.55223 
vt 22.0594 -1.55219 
vt 21.9406 -1.55219 
vt 21.9406 -0.768438 
vt 22.0594 -0.768438 
vt 22.5522 -0.768432 
vt 22.5522 -0.768438 
vt 22.5522 -0.768443 
vt 21.9406 -1.55223 
vt 22.0594 -0.768432 
vt 21.9406 -0.768432 
vt 22.0594 -1.23158 
vt 22.2316 -0.768432 
vt 22.2374 -0.768438 
vt 22.2316 -0.73299 
vt 21.9406 -1.23736 
vt 21.9406 -1.23158 
vt 21.9406 -1.23159 
vt 21.9406 -0.768432 
vt 21.9406 -0.768432 
vt 21.9406 -0.73299 
vt 22.2316 -0.76841 
vt 21.7684 -0.768443 
vt 22.0594 -0.529657 
vt 22.0594 -0.76841 
vt 22.0594 -0.76841 
vt 21.9406 -0.768443 
vt 21.9406 -0.768443 
vt 21.9406 -0.768432 
vt 22.2316 -0.732936 
vt 21.7684 -0.768432 
vt 22.2316 -0.768432 
vt 21.7684 -1.23158 
vt 22.2316 -0.447812 
vt 22.2316 -0.732936 
vt 22.4835 -0.699718 
vt 22.0594 -0.447812 
vt 22.0594 -0.768443 
vt 21.9406 -0.447812 
vt 21.4478 -0.76841 
vt 21.7684 -0.76841 
vt 21.7684 -0.447796 
vt 22.0594 -0.76841 
vt 22.0594 -0.76841 
vt 21.9406 -0.768416 
vt 21.9406 -0.768432 
vt 22.2316 -0.768416 
vt 22.0594 -0.768432 
vt 21.7684 -1.23158 
vt 21.9406 -0.768443 
vt 22.2316 -0.73299 
vt 22.2316 -1.23158 
vt 21.4478 -0.768432 
vt 21.4478 -1.23158 
vt 22.0594 -0.768432 
vt 22.0594 -0.447791 
vt 21.9406 -0.447791 
vt 21.9406 -1.23158 
vt 22.5522 -1.23158 
vt 22.2374 -0.768438 
vt 22.0594 -1.23737 
vt 22.0594 -1.5522 
vt 22.0594 -1.5522 
vt 22.2374 -0.768443 
vt 22.0594 -1.55223 
vt 22.0594 -1.23159 
vt 21.9406 -1.55223 
vt 22.2374 -0.768443 
vt 22.5522 -0.768443 
vt 21.9406 -0.768443 
vt 21.4478 -1.23158 
vt 21.9406 -1.23158 
vt 22.0594 -1.23158 
vt 22.0594 -0.768432 
vt 22.5522 -1.23158 
vt 21.9406 -0.768432 
vt 21.9406 -1.23159 
vt 22.0594 -1.23158 
vt 21.9406 -1.23158 
vt 22.0594 -1.23159 
vt 22.0594 -1.23158 
vt 21.9406 -1.23158 
vt 21.9406 -1.55222 
vt 21.7684 -1.23159 
vt 21.7684 -0.768443 
vt 21.9406 -0.768432 
vt 22.0594 -0.768443 
vt 21.9406 -1.5522 
vt 21.9406 -1.23158 
vt 21.9406 -1.23157 
vt 21.9406 -1.23157 
vt 21.4478 -0.768443 
vt 21.9406 -1.5522 
vt 22.0594 -0.768443 
vt 22.2316 -1.55223 
vt 22.5522 -1.23159 
vt 22.2316 -1.23158 
vt 21.7684 -1.55223 
vt 21.7684 -1.23158 
vt 21.4478 -1.23159 
vt 21.9406 -1.55223 
vt 22.2316 -1.46489 
vt 22.2316 -1.55223 
vt 22.5522 -1.23159 
vt 22.0594 -1.55223 
vt 22.0594 -1.46489 
vt 22.0594 -1.55223 
vt 22.2316 -1.55223 
vt 22.2316 -1.46489 
vt 21.7684 -1.55222 
vt 22.0594 -1.55223 
vt 21.9406 -1.55221 
vt 21.9406 -1.55223 
vt 21.9406 -1.55223 
vt 21.7684 -1.55223 
vt 21.7684 -1.55221 
vt 21.7684 -1.55221 
vt 21.9406 -1.55223 
vt 22.0594 -1.55223 
vt 22.0594 -1.55221 
vt 22.0594 -1.23157 
vt 21.9406 -0.768432 
vt 21.9406 -1.23158 
vt 22.0594 -0.768432 
vt 21.9406 -1.23158 
vt 22.0594 -1.55222 
vt 22.0594 -1.43764 
vt 22.0594 -1.55222 
vt 22.0594 -1.55222 
vt 21.7684 -1.55222 
vt 21.7684 -1.43764 
vt 21.4478 -1.23159 
vt 21.7684 -1.43765 
vt 22.0594 -1.55222 
vt 22.0594 -1.23159 
vt 21.9406 -1.55222 
vt 21.7684 -1.43765 
vt 21.7684 -1.43764 
vt 21.7684 -1.55222 
vt 21.9406 -1.23158 
vt 21.9406 -1.23158 
vt 22.0594 -1.55222 
vt 21.9406 -1.55222 
vt 22.2316 -1.55222 
vt 22.0594 -1.23158 
vt 22.2316 -1.55222 
vt 22.2316 -1.55223 
vt 21.9406 -1.23159 
vt 22.0594 -1.23157 
vt 22.2316 -1.46488 
vt 22.2316 -1.46488 
vt 21.9406 -1.46488 
vt 21.9406 -1.23158 
vt 22.2316 -1.23158 
vt 21.9406 -1.23159 
vt 21.9406 -1.55221 
vt 22.0594 -1.23158 
vt 21.7684 -1.23159 
vt 21.9406 -1.43765 
vt 21.9406 -1.23159 
vt 21.9406 -1.23158 
vt 22.0594 -1.23157 
vt 22.0594 -1.23157 
vt 21.7684 -1.23158 
vt 22.0594 -1.55223 
vt 21.9406 -0.447791 
vt 21.9406 -0.447791 
vt 22.0594 -1.55221 

usemtl Union6Mtl

f 3251/3251/3251 3252/3252/3252 3253/3253/3253 
f 3254/3254/3254 3255/3255/3255 3256/3256/3256 
f 3257/3257/3257 3258/3258/3258 3259/3259/3259 
f 3260/3260/3260 3253/3253/3253 3252/3252/3252 
f 3261/3261/3261 3262/3262/3262 3263/3263/3263 
f 3264/3264/3264 3265/3265/3265 3266/3266/3266 
f 3267/3267/3267 3268/3268/3268 3269/3269/3269 
f 3265/3265/3265 3270/3270/3270 3266/3266/3266 
f 3271/3271/3271 3272/3272/3272 3273/3273/3273 
f 3274/3274/3274 3275/3275/3275 3276/3276/3276 
f 3277/3277/3277 3278/3278/3278 3279/3279/3279 
f 3278/3278/3278 3277/3277/3277 3280/3280/3280 
f 3269/3269/3269 3281/3281/3281 3282/3282/3282 
f 3277/3277/3277 3283/3283/3283 3280/3280/3280 
f 3284/3284/3284 3285/3285/3285 3286/3286/3286 
f 3287/3287/3287 3288/3288/3288 3289/3289/3289 
f 3269/3269/3269 3282/3282/3282 3267/3267/3267 
f 3269/3269/3269 3268/3268/3268 3290/3290/3290 
f 3291/3291/3291 3292/3292/3292 3293/3293/3293 
f 3294/3294/3294 3295/3295/3295 3296/3296/3296 
f 3297/3297/3297 3298/3298/3298 3299/3299/3299 
f 3298/3298/3298 3300/3300/3300 3299/3299/3299 
f 3301/3301/3301 3291/3291/3291 3293/3293/3293 
f 3302/3302/3302 3303/3303/3303 3304/3304/3304 
f 3305/3305/3305 3306/3306/3306 3307/3307/3307 
f 3308/3308/3308 3309/3309/3309 3310/3310/3310 
f 3305/3305/3305 3307/3307/3307 3311/3311/3311 
f 3312/3312/3312 3267/3267/3267 3313/3313/3313 
f 3314/3314/3314 3315/3315/3315 3316/3316/3316 
f 3307/3307/3307 3317/3317/3317 3311/3311/3311 
f 3316/3316/3316 3318/3318/3318 3319/3319/3319 
f 3282/3282/3282 3313/3313/3313 3267/3267/3267 
f 3312/3312/3312 3313/3313/3313 3290/3290/3290 
f 3309/3309/3309 3320/3320/3320 3310/3310/3310 
f 3276/3276/3276 3321/3321/3321 3274/3274/3274 
f 3313/3313/3313 3322/3322/3322 3269/3269/3269 
f 3323/3323/3323 3310/3310/3310 3320/3320/3320 
f 3286/3286/3286 3324/3324/3324 3297/3297/3297 
f 3324/3324/3324 3286/3286/3286 3285/3285/3285 
f 3299/3299/3299 3286/3286/3286 3297/3297/3297 
f 3325/3325/3325 3326/3326/3326 3327/3327/3327 
f 3318/3318/3318 3328/3328/3328 3319/3319/3319 
f 3329/3329/3329 3330/3330/3330 3331/3331/3331 
f 3332/3332/3332 3333/3333/3333 3334/3334/3334 
f 3335/3335/3335 3336/3336/3336 3337/3337/3337 
f 3338/3338/3338 3339/3339/3339 3340/3340/3340 
f 3341/3341/3341 3342/3342/3342 3297/3297/3297 
f 3343/3343/3343 3344/3344/3344 3345/3345/3345 
f 3340/3340/3340 3346/3346/3346 3338/3338/3338 
f 3347/3347/3347 3348/3348/3348 3349/3349/3349 
f 3350/3350/3350 3351/3351/3351 3352/3352/3352 
f 3353/3353/3353 3354/3354/3354 3355/3355/3355 
f 3356/3356/3356 3357/3357/3357 3358/3358/3358 
f 3359/3359/3359 3314/3314/3314 3360/3360/3360 
f 3361/3361/3361 3362/3362/3362 3363/3363/3363 
f 3364/3364/3364 3365/3365/3365 3366/3366/3366 
f 3367/3367/3367 3368/3368/3368 3369/3369/3369 
f 3368/3368/3368 3367/3367/3367 3280/3280/3280 
f 3367/3367/3367 3278/3278/3278 3280/3280/3280 
f 3369/3369/3369 3368/3368/3368 3370/3370/3370 
f 3371/3371/3371 3372/3372/3372 3373/3373/3373 
f 3360/3360/3360 3314/3314/3314 3319/3319/3319 
f 3374/3374/3374 3366/3366/3366 3375/3375/3375 
f 3366/3366/3366 3374/3374/3374 3376/3376/3376 
f 3377/3377/3377 3378/3378/3378 3379/3379/3379 
f 3303/3303/3303 3380/3380/3380 3304/3304/3304 
f 3381/3381/3381 3382/3382/3382 3383/3383/3383 
f 3384/3384/3384 3359/3359/3359 3330/3330/3330 
f 3381/3381/3381 3385/3385/3385 3320/3320/3320 
f 3385/3385/3385 3381/3381/3381 3383/3383/3383 
f 3359/3359/3359 3331/3331/3331 3330/3330/3330 
f 3331/3331/3331 3359/3359/3359 3386/3386/3386 
f 3385/3385/3385 3323/3323/3323 3320/3320/3320 
f 3341/3341/3341 3324/3324/3324 3387/3387/3387 
f 3324/3324/3324 3341/3341/3341 3297/3297/3297 
f 3369/3369/3369 3388/3388/3388 3367/3367/3367 
f 3372/3372/3372 3352/3352/3352 3373/3373/3373 
f 3352/3352/3352 3351/3351/3351 3373/3373/3373 
f 3369/3369/3369 3370/3370/3370 3389/3389/3389 
f 3390/3390/3390 3370/3370/3370 3368/3368/3368 
f 3370/3370/3370 3390/3390/3390 3391/3391/3391 
f 3392/3392/3392 3393/3393/3393 3394/3394/3394 
f 3348/3348/3348 3395/3395/3395 3349/3349/3349 
f 3396/3396/3396 3343/3343/3343 3345/3345/3345 
f 3369/3369/3369 3389/3389/3389 3397/3397/3397 
f 3398/3398/3398 3399/3399/3399 3400/3400/3400 
f 3345/3345/3345 3401/3401/3401 3396/3396/3396 
f 3396/3396/3396 3397/3397/3397 3389/3389/3389 
f 3397/3397/3397 3396/3396/3396 3401/3401/3401 
f 3402/3402/3402 3403/3403/3403 3404/3404/3404 
f 3351/3351/3351 3405/3405/3405 3406/3406/3406 
f 3407/3407/3407 3387/3387/3387 3324/3324/3324 
f 3406/3406/3406 3373/3373/3373 3351/3351/3351 
f 3336/3336/3336 3408/3408/3408 3386/3386/3386 
f 3409/3409/3409 3410/3410/3410 3411/3411/3411 
f 3331/3331/3331 3412/3412/3412 3329/3329/3329 
f 3394/3394/3394 3413/3413/3413 3392/3392/3392 
f 3414/3414/3414 3404/3404/3404 3403/3403/3403 
f 3415/3415/3415 3416/3416/3416 3417/3417/3417 
f 3418/3418/3418 3419/3419/3419 3420/3420/3420 
f 3386/3386/3386 3421/3421/3421 3331/3331/3331 
f 3359/3359/3359 3422/3422/3422 3386/3386/3386 
f 3422/3422/3422 3359/3359/3359 3360/3360/3360 
f 3423/3423/3423 3409/3409/3409 3411/3411/3411 
f 3337/3337/3337 3386/3386/3386 3422/3422/3422 
f 3386/3386/3386 3337/3337/3337 3336/3336/3336 
f 3342/3342/3342 3424/3424/3424 3297/3297/3297 
f 3425/3425/3425 3426/3426/3426 3427/3427/3427 
f 3427/3427/3427 3428/3428/3428 3425/3425/3425 
f 3429/3429/3429 3294/3294/3294 3296/3296/3296 
f 3428/3428/3428 3430/3430/3430 3425/3425/3425 
f 3424/3424/3424 3431/3431/3431 3297/3297/3297 
f 3432/3432/3432 3433/3433/3433 3434/3434/3434 
f 3435/3435/3435 3436/3436/3436 3437/3437/3437 
f 3258/3258/3258 3438/3438/3438 3259/3259/3259 
f 3439/3439/3439 3440/3440/3440 3441/3441/3441 
f 3442/3442/3442 3443/3443/3443 3444/3444/3444 
f 3445/3445/3445 3446/3446/3446 3447/3447/3447 
f 3448/3448/3448 3444/3444/3444 3449/3449/3449 
f 3444/3444/3444 3448/3448/3448 3442/3442/3442 
f 3450/3450/3450 3451/3451/3451 3451/3451/3451 
f 3452/3452/3452 3453/3453/3453 3454/3454/3454 
f 3449/3449/3449 3455/3455/3455 3448/3448/3448 
f 3451/3451/3451 3456/3456/3456 3457/3457/3457 
f 3370/3370/3370 3446/3446/3446 3389/3389/3389 
f 3446/3446/3446 3370/3370/3370 3447/3447/3447 
f 3458/3458/3458 3459/3459/3459 3460/3460/3460 
f 3459/3459/3459 3458/3458/3458 3461/3461/3461 
f 3460/3460/3460 3459/3459/3459 3462/3462/3462 
f 3420/3420/3420 3463/3463/3463 3418/3418/3418 
f 3464/3464/3464 3465/3465/3465 3466/3466/3466 
f 3467/3467/3467 3468/3468/3468 3469/3469/3469 
f 3469/3469/3469 3468/3468/3468 3470/3470/3470 
f 3471/3471/3471 3472/3472/3472 3473/3473/3473 
f 3474/3474/3474 3475/3475/3475 3476/3476/3476 
f 3477/3477/3477 3460/3460/3460 3462/3462/3462 
f 3462/3462/3462 3478/3478/3478 3477/3477/3477 
f 3466/3466/3466 3479/3479/3479 3464/3464/3464 
f 3466/3466/3466 3465/3465/3465 3480/3480/3480 
f 3476/3476/3476 3481/3481/3481 3474/3474/3474 
f 3477/3477/3477 3478/3478/3478 3482/3482/3482 
f 3451/3451/3451 3451/3451/3451 3457/3457/3457 
f 3483/3483/3483 3484/3484/3484 3483/3483/3483 
f 3451/3451/3451 3473/3473/3473 3485/3485/3485 
f 3485/3485/3485 3473/3473/3473 3472/3472/3472 
f 3485/3485/3485 3450/3450/3450 3451/3451/3451 
f 3486/3486/3486 3477/3477/3477 3482/3482/3482 
f 3480/3480/3480 3480/3480/3480 3466/3466/3466 
f 3446/3446/3446 3487/3487/3487 3389/3389/3389 
f 3488/3488/3488 3439/3439/3439 3441/3441/3441 
f 3416/3416/3416 3489/3489/3489 3490/3490/3490 
f 3441/3441/3441 3491/3491/3491 3488/3488/3488 
f 3492/3492/3492 3493/3493/3493 3494/3494/3494 
f 3495/3495/3495 3474/3474/3474 3331/3331/3331 
f 3496/3496/3496 3497/3497/3497 3498/3498/3498 
f 3499/3499/3499 3500/3500/3500 3494/3494/3494 
f 3470/3470/3470 3501/3501/3501 3469/3469/3469 
f 3474/3474/3474 3481/3481/3481 3331/3331/3331 
f 3495/3495/3495 3331/3331/3331 3421/3421/3421 
f 3416/3416/3416 3490/3490/3490 3417/3417/3417 
f 3256/3256/3256 3502/3502/3502 3254/3254/3254 
f 3316/3316/3316 3319/3319/3319 3314/3314/3314 
f 3503/3503/3503 3325/3325/3325 3327/3327/3327 
f 3269/3269/3269 3290/3290/3290 3313/3313/3313 
f 3376/3376/3376 3364/3364/3364 3366/3366/3366 
f 3334/3334/3334 3333/3333/3333 3504/3504/3504 
f 3505/3505/3505 3499/3499/3499 3494/3494/3494 
f 3493/3493/3493 3505/3505/3505 3494/3494/3494 

g Union7

v 0.604374 5.01876 4.75211 
v 0.604374 4.0687 4.75211 
v -0.678155 5.01876 2.53062 
v 0.604374 4.0687 4.75211 
v 0.604374 5.01876 4.75211 
v -2.89963 5.01876 3.81319 
v -0.678155 5.01876 2.53062 
v -0.678155 4.06871 2.53062 
v -2.89963 5.01876 3.81319 
v -0.678155 4.06871 2.53062 
v 4.75203 4.0687 -0.604798 
v 4.75211 4.0687 -0.604745 
v 4.75208 4.0687 -0.604723 
v 4.75211 4.0687 -0.604745 
v 4.75203 4.0687 -0.604798 
v 4.75211 5.01876 -0.604745 
v 4.75203 5.01876 -0.604798 
v 4.75203 4.0687 -0.604798 
v 4.75208 4.06871 -0.604723 
v 4.75203 5.01876 -0.604798 
v 4.75211 5.01876 -0.604745 
v 4.75203 5.01876 -0.604798 
v 4.75208 5.01876 -0.604723 
v 4.75211 4.0687 -0.604745 
v 4.75211 5.01876 -0.604745 
v 4.75208 5.01876 -0.604723 
v 2.8995 4.06871 -3.8134 
v 2.89935 4.06871 -3.81321 
v 2.89923 4.06871 -3.81324 
v 4.75208 4.0687 -0.604626 
v 2.8995 4.06871 -3.8134 
v 2.8995 5.01876 -3.8134 
v 4.75208 4.06871 -0.604723 
v 2.89935 4.06871 -3.81321 
v 2.89939 4.06871 -3.81323 
v 2.89923 4.06871 -3.81324 
v 2.89939 4.06871 -3.81323 
v 2.89935 4.06871 -3.81321 
v 0.923993 4.06871 -2.67274 
v 4.75208 4.0687 -0.604723 
v 2.89939 5.01876 -3.81323 
v 0.677994 5.01876 -2.53071 
v 0.677994 5.01876 -2.53071 
v 0.677994 5.01876 -2.53071 
v 2.89939 5.01876 -3.81323 
v 0.14647 5.01876 -4.55094 
v 0.14647 5.01876 -4.55094 
v 2.89939 5.01876 -3.81323 
v 2.89923 5.01876 -3.81324 
v 2.89935 5.01876 -3.81321 
v 2.89935 5.01876 -3.81321 
v 4.75204 5.01876 -0.604604 
v 3.81324 5.01876 2.89917 
v 4.75204 4.06871 -0.604604 
v 3.81324 5.01876 2.89917 
v 4.75204 5.01876 -0.604604 
v 4.18474 5.01876 -0.277172 
v 4.18474 5.01876 -0.277172 
v 4.75204 5.01876 -0.604604 
v 4.75208 5.01876 -0.604626 
v 2.53072 5.01876 0.677778 
v 4.75208 5.01876 -0.604723 
v 4.75208 5.01876 -0.604626 
v 4.18485 5.01876 -0.277237 
v 4.18474 5.01876 -0.277172 
v 4.75208 5.01876 -0.604626 
v 4.18485 5.01876 -0.277237 
v 2.8995 5.01876 -3.8134 
v 2.89935 5.01876 -3.81321 
v 4.75204 4.06871 -0.604604 
v 4.75208 4.0687 -0.604723 
v 4.75208 4.0687 -0.604626 
v 4.75208 4.0687 -0.604626 
v 0.14647 4.06871 -4.55094 
v 2.89923 4.06871 -3.81324 
v 2.89923 5.01876 -3.81324 
v 2.8995 5.01876 -3.8134 
v 2.89923 5.01876 -3.81324 
v 3.81318 5.01876 2.89941 
v 2.53061 5.01876 0.67794 
v -0.678198 5.01876 2.53055 
v 2.53061 5.01876 0.67794 
v 3.81318 5.01876 2.89941 
v 2.53061 4.0687 0.67794 
v -0.604448 5.01876 -4.75205 
v -0.604584 5.01876 -4.75237 
v -0.604529 5.01876 -4.7521 
v -0.604584 5.01876 -4.75237 
v -0.604448 5.01876 -4.75205 
v -0.604448 4.06871 -4.75205 
v -0.604448 4.06871 -4.75205 
v -0.604448 5.01876 -4.75205 
v -0.604584 4.06871 -4.75237 
v -0.604448 4.06871 -4.75205 
v -0.604529 4.06871 -4.7521 
v -0.604584 4.06871 -4.75237 
v -0.604584 5.01876 -4.75237 
v -0.604584 4.06871 -4.75237 
v -3.81336 5.01876 -2.89979 
v 0.678026 4.06871 -2.53083 
v 0.654863 4.06871 -2.57086 
v 0.923574 4.06871 -2.6726 
v 0.654863 4.06871 -2.57086 
v 0.678026 4.06871 -2.53083 
v 0.677983 4.06871 -2.53091 
v 0.677983 4.06871 -2.53091 
v 0.678026 4.06871 -2.53083 
v 0.923574 4.06871 -2.6726 
v 2.53072 5.01876 0.677778 
v 0.677994 5.01876 -2.53071 
v 4.18485 5.01876 -0.277237 
v 2.53072 5.01876 0.677778 
v 2.53072 5.01876 0.677778 
v 2.53072 5.01876 0.677778 
v 2.53072 5.01876 0.677778 
v 2.53072 5.01876 0.677875 
v 0.923993 4.06871 -2.67274 
v 2.53061 4.0687 0.67794 
v 0.677983 4.06871 -2.53091 
v -0.678198 4.06871 2.53055 
v 2.89939 4.06871 -3.81323 
v 0.923993 4.06871 -2.67274 
v 0.14647 4.06871 -4.55094 
v 3.81324 4.0687 2.89917 
v 2.53072 4.06871 0.677778 
v 3.81324 5.01876 2.89917 
v 3.81324 4.0687 2.89917 
v 2.53072 4.06871 0.677778 
v 4.75204 4.06871 -0.604604 
v 3.81324 4.0687 2.89917 
v 2.53072 4.06871 0.677778 
v 2.53072 5.01876 0.677875 
v 2.53061 5.01876 0.67794 
v 2.53072 5.01876 0.677875 
v 2.53061 4.0687 0.67794 
v -2.53083 5.01876 -0.678298 
v -0.604529 4.06871 -4.7521 
v 0.923574 4.06871 -2.6726 
v -2.53083 4.06871 -0.678298 
v 3.81318 4.0687 2.89941 
v 0.604406 4.0687 4.75199 
v -0.678198 4.06871 2.53055 
v 0.604406 4.0687 4.75199 
v 0.604406 5.01876 4.75199 
v -3.81336 4.06871 -2.89979 
v -3.81336 4.06871 -2.89979 
v 0.654863 4.06871 -2.57086 
v 0.654782 4.06871 -2.57092 
v -0.604529 4.06871 -4.7521 
v -0.604529 4.06871 -4.7521 
v 0.654782 4.06871 -2.57092 
v -3.81336 4.06871 -2.89979 
v -2.53083 4.06871 -0.678298 
v -3.81336 5.01876 -2.89979 
v 0.654782 4.06871 -2.57092 
v -0.604529 4.06871 -4.7521 
v -0.604529 4.06871 -4.7521 
v -3.81336 5.01876 -2.89979 
v 0.604406 5.01876 4.75199 
v 0.604406 4.0687 4.75199 
v 3.81318 4.0687 2.89941 
v 0.604406 5.01876 4.75199 
v -0.678198 5.01876 2.53055 
v -2.53083 5.01876 -0.678298 
v -2.53083 5.01876 -0.678298 
v -2.53083 4.06871 -0.678298 
v -2.53082 5.01876 -0.678202 
v -0.678198 4.06871 2.53055 
v -0.678198 5.01876 2.53055 
v -2.89963 5.01876 3.81309 
v -2.53082 5.01876 -0.678202 
v 0.677951 5.01876 -2.53079 
v 3.81318 5.01876 2.89941 
v -0.604529 5.01876 -4.7521 
v -0.604529 5.01876 -4.7521 
v 0.677951 5.01876 -2.53079 
v 0.677994 5.01876 -2.53071 
v 0.677994 5.01876 -2.53071 
v -0.604529 5.01876 -4.7521 
v -0.604529 5.01876 -4.7521 
v -0.604529 5.01876 -4.7521 
v -2.89963 5.01876 3.81319 
v 0.604374 5.01876 4.75211 
v -0.678155 5.01876 2.53062 
v -2.89963 4.06871 3.81319 
v -0.678155 4.06871 2.53062 
v 0.604374 4.0687 4.75211 
v -2.89963 4.06871 3.81319 
v -4.14719 4.06871 0.255011 
v -4.75225 4.06871 0.604343 
v -3.81335 4.06871 -2.89959 
v -4.75225 4.06871 0.604343 
v -4.14719 4.06871 0.255011 
v -4.75221 4.06871 0.604418 
v -4.75221 4.06871 0.604418 
v -4.14719 4.06871 0.255011 
v -2.89963 4.06871 3.81309 
v -4.75221 4.06871 0.604418 
v -4.75218 5.01876 0.604299 
v -4.75225 4.06871 0.604343 
v -4.75221 4.06871 0.604418 
v -4.75225 5.01876 0.604343 
v -4.75218 5.01876 0.604299 
v -4.75218 5.01876 0.604299 
v -4.75225 5.01876 0.604343 
v -4.75225 5.01876 0.604343 
v -4.75218 5.01876 0.604299 
v -4.75221 4.06871 0.604418 
v -2.89963 5.01876 3.81309 
v -4.75218 5.01876 0.604299 
v -2.89963 4.06871 3.81309 
v -4.75222 5.01876 0.604321 
v -2.89963 4.06871 3.81309 
v -3.95843 5.01876 0.145926 
v -4.75222 5.01876 0.604321 
v -4.75222 5.01876 0.604321 
v -4.75222 5.01876 0.604321 
v -3.95843 5.01876 0.145926 
v -3.81335 5.01876 -2.89959 
v -3.95846 5.01876 0.146045 
v -4.75222 5.01876 0.604321 
v -3.81335 5.01876 -2.89959 
v -4.75222 4.06871 0.604321 
v -3.95846 5.01876 0.146045 
v -3.95843 5.01876 0.145926 
v -4.75222 5.01876 0.604321 
v -4.75218 5.01876 0.604299 
v -4.75222 5.01876 0.604321 
v -4.75222 5.01876 0.604321 
v -4.75222 4.06871 0.604321 
v -2.89963 5.01876 3.81309 
v -4.75222 4.06871 0.604321 
v -4.75222 4.06871 0.604321 
v -4.75221 4.06871 0.604418 
v -3.81335 4.06871 -2.89959 
v -4.75221 4.06871 0.604418 
v -4.14716 4.06871 0.254893 
v -4.14716 4.06871 0.254893 
v -4.14716 4.06871 0.254893 
v -2.53083 4.06871 -0.678298 
v -2.53083 4.06871 -0.678298 
v -2.53083 4.06871 -0.678298 
v -3.81335 4.06871 -2.89959 
v -2.53082 5.01876 -0.678202 
v -2.53078 5.01876 -0.678127 
v -3.95846 5.01876 0.146045 
v -2.53078 5.01876 -0.678127 
v -2.53074 5.01876 -0.678148 
v -2.53074 5.01876 -0.678148 
v -2.53078 5.01876 -0.678127 
v -2.53074 5.01876 -0.678148 
v -2.89963 4.06871 3.81319 
v 2.8995 4.06871 -3.8134 
v 3.81318 4.0687 2.89941 
v -3.81335 5.01876 -2.89959 

vn 0.866142 0 -0.496063 
vn 0.866142 0 -0.496063 
vn 0.866142 0 -0.496063 
vn -0.259843 0 0.968504 
vn -0.259843 0 0.968504 
vn -0.259843 0 0.968504 
vn -0.503937 0 -0.866142 
vn -0.503937 0 -0.866142 
vn -0.503937 0 -0.866142 
vn 0.866142 0 -0.496063 
vn 0 -1 0 
vn 0 -1 0 
vn 0 -1 0 
vn -0.503937 0 -0.866142 
vn -0.503937 0 -0.866142 
vn -0.503937 0 -0.866142 
vn 0.866142 0 -0.496063 
vn 0.866142 0 -0.496063 
vn 0.866142 0 -0.496063 
vn -0.503937 0 -0.866142 
vn 0 1 0 
vn 0 1 0 
vn 0 1 0 
vn 0.968504 0 0.259843 
vn 0.968504 0 0.259843 
vn 0.968504 0 0.259843 
vn 0 -1 0 
vn 0 -1 0 
vn 0 -1 0 
vn 0 -1 0 
vn 0.866142 0 -0.496063 
vn 0.866142 0 -0.496063 
vn 0 -1 0 
vn 0.259843 0 -0.968504 
vn 0.259843 0 -0.968504 
vn 0.259843 0 -0.968504 
vn 0.503937 0 0.866142 
vn 0.503937 0 0.866142 
vn 0.503937 0 0.866142 
vn 0.866142 0 -0.496063 
vn 0.503937 0 0.866142 
vn 0.503937 0 0.866142 
vn 0.503937 0 0.866142 
vn 0 1 0 
vn 0 1 0 
vn 0 1 0 
vn 0.259843 0 -0.968504 
vn 0.259843 0 -0.968504 
vn 0.259843 0 -0.968504 
vn 0.259843 0 -0.968504 
vn 0.503937 0 0.866142 
vn 0.968504 0 0.259843 
vn 0.968504 0 0.259843 
vn 0.968504 0 0.259843 
vn 0 1 0 
vn 0 1 0 
vn 0 1 0 
vn 0.503937 0 0.866142 
vn 0.503937 0 0.866142 
vn 0.503937 0 0.866142 
vn 0 1 0 
vn 0.866142 0 -0.496063 
vn 0.866142 0 -0.496063 
vn 0 1 0 
vn 0 1 0 
vn 0 1 0 
vn 0 1 0 
vn 0 1 0 
vn 0 1 0 
vn 0.503937 0 0.866142 
vn 0.968504 0 0.259843 
vn 0.866142 0 -0.496063 
vn 0.503937 0 0.866142 
vn 0.259843 0 -0.968504 
vn -0.503937 0 -0.866142 
vn -0.503937 0 -0.866142 
vn -0.503937 0 -0.866142 
vn 0 1 0 
vn 0 1 0 
vn 0 1 0 
vn 0 1 0 
vn 0.866142 0 -0.496063 
vn 0.866142 0 -0.496063 
vn 0.866142 0 -0.496063 
vn 0 1 0 
vn 0 1 0 
vn 0 1 0 
vn 0.866142 0 -0.496063 
vn 0.866142 0 -0.496063 
vn 0.866142 0 -0.496063 
vn 0.259843 0 -0.968504 
vn 0.259843 0 -0.968504 
vn 0 -1 0 
vn 0 -1 0 
vn 0 -1 0 
vn 0.866142 0 -0.496063 
vn -0.496063 0 -0.866142 
vn -0.496063 0 -0.866142 
vn -0.496063 0 -0.866142 
vn 0 -1 0 
vn 0 -1 0 
vn 0 -1 0 
vn 0.866142 0 -0.496063 
vn 0.866142 0 -0.496063 
vn 0.866142 0 -0.496063 
vn -0.503937 0 -0.866142 
vn -0.503937 0 -0.866142 
vn -0.503937 0 -0.866142 
vn 0 1 0 
vn 0 1 0 
vn -0.503937 0 -0.866142 
vn -0.503937 0 -0.866142 
vn -0.503937 0 -0.866142 
vn -0.866142 0 0.496063 
vn -0.866142 0 0.496063 
vn -0.866142 0 0.496063 
vn 0 -1 0 
vn 0 -1 0 
vn 0 -1 0 
vn 0 -1 0 
vn 0 -1 0 
vn 0 -1 0 
vn 0 -1 0 
vn -0.866142 0 0.496063 
vn -0.866142 0 0.496063 
vn -0.866142 0 0.496063 
vn 0 -1 0 
vn 0 -1 0 
vn 0 -1 0 
vn 0.968504 0 0.259843 
vn 0.503937 0 0.866142 
vn 0.503937 0 0.866142 
vn 0.503937 0 0.866142 
vn 0 1 0 
vn 0.503937 0 0.866142 
vn 0 1 0 
vn 0.259843 0 -0.968504 
vn 0 -1 0 
vn 0 -1 0 
vn 0 -1 0 
vn 0 -1 0 
vn -0.866142 0 0.496063 
vn -0.866142 0 0.496063 
vn -0.866142 0 0.496063 
vn -0.496063 0 -0.866142 
vn 0 -1 0 
vn 0 -1 0 
vn -0.866142 0 0.496063 
vn -0.866142 0 0.496063 
vn -0.866142 0 0.496063 
vn 0 -1 0 
vn -0.866142 0 0.496063 
vn -0.866142 0 0.496063 
vn -0.866142 0 0.496063 
vn 0 -1 0 
vn 0 -1 0 
vn 0.259843 0 -0.968504 
vn 0 1 0 
vn 0.503937 0 0.866142 
vn 0.503937 0 0.866142 
vn 0.503937 0 0.866142 
vn 0 1 0 
vn -0.866142 0 0.496063 
vn -0.866142 0 0.496063 
vn -0.503937 0 -0.866142 
vn -0.503937 0 -0.866142 
vn -0.503937 0 -0.866142 
vn 0.503937 0 0.866142 
vn 0.503937 0 0.866142 
vn 0.503937 0 0.866142 
vn 0 1 0 
vn 0 1 0 
vn 0.503937 0 0.866142 
vn 0.259843 0 -0.968504 
vn -0.866142 0 0.496063 
vn -0.866142 0 0.496063 
vn -0.866142 0 0.496063 
vn -0.866142 0 0.496063 
vn 0 1 0 
vn -0.866142 0 0.496063 
vn 0.259843 0 -0.968504 
vn 0 1 0 
vn 0 1 0 
vn 0 1 0 
vn 0 -1 0 
vn 0 -1 0 
vn 0 -1 0 
vn -0.503937 0 -0.866142 
vn 0 -1 0 
vn 0 -1 0 
vn 0 -1 0 
vn 0.503937 0 0.866142 
vn 0.503937 0 0.866142 
vn 0.503937 0 0.866142 
vn 0 -1 0 
vn 0 -1 0 
vn 0 -1 0 
vn 0.503937 0 0.866142 
vn 0.503937 0 0.866142 
vn -0.968504 0 -0.259843 
vn -0.968504 0 -0.259843 
vn 0 1 0 
vn 0 1 0 
vn 0 1 0 
vn 0.503937 0 0.866142 
vn -0.968504 0 -0.259843 
vn -0.968504 0 -0.259843 
vn -0.866142 0 0.496063 
vn -0.866142 0 0.496063 
vn -0.866142 0 0.496063 
vn -0.866142 0 0.496063 
vn -0.866142 0 0.496063 
vn 0.503937 0 0.866142 
vn -0.503937 0 -0.866142 
vn -0.503937 0 -0.866142 
vn -0.503937 0 -0.866142 
vn 0 1 0 
vn 0 1 0 
vn 0 1 0 
vn 0 1 0 
vn -0.968504 0 -0.259843 
vn -0.968504 0 -0.259843 
vn -0.968504 0 -0.259843 
vn 0 1 0 
vn 0 1 0 
vn 0 1 0 
vn -0.866142 0 0.496063 
vn -0.866142 0 0.496063 
vn -0.503937 0 -0.866142 
vn -0.503937 0 -0.866142 
vn 0 1 0 
vn -0.866142 0 0.496063 
vn 0 -1 0 
vn 0 -1 0 
vn -0.968504 0 -0.259843 
vn -0.866142 0 0.496063 
vn 0 -1 0 
vn 0 -1 0 
vn -0.503937 0 -0.866142 
vn -0.503937 0 -0.866142 
vn 0 -1 0 
vn 0.866142 0 -0.496063 
vn 0.866142 0 -0.496063 
vn 0.866142 0 -0.496063 
vn 0 1 0 
vn 0.503937 0 0.866142 
vn 0.503937 0 0.866142 
vn 0.503937 0 0.866142 
vn 0.866142 0 -0.496063 
vn 0.866142 0 -0.496063 
vn 0 1 0 
vn -0.259843 0 0.968504 
vn -0.503937 0 -0.866142 
vn 0.866142 0 -0.496063 
vn 0.866142 0 -0.496063 

vt 56.0594 -32.4478 
vt 55.9406 -32.4478 
vt 56.0594 -32.7684 
vt 56.0594 -33.2316 
vt 55.9406 -33.2316 
vt 55.9406 -33.5522 
vt 56.0594 -33.2316 
vt 55.9406 -33.2316 
vt 56.0594 -33.5522 
vt 55.9406 -32.7684 
vt 55.7685 -32.4478 
vt 55.7684 -32.4478 
vt 55.7684 -32.4478 
vt 55.9406 -32.4478 
vt 55.9406 -32.4478 
vt 56.0594 -32.4478 
vt 56.0594 -32.7685 
vt 55.9406 -32.7685 
vt 55.9406 -32.7684 
vt 56.0594 -32.4478 
vt 56.2316 -32.4478 
vt 56.2315 -32.4478 
vt 56.2316 -32.4478 
vt 56.0594 -32.4478 
vt 55.9406 -32.4478 
vt 55.9406 -32.4478 
vt 56.2316 -32.4478 
vt 56.2316 -32.4478 
vt 56.2316 -32.4478 
vt 55.7684 -32.4478 
vt 55.9406 -33.2316 
vt 56.0594 -33.2316 
vt 55.7684 -32.4478 
vt 55.9406 -32.4478 
vt 55.9406 -32.4478 
vt 55.9406 -32.4478 
vt 56.0594 -32.4478 
vt 56.0594 -32.4478 
vt 56.0594 -32.7329 
vt 55.9406 -32.7684 
vt 55.9406 -32.4478 
vt 55.9406 -32.7684 
vt 55.9406 -32.7684 
vt 55.7684 -32.7684 
vt 55.7684 -32.4478 
vt 55.5165 -32.6997 
vt 56.0594 -32.6997 
vt 56.0594 -32.4478 
vt 56.0594 -32.4478 
vt 56.0594 -32.4478 
vt 55.9406 -32.4478 
vt 55.9406 -32.4478 
vt 55.9406 -32.7684 
vt 56.0594 -32.4478 
vt 56.5522 -32.7684 
vt 56.2316 -32.4478 
vt 56.2316 -32.5297 
vt 55.9406 -32.5297 
vt 55.9406 -32.4478 
vt 55.9406 -32.4478 
vt 56.2316 -32.7684 
vt 56.0594 -32.7684 
vt 56.0594 -32.7684 
vt 56.2316 -32.5297 
vt 56.2316 -32.5297 
vt 56.2316 -32.4478 
vt 56.2316 -32.5297 
vt 55.7684 -32.4478 
vt 55.7684 -32.4478 
vt 56.0594 -32.4478 
vt 56.0594 -32.4478 
vt 55.9406 -32.7684 
vt 56.0594 -32.4478 
vt 55.9406 -32.6997 
vt 55.9406 -32.4478 
vt 56.0594 -32.4478 
vt 56.0594 -32.4478 
vt 55.7684 -32.4478 
vt 56.5522 -32.7684 
vt 56.2316 -32.7684 
vt 56.2316 -33.2316 
vt 56.0594 -32.7684 
vt 56.0594 -32.4478 
vt 55.9406 -32.7684 
vt 55.4478 -32.7684 
vt 55.4478 -32.7684 
vt 55.4478 -32.7684 
vt 56.0594 -33.5522 
vt 56.0594 -33.5522 
vt 55.9406 -33.5522 
vt 55.9406 -32.7684 
vt 56.0594 -32.7684 
vt 56.5522 -32.7684 
vt 56.5522 -32.7684 
vt 56.5522 -32.7684 
vt 55.9406 -33.5522 
vt 56.0594 -32.7684 
vt 55.9406 -32.7684 
vt 56.0594 -33.2316 
vt 56.2316 -32.7684 
vt 56.2374 -32.7684 
vt 56.2316 -32.733 
vt 55.9406 -33.2374 
vt 55.9406 -33.2316 
vt 55.9406 -33.2316 
vt 55.9406 -32.7684 
vt 55.9406 -32.7684 
vt 55.9406 -32.733 
vt 56.2316 -32.7684 
vt 55.7684 -32.7684 
vt 56.0594 -32.5297 
vt 56.0594 -32.7684 
vt 56.0594 -32.7684 
vt 55.9406 -32.7684 
vt 55.9406 -32.7684 
vt 55.9406 -32.7684 
vt 56.2316 -32.7329 
vt 55.7684 -32.7684 
vt 56.2316 -32.7684 
vt 55.7684 -33.2316 
vt 56.2316 -32.4478 
vt 56.2316 -32.7329 
vt 56.4835 -32.6997 
vt 56.0594 -32.4478 
vt 56.0594 -32.7684 
vt 55.9406 -32.4478 
vt 55.4478 -32.7684 
vt 55.7684 -32.7684 
vt 55.7684 -32.4478 
vt 56.0594 -32.7684 
vt 56.0594 -32.7684 
vt 55.9406 -32.7684 
vt 55.9406 -32.7684 
vt 56.2316 -32.7684 
vt 56.0594 -32.7684 
vt 55.7684 -33.2316 
vt 55.9406 -32.7684 
vt 56.2316 -32.733 
vt 56.2316 -33.2316 
vt 55.4478 -32.7684 
vt 55.4478 -33.2316 
vt 56.0594 -32.7684 
vt 56.0594 -32.4478 
vt 55.9406 -32.4478 
vt 55.9406 -33.2316 
vt 56.5522 -33.2316 
vt 56.2374 -32.7684 
vt 56.0594 -33.2374 
vt 56.0594 -33.5522 
vt 56.0594 -33.5522 
vt 56.2374 -32.7684 
vt 56.0594 -33.5522 
vt 56.0594 -33.2316 
vt 55.9406 -33.5522 
vt 56.2374 -32.7684 
vt 56.5522 -32.7684 
vt 55.9406 -32.7684 
vt 55.4478 -33.2316 
vt 55.9406 -33.2316 
vt 56.0594 -33.2316 
vt 56.0594 -32.7684 
vt 56.5522 -33.2316 
vt 55.9406 -32.7684 
vt 55.9406 -33.2316 
vt 56.0594 -33.2316 
vt 55.9406 -33.2316 
vt 56.0594 -33.2316 
vt 56.0594 -33.2316 
vt 55.9406 -33.2316 
vt 55.9406 -33.5522 
vt 55.7684 -33.2316 
vt 55.7684 -32.7684 
vt 55.9406 -32.7684 
vt 56.0594 -32.7684 
vt 55.9406 -33.5522 
vt 55.9406 -33.2316 
vt 55.9406 -33.2316 
vt 55.9406 -33.2316 
vt 55.4478 -32.7684 
vt 55.9406 -33.5522 
vt 56.0594 -32.7684 
vt 56.2316 -33.5522 
vt 56.5522 -33.2316 
vt 56.2316 -33.2316 
vt 55.7684 -33.5522 
vt 55.7684 -33.2316 
vt 55.4478 -33.2316 
vt 55.9406 -33.5522 
vt 56.2316 -33.4649 
vt 56.2316 -33.5522 
vt 56.5522 -33.2316 
vt 56.0594 -33.5522 
vt 56.0594 -33.4649 
vt 56.0594 -33.5522 
vt 56.2316 -33.5522 
vt 56.2316 -33.4649 
vt 55.7684 -33.5522 
vt 56.0594 -33.5522 
vt 55.9406 -33.5522 
vt 55.9406 -33.5522 
vt 55.9406 -33.5522 
vt 55.7684 -33.5522 
vt 55.7684 -33.5522 
vt 55.7684 -33.5522 
vt 55.9406 -33.5522 
vt 56.0594 -33.5522 
vt 56.0594 -33.5522 
vt 56.0594 -33.2316 
vt 55.9406 -32.7684 
vt 55.9406 -33.2316 
vt 56.0594 -32.7684 
vt 55.9406 -33.2316 
vt 56.0594 -33.5522 
vt 56.0594 -33.4376 
vt 56.0594 -33.5522 
vt 56.0594 -33.5522 
vt 55.7684 -33.5522 
vt 55.7684 -33.4376 
vt 55.4478 -33.2316 
vt 55.7684 -33.4377 
vt 56.0594 -33.5522 
vt 56.0594 -33.2316 
vt 55.9406 -33.5522 
vt 55.7684 -33.4377 
vt 55.7684 -33.4376 
vt 55.7684 -33.5522 
vt 55.9406 -33.2316 
vt 55.9406 -33.2316 
vt 56.0594 -33.5522 
vt 55.9406 -33.5522 
vt 56.2316 -33.5522 
vt 56.0594 -33.2316 
vt 56.2316 -33.5522 
vt 56.2316 -33.5522 
vt 55.9406 -33.2316 
vt 56.0594 -33.2316 
vt 56.2316 -33.4649 
vt 56.2316 -33.4649 
vt 55.9406 -33.4649 
vt 55.9406 -33.2316 
vt 56.2316 -33.2316 
vt 55.9406 -33.2316 
vt 55.9406 -33.5522 
vt 56.0594 -33.2316 
vt 55.7684 -33.2316 
vt 55.9406 -33.4377 
vt 55.9406 -33.2316 
vt 55.9406 -33.2316 
vt 56.0594 -33.2316 
vt 56.0594 -33.2316 
vt 55.7684 -33.2316 
vt 56.0594 -33.5522 
vt 55.9406 -32.4478 
vt 55.9406 -32.4478 
vt 56.0594 -33.5522 

usemtl Union4Mtl

f 3506/3506/3506 3507/3507/3507 3508/3508/3508 
f 3509/3509/3509 3510/3510/3510 3511/3511/3511 
f 3512/3512/3512 3513/3513/3513 3514/3514/3514 
f 3515/3515/3515 3508/3508/3508 3507/3507/3507 
f 3516/3516/3516 3517/3517/3517 3518/3518/3518 
f 3519/3519/3519 3520/3520/3520 3521/3521/3521 
f 3522/3522/3522 3523/3523/3523 3524/3524/3524 
f 3520/3520/3520 3525/3525/3525 3521/3521/3521 
f 3526/3526/3526 3527/3527/3527 3528/3528/3528 
f 3529/3529/3529 3530/3530/3530 3531/3531/3531 
f 3532/3532/3532 3533/3533/3533 3534/3534/3534 
f 3533/3533/3533 3532/3532/3532 3535/3535/3535 
f 3524/3524/3524 3536/3536/3536 3537/3537/3537 
f 3532/3532/3532 3538/3538/3538 3535/3535/3535 
f 3539/3539/3539 3540/3540/3540 3541/3541/3541 
f 3542/3542/3542 3543/3543/3543 3544/3544/3544 
f 3524/3524/3524 3537/3537/3537 3522/3522/3522 
f 3524/3524/3524 3523/3523/3523 3545/3545/3545 
f 3546/3546/3546 3547/3547/3547 3548/3548/3548 
f 3549/3549/3549 3550/3550/3550 3551/3551/3551 
f 3552/3552/3552 3553/3553/3553 3554/3554/3554 
f 3553/3553/3553 3555/3555/3555 3554/3554/3554 
f 3556/3556/3556 3546/3546/3546 3548/3548/3548 
f 3557/3557/3557 3558/3558/3558 3559/3559/3559 
f 3560/3560/3560 3561/3561/3561 3562/3562/3562 
f 3563/3563/3563 3564/3564/3564 3565/3565/3565 
f 3560/3560/3560 3562/3562/3562 3566/3566/3566 
f 3567/3567/3567 3522/3522/3522 3568/3568/3568 
f 3569/3569/3569 3570/3570/3570 3571/3571/3571 
f 3562/3562/3562 3572/3572/3572 3566/3566/3566 
f 3571/3571/3571 3573/3573/3573 3574/3574/3574 
f 3537/3537/3537 3568/3568/3568 3522/3522/3522 
f 3567/3567/3567 3568/3568/3568 3545/3545/3545 
f 3564/3564/3564 3575/3575/3575 3565/3565/3565 
f 3531/3531/3531 3576/3576/3576 3529/3529/3529 
f 3568/3568/3568 3577/3577/3577 3524/3524/3524 
f 3578/3578/3578 3565/3565/3565 3575/3575/3575 
f 3541/3541/3541 3579/3579/3579 3552/3552/3552 
f 3579/3579/3579 3541/3541/3541 3540/3540/3540 
f 3554/3554/3554 3541/3541/3541 3552/3552/3552 
f 3580/3580/3580 3581/3581/3581 3582/3582/3582 
f 3573/3573/3573 3583/3583/3583 3574/3574/3574 
f 3584/3584/3584 3585/3585/3585 3586/3586/3586 
f 3587/3587/3587 3588/3588/3588 3589/3589/3589 
f 3590/3590/3590 3591/3591/3591 3592/3592/3592 
f 3593/3593/3593 3594/3594/3594 3595/3595/3595 
f 3596/3596/3596 3597/3597/3597 3552/3552/3552 
f 3598/3598/3598 3599/3599/3599 3600/3600/3600 
f 3595/3595/3595 3601/3601/3601 3593/3593/3593 
f 3602/3602/3602 3603/3603/3603 3604/3604/3604 
f 3605/3605/3605 3606/3606/3606 3607/3607/3607 
f 3608/3608/3608 3609/3609/3609 3610/3610/3610 
f 3611/3611/3611 3612/3612/3612 3613/3613/3613 
f 3614/3614/3614 3569/3569/3569 3615/3615/3615 
f 3616/3616/3616 3617/3617/3617 3618/3618/3618 
f 3619/3619/3619 3620/3620/3620 3621/3621/3621 
f 3622/3622/3622 3623/3623/3623 3624/3624/3624 
f 3623/3623/3623 3622/3622/3622 3535/3535/3535 
f 3622/3622/3622 3533/3533/3533 3535/3535/3535 
f 3624/3624/3624 3623/3623/3623 3625/3625/3625 
f 3626/3626/3626 3627/3627/3627 3628/3628/3628 
f 3615/3615/3615 3569/3569/3569 3574/3574/3574 
f 3629/3629/3629 3621/3621/3621 3630/3630/3630 
f 3621/3621/3621 3629/3629/3629 3631/3631/3631 
f 3632/3632/3632 3633/3633/3633 3634/3634/3634 
f 3558/3558/3558 3635/3635/3635 3559/3559/3559 
f 3636/3636/3636 3637/3637/3637 3638/3638/3638 
f 3639/3639/3639 3614/3614/3614 3585/3585/3585 
f 3636/3636/3636 3640/3640/3640 3575/3575/3575 
f 3640/3640/3640 3636/3636/3636 3638/3638/3638 
f 3614/3614/3614 3586/3586/3586 3585/3585/3585 
f 3586/3586/3586 3614/3614/3614 3641/3641/3641 
f 3640/3640/3640 3578/3578/3578 3575/3575/3575 
f 3596/3596/3596 3579/3579/3579 3642/3642/3642 
f 3579/3579/3579 3596/3596/3596 3552/3552/3552 
f 3624/3624/3624 3643/3643/3643 3622/3622/3622 
f 3627/3627/3627 3607/3607/3607 3628/3628/3628 
f 3607/3607/3607 3606/3606/3606 3628/3628/3628 
f 3624/3624/3624 3625/3625/3625 3644/3644/3644 
f 3645/3645/3645 3625/3625/3625 3623/3623/3623 
f 3625/3625/3625 3645/3645/3645 3646/3646/3646 
f 3647/3647/3647 3648/3648/3648 3649/3649/3649 
f 3603/3603/3603 3650/3650/3650 3604/3604/3604 
f 3651/3651/3651 3598/3598/3598 3600/3600/3600 
f 3624/3624/3624 3644/3644/3644 3652/3652/3652 
f 3653/3653/3653 3654/3654/3654 3655/3655/3655 
f 3600/3600/3600 3656/3656/3656 3651/3651/3651 
f 3651/3651/3651 3652/3652/3652 3644/3644/3644 
f 3652/3652/3652 3651/3651/3651 3656/3656/3656 
f 3657/3657/3657 3658/3658/3658 3659/3659/3659 
f 3606/3606/3606 3660/3660/3660 3661/3661/3661 
f 3662/3662/3662 3642/3642/3642 3579/3579/3579 
f 3661/3661/3661 3628/3628/3628 3606/3606/3606 
f 3591/3591/3591 3663/3663/3663 3641/3641/3641 
f 3664/3664/3664 3665/3665/3665 3666/3666/3666 
f 3586/3586/3586 3667/3667/3667 3584/3584/3584 
f 3649/3649/3649 3668/3668/3668 3647/3647/3647 
f 3669/3669/3669 3659/3659/3659 3658/3658/3658 
f 3670/3670/3670 3671/3671/3671 3672/3672/3672 
f 3673/3673/3673 3674/3674/3674 3675/3675/3675 
f 3641/3641/3641 3676/3676/3676 3586/3586/3586 
f 3614/3614/3614 3677/3677/3677 3641/3641/3641 
f 3677/3677/3677 3614/3614/3614 3615/3615/3615 
f 3678/3678/3678 3664/3664/3664 3666/3666/3666 
f 3592/3592/3592 3641/3641/3641 3677/3677/3677 
f 3641/3641/3641 3592/3592/3592 3591/3591/3591 
f 3597/3597/3597 3679/3679/3679 3552/3552/3552 
f 3680/3680/3680 3681/3681/3681 3682/3682/3682 
f 3682/3682/3682 3683/3683/3683 3680/3680/3680 
f 3684/3684/3684 3549/3549/3549 3551/3551/3551 
f 3683/3683/3683 3685/3685/3685 3680/3680/3680 
f 3679/3679/3679 3686/3686/3686 3552/3552/3552 
f 3687/3687/3687 3688/3688/3688 3689/3689/3689 
f 3690/3690/3690 3691/3691/3691 3692/3692/3692 
f 3513/3513/3513 3693/3693/3693 3514/3514/3514 
f 3694/3694/3694 3695/3695/3695 3696/3696/3696 
f 3697/3697/3697 3698/3698/3698 3699/3699/3699 
f 3700/3700/3700 3701/3701/3701 3702/3702/3702 
f 3703/3703/3703 3699/3699/3699 3704/3704/3704 
f 3699/3699/3699 3703/3703/3703 3697/3697/3697 
f 3705/3705/3705 3706/3706/3706 3706/3706/3706 
f 3707/3707/3707 3708/3708/3708 3709/3709/3709 
f 3704/3704/3704 3710/3710/3710 3703/3703/3703 
f 3706/3706/3706 3711/3711/3711 3712/3712/3712 
f 3625/3625/3625 3701/3701/3701 3644/3644/3644 
f 3701/3701/3701 3625/3625/3625 3702/3702/3702 
f 3713/3713/3713 3714/3714/3714 3715/3715/3715 
f 3714/3714/3714 3713/3713/3713 3716/3716/3716 
f 3715/3715/3715 3714/3714/3714 3717/3717/3717 
f 3675/3675/3675 3718/3718/3718 3673/3673/3673 
f 3719/3719/3719 3720/3720/3720 3721/3721/3721 
f 3722/3722/3722 3723/3723/3723 3724/3724/3724 
f 3724/3724/3724 3723/3723/3723 3725/3725/3725 
f 3726/3726/3726 3727/3727/3727 3728/3728/3728 
f 3729/3729/3729 3730/3730/3730 3731/3731/3731 
f 3732/3732/3732 3715/3715/3715 3717/3717/3717 
f 3717/3717/3717 3733/3733/3733 3732/3732/3732 
f 3721/3721/3721 3734/3734/3734 3719/3719/3719 
f 3721/3721/3721 3720/3720/3720 3735/3735/3735 
f 3731/3731/3731 3736/3736/3736 3729/3729/3729 
f 3732/3732/3732 3733/3733/3733 3737/3737/3737 
f 3706/3706/3706 3706/3706/3706 3712/3712/3712 
f 3738/3738/3738 3739/3739/3739 3738/3738/3738 
f 3706/3706/3706 3728/3728/3728 3740/3740/3740 
f 3740/3740/3740 3728/3728/3728 3727/3727/3727 
f 3740/3740/3740 3705/3705/3705 3706/3706/3706 
f 3741/3741/3741 3732/3732/3732 3737/3737/3737 
f 3735/3735/3735 3735/3735/3735 3721/3721/3721 
f 3701/3701/3701 3742/3742/3742 3644/3644/3644 
f 3743/3743/3743 3694/3694/3694 3696/3696/3696 
f 3671/3671/3671 3744/3744/3744 3745/3745/3745 
f 3696/3696/3696 3746/3746/3746 3743/3743/3743 
f 3747/3747/3747 3748/3748/3748 3749/3749/3749 
f 3750/3750/3750 3729/3729/3729 3586/3586/3586 
f 3751/3751/3751 3752/3752/3752 3753/3753/3753 
f 3754/3754/3754 3755/3755/3755 3749/3749/3749 
f 3725/3725/3725 3756/3756/3756 3724/3724/3724 
f 3729/3729/3729 3736/3736/3736 3586/3586/3586 
f 3750/3750/3750 3586/3586/3586 3676/3676/3676 
f 3671/3671/3671 3745/3745/3745 3672/3672/3672 
f 3511/3511/3511 3757/3757/3757 3509/3509/3509 
f 3571/3571/3571 3574/3574/3574 3569/3569/3569 
f 3758/3758/3758 3580/3580/3580 3582/3582/3582 
f 3524/3524/3524 3545/3545/3545 3568/3568/3568 
f 3631/3631/3631 3619/3619/3619 3621/3621/3621 
f 3589/3589/3589 3588/3588/3588 3759/3759/3759 
f 3760/3760/3760 3754/3754/3754 3749/3749/3749 
f 3748/3748/3748 3760/3760/3760 3749/3749/3749 

g Part1

v 0.00508168 -4.47313 -0.00379491 
v -0.940722 -4.47291 3.48496 
v -0.238154 -4.47296 3.6027 
v 0.719349 -4.47304 3.53962 
v 1.80322 -4.47314 3.13191 
v 2.70255 -4.47324 2.40238 
v 3.2406 -4.47332 1.60784 
v 3.49384 -4.47337 0.942008 
v 3.49384 -4.47337 0.942008 
v 3.61158 -4.4734 0.23944 
v 3.5485 -4.47344 -0.718062 
v 3.14079 -4.47345 -1.80193 
v 2.41125 -4.47343 -2.70126 
v 1.61672 -4.47339 -3.23931 
v 0.950886 -4.47335 -3.49255 
v 0.950886 -4.47335 -3.49255 
v 0.248317 -4.4733 -3.61029 
v -0.709185 -4.47322 -3.54721 
v -1.79306 -4.47312 -3.1395 
v -2.69238 -4.47302 -2.40997 
v -3.23044 -4.47294 -1.61543 
v -3.48368 -4.47289 -0.949598 
v -3.48368 -4.47289 -0.949598 
v -3.60141 -4.47285 -0.24703 
v -3.53833 -4.47282 0.710472 
v -3.13063 -4.47281 1.79434 
v -2.40109 -4.47283 2.69367 
v -1.60656 -4.47287 3.23172 
v -0.940722 -4.47291 3.48496 
v -3.48305 3.45045 -0.94993 
v -3.48368 -4.47289 -0.949598 
v -3.60079 3.45049 -0.247362 
v -3.60141 -4.47285 -0.24703 
v -3.53771 3.45052 0.710139 
v -3.53833 -4.47282 0.710472 
v -3.13 3.45053 1.79401 
v -3.13063 -4.47281 1.79434 
v -2.40046 3.45051 2.69333 
v -2.40109 -4.47283 2.69367 
v -1.60593 3.45047 3.23139 
v -1.60656 -4.47287 3.23172 
v -0.940096 3.45043 3.48463 
v -0.940722 -4.47291 3.48496 
v -3.48368 -4.47289 -0.949598 
v -3.48305 3.45045 -0.94993 
v -3.23044 -4.47294 -1.61543 
v -3.22981 3.4504 -1.61576 
v -2.69238 -4.47302 -2.40997 
v -2.69175 3.45032 -2.4103 
v -1.79306 -4.47312 -3.1395 
v -1.79243 3.45022 -3.13983 
v -0.709185 -4.47322 -3.54721 
v -0.708558 3.45012 -3.54754 
v 0.248317 -4.4733 -3.61029 
v 0.248944 3.45004 -3.61062 
v 0.950886 -4.47335 -3.49255 
v 0.951512 3.44999 -3.49288 
v 0.00570843 3.45021 -0.00412732 
v -3.48305 3.45045 -0.94993 
v -3.22981 3.4504 -1.61576 
v -2.69175 3.45032 -2.4103 
v -1.79243 3.45022 -3.13983 
v -0.708558 3.45012 -3.54754 
v 0.248944 3.45004 -3.61062 
v 0.951512 3.44999 -3.49288 
v 0.951512 3.44999 -3.49288 
v 1.61735 3.44995 -3.23965 
v 2.41188 3.44991 -2.70159 
v 3.14142 3.44989 -1.80227 
v 3.54912 3.4499 -0.718394 
v 3.6122 3.44994 0.239108 
v 3.49447 3.44997 0.941676 
v 3.49447 3.44997 0.941676 
v 3.24123 3.45002 1.60751 
v 2.70317 3.4501 2.40204 
v 1.80385 3.4502 3.13158 
v 0.719975 3.4503 3.53929 
v -0.237527 3.45038 3.60237 
v -0.940096 3.45043 3.48463 
v -0.940096 3.45043 3.48463 
v -1.60593 3.45047 3.23139 
v -2.40046 3.45051 2.69333 
v -3.13 3.45053 1.79401 
v -3.53771 3.45052 0.710139 
v -3.60079 3.45049 -0.247363 
v -3.48305 3.45045 -0.94993 
v 3.49447 3.44997 0.941676 
v 3.49384 -4.47337 0.942008 
v 3.6122 3.44994 0.239108 
v 3.61158 -4.4734 0.23944 
v 3.54912 3.4499 -0.718394 
v 3.5485 -4.47344 -0.718062 
v 3.14142 3.44989 -1.80227 
v 3.14079 -4.47345 -1.80193 
v 2.41188 3.44991 -2.70159 
v 2.41125 -4.47343 -2.70126 
v 1.61735 3.44995 -3.23965 
v 1.61672 -4.47339 -3.23931 
v 0.951512 3.44999 -3.49288 
v 0.950886 -4.47335 -3.49255 
v -0.940096 3.45043 3.48463 
v -0.940722 -4.47291 3.48496 
v -0.237527 3.45038 3.60237 
v -0.238154 -4.47296 3.6027 
v 0.719976 3.4503 3.53929 
v 0.719349 -4.47304 3.53962 
v 1.80385 3.4502 3.13158 
v 1.80322 -4.47314 3.13191 
v 2.70317 3.4501 2.40204 
v 2.70255 -4.47324 2.40238 
v 3.24123 3.45002 1.60751 
v 3.2406 -4.47332 1.60784 
v 3.49447 3.44997 0.941676 
v 3.49384 -4.47337 0.942008 

vn 0 -1 0 
vn 0 -1 0 
vn 0 -1 0 
vn 0 -1 0 
vn 0 -1 0 
vn 0 -1 0 
vn 0 -1 0 
vn 0 -1 0 
vn 0 -1 0 
vn 0 -1 0 
vn 0 -1 0 
vn 0 -1 0 
vn 0 -1 0 
vn 0 -1 0 
vn 0 -1 0 
vn 0 -1 0 
vn 0 -1 0 
vn 0 -1 0 
vn 0 -1 0 
vn 0 -1 0 
vn 0 -1 0 
vn 0 -1 0 
vn 0 -1 0 
vn 0 -1 0 
vn 0 -1 0 
vn 0 -1 0 
vn 0 -1 0 
vn 0 -1 0 
vn 0 -1 0 
vn -0.968504 0 -0.259843 
vn -0.968504 0 -0.259843 
vn -1 0 -0.0708661 
vn -1 0 -0.0708661 
vn -0.976378 0 0.19685 
vn -0.976378 0 0.19685 
vn -0.866142 0 0.496063 
vn -0.866142 0 0.496063 
vn -0.669291 0 0.748031 
vn -0.669291 0 0.748031 
vn -0.448819 0 0.897638 
vn -0.448819 0 0.897638 
vn -0.259843 0 0.968504 
vn -0.259843 0 0.968504 
vn -0.968504 0 -0.259843 
vn -0.968504 0 -0.259843 
vn -0.897638 0 -0.448819 
vn -0.897638 0 -0.448819 
vn -0.748031 0 -0.669291 
vn -0.748031 0 -0.669291 
vn -0.496063 0 -0.866142 
vn -0.496063 0 -0.866142 
vn -0.19685 0 -0.976378 
vn -0.19685 0 -0.976378 
vn 0.0708661 0 -1 
vn 0.0708661 0 -1 
vn 0.259843 0 -0.968504 
vn 0.259843 0 -0.968504 
vn 0 1 0 
vn 0 1 0 
vn 0 1 0 
vn 0 1 0 
vn 0 1 0 
vn 0 1 0 
vn 0 1 0 
vn 0 1 0 
vn 0 1 0 
vn 0 1 0 
vn 0 1 0 
vn 0 1 0 
vn 0 1 0 
vn 0 1 0 
vn 0 1 0 
vn 0 1 0 
vn 0 1 0 
vn 0 1 0 
vn 0 1 0 
vn 0 1 0 
vn 0 1 0 
vn 0 1 0 
vn 0 1 0 
vn 0 1 0 
vn 0 1 0 
vn 0 1 0 
vn 0 1 0 
vn 0 1 0 
vn 0 1 0 
vn 0.968504 0 0.259843 
vn 0.968504 0 0.259843 
vn 1 0 0.0708661 
vn 1 0 0.0708661 
vn 0.976378 0 -0.19685 
vn 0.976378 0 -0.19685 
vn 0.866142 0 -0.496063 
vn 0.866142 0 -0.496063 
vn 0.669291 0 -0.748031 
vn 0.669291 0 -0.748031 
vn 0.448819 0 -0.897638 
vn 0.448819 0 -0.897638 
vn 0.259843 0 -0.968504 
vn 0.259843 0 -0.968504 
vn -0.259843 0 0.968504 
vn -0.259843 0 0.968504 
vn -0.0708661 0 1 
vn -0.0708661 0 1 
vn 0.19685 0 0.976378 
vn 0.19685 0 0.976378 
vn 0.496063 0 0.866142 
vn 0.496063 0 0.866142 
vn 0.748031 0 0.669291 
vn 0.748031 0 0.669291 
vn 0.897638 0 0.448819 
vn 0.897638 0 0.448819 
vn 0.968504 0 0.259843 
vn 0.968504 0 0.259843 

vt 5.70184 -4.45184 
vt 6.02133 -4.13234 
vt 6.07779 -4.2012 
vt 6.13049 -4.30895 
vt 6.15367 -4.45184 
vt 6.13049 -4.59472 
vt 6.07779 -4.70247 
vt 6.02133 -4.77133 
vt 6.02133 -4.77133 
vt 5.95247 -4.82779 
vt 5.84472 -4.88049 
vt 5.70184 -4.90367 
vt 5.55895 -4.88049 
vt 5.4512 -4.82779 
vt 5.38234 -4.77133 
vt 5.38234 -4.77133 
vt 5.32589 -4.70247 
vt 5.27319 -4.59472 
vt 5.25 -4.45184 
vt 5.27319 -4.30895 
vt 5.32589 -4.2012 
vt 5.38234 -4.13234 
vt 5.38234 -4.13234 
vt 5.4512 -4.07589 
vt 5.55895 -4.02319 
vt 5.70184 -4 
vt 5.84472 -4.02319 
vt 5.95247 -4.07589 
vt 6.02133 -4.13234 
vt 11.4904 -9 
vt 10.5 -9 
vt 11.4904 -9.15061 
vt 10.5 -9.15061 
vt 11.4904 -9.30122 
vt 10.5 -9.30122 
vt 11.4904 -9.45184 
vt 10.5 -9.45184 
vt 11.4904 -9.60245 
vt 10.5 -9.60245 
vt 11.4904 -9.75306 
vt 10.5 -9.75306 
vt 11.4904 -9.90367 
vt 10.5 -9.90367 
vt 11.4904 -9 
vt 10.5 -9 
vt 11.4904 -9.15061 
vt 10.5 -9.15061 
vt 11.4904 -9.30122 
vt 10.5 -9.30122 
vt 11.4904 -9.45184 
vt 10.5 -9.45184 
vt 11.4904 -9.60245 
vt 10.5 -9.60245 
vt 11.4904 -9.75306 
vt 10.5 -9.75306 
vt 11.4904 -9.90367 
vt 10.5 -9.90367 
vt 5.70184 -4.45184 
vt 6.02133 -4.13234 
vt 6.07779 -4.2012 
vt 6.13049 -4.30895 
vt 6.15367 -4.45184 
vt 6.13049 -4.59472 
vt 6.07779 -4.70247 
vt 6.02133 -4.77133 
vt 6.02133 -4.77133 
vt 5.95247 -4.82779 
vt 5.84472 -4.88049 
vt 5.70184 -4.90367 
vt 5.55895 -4.88049 
vt 5.4512 -4.82779 
vt 5.38234 -4.77133 
vt 5.38234 -4.77133 
vt 5.32589 -4.70247 
vt 5.27319 -4.59472 
vt 5.25 -4.45184 
vt 5.27319 -4.30895 
vt 5.32589 -4.2012 
vt 5.38234 -4.13234 
vt 5.38234 -4.13234 
vt 5.4512 -4.07589 
vt 5.55895 -4.02319 
vt 5.70184 -4 
vt 5.84472 -4.02319 
vt 5.95247 -4.07589 
vt 6.02133 -4.13234 
vt 11.4904 -9 
vt 10.5 -9 
vt 11.4904 -9.15061 
vt 10.5 -9.15061 
vt 11.4904 -9.30122 
vt 10.5 -9.30122 
vt 11.4904 -9.45184 
vt 10.5 -9.45184 
vt 11.4904 -9.60245 
vt 10.5 -9.60245 
vt 11.4904 -9.75306 
vt 10.5 -9.75306 
vt 11.4904 -9.90367 
vt 10.5 -9.90367 
vt 11.4904 -9 
vt 10.5 -9 
vt 11.4904 -9.15061 
vt 10.5 -9.15061 
vt 11.4904 -9.30122 
vt 10.5 -9.30122 
vt 11.4904 -9.45184 
vt 10.5 -9.45184 
vt 11.4904 -9.60245 
vt 10.5 -9.60245 
vt 11.4904 -9.75306 
vt 10.5 -9.75306 
vt 11.4904 -9.90367 
vt 10.5 -9.90367 

usemtl Part1Mtl

f 3761/3761/3761 3763/3763/3763 3762/3762/3762 
f 3761/3761/3761 3764/3764/3764 3763/3763/3763 
f 3761/3761/3761 3765/3765/3765 3764/3764/3764 
f 3761/3761/3761 3766/3766/3766 3765/3765/3765 
f 3761/3761/3761 3767/3767/3767 3766/3766/3766 
f 3761/3761/3761 3768/3768/3768 3767/3767/3767 
f 3761/3761/3761 3770/3770/3770 3769/3769/3769 
f 3761/3761/3761 3771/3771/3771 3770/3770/3770 
f 3761/3761/3761 3772/3772/3772 3771/3771/3771 
f 3761/3761/3761 3773/3773/3773 3772/3772/3772 
f 3761/3761/3761 3774/3774/3774 3773/3773/3773 
f 3761/3761/3761 3775/3775/3775 3774/3774/3774 
f 3761/3761/3761 3777/3777/3777 3776/3776/3776 
f 3761/3761/3761 3778/3778/3778 3777/3777/3777 
f 3761/3761/3761 3779/3779/3779 3778/3778/3778 
f 3761/3761/3761 3780/3780/3780 3779/3779/3779 
f 3761/3761/3761 3781/3781/3781 3780/3780/3780 
f 3761/3761/3761 3782/3782/3782 3781/3781/3781 
f 3761/3761/3761 3784/3784/3784 3783/3783/3783 
f 3761/3761/3761 3785/3785/3785 3784/3784/3784 
f 3761/3761/3761 3786/3786/3786 3785/3785/3785 
f 3761/3761/3761 3787/3787/3787 3786/3786/3786 
f 3761/3761/3761 3788/3788/3788 3787/3787/3787 
f 3761/3761/3761 3789/3789/3789 3788/3788/3788 
f 3790/3790/3790 3791/3791/3791 3792/3792/3792 
f 3792/3792/3792 3791/3791/3791 3793/3793/3793 
f 3792/3792/3792 3793/3793/3793 3794/3794/3794 
f 3794/3794/3794 3793/3793/3793 3795/3795/3795 
f 3794/3794/3794 3795/3795/3795 3796/3796/3796 
f 3796/3796/3796 3795/3795/3795 3797/3797/3797 
f 3796/3796/3796 3797/3797/3797 3798/3798/3798 
f 3798/3798/3798 3797/3797/3797 3799/3799/3799 
f 3798/3798/3798 3799/3799/3799 3800/3800/3800 
f 3800/3800/3800 3799/3799/3799 3801/3801/3801 
f 3800/3800/3800 3801/3801/3801 3802/3802/3802 
f 3802/3802/3802 3801/3801/3801 3803/3803/3803 
f 3804/3804/3804 3805/3805/3805 3806/3806/3806 
f 3806/3806/3806 3805/3805/3805 3807/3807/3807 
f 3806/3806/3806 3807/3807/3807 3808/3808/3808 
f 3808/3808/3808 3807/3807/3807 3809/3809/3809 
f 3808/3808/3808 3809/3809/3809 3810/3810/3810 
f 3810/3810/3810 3809/3809/3809 3811/3811/3811 
f 3810/3810/3810 3811/3811/3811 3812/3812/3812 
f 3812/3812/3812 3811/3811/3811 3813/3813/3813 
f 3812/3812/3812 3813/3813/3813 3814/3814/3814 
f 3814/3814/3814 3813/3813/3813 3815/3815/3815 
f 3814/3814/3814 3815/3815/3815 3816/3816/3816 
f 3816/3816/3816 3815/3815/3815 3817/3817/3817 
f 3818/3818/3818 3820/3820/3820 3819/3819/3819 
f 3818/3818/3818 3821/3821/3821 3820/3820/3820 
f 3818/3818/3818 3822/3822/3822 3821/3821/3821 
f 3818/3818/3818 3823/3823/3823 3822/3822/3822 
f 3818/3818/3818 3824/3824/3824 3823/3823/3823 
f 3818/3818/3818 3825/3825/3825 3824/3824/3824 
f 3818/3818/3818 3827/3827/3827 3826/3826/3826 
f 3818/3818/3818 3828/3828/3828 3827/3827/3827 
f 3818/3818/3818 3829/3829/3829 3828/3828/3828 
f 3818/3818/3818 3830/3830/3830 3829/3829/3829 
f 3818/3818/3818 3831/3831/3831 3830/3830/3830 
f 3818/3818/3818 3832/3832/3832 3831/3831/3831 
f 3818/3818/3818 3834/3834/3834 3833/3833/3833 
f 3818/3818/3818 3835/3835/3835 3834/3834/3834 
f 3818/3818/3818 3836/3836/3836 3835/3835/3835 
f 3818/3818/3818 3837/3837/3837 3836/3836/3836 
f 3818/3818/3818 3838/3838/3838 3837/3837/3837 
f 3818/3818/3818 3839/3839/3839 3838/3838/3838 
f 3818/3818/3818 3841/3841/3841 3840/3840/3840 
f 3818/3818/3818 3842/3842/3842 3841/3841/3841 
f 3818/3818/3818 3843/3843/3843 3842/3842/3842 
f 3818/3818/3818 3844/3844/3844 3843/3843/3843 
f 3818/3818/3818 3845/3845/3845 3844/3844/3844 
f 3818/3818/3818 3846/3846/3846 3845/3845/3845 
f 3847/3847/3847 3848/3848/3848 3849/3849/3849 
f 3849/3849/3849 3848/3848/3848 3850/3850/3850 
f 3849/3849/3849 3850/3850/3850 3851/3851/3851 
f 3851/3851/3851 3850/3850/3850 3852/3852/3852 
f 3851/3851/3851 3852/3852/3852 3853/3853/3853 
f 3853/3853/3853 3852/3852/3852 3854/3854/3854 
f 3853/3853/3853 3854/3854/3854 3855/3855/3855 
f 3855/3855/3855 3854/3854/3854 3856/3856/3856 
f 3855/3855/3855 3856/3856/3856 3857/3857/3857 
f 3857/3857/3857 3856/3856/3856 3858/3858/3858 
f 3857/3857/3857 3858/3858/3858 3859/3859/3859 
f 3859/3859/3859 3858/3858/3858 3860/3860/3860 
f 3861/3861/3861 3862/3862/3862 3863/3863/3863 
f 3863/3863/3863 3862/3862/3862 3864/3864/3864 
f 3863/3863/3863 3864/3864/3864 3865/3865/3865 
f 3865/3865/3865 3864/3864/3864 3866/3866/3866 
f 3865/3865/3865 3866/3866/3866 3867/3867/3867 
f 3867/3867/3867 3866/3866/3866 3868/3868/3868 
f 3867/3867/3867 3868/3868/3868 3869/3869/3869 
f 3869/3869/3869 3868/3868/3868 3870/3870/3870 
f 3869/3869/3869 3870/3870/3870 3871/3871/3871 
f 3871/3871/3871 3870/3870/3870 3872/3872/3872 
f 3871/3871/3871 3872/3872/3872 3873/3873/3873 
f 3873/3873/3873 3872/3872/3872 3874/3874/3874 

