# This file is brought to you by Roblox Corporation
# Generated by Roblox Studio

mtllib t3.mtl

g Tier51

v 0.320039 3.6226 0.349384 
v 1.898e-07 3.6226 9.31882e-07 
v 0.19641 3.6226 0.431182 
v 0.41234 3.6226 0.233387 
v 0.0535544 3.6226 0.470772 
v 0.464279 3.6226 0.094544 
v -0.0945428 3.6226 0.46428 
v 0.470771 3.6226 -0.0535534 
v -0.233386 3.6226 0.412341 
v 0.431181 3.6226 -0.196408 
v -0.349383 3.6226 0.320039 
v 0.349383 3.6226 -0.320038 
v -0.43118 3.6226 0.19641 
v 0.233386 3.6226 -0.412339 
v -0.470771 3.6226 0.0535552 
v 0.0945432 3.6226 -0.464278 
v -0.464279 3.6226 -0.094542 
v -0.0535542 3.6226 -0.47077 
v -0.41234 3.6226 -0.233385 
v -0.196409 3.6226 -0.43118 
v -0.320038 3.6226 -0.349382 
v 0.10579 3.45628 0.929948 
v 0.19641 3.6226 0.431182 
v 0.0535544 3.6226 0.470772 
v -0.0945428 3.6226 0.46428 
v 0.387982 3.45628 0.851743 
v -0.186758 3.45628 0.917124 
v 0.632195 3.45628 0.690163 
v -0.233386 3.6226 0.412341 
v 0.320039 3.6226 0.349384 
v -0.461023 3.45628 0.814526 
v 0.814525 3.45628 0.461025 
v -0.690161 3.45628 0.632196 
v 0.41234 3.6226 0.233387 
v -0.349383 3.6226 0.320039 
v 0.464279 3.6226 0.094544 
v -0.43118 3.6226 0.19641 
v 0.917124 3.45628 0.186759 
v -0.851741 3.45628 0.387982 
v 0.929947 3.45628 -0.105789 
v 0.470771 3.6226 -0.0535534 
v 0.851742 3.45628 -0.38798 
v -0.929947 3.45628 0.105791 
v 0.431181 3.6226 -0.196408 
v -0.470771 3.6226 0.0535552 
v 0.690162 3.45628 -0.632194 
v -0.464279 3.6226 -0.094542 
v 0.349383 3.6226 -0.320038 
v -0.917123 3.45628 -0.186757 
v 0.461024 3.45628 -0.814524 
v -0.814524 3.45628 -0.461022 
v 0.233386 3.6226 -0.412339 
v -0.41234 3.6226 -0.233385 
v 0.186758 3.45628 -0.917122 
v -0.320038 3.6226 -0.349382 
v 0.0945432 3.6226 -0.464278 
v -0.632195 3.45628 -0.690161 
v -0.0535542 3.6226 -0.47077 
v -0.387981 3.45628 -0.851741 
v -0.105789 3.45628 -0.929946 
v -0.196409 3.6226 -0.43118 
v -0.233385 -3.6226 0.412338 
v -1.21749e-07 -3.6226 -2.51954e-07 
v -0.0945428 -3.6226 0.464276 
v -0.349382 -3.6226 0.320037 
v 0.0535539 -3.6226 0.470768 
v -0.431179 -3.6226 0.196408 
v 0.196408 -3.6226 0.431178 
v -0.470769 -3.6226 0.0535538 
v 0.320037 -3.6226 0.349381 
v -0.464277 -3.6226 -0.0945428 
v 0.412338 -3.6226 0.233385 
v -0.412338 -3.6226 -0.233385 
v 0.464277 -3.6226 0.0945424 
v -0.320037 -3.6226 -0.349382 
v 0.470768 -3.6226 -0.0535542 
v -0.196409 -3.6226 -0.431179 
v -0.0535542 -3.6226 -0.470769 
v 0.431178 -3.6226 -0.196409 
v 0.0945424 -3.6226 -0.464277 
v 0.349381 -3.6226 -0.320037 
v 0.233385 -3.6226 -0.412338 
v 0.0535539 -3.6226 0.470768 
v 0.38798 -3.51172 0.851739 
v 0.105789 -3.51172 0.929945 
v -0.186757 -3.51172 0.917121 
v 0.196408 -3.6226 0.431178 
v -0.0945428 -3.6226 0.464276 
v 0.320037 -3.6226 0.349381 
v -0.461023 -3.51172 0.814523 
v 0.632193 -3.51172 0.69016 
v -0.233385 -3.6226 0.412338 
v 0.814523 -3.51172 0.461023 
v 0.412338 -3.6226 0.233385 
v -0.69016 -3.51172 0.632193 
v 0.917121 -3.51172 0.186757 
v -0.349382 -3.6226 0.320037 
v 0.464277 -3.6226 0.0945424 
v 0.470768 -3.6226 -0.0535542 
v 0.929945 -3.51172 -0.10579 
v -0.431179 -3.6226 0.196408 
v -0.85174 -3.51172 0.38798 
v -0.929945 -3.51172 0.105789 
v 0.431178 -3.6226 -0.196409 
v -0.470769 -3.6226 0.0535538 
v 0.85174 -3.51172 -0.387981 
v -0.917121 -3.51172 -0.186757 
v 0.69016 -3.51172 -0.632194 
v -0.464277 -3.6226 -0.0945428 
v 0.349381 -3.6226 -0.320037 
v -0.412338 -3.6226 -0.233385 
v 0.461023 -3.51172 -0.814523 
v -0.814523 -3.51172 -0.461023 
v 0.233385 -3.6226 -0.412338 
v -0.320037 -3.6226 -0.349382 
v 0.186757 -3.51172 -0.917121 
v -0.632194 -3.51172 -0.69016 
v 0.0945424 -3.6226 -0.464277 
v -0.196409 -3.6226 -0.431179 
v -0.0535542 -3.6226 -0.470769 
v -0.387981 -3.51172 -0.85174 
v -0.10579 -3.51172 -0.929945 
v -0.618334 2.64736 -1.51871 
v -0.859037 2.99502 -0.935604 
v -0.475803 2.99502 -1.17057 
v -0.58222 3.24965 -0.633405 
v -0.321365 3.24965 -0.793337 
v -1.11451 2.64736 -1.2145 
v -0.745445 2.21523 -1.82919 
v -1.34234 2.21523 -1.46323 
v -1.3306 3.05744 0.490397 
v -1.39321 3.05744 0.264472 
v -1.52339 3.08444 0.422188 
v -0.490396 3.05744 -1.3306 
v -0.264471 3.05744 -1.39321 
v -0.422187 3.08444 -1.52339 
v 1.3306 3.05744 -0.490395 
v 1.39321 3.05744 -0.26447 
v 1.52339 3.08444 -0.422186 
v 0.490396 3.05744 1.3306 
v 0.264471 3.05744 1.39321 
v 0.422187 3.08444 1.52339 
v -0.591536 2.67543 -1.68647 
v -0.360941 2.67543 -1.75038 
v -0.522781 2.66889 -1.88636 
v -1.68647 2.67543 0.591537 
v -1.75038 2.67543 0.360942 
v -1.88636 2.66889 0.522781 
v 0.591536 2.67542 1.68647 
v 0.360941 2.67542 1.75038 
v 0.522781 2.66889 1.88637 
v 1.68647 2.67543 -0.591535 
v 1.75038 2.67543 -0.36094 
v 1.88637 2.66889 -0.52278 
v -0.379759 3.34688 -0.941214 
v -0.158894 3.34688 -1.00242 
v -0.310428 3.40819 -1.12013 
v -0.941215 3.34688 0.37976 
v -1.00242 3.34688 0.158895 
v -1.12013 3.40819 0.31043 
v 0.379759 3.34688 0.941216 
v 0.158895 3.34688 1.00243 
v 0.310429 3.40819 1.12013 
v 0.941216 3.34688 -0.379758 
v 1.00243 3.34688 -0.158894 
v 1.12013 3.40819 -0.310428 
v -0.12539 -3.23345 -0.817929 
v 0.0840377 -3.33207 -0.412691 
v -0.0634764 -3.33207 -0.414062 
v -1.01197e-07 -3.36522 -1.81027e-07 
v 0.166006 -3.23345 -0.815219 
v -0.184216 -3.07178 -1.20165 
v 0.207453 -3.33207 -0.366523 
v -1.01197e-07 -3.36522 -1.81027e-07 
v 0.243887 -3.07178 -1.19767 
v -0.238505 -2.85104 -1.55579 
v 0.409798 -3.23345 -0.72402 
v 0.315763 -2.85104 -1.55064 
v -0.286922 -2.57668 -1.87162 
v 0.602052 -3.07178 -1.06369 
v 0.379863 -2.57668 -1.86542 
v -0.328274 -2.25543 -2.14137 
v 0.779482 -2.85104 -1.37717 
v 0.901284 -3.07178 -0.825586 
v 0.43461 -2.25544 -2.13427 
v -0.361543 -1.89523 -2.35838 
v 0.937719 -2.57668 -1.65674 
v 0.478656 -1.89523 -2.35057 
v -0.38591 -1.50492 -2.51733 
v 1.07287 -2.25544 -1.89551 
v 1.1669 -2.85104 -1.06889 
v 0.184215 -3.07178 1.20165 
v -0.166007 -3.23345 0.815219 
v 0.125389 -3.23345 0.817928 
v -0.243887 -3.07178 1.19767 
v -0.084038 -3.33207 0.41269 
v 0.0634762 -3.33207 0.414062 
v -1.01197e-07 -3.36522 -1.81027e-07 
v -0.409798 -3.23345 0.72402 
v -0.207453 -3.33207 0.366522 
v -1.01197e-07 -3.36522 -1.81027e-07 
v -0.602052 -3.07178 1.06369 
v -0.613476 -3.23345 0.56195 
v -0.779482 -2.85105 1.37717 
v -0.310561 -3.33207 0.284477 
v -1.01197e-07 -3.36522 -1.81027e-07 
v -0.765792 -3.23345 0.313517 
v -0.387669 -3.33207 0.158712 
v -1.01197e-07 -3.36522 -1.81027e-07 
v -1.12506 -3.07178 0.460602 
v -0.901284 -3.07178 0.825585 
v -1.45662 -2.85104 0.596345 
v -1.1669 -2.85105 1.06889 
v -1.75232 -2.57668 0.717404 
v -0.937718 -2.57668 1.65674 
v -0.379863 -2.57668 1.86542 
v -1.40378 -2.57668 1.28588 
v -2.00487 -2.25544 0.820798 
v -0.43461 -2.25544 2.13427 
v -1.07287 -2.25544 1.89551 
v -0.478656 -1.89523 2.35057 
v -1.18159 -1.89523 2.08761 
v -1.76887 -1.89523 1.6203 
v -1.6061 -2.25544 1.4712 
v -2.20805 -1.89523 0.903982 
v 2.14137 -2.25544 -0.328274 
v 1.86542 -2.57668 0.379864 
v 1.87162 -2.57668 -0.286922 
v 2.13427 -2.25544 0.434611 
v 1.55064 -2.85105 0.315763 
v 1.55579 -2.85104 -0.238505 
v 1.65674 -2.57668 0.937719 
v 1.19767 -3.07178 0.243887 
v 1.20165 -3.07178 -0.184216 
v 0.815219 -3.23345 0.166006 
v 0.817928 -3.23345 -0.12539 
v 1.06369 -3.07178 0.602052 
v 1.37717 -2.85105 0.779482 
v 0.41269 -3.33207 0.0840377 
v 0.414062 -3.33207 -0.0634764 
v -1.01197e-07 -3.36522 -1.81027e-07 
v 0.366523 -3.33207 0.207453 
v -1.01197e-07 -3.36522 -1.81027e-07 
v 0.72402 -3.23345 0.409798 
v 0.284477 -3.33207 0.310561 
v -1.01197e-07 -3.36522 -1.81027e-07 
v 0.825586 -3.07178 0.901284 
v 0.56195 -3.23345 0.613476 
v 0.313517 -3.23345 0.765791 
v 0.158712 -3.33207 0.387668 
v -1.01197e-07 -3.36522 -1.81027e-07 
v 0.460602 -3.07178 1.12506 
v 0.596345 -2.85105 1.45662 
v 1.06889 -2.85105 1.1669 
v 0.717404 -2.57668 1.75232 
v 1.28588 -2.57668 1.40378 
v 0.820798 -2.25544 2.00487 
v 1.4712 -2.25544 1.6061 
v 0.903982 -1.89523 2.20805 
v 1.6203 -1.89523 1.76887 
v 1.89551 -2.25544 1.07287 
v 2.08761 -1.89523 1.18159 
v 2.35057 -1.89523 0.478656 
v -1.03896 -1.1094 -2.55607 
v -1.80277 -1.54073 -1.96853 
v -1.87271 -1.1094 -2.04489 
v -1.05208 -0.66718 -2.5881 
v -1.89622 -0.66718 -2.07055 
v -0.99994 -1.54073 -2.46075 
v -2.41663 -1.1094 -1.36134 
v -2.44692 -0.66718 -1.37848 
v -2.32651 -1.54073 -1.31033 
v -2.17878 -1.95055 -1.22671 
v -1.68811 -1.95055 -1.84335 
v -0.935969 -1.95055 -2.30449 
v 2.00009 2.21024 -0.680693 
v 2.06515 2.21024 -0.445934 
v 2.20139 2.17246 -0.610085 
v -0.680694 2.21024 -2.00009 
v -0.445934 2.21024 -2.06515 
v -0.610085 2.17246 -2.20139 
v -2.00009 2.21024 0.680695 
v -2.06515 2.21024 0.445935 
v -2.20139 2.17246 0.610086 
v 0.680694 2.21024 2.00009 
v 0.445935 2.21024 2.06516 
v 0.610085 2.17246 2.20139 
v -0.389181 2.22312 1.90937 
v 0.354364 1.71717 2.19911 
v 0.310945 2.22312 1.91588 
v -0.321875 2.65525 1.57885 
v 0.260107 2.65525 1.58426 
v -0.80878 2.65525 1.39671 
v -0.974929 2.22312 1.69026 
v -0.446664 1.71717 2.19167 
v 0.389296 1.14984 2.42698 
v -1.11683 1.71717 1.94097 
v -0.492913 1.14984 2.41878 
v -1.231 1.14984 2.14267 
v -1.19767 -3.07178 -0.243887 
v -1.55579 -2.85104 0.238505 
v -1.55064 -2.85104 -0.315763 
v -1.20166 -3.07178 0.184215 
v -1.87162 -2.57668 0.286922 
v -0.815219 -3.23345 -0.166007 
v -0.817929 -3.23345 0.12539 
v -1.06369 -3.07178 -0.602052 
v -1.86542 -2.57668 -0.379863 
v -2.14137 -2.25544 0.328274 
v -0.41269 -3.33207 -0.084038 
v -0.414062 -3.33207 0.0634761 
v -1.01197e-07 -3.36522 -1.81027e-07 
v -0.366523 -3.33207 -0.207453 
v -1.01197e-07 -3.36522 -1.81027e-07 
v -0.72402 -3.23345 -0.409798 
v -0.284477 -3.33207 -0.310561 
v -1.01197e-07 -3.36522 -1.81027e-07 
v -0.825586 -3.07178 -0.901284 
v -0.158713 -3.33207 -0.387669 
v -1.01197e-07 -3.36522 -1.81027e-07 
v -0.313517 -3.23345 -0.765792 
v -0.56195 -3.23345 -0.613476 
v -0.460602 -3.07178 -1.12506 
v -0.596345 -2.85104 -1.45662 
v -1.37717 -2.85104 -0.779482 
v -1.06889 -2.85104 -1.1669 
v -0.717404 -2.57668 -1.75232 
v -1.65674 -2.57668 -0.937719 
v -1.28588 -2.57668 -1.40378 
v -0.820799 -2.25543 -2.00487 
v -1.4712 -2.25544 -1.6061 
v -0.903982 -1.89523 -2.20805 
v -1.6203 -1.89523 -1.76887 
v -1.89551 -2.25544 -1.07287 
v -2.08761 -1.89523 -1.18159 
v -2.13427 -2.25544 -0.43461 
v -2.35838 -1.89523 0.361543 
v -2.35057 -1.89523 -0.478656 
v -2.51733 -1.50492 0.38591 
v -2.50899 -1.50492 -0.510915 
v -2.22831 -1.50492 -1.26123 
v -2.61429 -1.09413 0.400774 
v -2.60562 -1.09413 -0.530594 
v 1.33015 0.616699 -2.37479 
v 0.562981 -0.0302941 -2.77097 
v 0.542319 0.616699 -2.6695 
v 1.24653 1.23143 -2.22706 
v 0.508446 1.23143 -2.50316 
v 1.38116 -0.0302941 -2.46491 
v -0.426567 0.618256 -2.66611 
v -0.400983 1.23298 -2.49922 
v -0.442175 -0.0287375 -2.76792 
v -0.44742 -0.692064 -2.80214 
v 0.569926 -0.693621 -2.80507 
v 1.3983 -0.693621 -2.49519 
v -2.60196 0.595131 -0.534218 
v -2.71252 -0.0518626 0.423055 
v -2.61071 0.595131 0.407448 
v -2.70343 -0.0518624 -0.554881 
v -2.43562 1.20986 -0.500346 
v -2.44382 1.20986 0.381863 
v 1.10501 1.76138 -1.956 
v 0.483392 1.19279 -2.44001 
v 0.434844 1.76138 -2.2067 
v 1.20976 1.19279 -2.17053 
v 1.83582 1.19405 -1.66703 
v 1.66491 1.76138 -1.51048 
v 1.96099 0.579323 -1.78169 
v 1.29108 0.579323 -2.31206 
v 2.03735 -0.0676706 -1.85164 
v 1.34209 -0.0676705 -2.40218 
v -1.99102 0.6287 1.82592 
v -2.56947 -0.0182935 1.03677 
v -2.06738 -0.0182936 1.89586 
v -2.47415 0.6287 0.997748 
v -2.6015 -0.68162 1.04989 
v -1.33283 0.6287 2.34966 
v -2.09305 -0.68162 1.91937 
v -1.38383 -0.0182937 2.43978 
v -0.565658 -0.0182938 2.74584 
v -0.544996 0.628699 2.64437 
v -0.572603 -0.68162 2.77994 
v -1.40098 -0.68162 2.47006 
v -1.38383 -1.12384 2.43978 
v -0.565658 -1.12384 2.74584 
v -2.06738 -1.12384 1.89586 
v -2.56947 -1.12384 1.03677 
v -1.33282 -1.55517 2.34966 
v -0.544996 -1.55517 2.64437 
v -1.99102 -1.55517 1.82591 
v -2.47415 -1.55517 0.997748 
v -1.24921 -1.96499 2.20193 
v -0.511123 -1.96499 2.47803 
v -1.86585 -1.96499 1.71125 
v -2.31789 -1.96499 0.933777 
v -0.755678 1.67333 -2.26375 
v -0.517361 1.67333 -2.32979 
v -0.682279 1.60744 -2.46189 
v -2.26375 1.67333 0.755678 
v -2.32979 1.67333 0.517362 
v -2.46189 1.60744 0.682279 
v 0.755678 1.67333 2.26375 
v 0.517361 1.67333 2.3298 
v 0.682279 1.60744 2.46189 
v 2.26375 1.67333 -0.755677 
v 2.3298 1.67333 -0.51736 
v 2.46189 1.60744 -0.682278 
v 2.40126 -0.030265 1.35246 
v 2.74143 -0.693591 0.541226 
v 2.70733 -0.0302649 0.534282 
v 2.43155 -0.693592 1.3696 
v 2.31114 0.616728 1.30145 
v 2.60586 0.616728 0.513619 
v 2.40126 -1.13581 1.35246 
v 2.70733 -1.13581 0.534282 
v 1.88085 -0.693592 2.06167 
v 1.85735 -0.0302651 2.03601 
v 2.16341 1.23146 1.21783 
v 2.43952 1.23146 0.479747 
v 1.96171 1.79878 1.10367 
v 2.21241 1.79878 0.433499 
v 1.7874 0.616728 1.95965 
v 1.67274 1.23146 1.83447 
v 1.51619 1.79878 1.66356 
v 0.920601 1.23146 2.29561 
v 0.833259 1.79878 2.08227 
v 0.984573 0.616728 2.45186 
v 1.0236 -0.0302651 2.54718 
v 1.03671 -0.693592 2.57922 
v 1.85735 -1.13581 2.03601 
v 1.0236 -1.13581 2.54718 
v 1.7874 -1.56714 1.95965 
v 2.31114 -1.56714 1.30145 
v 0.984573 -1.56714 2.45187 
v 2.60586 -1.56714 0.513619 
v 1.67274 -1.97696 1.83447 
v 0.920602 -1.97696 2.29561 
v 2.16341 -1.97696 1.21783 
v 2.43952 -1.97696 0.479746 
v -0.158894 3.34688 -1.00242 
v -0.200424 3.24132 -1.16211 
v -0.310428 3.40819 -1.12013 
v -1.00242 3.34688 0.158895 
v -1.16211 3.24132 0.200425 
v -1.12013 3.40819 0.31043 
v 1.0995 3.24132 -0.426348 
v 0.941216 3.34688 -0.379758 
v 1.12013 3.40819 -0.310428 
v -1.0995 3.24132 0.42635 
v -0.941215 3.34688 0.37976 
v -1.12013 3.40819 0.31043 
v -0.426349 3.24132 -1.09949 
v -0.379759 3.34688 -0.941214 
v -0.310428 3.40819 -1.12013 
v 0.158895 3.34688 1.00243 
v 0.200424 3.24132 1.16211 
v 0.310429 3.40819 1.12013 
v 0.426349 3.24132 1.0995 
v 0.379759 3.34688 0.941216 
v 0.310429 3.40819 1.12013 
v 1.00243 3.34688 -0.158894 
v 1.16211 3.24132 -0.200423 
v 1.12013 3.40819 -0.310428 
v -2.47095 1.07792 0.814643 
v -2.53779 1.07792 0.573464 
v -2.66235 0.987417 0.737835 
v -0.814642 1.07792 -2.47095 
v -0.573464 1.07792 -2.53779 
v -0.737835 0.987417 -2.66235 
v 2.47095 1.07792 -0.814642 
v 2.53779 1.07792 -0.573463 
v 2.66235 0.987417 -0.737835 
v 0.814642 1.07792 2.47095 
v 0.573464 1.07792 2.53779 
v 0.737835 0.987416 2.66235 
v -0.81522 3.16774 -0.166006 
v -0.81793 3.16774 0.125391 
v -0.412692 3.31567 -0.0840373 
v -0.414064 3.31567 0.0634775 
v 1.89195e-07 3.36539 9.06577e-07 
v -1.20166 2.92523 0.184217 
v -1.19768 2.92524 -0.243887 
v -1.55579 2.59413 0.238506 
v -1.06369 2.92524 -0.602052 
v -1.55064 2.59413 -0.315762 
v -1.87162 2.18258 0.286923 
v -1.86542 2.18258 -0.379863 
v -2.14137 1.70072 0.328275 
v -1.37717 2.59413 -0.779482 
v -2.13427 1.70072 -0.434609 
v -2.35838 1.16041 0.361544 
v -2.35057 1.16041 -0.478656 
v -1.65674 2.18258 -0.937718 
v -1.89551 1.70072 -1.07286 
v -2.08761 1.16041 -1.18159 
v -2.50899 0.574949 -0.510915 
v -0.825586 2.92524 -0.901284 
v -1.06889 2.59413 -1.1669 
v -0.561951 3.16774 -0.613476 
v -1.28588 2.18258 -1.40378 
v -2.22831 0.574949 -1.26123 
v -0.724022 3.16774 -0.409798 
v -0.366524 3.31567 -0.207453 
v 1.89195e-07 3.36539 9.06577e-07 
v -0.284479 3.31567 -0.310562 
v 1.89195e-07 3.36539 9.06577e-07 
v -0.313518 3.16774 -0.765792 
v -0.158713 3.31567 -0.38767 
v 1.89195e-07 3.36539 9.06577e-07 
v -2.60563 -0.0412349 -0.530594 
v -2.64687 -0.672975 0.405769 
v -2.61429 -0.041235 0.400774 
v -2.31413 -0.0412347 -1.30981 
v -2.6381 -0.672974 -0.537208 
v -2.34298 -0.672974 -1.32613 
v -2.31413 -1.09413 -1.30981 
v -1.81851 -0.672974 -1.98525 
v -1.79612 -0.0412347 -1.96081 
v -1.01456 -0.672974 -2.47815 
v -1.00207 -0.0412346 -2.44764 
v -1.7295 0.574949 -1.88808 
v -0.964906 0.574949 -2.35686 
v -1.6203 1.16041 -1.76887 
v -0.903982 1.16041 -2.20805 
v -1.4712 1.70072 -1.6061 
v -0.820799 1.70072 -2.00487 
v -0.717404 2.18258 -1.75232 
v -0.638104 -0.500372 -2.77843 
v -0.883087 -0.500372 -2.71053 
v -0.794632 -0.357579 -2.8673 
v 2.77843 -0.500373 -0.638104 
v 2.71053 -0.500373 -0.883086 
v 2.8673 -0.357579 -0.794632 
v -2.77843 -0.500373 0.638104 
v -2.71053 -0.500373 0.883087 
v -2.8673 -0.357579 0.794632 
v 0.638104 -0.500373 2.77843 
v 0.883087 -0.500373 2.71053 
v 0.794632 -0.35758 2.8673 
v -1.39321 3.05744 0.264472 
v -1.54041 2.91408 0.302751 
v -1.52339 3.08444 0.422188 
v -0.264471 3.05744 -1.39321 
v -0.30275 2.91408 -1.54041 
v -0.422187 3.08444 -1.52339 
v 1.4765 2.91408 -0.533344 
v 1.3306 3.05744 -0.490395 
v 1.52339 3.08444 -0.422186 
v 1.39321 3.05744 -0.26447 
v 1.54041 2.91408 -0.302749 
v 1.52339 3.08444 -0.422186 
v 0.264471 3.05744 1.39321 
v 0.30275 2.91408 1.54041 
v 0.422187 3.08444 1.52339 
v 0.533345 2.91408 1.4765 
v 0.490396 3.05744 1.3306 
v 0.422187 3.08444 1.52339 
v -0.533345 2.91408 -1.4765 
v -0.490396 3.05744 -1.3306 
v -0.422187 3.08444 -1.52339 
v -1.4765 2.91408 0.533346 
v -1.3306 3.05744 0.490397 
v -1.52339 3.08444 0.422188 
v 2.35838 -1.89523 -0.361543 
v 2.51733 -1.50492 -0.38591 
v 2.50899 -1.50492 0.510915 
v 2.61429 -1.09413 -0.400773 
v 2.60563 -1.09413 0.530595 
v 2.64687 -0.672975 -0.405769 
v 2.6381 -0.672975 0.537208 
v 2.60563 -0.0412353 0.530595 
v 2.61429 -0.0412351 -0.400773 
v 2.50899 0.574949 0.510916 
v 2.51733 0.574949 -0.385909 
v 2.35057 1.1604 0.478657 
v 2.35838 1.16041 -0.361542 
v 2.13427 1.70072 0.434611 
v 2.14137 1.70072 -0.328274 
v 1.86542 2.18258 0.379864 
v 1.87162 2.18258 -0.286922 
v 1.65674 2.18258 0.93772 
v 1.89551 1.70072 1.07287 
v 1.4712 1.70072 1.6061 
v 1.37717 2.59413 0.779483 
v 1.28588 2.18258 1.40379 
v 0.820799 1.70072 2.00487 
v 0.717405 2.18258 1.75232 
v 1.06889 2.59413 1.1669 
v 0.596346 2.59413 1.45662 
v 0.825587 2.92523 0.901286 
v 0.460603 2.92523 1.12506 
v 1.55064 2.59413 0.315764 
v 1.55579 2.59413 -0.238505 
v 1.06369 2.92523 0.602054 
v 1.19768 2.92523 0.243889 
v 1.20166 2.92523 -0.184215 
v 0.815221 3.16774 0.166008 
v 0.81793 3.16774 -0.125389 
v 0.724022 3.16774 0.4098 
v 0.561951 3.16774 0.613478 
v 0.313518 3.16774 0.765794 
v 0.412693 3.31567 0.0840392 
v 0.414064 3.31567 -0.0634758 
v 1.89195e-07 3.36539 9.06577e-07 
v 0.366525 3.31567 0.207455 
v 1.89195e-07 3.36539 9.06577e-07 
v 0.284479 3.31567 0.310564 
v 1.89195e-07 3.36539 9.06577e-07 
v 0.158714 3.31567 0.387672 
v 1.89195e-07 3.36539 9.06577e-07 
v -1.54057 -3.11585 0.302796 
v -1.39321 -3.21197 0.26447 
v -1.50335 -3.27847 0.416634 
v 1.3306 -3.21197 -0.490395 
v 1.47667 -3.11585 -0.533392 
v 1.50335 -3.27847 -0.416635 
v -0.302797 -3.11585 -1.54057 
v -0.26447 -3.21197 -1.39321 
v -0.416634 -3.27847 -1.50335 
v -1.16227 -3.33403 0.200468 
v -1.00238 -3.40497 0.158883 
v -1.10119 -3.49377 0.305179 
v -0.200468 -3.33403 -1.16227 
v -0.158883 -3.40497 -1.00238 
v -0.30518 -3.49377 -1.10119 
v 0.490395 -3.21197 1.3306 
v 0.533391 -3.11585 1.47667 
v 0.416634 -3.27847 1.50335 
v 0.941175 -3.40497 -0.379748 
v 1.09965 -3.33403 -0.426393 
v 1.10119 -3.49377 -0.30518 
v -0.490395 -3.21197 -1.3306 
v -0.533392 -3.11585 -1.47667 
v -0.416634 -3.27847 -1.50335 
v 0.379748 -3.40497 0.941175 
v 0.426393 -3.33403 1.09965 
v 0.305179 -3.49377 1.10119 
v 1.16227 -3.33403 -0.200468 
v 1.00238 -3.40497 -0.158883 
v 1.10119 -3.49377 -0.30518 
v 0.302796 -3.11585 1.54057 
v 0.26447 -3.21197 1.39321 
v 0.416634 -3.27847 1.50335 
v -1.3306 -3.21197 0.490395 
v -1.47667 -3.11585 0.533391 
v -1.50335 -3.27847 0.416634 
v -0.379748 -3.40497 -0.941175 
v -0.426393 -3.33403 -1.09965 
v -0.30518 -3.49377 -1.10119 
v -0.941175 -3.40497 0.379748 
v -1.09965 -3.33403 0.426393 
v -1.10119 -3.49377 0.305179 
v 0.200468 -3.33403 1.16227 
v 0.158883 -3.40497 1.00238 
v 0.305179 -3.49377 1.10119 
v 1.54057 -3.11585 -0.302797 
v 1.39321 -3.21197 -0.26447 
v 1.50335 -3.27847 -0.416635 
v -1.88169 -2.83831 0.39509 
v -1.75041 -2.95723 0.360951 
v -1.86843 -2.99979 0.517809 
v -0.395091 -2.83831 -1.88169 
v -0.360951 -2.95723 -1.75042 
v -0.517809 -2.99979 -1.86843 
v 1.68651 -2.95723 -0.591546 
v 1.81663 -2.83831 -0.62985 
v 1.86843 -2.99979 -0.517809 
v 1.88169 -2.83831 -0.395091 
v 1.75042 -2.95723 -0.360951 
v 1.86843 -2.99979 -0.517809 
v -0.591546 -2.95723 -1.68651 
v -0.62985 -2.83831 -1.81663 
v -0.517809 -2.99979 -1.86843 
v 0.591546 -2.95723 1.68651 
v 0.62985 -2.83831 1.81663 
v 0.517809 -2.99979 1.86842 
v 0.39509 -2.83831 1.88169 
v 0.360951 -2.95723 1.75041 
v 0.517809 -2.99979 1.86842 
v -1.68651 -2.95723 0.591546 
v -1.81663 -2.83831 0.62985 
v -1.86843 -2.99979 0.517809 
v -0.475079 -2.50823 -2.17723 
v -0.445951 -2.64704 -2.06521 
v -0.606216 -2.66463 -2.18743 
v 2.00015 -2.64704 -0.680711 
v 2.11118 -2.50823 -0.713396 
v 2.18743 -2.66463 -0.606216 
v -2.17723 -2.50823 0.475079 
v -2.06521 -2.64704 0.445951 
v -2.18743 -2.66463 0.606216 
v 0.68071 -2.64704 2.00015 
v 0.713396 -2.50823 2.11118 
v 0.606216 -2.66463 2.18743 
v -0.680711 -2.64704 -2.00015 
v -0.713396 -2.50823 -2.11118 
v -0.606216 -2.66463 -2.18743 
v 0.475079 -2.50823 2.17723 
v 0.445951 -2.64704 2.06521 
v 0.606216 -2.66463 2.18743 
v -2.00015 -2.64704 0.68071 
v -2.11118 -2.50823 0.713396 
v -2.18743 -2.66463 0.606216 
v 2.17723 -2.50823 -0.475079 
v 2.06521 -2.64704 -0.445951 
v 2.18743 -2.66463 -0.606216 
v -0.833275 -2.75056 -1.86654 
v -0.160489 -3.0455 -1.69906 
v -0.736976 -3.0455 -1.53929 
v -0.246376 -2.75056 -2.02919 
v -0.0641834 -3.28279 -1.32887 
v -0.319731 -2.40522 -2.31116 
v -0.628995 -3.28279 -1.17234 
v -0.915523 -2.40522 -2.14604 
v 0.0395658 -3.45659 -0.913845 
v -0.504313 -3.45659 -0.763117 
v -0.378747 -2.018 -2.53801 
v -0.981693 -2.018 -2.37091 
v -0.421971 -1.59842 -2.70415 
v -1.03016 -1.59842 -2.5356 
v -1.05972 -1.15682 -2.63607 
v -0.448338 -1.15682 -2.80551 
v -1.06966 -0.704075 -2.66984 
v -0.4572 -0.704075 -2.83957 
v -0.448338 -0.0249552 -2.80551 
v -1.05972 -0.0249552 -2.63607 
v -1.03016 0.637443 -2.5356 
v -0.421971 0.637443 -2.70415 
v -0.378747 1.26681 -2.53801 
v -0.981693 1.26681 -2.37091 
v -0.319731 1.84764 -2.31116 
v -0.915523 1.84764 -2.14604 
v -0.833275 2.36565 -1.86654 
v -0.246376 2.36565 -2.02919 
v -0.160489 2.80806 -1.69906 
v -0.736976 2.80806 -1.53929 
v -0.0641834 3.164 -1.32887 
v -0.628996 3.164 -1.17234 
v -0.504314 3.42469 -0.763117 
v 0.0395658 3.42469 -0.913846 
v -0.360941 2.67543 -1.75038 
v -0.395052 2.49775 -1.88155 
v -0.522781 2.66889 -1.88636 
v -1.75038 2.67543 0.360942 
v -1.88155 2.49775 0.395053 
v -1.88636 2.66889 0.522781 
v -0.540794 -2.13372 -2.41991 
v -0.517379 -2.28904 -2.32986 
v -0.679686 -2.28126 -2.45253 
v 2.26382 -2.28904 -0.755696 
v 2.35307 -2.13372 -0.781973 
v 2.45253 -2.28126 -0.679686 
v -0.629811 2.49775 -1.81649 
v -0.591536 2.67543 -1.68647 
v -0.522781 2.66889 -1.88636 
v 1.81649 2.49775 -0.629811 
v 1.68647 2.67543 -0.591535 
v 1.88637 2.66889 -0.52278 
v 1.32888 3.164 -0.0641827 
v 0.763118 3.42469 -0.504313 
v 0.913847 3.42469 0.0395665 
v 1.17235 3.164 -0.628995 
v 1.69906 2.80806 -0.160488 
v 1.53929 2.80806 -0.736975 
v 1.86654 2.36565 -0.833275 
v 2.0292 2.36565 -0.246376 
v 2.14604 1.84764 -0.915522 
v 2.31116 1.84764 -0.31973 
v 2.37091 1.26681 -0.981693 
v 2.53801 1.26681 -0.378746 
v 2.70415 0.637442 -0.42197 
v 2.5356 0.637442 -1.03016 
v 2.80551 -0.0249557 -0.448338 
v 2.63607 -0.0249556 -1.05972 
v 2.66984 -0.704076 -1.06966 
v 2.83957 -0.704076 -0.4572 
v 2.63607 -1.15682 -1.05972 
v 2.80551 -1.15682 -0.448338 
v 2.70415 -1.59842 -0.421971 
v 2.5356 -1.59842 -1.03016 
v 2.37091 -2.018 -0.981693 
v 2.53801 -2.018 -0.378747 
v 2.14604 -2.40522 -0.915523 
v 2.31116 -2.40522 -0.319731 
v 2.02919 -2.75056 -0.246376 
v 1.86654 -2.75056 -0.833275 
v 1.69906 -3.0455 -0.160488 
v 1.53929 -3.0455 -0.736976 
v 1.17234 -3.28279 -0.628996 
v 1.32887 -3.28279 -0.0641833 
v 0.763116 -3.45659 -0.504313 
v 0.913845 -3.45659 0.0395659 
v 0.360941 2.67542 1.75038 
v 0.395052 2.49775 1.88155 
v 0.522781 2.66889 1.88637 
v 0.629812 2.49775 1.81649 
v 0.591536 2.67542 1.68647 
v 0.522781 2.66889 1.88637 
v -0.755696 -2.28904 -2.26381 
v -0.781973 -2.13372 -2.35307 
v -0.679686 -2.28126 -2.45253 
v -1.81649 2.49775 0.629812 
v -1.68647 2.67543 0.591537 
v -1.88636 2.66889 0.522781 
v 0.755696 -2.28905 2.26381 
v 0.781973 -2.13372 2.35307 
v 0.679686 -2.28126 2.45253 
v -2.41991 -2.13372 0.540794 
v -2.32986 -2.28905 0.517379 
v -2.45253 -2.28126 0.679686 
v 1.75038 2.67543 -0.36094 
v 1.88155 2.49775 -0.395051 
v 1.88637 2.66889 -0.52278 
v 0.160489 2.80806 1.69906 
v 0.833276 2.36565 1.86655 
v 0.736976 2.80806 1.53929 
v 0.628996 3.164 1.17235 
v 0.246376 2.36565 2.0292 
v 0.0641837 3.164 1.32888 
v 0.504314 3.42469 0.763119 
v -0.0395654 3.42469 0.913848 
v 0.319731 1.84764 2.31116 
v 0.915523 1.84764 2.14604 
v 0.981693 1.26681 2.37091 
v 0.378747 1.26681 2.53801 
v 0.42197 0.637442 2.70415 
v 1.03016 0.637442 2.5356 
v 0.448338 -0.0249561 2.80551 
v 1.05972 -0.0249561 2.63607 
v 1.06966 -0.704076 2.66983 
v 0.4572 -0.704076 2.83957 
v 1.05972 -1.15682 2.63607 
v 0.448338 -1.15682 2.80551 
v 0.42197 -1.59842 2.70415 
v 1.03016 -1.59842 2.5356 
v 0.981693 -2.018 2.37091 
v 0.378746 -2.018 2.53801 
v 0.915522 -2.40522 2.14604 
v 0.31973 -2.40522 2.31116 
v 0.833275 -2.75056 1.86654 
v 0.246376 -2.75056 2.02919 
v 0.160488 -3.0455 1.69906 
v 0.736975 -3.0455 1.53929 
v 0.628995 -3.28279 1.17234 
v 0.064183 -3.28279 1.32887 
v 0.504313 -3.45659 0.763116 
v -0.0395661 -3.45659 0.913845 
v -1.86654 2.36565 0.833276 
v -2.31116 1.84764 0.319732 
v -2.14604 1.84764 0.915523 
v -2.37091 1.26681 0.981693 
v -2.02919 2.36565 0.246377 
v -2.53801 1.26681 0.378747 
v -1.69906 2.80806 0.16049 
v -2.5356 0.637442 1.03016 
v -1.53929 2.80806 0.736977 
v -2.70415 0.637442 0.421971 
v -1.32887 3.164 0.0641845 
v -2.80551 -0.0249556 0.448339 
v -1.17234 3.164 0.628997 
v -0.913847 3.42469 -0.0395645 
v -0.763118 3.42469 0.504315 
v -2.63607 -0.0249557 1.05972 
v -2.66983 -0.704076 1.06966 
v -2.83957 -0.704076 0.4572 
v -2.80551 -1.15682 0.448338 
v -2.63607 -1.15682 1.05972 
v -2.70415 -1.59842 0.421971 
v -2.5356 -1.59842 1.03016 
v -2.37091 -2.018 0.981693 
v -2.53801 -2.018 0.378747 
v -2.14604 -2.40522 0.915522 
v -2.31116 -2.40522 0.319731 
v -2.02919 -2.75056 0.246376 
v -1.86654 -2.75056 0.833275 
v -1.69906 -3.0455 0.160488 
v -1.53929 -3.0455 0.736975 
v -1.32887 -3.28279 0.0641831 
v -1.17234 -3.28279 0.628995 
v -0.913845 -3.45659 -0.039566 
v -0.763117 -3.45659 0.504313 
v 2.41991 -2.13372 -0.540794 
v 2.32986 -2.28905 -0.517379 
v 2.45253 -2.28126 -0.679686 
v -2.26381 -2.28905 0.755696 
v -2.35307 -2.13372 0.781973 
v -2.45253 -2.28126 0.679686 
v 0.540794 -2.13372 2.41991 
v 0.517379 -2.28905 2.32986 
v 0.679686 -2.28126 2.45253 
v -2.06521 -2.64704 0.445951 
v -2.00015 -2.64704 0.68071 
v -2.18743 -2.66463 0.606216 
v 0.445951 -2.64704 2.06521 
v 0.68071 -2.64704 2.00015 
v 0.606216 -2.66463 2.18743 
v 2.06521 -2.64704 -0.445951 
v 2.00015 -2.64704 -0.680711 
v 2.18743 -2.66463 -0.606216 
v -0.445951 -2.64704 -2.06521 
v -0.680711 -2.64704 -2.00015 
v -0.606216 -2.66463 -2.18743 
v 2.32986 -2.28905 -0.517379 
v 2.26382 -2.28904 -0.755696 
v 2.45253 -2.28126 -0.679686 
v -0.517379 -2.28904 -2.32986 
v -0.755696 -2.28904 -2.26381 
v -0.679686 -2.28126 -2.45253 
v -2.32986 -2.28905 0.517379 
v -2.26381 -2.28905 0.755696 
v -2.45253 -2.28126 0.679686 
v 0.517379 -2.28905 2.32986 
v 0.755696 -2.28905 2.26381 
v 0.679686 -2.28126 2.45253 
v -1.75041 -2.95723 0.360951 
v -1.68651 -2.95723 0.591546 
v -1.86843 -2.99979 0.517809 
v -0.360951 -2.95723 -1.75042 
v -0.591546 -2.95723 -1.68651 
v -0.517809 -2.99979 -1.86843 
v 1.75042 -2.95723 -0.360951 
v 1.68651 -2.95723 -0.591546 
v 1.86843 -2.99979 -0.517809 
v 0.360951 -2.95723 1.75041 
v 0.591546 -2.95723 1.68651 
v 0.517809 -2.99979 1.86842 
v -0.573479 -1.89206 -2.53785 
v -0.814658 -1.89206 -2.47101 
v -0.736419 -1.85914 -2.65724 
v -2.53785 -1.89206 0.573479 
v -2.47101 -1.89206 0.814658 
v -2.65724 -1.85914 0.736419 
v 0.573479 -1.89206 2.53785 
v 0.814658 -1.89206 2.47101 
v 0.736419 -1.85914 2.65724 
v 2.53785 -1.89206 -0.573479 
v 2.47101 -1.89206 -0.814658 
v 2.65724 -1.85914 -0.736419 
v -0.590618 -1.724 -2.60376 
v -0.573479 -1.89206 -2.53785 
v -0.736419 -1.85914 -2.65724 
v -2.60376 -1.724 0.590618 
v -2.53785 -1.89206 0.573479 
v -2.65724 -1.85914 0.736419 
v -0.814658 -1.89206 -2.47101 
v -0.833892 -1.724 -2.53634 
v -0.736419 -1.85914 -2.65724 
v 2.47101 -1.89206 -0.814658 
v 2.53634 -1.724 -0.833892 
v 2.65724 -1.85914 -0.736419 
v 0.590617 -1.724 2.60376 
v 0.573479 -1.89206 2.53785 
v 0.736419 -1.85914 2.65724 
v 0.814658 -1.89206 2.47101 
v 0.833892 -1.724 2.53634 
v 0.736419 -1.85914 2.65724 
v 2.60376 -1.724 -0.590618 
v 2.53785 -1.89206 -0.573479 
v 2.65724 -1.85914 -0.736419 
v -2.47101 -1.89206 0.814658 
v -2.53634 -1.724 0.833892 
v -2.65724 -1.85914 0.736419 
v -1.39321 -3.21197 0.26447 
v -1.3306 -3.21197 0.490395 
v -1.50335 -3.27847 0.416634 
v 0.26447 -3.21197 1.39321 
v 0.490395 -3.21197 1.3306 
v 0.416634 -3.27847 1.50335 
v -0.26447 -3.21197 -1.39321 
v -0.490395 -3.21197 -1.3306 
v -0.416634 -3.27847 -1.50335 
v 1.39321 -3.21197 -0.26447 
v 1.3306 -3.21197 -0.490395 
v 1.50335 -3.27847 -0.416635 
v -2.68406 -1.46587 0.612872 
v -2.61664 -1.46587 0.856147 
v -2.79656 -1.40866 0.775029 
v -0.612872 -1.46587 -2.68406 
v -0.856147 -1.46587 -2.61664 
v -0.775029 -1.40866 -2.79656 
v 2.68406 -1.46587 -0.612872 
v 2.61664 -1.46587 -0.856146 
v 2.79656 -1.40866 -0.775029 
v 0.612872 -1.46587 2.68406 
v 0.856147 -1.46587 2.61664 
v 0.775028 -1.40866 2.79656 
v -0.856137 0.438658 -2.61661 
v -0.612863 0.438658 -2.68403 
v -0.77556 0.327178 -2.79848 
v 2.61661 0.438658 -0.856137 
v 2.68403 0.438658 -0.612862 
v 2.79848 0.327178 -0.77556 
v -2.61661 0.438658 0.856138 
v -2.68403 0.438658 0.612863 
v -2.79848 0.327178 0.77556 
v 0.856137 0.438657 2.61661 
v 0.612862 0.438657 2.68403 
v 0.77556 0.327177 2.79848 
v -0.445934 2.21024 -2.06515 
v -0.475053 2.00256 -2.17713 
v -0.610085 2.17246 -2.20139 
v 2.11109 2.00256 -0.713369 
v 2.00009 2.21024 -0.680693 
v 2.20139 2.17246 -0.610085 
v -0.71337 2.00256 -2.11109 
v -0.680694 2.21024 -2.00009 
v -0.610085 2.17246 -2.20139 
v 0.71337 2.00256 2.11109 
v 0.680694 2.21024 2.00009 
v 0.610085 2.17246 2.20139 
v -2.06515 2.21024 0.445935 
v -2.17713 2.00256 0.475054 
v -2.20139 2.17246 0.610086 
v -2.72425 -1.28914 0.623322 
v -2.68406 -1.46587 0.612872 
v -2.79656 -1.40866 0.775029 
v -0.623322 -1.28914 -2.72425 
v -0.612872 -1.46587 -2.68406 
v -0.775029 -1.40866 -2.79656 
v 2.06515 2.21024 -0.445934 
v 2.17713 2.00256 -0.475053 
v 2.20139 2.17246 -0.610085 
v 2.61664 -1.46587 -0.856146 
v 2.65648 -1.28914 -0.867875 
v 2.79656 -1.40866 -0.775029 
v -0.856147 -1.46587 -2.61664 
v -0.867875 -1.28914 -2.65648 
v -0.775029 -1.40866 -2.79656 
v -2.11109 2.00256 0.713371 
v -2.00009 2.21024 0.680695 
v -2.20139 2.17246 0.610086 
v 0.445935 2.21024 2.06516 
v 0.475053 2.00256 2.17714 
v 0.610085 2.17246 2.20139 
v 2.72425 -1.28914 -0.623322 
v 2.68406 -1.46587 -0.612872 
v 2.79656 -1.40866 -0.775029 
v 0.856147 -1.46587 2.61664 
v 0.867875 -1.28914 2.65648 
v 0.775028 -1.40866 2.79656 
v -2.61664 -1.46587 0.856147 
v -2.65648 -1.28914 0.867875 
v -2.79656 -1.40866 0.775029 
v 0.623322 -1.28914 2.72425 
v 0.612872 -1.46587 2.68406 
v 0.775028 -1.40866 2.79656 
v -1.00238 -3.40497 0.158883 
v -0.941175 -3.40497 0.379748 
v -1.10119 -3.49377 0.305179 
v 1.00238 -3.40497 -0.158883 
v 0.941175 -3.40497 -0.379748 
v 1.10119 -3.49377 -0.30518 
v 0.158883 -3.40497 1.00238 
v 0.379748 -3.40497 0.941175 
v 0.305179 -3.49377 1.10119 
v -0.63459 -1.02096 -2.76491 
v -0.879143 -1.02096 -2.69714 
v -0.794572 -0.940872 -2.86708 
v -0.158883 -3.40497 -1.00238 
v -0.379748 -3.40497 -0.941175 
v -0.30518 -3.49377 -1.10119 
v 2.76491 -1.02096 -0.63459 
v 2.69714 -1.02096 -0.879143 
v 2.86708 -0.940873 -0.794572 
v -2.76491 -1.02096 0.63459 
v -2.69714 -1.02096 0.879143 
v -2.86708 -0.940873 0.794572 
v 0.63459 -1.02096 2.76491 
v 0.879143 -1.02096 2.69714 
v 0.794572 -0.940873 2.86708 
v -0.638102 -0.839855 -2.77842 
v -0.63459 -1.02096 -2.76491 
v -0.794572 -0.940872 -2.86708 
v 2.69714 -1.02096 -0.879143 
v 2.71053 -0.839856 -0.883085 
v 2.86708 -0.940873 -0.794572 
v -0.517361 1.67333 -2.32979 
v -0.540781 1.44072 -2.41986 
v -0.682279 1.60744 -2.46189 
v -2.77842 -0.839856 0.638102 
v -2.76491 -1.02096 0.63459 
v -2.86708 -0.940873 0.794572 
v 0.879143 -1.02096 2.69714 
v 0.883085 -0.839856 2.71052 
v 0.794572 -0.940873 2.86708 
v -0.879143 -1.02096 -2.69714 
v -0.883085 -0.839855 -2.71053 
v -0.794572 -0.940872 -2.86708 
v 2.35302 1.44072 -0.781959 
v 2.26375 1.67333 -0.755677 
v 2.46189 1.60744 -0.682278 
v 2.77842 -0.839856 -0.638102 
v 2.76491 -1.02096 -0.63459 
v 2.86708 -0.940873 -0.794572 
v -2.32979 1.67333 0.517362 
v -2.41986 1.44072 0.540782 
v -2.46189 1.60744 0.682279 
v 0.638102 -0.839856 2.77842 
v 0.63459 -1.02096 2.76491 
v 0.794572 -0.940873 2.86708 
v 0.78196 1.44072 2.35302 
v 0.755678 1.67333 2.26375 
v 0.682279 1.60744 2.46189 
v -2.69714 -1.02096 0.879143 
v -2.71052 -0.839856 0.883085 
v -2.86708 -0.940873 0.794572 
v -0.78196 1.44072 -2.35302 
v -0.755678 1.67333 -2.26375 
v -0.682279 1.60744 -2.46189 
v 0.517361 1.67333 2.3298 
v 0.540781 1.44072 2.41986 
v 0.682279 1.60744 2.46189 
v -2.35302 1.44072 0.78196 
v -2.26375 1.67333 0.755678 
v -2.46189 1.60744 0.682279 
v 2.3298 1.67333 -0.51736 
v 2.41986 1.44072 -0.540781 
v 2.46189 1.60744 -0.682278 
v 0.328274 -2.25544 2.14136 
v 0.286922 -2.57668 1.87162 
v -0.315763 -2.85105 1.55064 
v 0.238505 -2.85105 1.55579 
v 0.361543 -1.89523 2.35838 
v 0.385909 -1.50492 2.51733 
v -0.510915 -1.50492 2.50899 
v 0.400774 -1.09413 2.61429 
v -0.530594 -1.09413 2.60562 
v 0.405769 -0.672975 2.64687 
v -0.537208 -0.672975 2.6381 
v -0.530594 -0.0412355 2.60563 
v 0.400774 -0.0412355 2.61429 
v -0.510915 0.574949 2.50899 
v 0.38591 0.574949 2.51733 
v -0.478656 1.1604 2.35057 
v 0.361543 1.1604 2.35838 
v -1.18159 1.1604 2.08761 
v -1.26123 0.574949 2.22831 
v -1.88808 0.574949 1.7295 
v -1.76887 1.1604 1.6203 
v -2.35686 0.574949 0.964907 
v -1.07287 1.70072 1.89551 
v -2.20805 1.16041 0.903982 
v -1.6061 1.70072 1.47121 
v -0.937719 2.18258 1.65674 
v -2.00487 1.70072 0.820799 
v -1.40378 2.18258 1.28588 
v -1.75232 2.18258 0.717405 
v -0.779482 2.59413 1.37717 
v -1.1669 2.59413 1.06889 
v -1.45662 2.59413 0.596346 
v -0.901285 2.92523 0.825587 
v -1.12506 2.92523 0.460603 
v -0.602053 2.92523 1.06369 
v -0.613477 3.16774 0.561952 
v -0.765793 3.16774 0.313519 
v -0.409799 3.16774 0.724023 
v -0.243887 2.92523 1.19768 
v -0.315763 2.59413 1.55064 
v 0.238506 2.59413 1.55579 
v 0.184216 2.92523 1.20166 
v -0.166007 3.16774 0.815221 
v 0.12539 3.16774 0.817931 
v -0.0840381 3.31567 0.412693 
v 0.0634767 3.31567 0.414065 
v 1.89195e-07 3.36539 9.06577e-07 
v -0.207454 3.31567 0.366525 
v 1.89195e-07 3.36539 9.06577e-07 
v -0.310563 3.31567 0.284479 
v 1.89195e-07 3.36539 9.06577e-07 
v -0.38767 3.31567 0.158714 
v 1.89195e-07 3.36539 9.06577e-07 
v -0.634587 -0.228719 -2.7649 
v -0.638104 -0.500372 -2.77843 
v -0.794632 -0.357579 -2.8673 
v -0.573464 1.07792 -2.53779 
v -0.590615 0.826033 -2.60375 
v -0.737835 0.987417 -2.66235 
v 2.71053 -0.500373 -0.883086 
v 2.69713 -0.228719 -0.87914 
v 2.8673 -0.357579 -0.794632 
v 2.53633 0.826033 -0.833889 
v 2.47095 1.07792 -0.814642 
v 2.66235 0.987417 -0.737835 
v -2.53779 1.07792 0.573464 
v -2.60375 0.826033 0.590615 
v -2.66235 0.987417 0.737835 
v -2.7649 -0.228719 0.634588 
v -2.77843 -0.500373 0.638104 
v -2.8673 -0.357579 0.794632 
v 2.53779 1.07792 -0.573463 
v 2.60375 0.826033 -0.590614 
v 2.66235 0.987417 -0.737835 
v 2.7649 -0.228719 -0.634587 
v 2.77843 -0.500373 -0.638104 
v 2.8673 -0.357579 -0.794632 
v -0.833889 0.826033 -2.53633 
v -0.814642 1.07792 -2.47095 
v -0.737835 0.987417 -2.66235 
v -0.883087 -0.500372 -2.71053 
v -0.87914 -0.228719 -2.69713 
v -0.794632 -0.357579 -2.8673 
v 0.883087 -0.500373 2.71053 
v 0.87914 -0.22872 2.69713 
v 0.794632 -0.35758 2.8673 
v 0.833889 0.826032 2.53633 
v 0.814642 1.07792 2.47095 
v 0.737835 0.987416 2.66235 
v -0.623325 0.173648 -2.72426 
v -0.867878 0.173648 -2.65649 
v -0.77556 0.327178 -2.79848 
v -2.72426 0.173648 0.623325 
v -2.65649 0.173648 0.867878 
v -2.79848 0.327178 0.77556 
v -2.71053 -0.500373 0.883087 
v -2.69713 -0.228719 0.879141 
v -2.8673 -0.357579 0.794632 
v -2.53633 0.826033 0.83389 
v -2.47095 1.07792 0.814643 
v -2.66235 0.987417 0.737835 
v 0.634587 -0.22872 2.7649 
v 0.638104 -0.500373 2.77843 
v 0.794632 -0.35758 2.8673 
v 0.573464 1.07792 2.53779 
v 0.590615 0.826032 2.60375 
v 0.737835 0.987416 2.66235 
v 2.72426 0.173648 -0.623324 
v 2.65649 0.173648 -0.867877 
v 2.79848 0.327178 -0.77556 
v 0.623324 0.173647 2.72426 
v 0.867878 0.173647 2.65649 
v 0.77556 0.327177 2.79848 
v 2.65649 0.173648 -0.867877 
v 2.61661 0.438658 -0.856137 
v 2.79848 0.327178 -0.77556 
v -0.612863 0.438658 -2.68403 
v -0.623325 0.173648 -2.72426 
v -0.77556 0.327178 -2.79848 
v -2.68403 0.438658 0.612863 
v -2.72426 0.173648 0.623325 
v -2.79848 0.327178 0.77556 
v 0.867878 0.173647 2.65649 
v 0.856137 0.438657 2.61661 
v 0.77556 0.327177 2.79848 
v -0.867878 0.173648 -2.65649 
v -0.856137 0.438658 -2.61661 
v -0.77556 0.327178 -2.79848 
v 2.68403 0.438658 -0.612862 
v 2.72426 0.173648 -0.623324 
v 2.79848 0.327178 -0.77556 
v 0.612862 0.438657 2.68403 
v 0.623324 0.173647 2.72426 
v 0.77556 0.327177 2.79848 
v -2.65649 0.173648 0.867878 
v -2.61661 0.438658 0.856138 
v -2.79848 0.327178 0.77556 
v 0.510915 -1.50492 -2.50899 
v -0.400774 -1.09413 -2.61429 
v 1.45662 -2.85104 -0.596345 
v 1.75232 -2.57668 -0.717404 
v 1.12506 -3.07178 -0.460602 
v 1.40378 -2.57668 -1.28588 
v 2.00487 -2.25544 -0.820798 
v 1.6061 -2.25544 -1.4712 
v 2.20805 -1.89523 -0.903982 
v 0.613476 -3.23345 -0.56195 
v 0.765792 -3.23345 -0.313517 
v 0.310561 -3.33207 -0.284478 
v -1.01197e-07 -3.36522 -1.81027e-07 
v 0.387669 -3.33207 -0.158713 
v -1.01197e-07 -3.36522 -1.81027e-07 
v 1.76887 -1.89523 -1.6203 
v 2.35686 -1.50492 -0.964907 
v 1.18159 -1.89523 -2.08761 
v 1.88808 -1.50492 -1.7295 
v 2.44764 -1.09413 -1.00207 
v 1.96081 -1.09413 -1.79612 
v 2.47815 -0.672975 -1.01456 
v 1.26123 -1.50492 -2.22831 
v 1.98525 -0.672974 -1.81851 
v 1.96081 -0.0412349 -1.79612 
v 2.44764 -0.041235 -1.00207 
v 1.30981 -0.0412347 -2.31413 
v 1.88809 0.574949 -1.7295 
v 2.35687 0.574949 -0.964906 
v 1.76887 1.16041 -1.6203 
v 2.20805 1.16041 -0.903982 
v 1.32613 -0.672974 -2.34298 
v 1.6061 1.70072 -1.4712 
v 2.00487 1.70072 -0.820798 
v 1.30981 -1.09413 -2.31413 
v 0.537208 -0.672974 -2.6381 
v 0.530595 -1.09413 -2.60562 
v -0.405769 -0.672974 -2.64687 
v 1.40378 2.18258 -1.28588 
v 1.75232 2.18258 -0.717404 
v 0.937719 2.18258 -1.65674 
v 1.07287 1.70072 -1.89551 
v 1.1669 2.59413 -1.06889 
v 1.45662 2.59413 -0.596345 
v 0.43461 1.70072 -2.13427 
v 0.779483 2.59413 -1.37717 
v 0.901285 2.92524 -0.825586 
v 1.12506 2.92523 -0.460602 
v -0.361543 1.16041 -2.35838 
v 0.478656 1.16041 -2.35057 
v -0.328274 1.70072 -2.14137 
v 0.379864 2.18258 -1.86542 
v -0.286922 2.18258 -1.87162 
v 0.315763 2.59413 -1.55064 
v -0.238505 2.59413 -1.55579 
v 0.243888 2.92524 -1.19767 
v -0.184216 2.92523 -1.20166 
v 0.602053 2.92524 -1.06369 
v 0.166007 3.16774 -0.815219 
v -0.12539 3.16774 -0.817929 
v 0.613477 3.16774 -0.56195 
v 0.765793 3.16774 -0.313517 
v 0.409799 3.16774 -0.724021 
v 0.310563 3.31567 -0.284478 
v 0.387671 3.31567 -0.158712 
v 1.89195e-07 3.36539 9.06577e-07 
v 0.207454 3.31567 -0.366524 
v 1.89195e-07 3.36539 9.06577e-07 
v 0.0840384 3.31567 -0.412691 
v 1.89195e-07 3.36539 9.06577e-07 
v -0.0634765 3.31567 -0.414063 
v 1.89195e-07 3.36539 9.06577e-07 
v -0.87914 -0.228719 -2.69713 
v -0.634587 -0.228719 -2.7649 
v -0.794632 -0.357579 -2.8673 
v 2.69713 -0.228719 -0.87914 
v 2.7649 -0.228719 -0.634587 
v 2.8673 -0.357579 -0.794632 
v -2.69713 -0.228719 0.879141 
v -2.7649 -0.228719 0.634588 
v -2.8673 -0.357579 0.794632 
v 0.87914 -0.22872 2.69713 
v 0.634587 -0.22872 2.7649 
v 0.794632 -0.35758 2.8673 
v -0.590615 0.826033 -2.60375 
v -0.833889 0.826033 -2.53633 
v -0.737835 0.987417 -2.66235 
v 2.60375 0.826033 -0.590614 
v 2.53633 0.826033 -0.833889 
v 2.66235 0.987417 -0.737835 
v -2.60375 0.826033 0.590615 
v -2.53633 0.826033 0.83389 
v -2.66235 0.987417 0.737835 
v 0.590615 0.826032 2.60375 
v 0.833889 0.826032 2.53633 
v 0.737835 0.987416 2.66235 
v -0.426393 -3.33403 -1.09965 
v -0.200468 -3.33403 -1.16227 
v -0.30518 -3.49377 -1.10119 
v 1.09965 -3.33403 -0.426393 
v 1.16227 -3.33403 -0.200468 
v 1.10119 -3.49377 -0.30518 
v -1.09965 -3.33403 0.426393 
v -1.16227 -3.33403 0.200468 
v -1.10119 -3.49377 0.305179 
v 0.426393 -3.33403 1.09965 
v 0.200468 -3.33403 1.16227 
v 0.305179 -3.49377 1.10119 
v -0.533392 -3.11585 -1.47667 
v -0.302797 -3.11585 -1.54057 
v -0.416634 -3.27847 -1.50335 
v 1.47667 -3.11585 -0.533392 
v 1.54057 -3.11585 -0.302797 
v 1.50335 -3.27847 -0.416635 
v -1.47667 -3.11585 0.533391 
v -1.54057 -3.11585 0.302796 
v -1.50335 -3.27847 0.416634 
v 0.533391 -3.11585 1.47667 
v 0.302796 -3.11585 1.54057 
v 0.416634 -3.27847 1.50335 
v -0.62985 -2.83831 -1.81663 
v -0.395091 -2.83831 -1.88169 
v -0.517809 -2.99979 -1.86843 
v 1.81663 -2.83831 -0.62985 
v 1.88169 -2.83831 -0.395091 
v 1.86843 -2.99979 -0.517809 
v -1.81663 -2.83831 0.62985 
v -1.88169 -2.83831 0.39509 
v -1.86843 -2.99979 0.517809 
v 0.62985 -2.83831 1.81663 
v 0.39509 -2.83831 1.88169 
v 0.517809 -2.99979 1.86842 
v -0.540781 1.44072 -2.41986 
v -0.78196 1.44072 -2.35302 
v -0.682279 1.60744 -2.46189 
v 2.41986 1.44072 -0.540781 
v 2.35302 1.44072 -0.781959 
v 2.46189 1.60744 -0.682278 
v -2.41986 1.44072 0.540782 
v -2.35302 1.44072 0.78196 
v -2.46189 1.60744 0.682279 
v 0.540781 1.44072 2.41986 
v 0.78196 1.44072 2.35302 
v 0.682279 1.60744 2.46189 
v -0.713396 -2.50823 -2.11118 
v -0.475079 -2.50823 -2.17723 
v -0.606216 -2.66463 -2.18743 
v 2.11118 -2.50823 -0.713396 
v 2.17723 -2.50823 -0.475079 
v 2.18743 -2.66463 -0.606216 
v 0.713396 -2.50823 2.11118 
v 0.475079 -2.50823 2.17723 
v 0.606216 -2.66463 2.18743 
v -2.11118 -2.50823 0.713396 
v -2.17723 -2.50823 0.475079 
v -2.18743 -2.66463 0.606216 
v -0.781973 -2.13372 -2.35307 
v -0.540794 -2.13372 -2.41991 
v -0.679686 -2.28126 -2.45253 
v 2.35307 -2.13372 -0.781973 
v 2.41991 -2.13372 -0.540794 
v 2.45253 -2.28126 -0.679686 
v -2.35307 -2.13372 0.781973 
v -2.41991 -2.13372 0.540794 
v -2.45253 -2.28126 0.679686 
v 0.781973 -2.13372 2.35307 
v 0.540794 -2.13372 2.41991 
v 0.679686 -2.28126 2.45253 
v -0.200424 3.24132 -1.16211 
v -0.426349 3.24132 -1.09949 
v -0.310428 3.40819 -1.12013 
v 1.16211 3.24132 -0.200423 
v 1.0995 3.24132 -0.426348 
v 1.12013 3.40819 -0.310428 
v -1.16211 3.24132 0.200425 
v -1.0995 3.24132 0.42635 
v -1.12013 3.40819 0.31043 
v 0.200424 3.24132 1.16211 
v 0.426349 3.24132 1.0995 
v 0.310429 3.40819 1.12013 
v -0.833892 -1.724 -2.53634 
v -0.590618 -1.724 -2.60376 
v -0.736419 -1.85914 -2.65724 
v -0.475053 2.00256 -2.17713 
v -0.71337 2.00256 -2.11109 
v -0.610085 2.17246 -2.20139 
v 2.53634 -1.724 -0.833892 
v 2.60376 -1.724 -0.590618 
v 2.65724 -1.85914 -0.736419 
v -2.53634 -1.724 0.833892 
v -2.60376 -1.724 0.590618 
v -2.65724 -1.85914 0.736419 
v 2.17713 2.00256 -0.475053 
v 2.11109 2.00256 -0.713369 
v 2.20139 2.17246 -0.610085 
v 0.833892 -1.724 2.53634 
v 0.590617 -1.724 2.60376 
v 0.736419 -1.85914 2.65724 
v -2.17713 2.00256 0.475054 
v -2.11109 2.00256 0.713371 
v -2.20139 2.17246 0.610086 
v 0.475053 2.00256 2.17714 
v 0.71337 2.00256 2.11109 
v 0.610085 2.17246 2.20139 
v -0.867875 -1.28914 -2.65648 
v -0.623322 -1.28914 -2.72425 
v -0.775029 -1.40866 -2.79656 
v -2.65648 -1.28914 0.867875 
v -2.72425 -1.28914 0.623322 
v -2.79656 -1.40866 0.775029 
v 2.65648 -1.28914 -0.867875 
v 2.72425 -1.28914 -0.623322 
v 2.79656 -1.40866 -0.775029 
v 0.867875 -1.28914 2.65648 
v 0.623322 -1.28914 2.72425 
v 0.775028 -1.40866 2.79656 
v -0.30275 2.91408 -1.54041 
v -0.533345 2.91408 -1.4765 
v -0.422187 3.08444 -1.52339 
v -0.883085 -0.839855 -2.71053 
v -0.638102 -0.839855 -2.77842 
v -0.794572 -0.940872 -2.86708 
v -0.395052 2.49775 -1.88155 
v -0.629811 2.49775 -1.81649 
v -0.522781 2.66889 -1.88636 
v 1.54041 2.91408 -0.302749 
v 1.4765 2.91408 -0.533344 
v 1.52339 3.08444 -0.422186 
v 1.88155 2.49775 -0.395051 
v 1.81649 2.49775 -0.629811 
v 1.88637 2.66889 -0.52278 
v 2.71053 -0.839856 -0.883085 
v 2.77842 -0.839856 -0.638102 
v 2.86708 -0.940873 -0.794572 
v -1.54041 2.91408 0.302751 
v -1.4765 2.91408 0.533346 
v -1.52339 3.08444 0.422188 
v -2.71052 -0.839856 0.883085 
v -2.77842 -0.839856 0.638102 
v -2.86708 -0.940873 0.794572 
v -1.88155 2.49775 0.395053 
v -1.81649 2.49775 0.629812 
v -1.88636 2.66889 0.522781 
v 0.883085 -0.839856 2.71052 
v 0.638102 -0.839856 2.77842 
v 0.794572 -0.940873 2.86708 
v 0.30275 2.91408 1.54041 
v 0.533345 2.91408 1.4765 
v 0.422187 3.08444 1.52339 
v 0.395052 2.49775 1.88155 
v 0.629812 2.49775 1.81649 
v 0.522781 2.66889 1.88637 
v 0.461024 3.45628 -0.814524 
v 0.690162 3.45628 -0.632194 
v 0.690162 3.08772 -0.632194 
v 0.461024 3.08772 -0.814524 
v 0.851742 3.08772 -0.387981 
v 0.186758 3.45628 -0.917122 
v 0.851742 3.45628 -0.38798 
v 0.186758 3.08772 -0.917122 
v 0.929947 3.08772 -0.105789 
v -0.105789 3.45628 -0.929946 
v 0.929947 3.45628 -0.105789 
v -0.105789 3.08772 -0.929946 
v 0.917124 3.08772 0.186759 
v -0.387981 3.45628 -0.851741 
v 0.917124 3.45628 0.186759 
v -0.387981 3.08772 -0.851741 
v 0.814525 3.08772 0.461025 
v -0.632195 3.45628 -0.690161 
v 0.814525 3.45628 0.461025 
v -0.632195 3.08772 -0.690161 
v 0.632195 3.08772 0.690163 
v -0.814524 3.45628 -0.461022 
v 0.632195 3.45628 0.690163 
v -0.814524 3.08772 -0.461023 
v 0.387982 3.08772 0.851743 
v -0.917123 3.45628 -0.186757 
v 0.387982 3.45628 0.851743 
v -0.917123 3.08772 -0.186757 
v 0.10579 3.08772 0.929948 
v -0.929947 3.45628 0.105791 
v 0.10579 3.45628 0.929948 
v -0.929947 3.08772 0.105791 
v -0.186758 3.08772 0.917124 
v -0.851741 3.45628 0.387982 
v -0.186758 3.45628 0.917124 
v -0.851741 3.08772 0.387982 
v -0.461023 3.08772 0.814526 
v -0.690161 3.45628 0.632196 
v -0.461023 3.45628 0.814526 
v -0.690161 3.08772 0.632196 
v -1.24921 -1.96499 2.20193 
v -1.86585 -1.96499 1.71125 
v -1.76887 -1.89523 1.6203 
v -2.20805 -1.89523 0.903982 
v -2.31789 -1.96499 0.933777 
v -1.18159 -1.89523 2.08761 
v -0.511123 -1.96499 2.47803 
v -0.478656 -1.89523 2.35057 
v -2.08761 -1.89523 -1.18159 
v -1.68811 -1.95055 -1.84335 
v -1.6203 -1.89523 -1.76887 
v -2.17878 -1.95055 -1.22671 
v -0.903983 -1.89523 -2.20805 
v -0.935969 -1.95055 -2.30449 
v 0.508446 1.23143 -2.50316 
v -0.400983 1.23298 -2.49922 
v -0.361542 1.16041 -2.35838 
v 0.478656 1.16041 -2.35057 
v 1.24653 1.23143 -2.22706 
v 1.1816 1.16041 -2.08761 
v 1.00106 -2.79043 -0.456 
v 1.17234 -3.28279 -0.628996 
v 0.681392 -2.93593 -0.310385 
v 0.763116 -3.45659 -0.504313 
v 1.53929 -3.0455 -0.736976 
v 1.29608 -2.59177 -0.590387 
v 1.86654 -2.75056 -0.833275 
v 1.55919 -2.34484 -0.710236 
v 2.14604 -2.40522 -0.915523 
v 1.78391 -2.05572 -0.812597 
v 2.37091 -2.018 -0.981693 
v 1.9647 -1.73153 -0.89495 
v 2.5356 -1.59842 -1.03016 
v 2.09711 -1.38026 -0.955266 
v 2.63607 -1.15682 -1.05972 
v 2.17788 -1.01055 -0.992059 
v 2.66984 -0.704076 -1.06966 
v 2.20503 -0.631506 -1.00443 
v 2.63607 -0.0249556 -1.05972 
v 2.17788 -0.0629402 -0.992059 
v 2.09711 0.491625 -0.955265 
v 2.5356 0.637442 -1.03016 
v 1.9647 1.01854 -0.894949 
v 2.37091 1.26681 -0.981693 
v 1.78391 1.50482 -0.812597 
v 2.14604 1.84764 -0.915522 
v 1.55919 1.93849 -0.710236 
v 1.86654 2.36565 -0.833275 
v 1.29609 2.30889 -0.590386 
v 1.53929 2.80806 -0.736975 
v 1.00106 2.60688 -0.455999 
v 1.17235 3.164 -0.628995 
v 0.681394 2.82514 -0.310384 
v 0.763118 3.42469 -0.504313 
v -0.0846317 -2.93593 -0.743956 
v -0.0641834 -3.28279 -1.32887 
v -0.124336 -2.79043 -1.09298 
v 0.0395658 -3.45659 -0.913845 
v -0.160489 -3.0455 -1.69906 
v -0.160979 -2.59177 -1.41509 
v -0.246376 -2.75056 -2.02919 
v -0.193658 -2.34484 -1.70235 
v -0.319731 -2.40522 -2.31116 
v -0.221568 -2.05572 -1.9477 
v -0.378747 -2.018 -2.53801 
v -0.244023 -1.73153 -2.14509 
v -0.421971 -1.59842 -2.70415 
v -0.260469 -1.38026 -2.28966 
v -0.448338 -1.15682 -2.80551 
v -0.270501 -1.01055 -2.37785 
v -0.4572 -0.704075 -2.83957 
v -0.273873 -0.631506 -2.40749 
v -0.448338 -0.0249552 -2.80551 
v -0.270502 -0.0629399 -2.37785 
v -0.260469 0.491626 -2.28966 
v -0.421971 0.637443 -2.70415 
v -0.244023 1.01854 -2.14509 
v -0.378747 1.26681 -2.53801 
v -0.221568 1.50482 -1.9477 
v -0.319731 1.84764 -2.31116 
v -0.193658 1.93849 -1.70235 
v -0.246376 2.36565 -2.02919 
v -0.160979 2.30889 -1.41509 
v -0.160489 2.80806 -1.69906 
v -0.124336 2.60688 -1.09298 
v -0.0641834 3.164 -1.32887 
v -0.0846316 2.82514 -0.743957 
v 0.0395658 3.42469 -0.913846 
v 0.736975 -3.0455 1.53929 
v 0.590386 -2.59177 1.29608 
v 0.833275 -2.75056 1.86654 
v 0.456 -2.79043 1.00106 
v 0.710236 -2.34484 1.55919 
v 0.628995 -3.28279 1.17234 
v 0.310384 -2.93593 0.681392 
v 0.504313 -3.45659 0.763116 
v 0.915522 -2.40522 2.14604 
v 0.812597 -2.05572 1.78391 
v 0.981693 -2.018 2.37091 
v 0.89495 -1.73153 1.9647 
v 1.03016 -1.59842 2.5356 
v 0.955266 -1.38026 2.09711 
v 1.05972 -1.15682 2.63607 
v 0.992059 -1.01055 2.17788 
v 1.06966 -0.704076 2.66983 
v 1.00443 -0.631506 2.20503 
v 1.05972 -0.0249561 2.63607 
v 0.99206 -0.0629406 2.17788 
v 0.955265 0.491625 2.09711 
v 1.03016 0.637442 2.5356 
v 0.89495 1.01854 1.9647 
v 0.981693 1.26681 2.37091 
v 0.812598 1.50482 1.78391 
v 0.915523 1.84764 2.14604 
v 0.710237 1.93849 1.55919 
v 0.833276 2.36565 1.86655 
v 0.590387 2.30889 1.29609 
v 0.736976 2.80806 1.53929 
v 0.456001 2.60688 1.00107 
v 0.628996 3.164 1.17235 
v 0.310385 2.82514 0.681394 
v 0.504314 3.42469 0.763119 
v -1.32887 3.164 0.0641845 
v -0.743958 2.82514 0.0846325 
v -1.09298 2.60688 0.124337 
v -0.913847 3.42469 -0.0395645 
v -1.69906 2.80806 0.16049 
v -1.41509 2.30889 0.16098 
v -2.02919 2.36565 0.246377 
v -1.70236 1.93849 0.193658 
v -2.31116 1.84764 0.319732 
v -1.9477 1.50482 0.221569 
v -2.53801 1.26681 0.378747 
v -2.14509 1.01854 0.244023 
v -2.70415 0.637442 0.421971 
v -2.28966 0.491625 0.260469 
v -2.80551 -0.0249556 0.448339 
v -2.37785 -0.0629402 0.270502 
v -2.40749 -0.631506 0.273874 
v -2.83957 -0.704076 0.4572 
v -2.37785 -1.01055 0.270502 
v -2.80551 -1.15682 0.448338 
v -2.28966 -1.38026 0.26047 
v -2.70415 -1.59842 0.421971 
v -2.14509 -1.73153 0.244023 
v -2.53801 -2.018 0.378747 
v -1.9477 -2.05572 0.221568 
v -2.31116 -2.40522 0.319731 
v -1.70235 -2.34484 0.193658 
v -2.02919 -2.75056 0.246376 
v -1.41509 -2.59177 0.160979 
v -1.69906 -3.0455 0.160488 
v -1.09298 -2.79043 0.124336 
v -1.32887 -3.28279 0.0641831 
v -0.743956 -2.93593 0.0846315 
v -0.913845 -3.45659 -0.039566 
v 0.448338 -1.15682 2.80551 
v 0.260469 -1.38026 2.28966 
v 0.42197 -1.59842 2.70415 
v 0.270502 -1.01055 2.37785 
v 0.244023 -1.73153 2.14509 
v 0.4572 -0.704076 2.83957 
v 0.378746 -2.018 2.53801 
v 0.273873 -0.631506 2.40749 
v 0.221568 -2.05572 1.9477 
v 0.31973 -2.40522 2.31116 
v 0.193658 -2.34484 1.70235 
v 0.448338 -0.0249561 2.80551 
v 0.246376 -2.75056 2.02919 
v 0.270502 -0.0629406 2.37785 
v 0.160979 -2.59177 1.41509 
v 0.260469 0.491625 2.28966 
v 0.160488 -3.0455 1.69906 
v 0.42197 0.637442 2.70415 
v 0.124336 -2.79043 1.09298 
v 0.244023 1.01854 2.14509 
v 0.064183 -3.28279 1.32887 
v 0.0846314 -2.93593 0.743956 
v -0.0395661 -3.45659 0.913845 
v 0.378747 1.26681 2.53801 
v 0.221568 1.50482 1.9477 
v 0.319731 1.84764 2.31116 
v 0.193658 1.93849 1.70236 
v 0.246376 2.36565 2.0292 
v 0.160979 2.30889 1.41509 
v 0.160489 2.80806 1.69906 
v 0.124336 2.60688 1.09298 
v 0.0641837 3.164 1.32888 
v 0.0846319 2.82514 0.743958 
v -0.0395654 3.42469 0.913848 
v -0.628996 3.164 -1.17234 
v -0.310385 2.82514 -0.681392 
v -0.504314 3.42469 -0.763117 
v -0.456 2.60688 -1.00106 
v -0.736976 2.80806 -1.53929 
v -0.590387 2.30889 -1.29608 
v -0.833275 2.36565 -1.86654 
v -0.710236 1.93849 -1.55919 
v -0.915523 1.84764 -2.14604 
v -0.812598 1.50482 -1.78391 
v -0.981693 1.26681 -2.37091 
v -0.89495 1.01854 -1.9647 
v -1.03016 0.637443 -2.5356 
v -0.955265 0.491626 -2.09711 
v -1.05972 -0.0249552 -2.63607 
v -0.99206 -0.0629399 -2.17788 
v -1.00443 -0.631506 -2.20503 
v -1.06966 -0.704075 -2.66984 
v -0.992059 -1.01055 -2.17788 
v -1.05972 -1.15682 -2.63607 
v -0.955266 -1.38026 -2.09711 
v -1.03016 -1.59842 -2.5356 
v -0.89495 -1.73153 -1.9647 
v -0.981693 -2.018 -2.37091 
v -0.812597 -2.05572 -1.78391 
v -0.915523 -2.40522 -2.14604 
v -0.710236 -2.34484 -1.55919 
v -0.833275 -2.75056 -1.86654 
v -0.590387 -2.59177 -1.29608 
v -0.736976 -3.0455 -1.53929 
v -0.456 -2.79043 -1.00106 
v -0.628995 -3.28279 -1.17234 
v -0.310385 -2.93593 -0.681392 
v -0.504313 -3.45659 -0.763117 
v -1.00106 -2.79043 0.455999 
v -1.17234 -3.28279 0.628995 
v -0.681392 -2.93593 0.310384 
v -0.763117 -3.45659 0.504313 
v -1.53929 -3.0455 0.736975 
v -1.29608 -2.59177 0.590387 
v -1.86654 -2.75056 0.833275 
v -1.55919 -2.34484 0.710236 
v -2.14604 -2.40522 0.915522 
v -1.78391 -2.05572 0.812597 
v -2.37091 -2.018 0.981693 
v -1.9647 -1.73153 0.89495 
v -2.5356 -1.59842 1.03016 
v -2.09711 -1.38026 0.955266 
v -2.63607 -1.15682 1.05972 
v -2.17788 -1.01055 0.992059 
v -2.66983 -0.704076 1.06966 
v -2.20503 -0.631506 1.00443 
v -2.63607 -0.0249557 1.05972 
v -2.17788 -0.0629403 0.99206 
v -2.09711 0.491625 0.955266 
v -2.5356 0.637442 1.03016 
v -1.9647 1.01854 0.89495 
v -2.37091 1.26681 0.981693 
v -1.78391 1.50482 0.812598 
v -2.14604 1.84764 0.915523 
v -1.55919 1.93849 0.710237 
v -1.86654 2.36565 0.833276 
v -1.29609 2.30889 0.590388 
v -1.53929 2.80806 0.736977 
v -1.00106 2.60688 0.456001 
v -1.17234 3.164 0.628997 
v -0.681393 2.82514 0.310386 
v -0.763118 3.42469 0.504315 
v 1.32888 3.164 -0.0641827 
v 0.743958 2.82514 -0.0846309 
v 1.09298 2.60688 -0.124335 
v 0.913847 3.42469 0.0395665 
v 1.69906 2.80806 -0.160488 
v 1.41509 2.30889 -0.160978 
v 2.0292 2.36565 -0.246376 
v 1.70236 1.93849 -0.193657 
v 2.31116 1.84764 -0.31973 
v 1.9477 1.50482 -0.221568 
v 2.53801 1.26681 -0.378746 
v 2.14509 1.01854 -0.244022 
v 2.70415 0.637442 -0.42197 
v 2.28966 0.491625 -0.260468 
v 2.80551 -0.0249557 -0.448338 
v 2.37785 -0.0629403 -0.270501 
v 2.40749 -0.631506 -0.273873 
v 2.83957 -0.704076 -0.4572 
v 2.37785 -1.01055 -0.270501 
v 2.80551 -1.15682 -0.448338 
v 2.28966 -1.38026 -0.260469 
v 2.70415 -1.59842 -0.421971 
v 2.14509 -1.73153 -0.244023 
v 2.53801 -2.018 -0.378747 
v 1.9477 -2.05572 -0.221568 
v 2.31116 -2.40522 -0.319731 
v 1.70236 -2.34484 -0.193658 
v 2.02919 -2.75056 -0.246376 
v 1.41509 -2.59177 -0.160979 
v 1.69906 -3.0455 -0.160488 
v 1.09298 -2.79043 -0.124336 
v 1.32887 -3.28279 -0.0641833 
v 0.743956 -2.93593 -0.0846315 
v 0.913845 -3.45659 0.0395659 
v 1.33015 0.616699 -2.37479 
v 1.24653 1.23143 -2.22706 
v 1.1816 1.16041 -2.08761 
v 1.26123 0.574949 -2.22831 
v 1.38116 -0.0302941 -2.46491 
v 1.30981 -0.0412347 -2.31413 
v 1.32613 -0.672974 -2.34298 
v 1.3983 -0.693621 -2.49519 
v 1.3983 -0.693621 -2.49519 
v 0.537208 -0.672974 -2.6381 
v 0.569926 -0.693621 -2.80507 
v 1.32613 -0.672974 -2.34298 
v -0.405769 -0.672974 -2.64687 
v -0.44742 -0.692064 -2.80214 
v -0.530594 -0.0412355 2.60563 
v -0.572603 -0.68162 2.77994 
v -0.537208 -0.672975 2.6381 
v -0.530594 -1.09413 2.60562 
v -0.565658 -0.0182938 2.74584 
v -0.510916 0.574949 2.50899 
v -0.544996 0.628699 2.64437 
v -0.565658 -1.12384 2.74584 
v -0.510916 -1.50492 2.50899 
v -0.544996 -1.55517 2.64437 
v -0.478656 -1.89523 2.35057 
v -0.511123 -1.96499 2.47803 
v 1.10501 1.76138 -1.956 
v 0.434844 1.76138 -2.2067 
v 0.43461 1.70072 -2.13427 
v 1.07287 1.70072 -1.89551 
v 1.6061 1.70072 -1.4712 
v 1.66491 1.76138 -1.51048 
v -2.43562 1.20986 -0.500346 
v -2.44382 1.20986 0.381863 
v -2.35838 1.16041 0.361544 
v -2.35057 1.16041 -0.478656 
v 0.632193 -3.15343 0.69016 
v 0.632193 -3.51172 0.69016 
v 0.814523 -3.15343 0.461023 
v 0.38798 -3.51172 0.851739 
v 0.814523 -3.51172 0.461023 
v 0.38798 -3.15343 0.85174 
v 0.917121 -3.15343 0.186757 
v 0.105789 -3.51172 0.929945 
v 0.917121 -3.51172 0.186757 
v 0.105789 -3.15343 0.929945 
v 0.929945 -3.15343 -0.105789 
v -0.186757 -3.51172 0.917121 
v 0.929945 -3.51172 -0.10579 
v -0.186757 -3.15343 0.917121 
v 0.85174 -3.15343 -0.387981 
v -0.461023 -3.51172 0.814523 
v 0.85174 -3.51172 -0.387981 
v -0.461023 -3.15343 0.814523 
v 0.69016 -3.15343 -0.632194 
v -0.69016 -3.51172 0.632193 
v 0.69016 -3.51172 -0.632194 
v -0.69016 -3.15343 0.632193 
v 0.461023 -3.15343 -0.814523 
v -0.85174 -3.51172 0.38798 
v 0.461023 -3.51172 -0.814523 
v -0.85174 -3.15343 0.387981 
v 0.186757 -3.15343 -0.917121 
v -0.929945 -3.51172 0.105789 
v 0.186757 -3.51172 -0.917121 
v -0.929945 -3.15343 0.105789 
v -0.10579 -3.15343 -0.929945 
v -0.917121 -3.51172 -0.186757 
v -0.10579 -3.51172 -0.929945 
v -0.917121 -3.15343 -0.186757 
v -0.387981 -3.15343 -0.85174 
v -0.814523 -3.51172 -0.461023 
v -0.387981 -3.51172 -0.85174 
v -0.814523 -3.15343 -0.461023 
v -0.632194 -3.15343 -0.69016 
v -0.632194 -3.51172 -0.69016 
v -0.859037 2.99502 -0.935604 
v -0.561951 3.16774 -0.613476 
v -0.58222 3.24965 -0.633405 
v -0.825587 2.92524 -0.901284 
v -1.11451 2.64736 -1.2145 
v -1.06889 2.59413 -1.1669 
v -1.28588 2.18258 -1.40378 
v -1.34234 2.21523 -1.46323 
v -2.60196 0.595131 -0.534218 
v -2.60563 -0.0412349 -0.530594 
v -2.70343 -0.0518624 -0.554881 
v -2.50899 0.574949 -0.510915 
v -2.35057 1.16041 -0.478656 
v -2.43562 1.20986 -0.500346 
v -2.32651 -1.54073 -1.31033 
v -2.17878 -1.95055 -1.22671 
v -2.08761 -1.89523 -1.18159 
v -2.22831 -1.50492 -1.26123 
v -2.41663 -1.1094 -1.36134 
v -2.31413 -1.09413 -1.30981 
v -2.34298 -0.672974 -1.32613 
v -2.44692 -0.66718 -1.37848 
v -1.88808 0.574949 1.7295 
v -1.33283 0.6287 2.34966 
v -1.26123 0.574949 2.22831 
v -0.544996 0.628699 2.64437 
v -0.510916 0.574949 2.50899 
v -1.99102 0.6287 1.82592 
v -2.35686 0.574949 0.964907 
v -2.47415 0.6287 0.997748 
v 0.260107 2.65525 1.58426 
v -0.315763 2.59413 1.55064 
v -0.321875 2.65525 1.57885 
v 0.238505 2.59413 1.55579 
v -0.779482 2.59413 1.37717 
v -0.80878 2.65525 1.39671 
v 1.83582 1.19405 -1.66703 
v 1.88809 0.574949 -1.7295 
v 1.96099 0.579323 -1.78169 
v 1.96081 -0.0412349 -1.79612 
v 2.03735 -0.0676706 -1.85164 
v 1.76887 1.16041 -1.6203 
v 1.6061 1.70072 -1.4712 
v 1.66491 1.76138 -1.51048 
v 1.67274 -1.97696 1.83447 
v 2.08761 -1.89523 1.18159 
v 2.16341 -1.97696 1.21783 
v 2.35057 -1.89523 0.478656 
v 2.43952 -1.97696 0.479746 
v 1.6203 -1.89523 1.76887 
v 0.903983 -1.89523 2.20805 
v 0.920602 -1.97696 2.29561 
v 2.35057 1.1604 0.478657 
v 2.60586 0.616728 0.513619 
v 2.50899 0.574949 0.510916 
v 2.43952 1.23146 0.479747 
v 2.13427 1.70072 0.434611 
v 2.21241 1.79878 0.433499 
v 2.70733 -0.0302649 0.534282 
v 2.60563 -0.0412353 0.530594 
v 2.6381 -0.672975 0.537209 
v 2.74143 -0.693591 0.541226 
v 2.60563 -1.09413 0.530595 
v 2.70733 -1.13581 0.534282 
v 2.50899 -1.50492 0.510915 
v 2.60586 -1.56714 0.513619 
v 2.35057 -1.89523 0.478656 
v 2.43952 -1.97696 0.479746 
v 0.43461 1.70072 -2.13427 
v 0.483392 1.19279 -2.44001 
v 0.478656 1.16041 -2.35057 
v 0.434844 1.76138 -2.2067 
v -2.71252 -0.0518626 0.423055 
v -2.70343 -0.0518624 -0.554881 
v -2.60563 -0.0412349 -0.530594 
v -2.61429 -0.041235 0.400774 
v 0.833259 1.79878 2.08227 
v 1.51619 1.79878 1.66356 
v 1.47121 1.70072 1.6061 
v 0.820799 1.70072 2.00487 
v 1.89551 1.70072 1.07287 
v 1.96171 1.79878 1.10367 
v 2.21241 1.79878 0.433499 
v 2.13427 1.70072 0.434611 
v -1.89622 -0.66718 -2.07055 
v -2.44692 -0.66718 -1.37848 
v -2.34298 -0.672974 -1.32613 
v -1.81851 -0.672974 -1.98525 
v -1.01456 -0.672974 -2.47815 
v -1.05208 -0.66718 -2.5881 
v -1.11683 1.71717 1.94097 
v -0.974929 2.22312 1.69026 
v -0.93772 2.18258 1.65674 
v -0.779482 2.59413 1.37717 
v -0.80878 2.65525 1.39671 
v -1.07287 1.70072 1.89551 
v -1.18159 1.1604 2.08761 
v -1.231 1.14984 2.14267 
v 2.03735 -0.0676706 -1.85164 
v 1.30981 -0.0412347 -2.31413 
v 1.34209 -0.0676705 -2.40218 
v 1.96081 -0.0412349 -1.79612 
v -0.745445 2.21523 -1.82919 
v -1.28588 2.18258 -1.40378 
v -1.34234 2.21523 -1.46323 
v -0.717404 2.18258 -1.75232 
v -0.492913 1.14984 2.41878 
v -1.231 1.14984 2.14267 
v -1.18159 1.1604 2.08761 
v -0.478656 1.1604 2.35057 
v 0.361543 1.1604 2.35838 
v 0.389296 1.14984 2.42698 

vn 0 1 0 
vn 0 1 0 
vn 0 1 0 
vn 0 1 0 
vn 0 1 0 
vn 0 1 0 
vn 0 1 0 
vn 0 1 0 
vn 0 1 0 
vn 0 1 0 
vn 0 1 0 
vn 0 1 0 
vn 0 1 0 
vn 0 1 0 
vn 0 1 0 
vn 0 1 0 
vn 0 1 0 
vn 0 1 0 
vn 0 1 0 
vn 0 1 0 
vn 0 1 0 
vn 0.0393701 0.937008 0.338583 
vn 0.141732 0.937008 0.307087 
vn 0.0393701 0.937008 0.338583 
vn -0.0708661 0.944882 0.330709 
vn 0.141732 0.937008 0.307087 
vn -0.0708661 0.944882 0.330709 
vn 0.228346 0.944882 0.251969 
vn -0.165354 0.944882 0.291339 
vn 0.228346 0.944882 0.251969 
vn -0.165354 0.944882 0.291339 
vn 0.291339 0.944882 0.165354 
vn -0.251969 0.944882 0.228346 
vn 0.291339 0.944882 0.165354 
vn -0.251969 0.944882 0.228346 
vn 0.330709 0.944882 0.0708661 
vn -0.307087 0.937008 0.141732 
vn 0.330709 0.944882 0.0708661 
vn -0.307087 0.937008 0.141732 
vn 0.338583 0.937008 -0.0393701 
vn 0.338583 0.937008 -0.0393701 
vn 0.307087 0.937008 -0.141732 
vn -0.338583 0.937008 0.0393701 
vn 0.307087 0.937008 -0.141732 
vn -0.338583 0.937008 0.0393701 
vn 0.251969 0.944882 -0.228346 
vn -0.330709 0.944882 -0.0708661 
vn 0.251969 0.944882 -0.228346 
vn -0.330709 0.944882 -0.0708661 
vn 0.165354 0.944882 -0.291339 
vn -0.291339 0.937008 -0.165354 
vn 0.165354 0.944882 -0.291339 
vn -0.291339 0.937008 -0.165354 
vn 0.0708661 0.944882 -0.330709 
vn -0.228346 0.944882 -0.251969 
vn 0.0708661 0.944882 -0.330709 
vn -0.228346 0.944882 -0.251969 
vn -0.0393701 0.937008 -0.338583 
vn -0.141732 0.937008 -0.307087 
vn -0.0393701 0.937008 -0.338583 
vn -0.141732 0.937008 -0.307087 
vn 0 -1 0 
vn 0 -1 0 
vn 0 -1 0 
vn 0 -1 0 
vn 0 -1 0 
vn 0 -1 0 
vn 0 -1 0 
vn 0 -1 0 
vn 0 -1 0 
vn 0 -1 0 
vn 0 -1 0 
vn 0 -1 0 
vn 0 -1 0 
vn 0 -1 0 
vn 0 -1 0 
vn 0 -1 0 
vn 0 -1 0 
vn 0 -1 0 
vn 0 -1 0 
vn 0 -1 0 
vn 0 -1 0 
vn 0.023622 -0.976378 0.228346 
vn 0.0944882 -0.976378 0.212598 
vn 0.023622 -0.976378 0.228346 
vn -0.0472441 -0.976378 0.228346 
vn 0.0944882 -0.976378 0.212598 
vn -0.0472441 -0.976378 0.228346 
vn 0.15748 -0.968504 0.173228 
vn -0.11811 -0.976378 0.204724 
vn 0.15748 -0.968504 0.173228 
vn -0.11811 -0.976378 0.204724 
vn 0.204724 -0.976378 0.11811 
vn 0.204724 -0.976378 0.11811 
vn -0.173228 -0.976378 0.15748 
vn 0.228346 -0.968504 0.0472441 
vn -0.173228 -0.976378 0.15748 
vn 0.228346 -0.968504 0.0472441 
vn 0.228346 -0.976378 -0.023622 
vn 0.228346 -0.976378 -0.023622 
vn -0.212598 -0.976378 0.0944882 
vn -0.212598 -0.976378 0.0944882 
vn -0.228346 -0.976378 0.023622 
vn 0.212598 -0.976378 -0.0944882 
vn -0.228346 -0.976378 0.023622 
vn 0.212598 -0.976378 -0.0944882 
vn -0.228346 -0.976378 -0.0472441 
vn 0.173228 -0.976378 -0.15748 
vn -0.228346 -0.976378 -0.0472441 
vn 0.173228 -0.976378 -0.15748 
vn -0.204724 -0.976378 -0.11811 
vn 0.11811 -0.976378 -0.204724 
vn -0.204724 -0.976378 -0.11811 
vn 0.11811 -0.976378 -0.204724 
vn -0.15748 -0.976378 -0.173228 
vn 0.0472441 -0.976378 -0.228346 
vn -0.15748 -0.976378 -0.173228 
vn 0.0472441 -0.976378 -0.228346 
vn -0.0944882 -0.976378 -0.212598 
vn -0.023622 -0.976378 -0.228346 
vn -0.0944882 -0.976378 -0.212598 
vn -0.023622 -0.976378 -0.228346 
vn -0.385827 0.669291 -0.637795 
vn -0.322835 0.787402 -0.527559 
vn -0.322835 0.787402 -0.527559 
vn -0.283465 0.84252 -0.456693 
vn -0.283465 0.84252 -0.456693 
vn -0.385827 0.669291 -0.637795 
vn -0.417323 0.606299 -0.677165 
vn -0.417323 0.606299 -0.677165 
vn 0.149606 0.984252 -0.0393701 
vn 0.149606 0.984252 -0.0393701 
vn 0.149606 0.984252 -0.0393701 
vn 0.0393701 0.984252 0.149606 
vn 0.0393701 0.984252 0.149606 
vn 0.0393701 0.984252 0.149606 
vn -0.149606 0.984252 0.0393701 
vn -0.149606 0.984252 0.0393701 
vn -0.149606 0.984252 0.0393701 
vn -0.0393701 0.984252 -0.149606 
vn -0.0393701 0.984252 -0.149606 
vn -0.0393701 0.984252 -0.149606 
vn -0.00787402 1 -0.0393701 
vn -0.00787402 1 -0.0393701 
vn -0.00787402 1 -0.0393701 
vn -0.0393701 1 0.00787402 
vn -0.0393701 1 0.00787402 
vn -0.0393701 1 0.00787402 
vn 0.00787402 1 0.0393701 
vn 0.00787402 1 0.0393701 
vn 0.00787402 1 0.0393701 
vn 0.0393701 1 -0.00787402 
vn 0.0393701 1 -0.00787402 
vn 0.0393701 1 -0.00787402 
vn 0.102362 0.929134 0.354331 
vn 0.102362 0.929134 0.354331 
vn 0.102362 0.929134 0.354331 
vn 0.354331 0.929134 -0.102362 
vn 0.354331 0.929134 -0.102362 
vn 0.354331 0.929134 -0.102362 
vn -0.102362 0.929134 -0.354331 
vn -0.102362 0.929134 -0.354331 
vn -0.102362 0.929134 -0.354331 
vn -0.354331 0.929134 0.0944882 
vn -0.354331 0.929134 0.0944882 
vn -0.354331 0.929134 0.0944882 
vn 0 -0.944882 -0.322835 
vn 0.0314961 -0.984252 -0.165354 
vn 0 -0.984252 -0.165354 
vn 0 -1 0 
vn 0.0551181 -0.944882 -0.314961 
vn 0.00787402 -0.88189 -0.464567 
vn 0.0787402 -0.984252 -0.141732 
vn 0 -1 0 
vn 0.0866142 -0.889764 -0.456693 
vn 0.00787402 -0.80315 -0.598425 
vn 0.15748 -0.952756 -0.275591 
vn 0.110236 -0.80315 -0.582677 
vn 0.00787402 -0.692913 -0.716535 
vn 0.228346 -0.889764 -0.401575 
vn 0.133858 -0.700787 -0.700787 
vn 0.00787402 -0.574803 -0.818898 
vn 0.291339 -0.80315 -0.519685 
vn 0.346457 -0.889764 -0.307087 
vn 0.149606 -0.582677 -0.795276 
vn 0.00787402 -0.440945 -0.897638 
vn 0.346457 -0.700787 -0.622047 
vn 0.165354 -0.448819 -0.874016 
vn 0.00787402 -0.299213 -0.952756 
vn 0.401575 -0.582677 -0.708661 
vn 0.440945 -0.80315 -0.393701 
vn 0 -0.88189 0.464567 
vn -0.0551181 -0.944882 0.314961 
vn 0 -0.944882 0.322835 
vn -0.0866142 -0.889764 0.448819 
vn -0.0314961 -0.984252 0.165354 
vn 0 -0.984252 0.165354 
vn 0 -1 0 
vn -0.15748 -0.952756 0.275591 
vn -0.0787402 -0.984252 0.141732 
vn 0 -1 0 
vn -0.228346 -0.889764 0.401575 
vn -0.23622 -0.944882 0.212598 
vn -0.291339 -0.80315 0.511811 
vn -0.125984 -0.984252 0.110236 
vn 0 -1 0 
vn -0.275591 -0.944882 0.165354 
vn -0.141732 -0.984252 0.0866142 
vn 0 -1 0 
vn -0.401575 -0.88189 0.244094 
vn -0.346457 -0.889764 0.307087 
vn -0.511811 -0.80315 0.314961 
vn -0.440945 -0.80315 0.393701 
vn -0.614173 -0.692913 0.377953 
vn -0.346457 -0.700787 0.622047 
vn -0.125984 -0.700787 0.700787 
vn -0.535433 -0.700787 0.472441 
vn -0.692913 -0.574803 0.425197 
vn -0.149606 -0.582677 0.795276 
vn -0.401575 -0.582677 0.708661 
vn -0.102362 -0.472441 0.874016 
vn -0.417323 -0.519685 0.740157 
vn -0.637795 -0.519685 0.566929 
vn -0.606299 -0.582677 0.535433 
vn -0.732283 -0.511811 0.448819 
vn 0.818898 -0.574803 0.00787402 
vn 0.700787 -0.700787 0.133858 
vn 0.716535 -0.692913 0.00787402 
vn 0.795276 -0.582677 0.149606 
vn 0.582677 -0.80315 0.110236 
vn 0.598425 -0.80315 0.00787402 
vn 0.622047 -0.700787 0.346457 
vn 0.448819 -0.889764 0.0866142 
vn 0.464567 -0.88189 0.00787402 
vn 0.314961 -0.944882 0.0551181 
vn 0.322835 -0.944882 0 
vn 0.401575 -0.889764 0.228346 
vn 0.511811 -0.80315 0.291339 
vn 0.165354 -0.984252 0.0314961 
vn 0.165354 -0.984252 0 
vn 0 -1 0 
vn 0.141732 -0.984252 0.0787402 
vn 0 -1 0 
vn 0.275591 -0.952756 0.15748 
vn 0.110236 -0.984252 0.125984 
vn 0 -1 0 
vn 0.307087 -0.889764 0.346457 
vn 0.212598 -0.944882 0.23622 
vn 0.165354 -0.944882 0.275591 
vn 0.0866142 -0.984252 0.141732 
vn 0 -1 0 
vn 0.244094 -0.88189 0.401575 
vn 0.314961 -0.80315 0.511811 
vn 0.393701 -0.80315 0.440945 
vn 0.377953 -0.692913 0.614173 
vn 0.472441 -0.700787 0.535433 
vn 0.425197 -0.574803 0.692913 
vn 0.535433 -0.582677 0.606299 
vn 0.448819 -0.511811 0.732283 
vn 0.566929 -0.519685 0.637795 
vn 0.708661 -0.582677 0.401575 
vn 0.740157 -0.519685 0.417323 
vn 0.874016 -0.472441 0.102362 
vn -0.519685 -0.149606 -0.84252 
vn -0.629921 -0.307087 -0.716535 
vn -0.653543 -0.15748 -0.740157 
vn -0.519685 -0.0787402 -0.850394 
vn -0.661417 -0.0787402 -0.748031 
vn -0.496063 -0.299213 -0.811024 
vn -0.771654 -0.149606 -0.614173 
vn -0.779528 -0.0787402 -0.622047 
vn -0.748031 -0.307087 -0.590551 
vn -0.724409 -0.377953 -0.574803 
vn -0.614173 -0.385827 -0.692913 
vn -0.480315 -0.377953 -0.787402 
vn 0.204724 0.976378 -0.0551181 
vn 0.204724 0.976378 -0.0551181 
vn 0.204724 0.976378 -0.0551181 
vn -0.0551181 0.976378 -0.204724 
vn -0.0551181 0.976378 -0.204724 
vn -0.0551181 0.976378 -0.204724 
vn -0.204724 0.976378 0.0551181 
vn -0.204724 0.976378 0.0551181 
vn -0.204724 0.976378 0.0551181 
vn 0.0551181 0.976378 0.204724 
vn 0.0551181 0.976378 0.204724 
vn 0.0551181 0.976378 0.204724 
vn -0.149606 0.551181 0.818898 
vn -0.00787402 0.425197 0.905512 
vn -0.00787402 0.543307 0.834646 
vn -0.141732 0.614173 0.771654 
vn -0.00787402 0.606299 0.795276 
vn -0.275591 0.614173 0.740157 
vn -0.291339 0.551181 0.779528 
vn -0.165354 0.433071 0.88189 
vn -0.00787402 0.370079 0.929134 
vn -0.314961 0.433071 0.84252 
vn -0.173228 0.377953 0.913386 
vn -0.322835 0.370079 0.866142 
vn -0.456693 -0.889764 -0.0866142 
vn -0.598425 -0.80315 -0.00787402 
vn -0.582677 -0.80315 -0.110236 
vn -0.464567 -0.88189 0 
vn -0.716535 -0.692913 -0.00787402 
vn -0.314961 -0.944882 -0.0551181 
vn -0.322835 -0.944882 0 
vn -0.401575 -0.889764 -0.228346 
vn -0.700787 -0.700787 -0.133858 
vn -0.818898 -0.574803 -0.00787402 
vn -0.165354 -0.984252 -0.0314961 
vn -0.165354 -0.984252 0 
vn 0 -1 0 
vn -0.141732 -0.984252 -0.0787402 
vn 0 -1 0 
vn -0.275591 -0.952756 -0.15748 
vn -0.110236 -0.984252 -0.125984 
vn 0 -1 0 
vn -0.307087 -0.889764 -0.346457 
vn -0.0866142 -0.984252 -0.141732 
vn 0 -1 0 
vn -0.165354 -0.944882 -0.275591 
vn -0.212598 -0.944882 -0.23622 
vn -0.244094 -0.88189 -0.401575 
vn -0.314961 -0.80315 -0.511811 
vn -0.519685 -0.80315 -0.291339 
vn -0.393701 -0.80315 -0.448819 
vn -0.377953 -0.692913 -0.614173 
vn -0.622047 -0.700787 -0.346457 
vn -0.472441 -0.700787 -0.535433 
vn -0.425197 -0.574803 -0.692913 
vn -0.535433 -0.582677 -0.606299 
vn -0.448819 -0.511811 -0.732283 
vn -0.566929 -0.519685 -0.637795 
vn -0.708661 -0.582677 -0.401575 
vn -0.787402 -0.472441 -0.385827 
vn -0.795276 -0.582677 -0.149606 
vn -0.897638 -0.440945 -0.00787402 
vn -0.874016 -0.448819 -0.165354 
vn -0.952756 -0.299213 -0.00787402 
vn -0.937008 -0.307087 -0.173228 
vn -0.889764 -0.307087 -0.330709 
vn -0.992126 -0.149606 -0.00787402 
vn -0.968504 -0.15748 -0.181102 
vn 0.346457 0.204724 -0.913386 
vn 0.173228 0.102362 -0.976378 
vn 0.173228 0.212598 -0.96063 
vn 0.338583 0.259843 -0.905512 
vn 0.173228 0.267717 -0.952756 
vn 0.346457 0.102362 -0.929134 
vn 0 0.204724 -0.976378 
vn 0 0.259843 -0.968504 
vn 0 0.102362 -0.992126 
vn 0 0.0551181 -1 
vn 0.173228 0.0551181 -0.984252 
vn 0.346457 0.0551181 -0.937008 
vn -0.976378 0.204724 -0.00787402 
vn -0.984252 0.15748 -0.00787402 
vn -0.976378 0.204724 -0.00787402 
vn -0.984252 0.15748 -0.00787402 
vn -0.968504 0.259843 -0.00787402 
vn -0.968504 0.259843 -0.00787402 
vn 0.456693 0.385827 -0.80315 
vn 0.322835 0.385827 -0.866142 
vn 0.322835 0.385827 -0.866142 
vn 0.503937 0.338583 -0.787402 
vn 0.590551 0.314961 -0.740157 
vn 0.574803 0.377953 -0.724409 
vn 0.606299 0.204724 -0.76378 
vn 0.606299 0.204724 -0.76378 
vn 0.614173 0.15748 -0.771654 
vn 0.614173 0.15748 -0.771654 
vn -0.748031 0.15748 0.645669 
vn -0.858268 0.102362 0.503937 
vn -0.748031 0.102362 0.653543 
vn -0.850394 0.15748 0.496063 
vn -0.866142 -0.015748 0.503937 
vn -0.488189 0.15748 0.858268 
vn -0.755906 -0.015748 0.653543 
vn -0.488189 0.102362 0.866142 
vn -0.346457 0.102362 0.929134 
vn -0.346457 0.15748 0.92126 
vn -0.354331 -0.015748 0.937008 
vn -0.496063 -0.015748 0.874016 
vn -0.488189 -0.15748 0.858268 
vn -0.346457 -0.149606 0.929134 
vn -0.748031 -0.15748 0.645669 
vn -0.850394 -0.149606 0.496063 
vn -0.472441 -0.307087 0.826772 
vn -0.330709 -0.307087 0.889764 
vn -0.716535 -0.307087 0.622047 
vn -0.826772 -0.299213 0.480315 
vn -0.456693 -0.385827 0.80315 
vn -0.322835 -0.377953 0.866142 
vn -0.700787 -0.385827 0.606299 
vn -0.80315 -0.377953 0.464567 
vn -0.0944882 0.937008 -0.346457 
vn -0.0944882 0.937008 -0.346457 
vn -0.0944882 0.937008 -0.346457 
vn -0.346457 0.937008 0.0944882 
vn -0.346457 0.937008 0.0944882 
vn -0.346457 0.937008 0.0944882 
vn 0.0944882 0.937008 0.346457 
vn 0.0944882 0.937008 0.346457 
vn 0.0944882 0.937008 0.346457 
vn 0.346457 0.937008 -0.0944882 
vn 0.346457 0.937008 -0.0944882 
vn 0.346457 0.937008 -0.0944882 
vn 0.866142 0.102362 0.488189 
vn 0.937008 -0.015748 0.354331 
vn 0.929134 0.102362 0.346457 
vn 0.874016 -0.015748 0.496063 
vn 0.850394 0.212598 0.480315 
vn 0.913386 0.204724 0.346457 
vn 0.858268 -0.15748 0.488189 
vn 0.929134 -0.149606 0.346457 
vn 0.661417 -0.015748 0.748031 
vn 0.661417 0.102362 0.748031 
vn 0.826772 0.322835 0.464567 
vn 0.889764 0.314961 0.330709 
vn 0.80315 0.377953 0.456693 
vn 0.866142 0.370079 0.322835 
vn 0.645669 0.212598 0.732283 
vn 0.629921 0.322835 0.708661 
vn 0.614173 0.377953 0.692913 
vn 0.496063 0.314961 0.811024 
vn 0.488189 0.370079 0.787402 
vn 0.511811 0.204724 0.834646 
vn 0.519685 0.102362 0.850394 
vn 0.519685 -0.015748 0.850394 
vn 0.653543 -0.15748 0.740157 
vn 0.519685 -0.149606 0.84252 
vn 0.629921 -0.307087 0.716535 
vn 0.826772 -0.307087 0.472441 
vn 0.496063 -0.299213 0.811024 
vn 0.889764 -0.307087 0.330709 
vn 0.614173 -0.385827 0.692913 
vn 0.480315 -0.377953 0.787402 
vn 0.80315 -0.385827 0.456693 
vn 0.866142 -0.377953 0.322835 
vn 0.637795 0.559055 -0.535433 
vn 0.637795 0.559055 -0.535433 
vn 0.637795 0.559055 -0.535433 
vn -0.535433 0.559055 -0.637795 
vn -0.535433 0.559055 -0.637795 
vn -0.535433 0.559055 -0.637795 
vn 0.125984 0.559055 -0.818898 
vn 0.125984 0.559055 -0.818898 
vn 0.125984 0.559055 -0.818898 
vn -0.125984 0.559055 0.818898 
vn -0.125984 0.559055 0.818898 
vn -0.125984 0.559055 0.818898 
vn -0.818898 0.559055 -0.125984 
vn -0.818898 0.559055 -0.125984 
vn -0.818898 0.559055 -0.125984 
vn -0.637795 0.559055 0.535433 
vn -0.637795 0.559055 0.535433 
vn -0.637795 0.559055 0.535433 
vn 0.818898 0.559055 0.125984 
vn 0.818898 0.559055 0.125984 
vn 0.818898 0.559055 0.125984 
vn 0.535433 0.559055 0.637795 
vn 0.535433 0.559055 0.637795 
vn 0.535433 0.559055 0.637795 
vn -0.464567 0.874016 0.125984 
vn -0.464567 0.874016 0.125984 
vn -0.464567 0.874016 0.125984 
vn -0.125984 0.874016 -0.464567 
vn -0.125984 0.874016 -0.464567 
vn -0.125984 0.874016 -0.464567 
vn 0.464567 0.874016 -0.125984 
vn 0.464567 0.874016 -0.125984 
vn 0.464567 0.874016 -0.125984 
vn 0.125984 0.874016 0.464567 
vn 0.125984 0.874016 0.464567 
vn 0.125984 0.874016 0.464567 
vn -0.440945 0.897638 -0.0787402 
vn -0.448819 0.889764 -0.00787402 
vn -0.23622 0.968504 -0.0472441 
vn -0.244094 0.968504 0 
vn 0 1 0 
vn -0.614173 0.787402 -0.00787402 
vn -0.598425 0.787402 -0.110236 
vn -0.748031 0.669291 -0.00787402 
vn -0.535433 0.795276 -0.299213 
vn -0.724409 0.677165 -0.133858 
vn -0.834646 0.543307 -0.00787402 
vn -0.818898 0.551181 -0.149606 
vn -0.905512 0.425197 -0.00787402 
vn -0.645669 0.677165 -0.362205 
vn -0.88189 0.433071 -0.165354 
vn -0.929134 0.370079 -0.00787402 
vn -0.913386 0.338583 -0.228346 
vn -0.724409 0.551181 -0.409449 
vn -0.787402 0.433071 -0.440945 
vn -0.826772 0.322835 -0.464567 
vn -0.913386 0.204724 -0.346457 
vn -0.480315 0.787402 -0.385827 
vn -0.582677 0.669291 -0.464567 
vn -0.299213 0.913386 -0.283465 
vn -0.590551 0.535433 -0.606299 
vn -0.850394 0.212598 -0.480315 
vn -0.385827 0.897638 -0.220472 
vn -0.204724 0.968504 -0.11811 
vn 0 1 0 
vn -0.15748 0.968504 -0.181102 
vn 0 1 0 
vn -0.181102 0.937008 -0.291339 
vn -0.125984 0.968504 -0.204724 
vn 0 1 0 
vn -0.968504 0.0866142 -0.23622 
vn -1 -0.015748 -0.00787402 
vn -1 0.0551181 -0.00787402 
vn -0.866142 0.102362 -0.488189 
vn -0.984252 -0.015748 -0.181102 
vn -0.897638 0.00787402 -0.448819 
vn -0.929134 -0.149606 -0.346457 
vn -0.661417 0.0551181 -0.748031 
vn -0.661417 0.102362 -0.748031 
vn -0.519685 0.0551181 -0.850394 
vn -0.519685 0.102362 -0.850394 
vn -0.645669 0.212598 -0.732283 
vn -0.511811 0.204724 -0.834646 
vn -0.629921 0.322835 -0.708661 
vn -0.496063 0.314961 -0.811024 
vn -0.598425 0.433071 -0.677165 
vn -0.472441 0.425197 -0.771654 
vn -0.456693 0.488189 -0.748031 
vn -0.19685 -0.669291 -0.716535 
vn -0.19685 -0.669291 -0.716535 
vn -0.19685 -0.669291 -0.716535 
vn 0.716535 -0.669291 -0.19685 
vn 0.716535 -0.669291 -0.19685 
vn 0.716535 -0.669291 -0.19685 
vn -0.716535 -0.669291 0.19685 
vn -0.716535 -0.669291 0.19685 
vn -0.716535 -0.669291 0.19685 
vn 0.19685 -0.669291 0.716535 
vn 0.19685 -0.669291 0.716535 
vn 0.19685 -0.669291 0.716535 
vn -0.629921 0.488189 -0.606299 
vn -0.629921 0.488189 -0.606299 
vn -0.629921 0.488189 -0.606299 
vn 0.606299 0.488189 -0.629921 
vn 0.606299 0.488189 -0.629921 
vn 0.606299 0.488189 -0.629921 
vn 0.228346 0.488189 -0.84252 
vn 0.228346 0.488189 -0.84252 
vn 0.228346 0.488189 -0.84252 
vn 0.629921 0.488189 0.606299 
vn 0.629921 0.488189 0.606299 
vn 0.629921 0.488189 0.606299 
vn -0.606299 0.488189 0.629921 
vn -0.606299 0.488189 0.629921 
vn -0.606299 0.488189 0.629921 
vn 0.84252 0.488189 0.228346 
vn 0.84252 0.488189 0.228346 
vn 0.84252 0.488189 0.228346 
vn -0.84252 0.488189 -0.228346 
vn -0.84252 0.488189 -0.228346 
vn -0.84252 0.488189 -0.228346 
vn -0.228346 0.488189 0.84252 
vn -0.228346 0.488189 0.84252 
vn -0.228346 0.488189 0.84252 
vn 0.897638 -0.440945 0.00787402 
vn 0.952756 -0.299213 0.00787402 
vn 0.952756 -0.299213 0.00787402 
vn 0.992126 -0.149606 0.00787402 
vn 0.992126 -0.149606 0.00787402 
vn 1 -0.015748 0.00787402 
vn 1 -0.015748 0.00787402 
vn 0.992126 0.102362 0.00787402 
vn 0.992126 0.102362 0.00787402 
vn 0.976378 0.204724 0.00787402 
vn 0.976378 0.204724 0.00787402 
vn 0.952756 0.314961 0.00787402 
vn 0.944882 0.314961 0.00787402 
vn 0.88189 0.448819 0.102362 
vn 0.905512 0.425197 0.00787402 
vn 0.818898 0.551181 0.149606 
vn 0.834646 0.543307 0.00787402 
vn 0.724409 0.551181 0.409449 
vn 0.755906 0.496063 0.425197 
vn 0.574803 0.496063 0.653543 
vn 0.645669 0.677165 0.362205 
vn 0.551181 0.551181 0.622047 
vn 0.456693 0.488189 0.740157 
vn 0.440945 0.543307 0.716535 
vn 0.488189 0.677165 0.551181 
vn 0.385827 0.669291 0.637795 
vn 0.401575 0.787402 0.456693 
vn 0.322835 0.787402 0.527559 
vn 0.724409 0.677165 0.133858 
vn 0.748031 0.669291 0.00787402 
vn 0.527559 0.795276 0.299213 
vn 0.598425 0.787402 0.110236 
vn 0.614173 0.787402 0.00787402 
vn 0.440945 0.897638 0.0787402 
vn 0.448819 0.889764 0.00787402 
vn 0.385827 0.897638 0.220472 
vn 0.291339 0.897638 0.330709 
vn 0.23622 0.889764 0.385827 
vn 0.23622 0.968504 0.0393701 
vn 0.244094 0.968504 0 
vn 0 1 0 
vn 0.212598 0.968504 0.11811 
vn 0 1 0 
vn 0.15748 0.968504 0.181102 
vn 0 1 0 
vn 0.125984 0.968504 0.204724 
vn 0 1 0 
vn -0.535433 -0.566929 -0.629921 
vn -0.535433 -0.566929 -0.629921 
vn -0.535433 -0.566929 -0.629921 
vn 0.133858 -0.566929 -0.818898 
vn 0.133858 -0.566929 -0.818898 
vn 0.133858 -0.566929 -0.818898 
vn 0.629921 -0.566929 -0.535433 
vn 0.629921 -0.566929 -0.535433 
vn 0.629921 -0.566929 -0.535433 
vn -0.440945 -0.606299 -0.661417 
vn -0.440945 -0.606299 -0.661417 
vn -0.440945 -0.606299 -0.661417 
vn 0.661417 -0.606299 -0.440945 
vn 0.661417 -0.606299 -0.440945 
vn 0.661417 -0.606299 -0.440945 
vn 0.818898 -0.566929 0.133858 
vn 0.818898 -0.566929 0.133858 
vn 0.818898 -0.566929 0.133858 
vn 0.0393701 -0.606299 -0.795276 
vn 0.0393701 -0.606299 -0.795276 
vn 0.0393701 -0.606299 -0.795276 
vn -0.818898 -0.566929 -0.133858 
vn -0.818898 -0.566929 -0.133858 
vn -0.818898 -0.566929 -0.133858 
vn 0.795276 -0.606299 0.0393701 
vn 0.795276 -0.606299 0.0393701 
vn 0.795276 -0.606299 0.0393701 
vn 0.440945 -0.606299 0.661417 
vn 0.440945 -0.606299 0.661417 
vn 0.440945 -0.606299 0.661417 
vn -0.629921 -0.566929 0.535433 
vn -0.629921 -0.566929 0.535433 
vn -0.629921 -0.566929 0.535433 
vn -0.133858 -0.566929 0.818898 
vn -0.133858 -0.566929 0.818898 
vn -0.133858 -0.566929 0.818898 
vn -0.795276 -0.606299 -0.0393701 
vn -0.795276 -0.606299 -0.0393701 
vn -0.795276 -0.606299 -0.0393701 
vn -0.0393701 -0.606299 0.795276 
vn -0.0393701 -0.606299 0.795276 
vn -0.0393701 -0.606299 0.795276 
vn -0.661417 -0.606299 0.440945 
vn -0.661417 -0.606299 0.440945 
vn -0.661417 -0.606299 0.440945 
vn 0.535433 -0.566929 0.629921 
vn 0.535433 -0.566929 0.629921 
vn 0.535433 -0.566929 0.629921 
vn -0.614173 -0.503937 -0.598425 
vn -0.614173 -0.503937 -0.598425 
vn -0.614173 -0.503937 -0.598425 
vn 0.598425 -0.503937 -0.614173 
vn 0.598425 -0.503937 -0.614173 
vn 0.598425 -0.503937 -0.614173 
vn 0.220472 -0.503937 -0.834646 
vn 0.220472 -0.503937 -0.834646 
vn 0.220472 -0.503937 -0.834646 
vn 0.614173 -0.503937 0.598425 
vn 0.614173 -0.503937 0.598425 
vn 0.614173 -0.503937 0.598425 
vn -0.834646 -0.503937 -0.220472 
vn -0.834646 -0.503937 -0.220472 
vn -0.834646 -0.503937 -0.220472 
vn 0.834646 -0.503937 0.220472 
vn 0.834646 -0.503937 0.220472 
vn 0.834646 -0.503937 0.220472 
vn -0.598425 -0.503937 0.614173 
vn -0.598425 -0.503937 0.614173 
vn -0.598425 -0.503937 0.614173 
vn -0.220472 -0.503937 0.834646 
vn -0.220472 -0.503937 0.834646 
vn -0.220472 -0.503937 0.834646 
vn 0.574803 -0.440945 -0.692913 
vn 0.574803 -0.440945 -0.692913 
vn 0.574803 -0.440945 -0.692913 
vn 0.299213 -0.440945 -0.850394 
vn 0.299213 -0.440945 -0.850394 
vn 0.299213 -0.440945 -0.850394 
vn -0.692913 -0.440945 -0.574803 
vn -0.692913 -0.440945 -0.574803 
vn -0.692913 -0.440945 -0.574803 
vn 0.850394 -0.440945 0.299213 
vn 0.850394 -0.440945 0.299213 
vn 0.850394 -0.440945 0.299213 
vn -0.850394 -0.440945 -0.299213 
vn -0.850394 -0.440945 -0.299213 
vn -0.850394 -0.440945 -0.299213 
vn -0.574803 -0.440945 0.692913 
vn -0.574803 -0.440945 0.692913 
vn -0.574803 -0.440945 0.692913 
vn -0.299213 -0.440945 0.850394 
vn -0.299213 -0.440945 0.850394 
vn -0.299213 -0.440945 0.850394 
vn 0.692913 -0.440945 0.574803 
vn 0.692913 -0.440945 0.574803 
vn 0.692913 -0.440945 0.574803 
vn -0.188976 -0.700787 -0.685039 
vn -0.15748 -0.80315 -0.574803 
vn -0.15748 -0.80315 -0.574803 
vn -0.188976 -0.700787 -0.685039 
vn -0.11811 -0.889764 -0.440945 
vn -0.220472 -0.582677 -0.779528 
vn -0.11811 -0.889764 -0.440945 
vn -0.220472 -0.582677 -0.779528 
vn -0.102362 -0.929134 -0.362205 
vn -0.102362 -0.929134 -0.362205 
vn -0.23622 -0.448819 -0.858268 
vn -0.23622 -0.448819 -0.858268 
vn -0.251969 -0.307087 -0.92126 
vn -0.251969 -0.307087 -0.92126 
vn -0.267717 -0.15748 -0.952756 
vn -0.267717 -0.15748 -0.952756 
vn -0.267717 -0.015748 -0.96063 
vn -0.267717 -0.015748 -0.96063 
vn -0.267717 0.102362 -0.96063 
vn -0.267717 0.102362 -0.96063 
vn -0.259843 0.212598 -0.944882 
vn -0.259843 0.212598 -0.944882 
vn -0.251969 0.314961 -0.913386 
vn -0.251969 0.314961 -0.913386 
vn -0.244094 0.433071 -0.866142 
vn -0.244094 0.433071 -0.866142 
vn -0.220472 0.551181 -0.80315 
vn -0.220472 0.551181 -0.80315 
vn -0.19685 0.669291 -0.708661 
vn -0.19685 0.669291 -0.708661 
vn -0.165354 0.795276 -0.582677 
vn -0.165354 0.795276 -0.582677 
vn -0.141732 0.850394 -0.503937 
vn -0.141732 0.850394 -0.503937 
vn 0.574803 0.409449 -0.708661 
vn 0.574803 0.409449 -0.708661 
vn 0.574803 0.409449 -0.708661 
vn -0.708661 0.409449 -0.574803 
vn -0.708661 0.409449 -0.574803 
vn -0.708661 0.409449 -0.574803 
vn 0.551181 -0.354331 -0.755906 
vn 0.551181 -0.354331 -0.755906 
vn 0.551181 -0.354331 -0.755906 
vn 0.362205 -0.354331 -0.866142 
vn 0.362205 -0.354331 -0.866142 
vn 0.362205 -0.354331 -0.866142 
vn -0.858268 0.409449 -0.307087 
vn -0.858268 0.409449 -0.307087 
vn -0.858268 0.409449 -0.307087 
vn 0.307087 0.409449 -0.858268 
vn 0.307087 0.409449 -0.858268 
vn 0.307087 0.409449 -0.858268 
vn 0.582677 0.795276 -0.165354 
vn 0.503937 0.850394 -0.141732 
vn 0.503937 0.850394 -0.141732 
vn 0.582677 0.795276 -0.165354 
vn 0.716535 0.669291 -0.19685 
vn 0.716535 0.669291 -0.19685 
vn 0.80315 0.551181 -0.220472 
vn 0.80315 0.551181 -0.220472 
vn 0.866142 0.433071 -0.244094 
vn 0.866142 0.433071 -0.244094 
vn 0.913386 0.322835 -0.251969 
vn 0.913386 0.322835 -0.251969 
vn 0.944882 0.212598 -0.259843 
vn 0.944882 0.212598 -0.259843 
vn 0.96063 0.102362 -0.267717 
vn 0.96063 0.102362 -0.267717 
vn 0.96063 -0.015748 -0.267717 
vn 0.96063 -0.015748 -0.267717 
vn 0.952756 -0.15748 -0.267717 
vn 0.952756 -0.15748 -0.267717 
vn 0.92126 -0.307087 -0.251969 
vn 0.92126 -0.307087 -0.251969 
vn 0.858268 -0.448819 -0.23622 
vn 0.858268 -0.448819 -0.23622 
vn 0.779528 -0.582677 -0.220472 
vn 0.779528 -0.582677 -0.220472 
vn 0.685039 -0.700787 -0.188976 
vn 0.685039 -0.700787 -0.188976 
vn 0.574803 -0.80315 -0.15748 
vn 0.574803 -0.80315 -0.15748 
vn 0.440945 -0.889764 -0.11811 
vn 0.440945 -0.889764 -0.11811 
vn 0.362205 -0.929134 -0.102362 
vn 0.362205 -0.929134 -0.102362 
vn -0.574803 0.409449 0.708661 
vn -0.574803 0.409449 0.708661 
vn -0.574803 0.409449 0.708661 
vn 0.858268 0.409449 0.307087 
vn 0.858268 0.409449 0.307087 
vn 0.858268 0.409449 0.307087 
vn -0.866142 -0.354331 -0.362205 
vn -0.866142 -0.354331 -0.362205 
vn -0.866142 -0.354331 -0.362205 
vn -0.307087 0.409449 0.858268 
vn -0.307087 0.409449 0.858268 
vn -0.307087 0.409449 0.858268 
vn 0.866142 -0.354331 0.362205 
vn 0.866142 -0.354331 0.362205 
vn 0.866142 -0.354331 0.362205 
vn -0.755906 -0.354331 -0.551181 
vn -0.755906 -0.354331 -0.551181 
vn -0.755906 -0.354331 -0.551181 
vn 0.708661 0.409449 0.574803 
vn 0.708661 0.409449 0.574803 
vn 0.708661 0.409449 0.574803 
vn 0.19685 0.669291 0.716535 
vn 0.220472 0.551181 0.80315 
vn 0.19685 0.669291 0.716535 
vn 0.15748 0.795276 0.582677 
vn 0.220472 0.551181 0.80315 
vn 0.15748 0.795276 0.582677 
vn 0.141732 0.850394 0.503937 
vn 0.141732 0.850394 0.503937 
vn 0.244094 0.433071 0.866142 
vn 0.244094 0.433071 0.866142 
vn 0.251969 0.322835 0.913386 
vn 0.251969 0.322835 0.913386 
vn 0.259843 0.212598 0.944882 
vn 0.259843 0.212598 0.944882 
vn 0.267717 0.102362 0.96063 
vn 0.267717 0.102362 0.96063 
vn 0.267717 -0.015748 0.96063 
vn 0.267717 -0.015748 0.96063 
vn 0.259843 -0.15748 0.952756 
vn 0.259843 -0.15748 0.952756 
vn 0.251969 -0.307087 0.92126 
vn 0.251969 -0.307087 0.92126 
vn 0.23622 -0.448819 0.858268 
vn 0.23622 -0.448819 0.858268 
vn 0.220472 -0.582677 0.779528 
vn 0.220472 -0.582677 0.779528 
vn 0.188976 -0.700787 0.685039 
vn 0.188976 -0.700787 0.685039 
vn 0.15748 -0.80315 0.574803 
vn 0.15748 -0.80315 0.574803 
vn 0.11811 -0.889764 0.440945 
vn 0.11811 -0.889764 0.440945 
vn 0.102362 -0.929134 0.362205 
vn 0.102362 -0.929134 0.362205 
vn -0.80315 0.551181 0.220472 
vn -0.866142 0.433071 0.244094 
vn -0.866142 0.433071 0.244094 
vn -0.913386 0.314961 0.251969 
vn -0.80315 0.551181 0.220472 
vn -0.913386 0.314961 0.251969 
vn -0.716535 0.669291 0.19685 
vn -0.944882 0.212598 0.259843 
vn -0.716535 0.669291 0.19685 
vn -0.944882 0.212598 0.259843 
vn -0.582677 0.795276 0.15748 
vn -0.96063 0.102362 0.267717 
vn -0.582677 0.795276 0.15748 
vn -0.503937 0.850394 0.141732 
vn -0.503937 0.850394 0.141732 
vn -0.96063 0.102362 0.267717 
vn -0.96063 -0.015748 0.267717 
vn -0.96063 -0.015748 0.267717 
vn -0.952756 -0.15748 0.259843 
vn -0.952756 -0.15748 0.259843 
vn -0.92126 -0.307087 0.251969 
vn -0.92126 -0.307087 0.251969 
vn -0.858268 -0.448819 0.23622 
vn -0.858268 -0.448819 0.23622 
vn -0.779528 -0.582677 0.220472 
vn -0.779528 -0.582677 0.220472 
vn -0.685039 -0.700787 0.188976 
vn -0.685039 -0.700787 0.188976 
vn -0.574803 -0.80315 0.15748 
vn -0.574803 -0.80315 0.15748 
vn -0.440945 -0.889764 0.11811 
vn -0.440945 -0.889764 0.11811 
vn -0.362205 -0.929134 0.102362 
vn -0.362205 -0.929134 0.102362 
vn 0.755906 -0.354331 0.551181 
vn 0.755906 -0.354331 0.551181 
vn 0.755906 -0.354331 0.551181 
vn -0.362205 -0.354331 0.866142 
vn -0.362205 -0.354331 0.866142 
vn -0.362205 -0.354331 0.866142 
vn -0.551181 -0.354331 0.755906 
vn -0.551181 -0.354331 0.755906 
vn -0.551181 -0.354331 0.755906 
vn 0.102362 -0.992126 -0.0314961 
vn 0.102362 -0.992126 -0.0314961 
vn 0.102362 -0.992126 -0.0314961 
vn -0.0314961 -0.992126 -0.102362 
vn -0.0314961 -0.992126 -0.102362 
vn -0.0314961 -0.992126 -0.102362 
vn -0.102362 -0.992126 0.0314961 
vn -0.102362 -0.992126 0.0314961 
vn -0.102362 -0.992126 0.0314961 
vn 0.0314961 -0.992126 0.102362 
vn 0.0314961 -0.992126 0.102362 
vn 0.0314961 -0.992126 0.102362 
vn 0.0472441 -1 -0.015748 
vn 0.0472441 -1 -0.015748 
vn 0.0472441 -1 -0.015748 
vn -0.015748 -1 -0.0472441 
vn -0.015748 -1 -0.0472441 
vn -0.015748 -1 -0.0472441 
vn -0.0472441 -1 0.015748 
vn -0.0472441 -1 0.015748 
vn -0.0472441 -1 0.015748 
vn 0.015748 -1 0.0472441 
vn 0.015748 -1 0.0472441 
vn 0.015748 -1 0.0472441 
vn 0.251969 -0.968504 -0.0708661 
vn 0.251969 -0.968504 -0.0708661 
vn 0.251969 -0.968504 -0.0708661 
vn 0.0708661 -0.968504 0.251969 
vn 0.0708661 -0.968504 0.251969 
vn 0.0708661 -0.968504 0.251969 
vn -0.251969 -0.96063 0.0708661 
vn -0.251969 -0.96063 0.0708661 
vn -0.251969 -0.96063 0.0708661 
vn -0.0708661 -0.96063 -0.251969 
vn -0.0708661 -0.96063 -0.251969 
vn -0.0708661 -0.96063 -0.251969 
vn -0.0551181 -0.976378 -0.19685 
vn -0.0551181 -0.976378 -0.19685 
vn -0.0551181 -0.976378 -0.19685 
vn -0.19685 -0.976378 0.0551181 
vn -0.19685 -0.976378 0.0551181 
vn -0.19685 -0.976378 0.0551181 
vn 0.0551181 -0.976378 0.19685 
vn 0.0551181 -0.976378 0.19685 
vn 0.0551181 -0.976378 0.19685 
vn 0.19685 -0.976378 -0.0551181 
vn 0.19685 -0.976378 -0.0551181 
vn 0.19685 -0.976378 -0.0551181 
vn 0.535433 -0.259843 -0.80315 
vn 0.535433 -0.259843 -0.80315 
vn 0.535433 -0.259843 -0.80315 
vn -0.80315 -0.259843 -0.535433 
vn -0.80315 -0.259843 -0.535433 
vn -0.80315 -0.259843 -0.535433 
vn -0.874016 -0.259843 -0.409449 
vn -0.874016 -0.259843 -0.409449 
vn -0.874016 -0.259843 -0.409449 
vn 0.409449 -0.259843 -0.874016 
vn 0.409449 -0.259843 -0.874016 
vn 0.409449 -0.259843 -0.874016 
vn -0.535433 -0.259843 0.80315 
vn -0.535433 -0.259843 0.80315 
vn -0.535433 -0.259843 0.80315 
vn 0.874016 -0.259843 0.409449 
vn 0.874016 -0.259843 0.409449 
vn 0.874016 -0.259843 0.409449 
vn 0.80315 -0.259843 0.535433 
vn 0.80315 -0.259843 0.535433 
vn 0.80315 -0.259843 0.535433 
vn -0.409449 -0.259843 0.874016 
vn -0.409449 -0.259843 0.874016 
vn -0.409449 -0.259843 0.874016 
vn 0.401575 -0.913386 -0.110236 
vn 0.401575 -0.913386 -0.110236 
vn 0.401575 -0.913386 -0.110236 
vn -0.110236 -0.913386 -0.393701 
vn -0.110236 -0.913386 -0.393701 
vn -0.110236 -0.913386 -0.393701 
vn 0.110236 -0.913386 0.401575 
vn 0.110236 -0.913386 0.401575 
vn 0.110236 -0.913386 0.401575 
vn -0.401575 -0.913386 0.110236 
vn -0.401575 -0.913386 0.110236 
vn -0.401575 -0.913386 0.110236 
vn -0.338583 -0.937008 0.0944882 
vn -0.338583 -0.937008 0.0944882 
vn -0.338583 -0.937008 0.0944882 
vn -0.0944882 -0.937008 -0.338583 
vn -0.0944882 -0.937008 -0.338583 
vn -0.0944882 -0.937008 -0.338583 
vn 0.338583 -0.937008 -0.0944882 
vn 0.338583 -0.937008 -0.0944882 
vn 0.338583 -0.937008 -0.0944882 
vn 0.0944882 -0.937008 0.338583 
vn 0.0944882 -0.937008 0.338583 
vn 0.0944882 -0.937008 0.338583 
vn -0.15748 0.811024 -0.566929 
vn -0.15748 0.811024 -0.566929 
vn -0.15748 0.811024 -0.566929 
vn 0.566929 0.811024 -0.15748 
vn 0.566929 0.811024 -0.15748 
vn 0.566929 0.811024 -0.15748 
vn -0.566929 0.811024 0.15748 
vn -0.566929 0.811024 0.15748 
vn -0.566929 0.811024 0.15748 
vn 0.15748 0.811024 0.566929 
vn 0.15748 0.811024 0.566929 
vn 0.15748 0.811024 0.566929 
vn 0.559055 0.330709 -0.76378 
vn 0.559055 0.330709 -0.76378 
vn 0.559055 0.330709 -0.76378 
vn 0.370079 0.330709 -0.866142 
vn 0.370079 0.330709 -0.866142 
vn 0.370079 0.330709 -0.866142 
vn -0.866142 0.330709 -0.370079 
vn -0.866142 0.330709 -0.370079 
vn -0.866142 0.330709 -0.370079 
vn 0.866142 0.330709 0.370079 
vn 0.866142 0.330709 0.370079 
vn 0.866142 0.330709 0.370079 
vn -0.76378 0.330709 -0.559055 
vn -0.76378 0.330709 -0.559055 
vn -0.76378 0.330709 -0.559055 
vn -0.834646 -0.15748 -0.527559 
vn -0.834646 -0.15748 -0.527559 
vn -0.834646 -0.15748 -0.527559 
vn 0.527559 -0.15748 -0.834646 
vn 0.527559 -0.15748 -0.834646 
vn 0.527559 -0.15748 -0.834646 
vn 0.76378 0.330709 0.559055 
vn 0.76378 0.330709 0.559055 
vn 0.76378 0.330709 0.559055 
vn 0.448819 -0.15748 -0.88189 
vn 0.448819 -0.15748 -0.88189 
vn 0.448819 -0.15748 -0.88189 
vn -0.88189 -0.15748 -0.448819 
vn -0.88189 -0.15748 -0.448819 
vn -0.88189 -0.15748 -0.448819 
vn -0.370079 0.330709 0.866142 
vn -0.370079 0.330709 0.866142 
vn -0.370079 0.330709 0.866142 
vn -0.559055 0.330709 0.76378 
vn -0.559055 0.330709 0.76378 
vn -0.559055 0.330709 0.76378 
vn 0.834646 -0.15748 0.527559 
vn 0.834646 -0.15748 0.527559 
vn 0.834646 -0.15748 0.527559 
vn 0.88189 -0.15748 0.448819 
vn 0.88189 -0.15748 0.448819 
vn 0.88189 -0.15748 0.448819 
vn -0.448819 -0.15748 0.88189 
vn -0.448819 -0.15748 0.88189 
vn -0.448819 -0.15748 0.88189 
vn -0.527559 -0.15748 0.834646 
vn -0.527559 -0.15748 0.834646 
vn -0.527559 -0.15748 0.834646 
vn 0.535433 -0.834646 -0.149606 
vn 0.535433 -0.834646 -0.149606 
vn 0.535433 -0.834646 -0.149606 
vn -0.535433 -0.834646 0.149606 
vn -0.535433 -0.834646 0.149606 
vn -0.535433 -0.834646 0.149606 
vn -0.149606 -0.834646 -0.527559 
vn -0.149606 -0.834646 -0.527559 
vn -0.149606 -0.834646 -0.527559 
vn -0.133858 -0.866142 -0.472441 
vn -0.133858 -0.866142 -0.472441 
vn -0.133858 -0.866142 -0.472441 
vn 0.149606 -0.834646 0.535433 
vn 0.149606 -0.834646 0.535433 
vn 0.149606 -0.834646 0.535433 
vn 0.472441 -0.866142 -0.133858 
vn 0.472441 -0.866142 -0.133858 
vn 0.472441 -0.866142 -0.133858 
vn -0.472441 -0.866142 0.133858 
vn -0.472441 -0.866142 0.133858 
vn -0.472441 -0.866142 0.133858 
vn 0.133858 -0.866142 0.472441 
vn 0.133858 -0.866142 0.472441 
vn 0.133858 -0.866142 0.472441 
vn 0.519685 -0.0551181 -0.850394 
vn 0.519685 -0.0551181 -0.850394 
vn 0.519685 -0.0551181 -0.850394 
vn 0.464567 -0.0551181 -0.88189 
vn 0.464567 -0.0551181 -0.88189 
vn 0.464567 -0.0551181 -0.88189 
vn 0.543307 0.259843 -0.80315 
vn 0.543307 0.259843 -0.80315 
vn 0.543307 0.259843 -0.80315 
vn -0.850394 -0.0551181 -0.519685 
vn -0.850394 -0.0551181 -0.519685 
vn -0.850394 -0.0551181 -0.519685 
vn 0.88189 -0.0551181 0.464567 
vn 0.88189 -0.0551181 0.464567 
vn 0.88189 -0.0551181 0.464567 
vn -0.88189 -0.0551181 -0.464567 
vn -0.88189 -0.0551181 -0.464567 
vn -0.88189 -0.0551181 -0.464567 
vn 0.409449 0.259843 -0.874016 
vn 0.409449 0.259843 -0.874016 
vn 0.409449 0.259843 -0.874016 
vn 0.850394 -0.0551181 0.519685 
vn 0.850394 -0.0551181 0.519685 
vn 0.850394 -0.0551181 0.519685 
vn -0.80315 0.259843 -0.543307 
vn -0.80315 0.259843 -0.543307 
vn -0.80315 0.259843 -0.543307 
vn -0.519685 -0.0551181 0.850394 
vn -0.519685 -0.0551181 0.850394 
vn -0.519685 -0.0551181 0.850394 
vn 0.874016 0.259843 0.409449 
vn 0.874016 0.259843 0.409449 
vn 0.874016 0.259843 0.409449 
vn -0.464567 -0.0551181 0.88189 
vn -0.464567 -0.0551181 0.88189 
vn -0.464567 -0.0551181 0.88189 
vn -0.874016 0.259843 -0.409449 
vn -0.874016 0.259843 -0.409449 
vn -0.874016 0.259843 -0.409449 
vn -0.543307 0.259843 0.80315 
vn -0.543307 0.259843 0.80315 
vn -0.543307 0.259843 0.80315 
vn -0.409449 0.259843 0.874016 
vn -0.409449 0.259843 0.874016 
vn -0.409449 0.259843 0.874016 
vn 0.80315 0.259843 0.543307 
vn 0.80315 0.259843 0.543307 
vn 0.80315 0.259843 0.543307 
vn -0.00787402 -0.574803 0.818898 
vn -0.00787402 -0.692913 0.716535 
vn -0.110236 -0.80315 0.582677 
vn -0.00787402 -0.80315 0.598425 
vn -0.00787402 -0.440945 0.897638 
vn -0.00787402 -0.299213 0.952756 
vn -0.00787402 -0.299213 0.952756 
vn -0.00787402 -0.149606 0.992126 
vn -0.00787402 -0.149606 0.992126 
vn -0.00787402 -0.015748 1 
vn -0.00787402 -0.015748 1 
vn -0.00787402 0.102362 0.992126 
vn -0.00787402 0.102362 0.992126 
vn -0.11811 0.228346 0.968504 
vn -0.00787402 0.204724 0.976378 
vn -0.173228 0.267717 0.944882 
vn -0.00787402 0.259843 0.968504 
vn -0.511811 0.299213 0.80315 
vn -0.472441 0.267717 0.84252 
vn -0.724409 0.267717 0.637795 
vn -0.708661 0.322835 0.629921 
vn -0.826772 0.259843 0.503937 
vn -0.559055 0.433071 0.708661 
vn -0.811024 0.314961 0.496063 
vn -0.677165 0.433071 0.598425 
vn -0.519685 0.551181 0.653543 
vn -0.771654 0.425197 0.472441 
vn -0.622047 0.551181 0.551181 
vn -0.716535 0.543307 0.440945 
vn -0.393701 0.692913 0.606299 
vn -0.551181 0.677165 0.488189 
vn -0.637795 0.669291 0.385827 
vn -0.456693 0.787402 0.401575 
vn -0.527559 0.787402 0.322835 
vn -0.299213 0.795276 0.527559 
vn -0.330709 0.897638 0.291339 
vn -0.385827 0.889764 0.23622 
vn -0.220472 0.897638 0.385827 
vn -0.110236 0.787402 0.598425 
vn -0.125984 0.732283 0.669291 
vn -0.00787402 0.732283 0.685039 
vn -0.00787402 0.787402 0.614173 
vn -0.0787402 0.897638 0.440945 
vn -0.00787402 0.889764 0.448819 
vn -0.0472441 0.968504 0.23622 
vn 0 0.968504 0.244094 
vn 0 1 0 
vn -0.11811 0.968504 0.212598 
vn 0 1 0 
vn -0.181102 0.968504 0.15748 
vn 0 1 0 
vn -0.204724 0.968504 0.125984 
vn 0 1 0 
vn 0.519685 0.0393701 -0.858268 
vn 0.519685 0.0393701 -0.858268 
vn 0.519685 0.0393701 -0.858268 
vn 0.527559 0.181102 -0.826772 
vn 0.527559 0.181102 -0.826772 
vn 0.527559 0.181102 -0.826772 
vn 0.464567 0.0393701 -0.88189 
vn 0.464567 0.0393701 -0.88189 
vn 0.464567 0.0393701 -0.88189 
vn 0.440945 0.181102 -0.88189 
vn 0.440945 0.181102 -0.88189 
vn 0.440945 0.181102 -0.88189 
vn -0.826772 0.181102 -0.527559 
vn -0.826772 0.181102 -0.527559 
vn -0.826772 0.181102 -0.527559 
vn -0.858268 0.0393701 -0.519685 
vn -0.858268 0.0393701 -0.519685 
vn -0.858268 0.0393701 -0.519685 
vn 0.826772 0.181102 0.527559 
vn 0.826772 0.181102 0.527559 
vn 0.826772 0.181102 0.527559 
vn 0.858268 0.0393701 0.519685 
vn 0.858268 0.0393701 0.519685 
vn 0.858268 0.0393701 0.519685 
vn -0.88189 0.181102 -0.440945 
vn -0.88189 0.181102 -0.440945 
vn -0.88189 0.181102 -0.440945 
vn -0.88189 0.0393701 -0.464567 
vn -0.88189 0.0393701 -0.464567 
vn -0.88189 0.0393701 -0.464567 
vn 0.88189 0.0393701 0.464567 
vn 0.88189 0.0393701 0.464567 
vn 0.88189 0.0393701 0.464567 
vn 0.88189 0.181102 0.440945 
vn 0.88189 0.181102 0.440945 
vn 0.88189 0.181102 0.440945 
vn -0.212598 -0.590551 -0.779528 
vn -0.212598 -0.590551 -0.779528 
vn -0.212598 -0.590551 -0.779528 
vn -0.779528 -0.590551 0.212598 
vn -0.779528 -0.590551 0.212598 
vn -0.779528 -0.590551 0.212598 
vn -0.464567 0.0393701 0.88189 
vn -0.464567 0.0393701 0.88189 
vn -0.464567 0.0393701 0.88189 
vn -0.440945 0.181102 0.88189 
vn -0.440945 0.181102 0.88189 
vn -0.440945 0.181102 0.88189 
vn -0.519685 0.0393701 0.858268 
vn -0.519685 0.0393701 0.858268 
vn -0.519685 0.0393701 0.858268 
vn -0.527559 0.181102 0.826772 
vn -0.527559 0.181102 0.826772 
vn -0.527559 0.181102 0.826772 
vn 0.779528 -0.590551 -0.212598 
vn 0.779528 -0.590551 -0.212598 
vn 0.779528 -0.590551 -0.212598 
vn 0.212598 -0.590551 0.779528 
vn 0.212598 -0.590551 0.779528 
vn 0.212598 -0.590551 0.779528 
vn 0.456693 0.110236 -0.88189 
vn 0.456693 0.110236 -0.88189 
vn 0.456693 0.110236 -0.88189 
vn 0.519685 0.110236 -0.850394 
vn 0.519685 0.110236 -0.850394 
vn 0.519685 0.110236 -0.850394 
vn -0.850394 0.110236 -0.519685 
vn -0.850394 0.110236 -0.519685 
vn -0.850394 0.110236 -0.519685 
vn 0.88189 0.110236 0.456693 
vn 0.88189 0.110236 0.456693 
vn 0.88189 0.110236 0.456693 
vn -0.88189 0.110236 -0.456693 
vn -0.88189 0.110236 -0.456693 
vn -0.88189 0.110236 -0.456693 
vn 0.850394 0.110236 0.519685 
vn 0.850394 0.110236 0.519685 
vn 0.850394 0.110236 0.519685 
vn -0.519685 0.110236 0.850394 
vn -0.519685 0.110236 0.850394 
vn -0.519685 0.110236 0.850394 
vn -0.456693 0.110236 0.88189 
vn -0.456693 0.110236 0.88189 
vn -0.456693 0.110236 0.88189 
vn 0.173228 -0.307087 -0.937008 
vn 0.00787402 -0.149606 -0.992126 
vn 0.511811 -0.80315 -0.314961 
vn 0.614173 -0.692913 -0.377953 
vn 0.401575 -0.88189 -0.244094 
vn 0.535433 -0.700787 -0.472441 
vn 0.692913 -0.574803 -0.425197 
vn 0.606299 -0.582677 -0.535433 
vn 0.76378 -0.440945 -0.472441 
vn 0.23622 -0.944882 -0.212598 
vn 0.275591 -0.944882 -0.165354 
vn 0.125984 -0.984252 -0.110236 
vn 0 -1 0 
vn 0.141732 -0.984252 -0.0866142 
vn 0 -1 0 
vn 0.669291 -0.448819 -0.590551 
vn 0.811024 -0.299213 -0.496063 
vn 0.440945 -0.448819 -0.779528 
vn 0.716535 -0.307087 -0.629921 
vn 0.84252 -0.149606 -0.519685 
vn 0.740157 -0.15748 -0.653543 
vn 0.850394 -0.015748 -0.519685 
vn 0.472441 -0.307087 -0.826772 
vn 0.748031 -0.015748 -0.661417 
vn 0.779528 0.0866142 -0.614173 
vn 0.850394 0.102362 -0.519685 
vn 0.622047 0.0551181 -0.779528 
vn 0.834646 0.204724 -0.511811 
vn 0.834646 0.204724 -0.511811 
vn 0.811024 0.314961 -0.496063 
vn 0.811024 0.314961 -0.496063 
vn 0.535433 -0.0314961 -0.84252 
vn 0.700787 0.448819 -0.543307 
vn 0.771654 0.425197 -0.472441 
vn 0.488189 -0.15748 -0.858268 
vn 0.181102 -0.0787402 -0.976378 
vn 0.181102 -0.15748 -0.968504 
vn 0.00787402 -0.0787402 -1 
vn 0.622047 0.551181 -0.551181 
vn 0.716535 0.543307 -0.440945 
vn 0.409449 0.551181 -0.724409 
vn 0.425197 0.496063 -0.755906 
vn 0.551181 0.677165 -0.488189 
vn 0.637795 0.669291 -0.385827 
vn 0.102362 0.456693 -0.88189 
vn 0.362205 0.677165 -0.645669 
vn 0.456693 0.787402 -0.401575 
vn 0.527559 0.787402 -0.322835 
vn 0.00787402 0.370079 -0.929134 
vn 0.00787402 0.370079 -0.929134 
vn 0.00787402 0.425197 -0.905512 
vn 0.149606 0.551181 -0.818898 
vn 0.00787402 0.543307 -0.834646 
vn 0.133858 0.677165 -0.724409 
vn 0.00787402 0.669291 -0.748031 
vn 0.110236 0.787402 -0.598425 
vn 0.00787402 0.787402 -0.614173 
vn 0.299213 0.795276 -0.535433 
vn 0.0787402 0.897638 -0.440945 
vn 0.00787402 0.889764 -0.448819 
vn 0.330709 0.897638 -0.291339 
vn 0.385827 0.889764 -0.23622 
vn 0.220472 0.897638 -0.385827 
vn 0.181102 0.968504 -0.15748 
vn 0.204724 0.968504 -0.125984 
vn 0 1 0 
vn 0.11811 0.968504 -0.204724 
vn 0 1 0 
vn 0.0393701 0.968504 -0.23622 
vn 0 1 0 
vn 0 0.968504 -0.244094 
vn 0 1 0 
vn -0.181102 0.740157 -0.645669 
vn -0.181102 0.740157 -0.645669 
vn -0.181102 0.740157 -0.645669 
vn 0.645669 0.740157 -0.181102 
vn 0.645669 0.740157 -0.181102 
vn 0.645669 0.740157 -0.181102 
vn -0.645669 0.740157 0.181102 
vn -0.645669 0.740157 0.181102 
vn -0.645669 0.740157 0.181102 
vn 0.181102 0.740157 0.645669 
vn 0.181102 0.740157 0.645669 
vn 0.181102 0.740157 0.645669 
vn -0.228346 -0.511811 -0.826772 
vn -0.228346 -0.511811 -0.826772 
vn -0.228346 -0.511811 -0.826772 
vn 0.826772 -0.511811 -0.228346 
vn 0.826772 -0.511811 -0.228346 
vn 0.826772 -0.511811 -0.228346 
vn -0.826772 -0.511811 0.228346 
vn -0.826772 -0.511811 0.228346 
vn -0.826772 -0.511811 0.228346 
vn 0.228346 -0.511811 0.826772 
vn 0.228346 -0.511811 0.826772 
vn 0.228346 -0.511811 0.826772 
vn -0.259843 -0.188976 -0.944882 
vn -0.259843 -0.188976 -0.944882 
vn -0.259843 -0.188976 -0.944882 
vn 0.944882 -0.188976 -0.259843 
vn 0.944882 -0.188976 -0.259843 
vn 0.944882 -0.188976 -0.259843 
vn -0.944882 -0.188976 0.259843 
vn -0.944882 -0.188976 0.259843 
vn -0.944882 -0.188976 0.259843 
vn 0.259843 -0.188976 0.944882 
vn 0.259843 -0.188976 0.944882 
vn 0.259843 -0.188976 0.944882 
vn -0.267717 -0.0314961 -0.96063 
vn -0.267717 -0.0314961 -0.96063 
vn -0.267717 -0.0314961 -0.96063 
vn 0.96063 -0.0314961 -0.267717 
vn 0.96063 -0.0314961 -0.267717 
vn 0.96063 -0.0314961 -0.267717 
vn -0.96063 -0.0314961 0.267717 
vn -0.96063 -0.0314961 0.267717 
vn -0.96063 -0.0314961 0.267717 
vn 0.267717 -0.0314961 0.96063 
vn 0.267717 -0.0314961 0.96063 
vn 0.267717 -0.0314961 0.96063 
vn -0.267717 0.125984 -0.952756 
vn -0.267717 0.125984 -0.952756 
vn -0.267717 0.125984 -0.952756 
vn 0.952756 0.125984 -0.267717 
vn 0.952756 0.125984 -0.267717 
vn 0.952756 0.125984 -0.267717 
vn -0.952756 0.125984 0.267717 
vn -0.952756 0.125984 0.267717 
vn -0.952756 0.125984 0.267717 
vn 0.267717 0.125984 0.952756 
vn 0.267717 0.125984 0.952756 
vn 0.267717 0.125984 0.952756 
vn -0.244094 -0.425197 -0.874016 
vn -0.244094 -0.425197 -0.874016 
vn -0.244094 -0.425197 -0.874016 
vn 0.874016 -0.425197 -0.244094 
vn 0.874016 -0.425197 -0.244094 
vn 0.874016 -0.425197 -0.244094 
vn -0.874016 -0.425197 0.244094 
vn -0.874016 -0.425197 0.244094 
vn -0.874016 -0.425197 0.244094 
vn 0.244094 -0.425197 0.874016 
vn 0.244094 -0.425197 0.874016 
vn 0.244094 -0.425197 0.874016 
vn -0.259843 0.275591 -0.929134 
vn -0.259843 0.275591 -0.929134 
vn -0.259843 0.275591 -0.929134 
vn 0.929134 0.275591 -0.259843 
vn 0.929134 0.275591 -0.259843 
vn 0.929134 0.275591 -0.259843 
vn 0.259843 0.275591 0.929134 
vn 0.259843 0.275591 0.929134 
vn 0.259843 0.275591 0.929134 
vn -0.929134 0.275591 0.259843 
vn -0.929134 0.275591 0.259843 
vn -0.929134 0.275591 0.259843 
vn -0.244094 0.425197 -0.874016 
vn -0.244094 0.425197 -0.874016 
vn -0.244094 0.425197 -0.874016 
vn 0.874016 0.425197 -0.244094 
vn 0.874016 0.425197 -0.244094 
vn 0.874016 0.425197 -0.244094 
vn -0.874016 0.425197 0.244094 
vn -0.874016 0.425197 0.244094 
vn -0.874016 0.425197 0.244094 
vn 0.244094 0.425197 0.874016 
vn 0.244094 0.425197 0.874016 
vn 0.244094 0.425197 0.874016 
vn -0.267717 0.0629921 -0.96063 
vn -0.267717 0.0629921 -0.96063 
vn -0.267717 0.0629921 -0.96063 
vn 0.96063 0.0629921 -0.267717 
vn 0.96063 0.0629921 -0.267717 
vn 0.96063 0.0629921 -0.267717 
vn -0.96063 0.0629921 0.267717 
vn -0.96063 0.0629921 0.267717 
vn -0.96063 0.0629921 0.267717 
vn 0.267717 0.0629921 0.96063 
vn 0.267717 0.0629921 0.96063 
vn 0.267717 0.0629921 0.96063 
vn -0.220472 0.559055 -0.80315 
vn -0.220472 0.559055 -0.80315 
vn -0.220472 0.559055 -0.80315 
vn -0.251969 -0.330709 -0.913386 
vn -0.251969 -0.330709 -0.913386 
vn -0.251969 -0.330709 -0.913386 
vn 0.80315 0.559055 -0.220472 
vn 0.80315 0.559055 -0.220472 
vn 0.80315 0.559055 -0.220472 
vn -0.80315 0.559055 0.220472 
vn -0.80315 0.559055 0.220472 
vn -0.80315 0.559055 0.220472 
vn 0.913386 -0.330709 -0.251969 
vn 0.913386 -0.330709 -0.251969 
vn 0.913386 -0.330709 -0.251969 
vn 0.220472 0.559055 0.80315 
vn 0.220472 0.559055 0.80315 
vn 0.220472 0.559055 0.80315 
vn -0.913386 -0.330709 0.251969 
vn -0.913386 -0.330709 0.251969 
vn -0.913386 -0.330709 0.251969 
vn 0.251969 -0.330709 0.913386 
vn 0.251969 -0.330709 0.913386 
vn 0.251969 -0.330709 0.913386 
vn -0.19685 0.677165 -0.708661 
vn -0.19685 0.677165 -0.708661 
vn -0.19685 0.677165 -0.708661 
vn -0.708661 0.677165 0.19685 
vn -0.708661 0.677165 0.19685 
vn -0.708661 0.677165 0.19685 
vn 0.708661 0.677165 -0.19685 
vn 0.708661 0.677165 -0.19685 
vn 0.708661 0.677165 -0.19685 
vn 0.19685 0.677165 0.708661 
vn 0.19685 0.677165 0.708661 
vn 0.19685 0.677165 0.708661 
vn -0.267717 -0.0866142 -0.96063 
vn -0.267717 -0.0866142 -0.96063 
vn -0.267717 -0.0866142 -0.96063 
vn -0.165354 0.779528 -0.598425 
vn -0.165354 0.779528 -0.598425 
vn -0.165354 0.779528 -0.598425 
vn -0.259843 -0.220472 -0.937008 
vn -0.259843 -0.220472 -0.937008 
vn -0.259843 -0.220472 -0.937008 
vn 0.96063 -0.0866142 -0.267717 
vn 0.96063 -0.0866142 -0.267717 
vn 0.96063 -0.0866142 -0.267717 
vn 0.937008 -0.220472 -0.259843 
vn 0.937008 -0.220472 -0.259843 
vn 0.937008 -0.220472 -0.259843 
vn 0.598425 0.779528 -0.165354 
vn 0.598425 0.779528 -0.165354 
vn 0.598425 0.779528 -0.165354 
vn -0.96063 -0.0866142 0.267717 
vn -0.96063 -0.0866142 0.267717 
vn -0.96063 -0.0866142 0.267717 
vn -0.598425 0.779528 0.165354 
vn -0.598425 0.779528 0.165354 
vn -0.598425 0.779528 0.165354 
vn -0.937008 -0.220472 0.259843 
vn -0.937008 -0.220472 0.259843 
vn -0.937008 -0.220472 0.259843 
vn 0.165354 0.779528 0.598425 
vn 0.165354 0.779528 0.598425 
vn 0.165354 0.779528 0.598425 
vn 0.267717 -0.0866142 0.96063 
vn 0.267717 -0.0866142 0.96063 
vn 0.267717 -0.0866142 0.96063 
vn 0.259843 -0.220472 0.937008 
vn 0.259843 -0.220472 0.937008 
vn 0.259843 -0.220472 0.937008 
vn 0.496063 0 -0.874016 
vn 0.740157 0 -0.677165 
vn 0.740157 0 -0.677165 
vn 0.496063 0 -0.874016 
vn 0.913386 0 -0.417323 
vn 0.19685 0 -0.976378 
vn 0.913386 0 -0.417323 
vn 0.19685 0 -0.976378 
vn 0.992126 0 -0.110236 
vn -0.110236 0 -0.992126 
vn 0.992126 0 -0.110236 
vn -0.110236 0 -0.992126 
vn 0.976378 0 0.19685 
vn -0.417323 0 -0.913386 
vn 0.976378 0 0.19685 
vn -0.417323 0 -0.913386 
vn 0.874016 0 0.496063 
vn -0.677165 0 -0.740157 
vn 0.874016 0 0.496063 
vn -0.677165 0 -0.740157 
vn 0.677165 0 0.740157 
vn -0.874016 0 -0.496063 
vn 0.677165 0 0.740157 
vn -0.874016 0 -0.496063 
vn 0.417323 0 0.913386 
vn -0.976378 0 -0.19685 
vn 0.417323 0 0.913386 
vn -0.976378 0 -0.19685 
vn 0.110236 0 0.992126 
vn -0.992126 0 0.110236 
vn 0.110236 0 0.992126 
vn -0.992126 0 0.110236 
vn -0.19685 0 0.976378 
vn -0.913386 0 0.417323 
vn -0.19685 0 0.976378 
vn -0.913386 0 0.417323 
vn -0.496063 0 0.874016 
vn -0.740157 0 0.677165 
vn -0.496063 0 0.874016 
vn -0.740157 0 0.677165 
vn 0.228346 -0.88189 -0.401575 
vn 0.362205 -0.874016 -0.314961 
vn 0.362205 -0.874016 -0.314961 
vn 0.433071 -0.866142 -0.259843 
vn 0.433071 -0.866142 -0.259843 
vn 0.228346 -0.88189 -0.401575 
vn 0.165354 -0.88189 -0.440945 
vn 0.165354 -0.88189 -0.440945 
vn 0.377953 -0.874016 0.299213 
vn 0.322835 -0.874016 0.362205 
vn 0.314961 -0.874016 0.362205 
vn 0.377953 -0.874016 0.299213 
vn 0.251969 -0.874016 0.417323 
vn 0.251969 -0.874016 0.417323 
vn -0.0708661 0.905512 0.417323 
vn 0 0.897638 0.440945 
vn 0 0.897638 0.440945 
vn -0.488189 0.795276 0.354331 
vn -0.149606 0.905512 0.393701 
vn -0.149606 0.905512 0.393701 
vn -0.417323 0.165354 -0.889764 
vn -0.417323 0.173228 -0.889764 
vn -0.417323 0.212598 -0.88189 
vn -0.417323 0.212598 -0.88189 
vn -0.393701 0.0866142 -0.913386 
vn -0.393701 0.0866142 -0.913386 
vn -0.354331 0.015748 -0.937008 
vn -0.354331 0.015748 -0.937008 
vn -0.307087 -0.023622 -0.952756 
vn -0.299213 -0.0314961 -0.952756 
vn -0.251969 -0.0472441 -0.968504 
vn -0.244094 -0.0472441 -0.968504 
vn -0.19685 -0.0472441 -0.976378 
vn -0.19685 -0.0472441 -0.976378 
vn -0.15748 -0.0314961 -0.984252 
vn -0.15748 -0.0314961 -0.984252 
vn -0.141732 0 -0.992126 
vn -0.141732 0 -0.992126 
vn -0.149606 0.023622 -0.984252 
vn -0.149606 0.023622 -0.984252 
vn -0.181102 0.0314961 -0.984252 
vn -0.188976 0.0314961 -0.984252 
vn -0.228346 0.0393701 -0.968504 
vn -0.23622 0.0393701 -0.968504 
vn -0.291339 0.023622 -0.952756 
vn -0.299213 0.015748 -0.952756 
vn -0.354331 -0.00787402 -0.937008 
vn -0.362205 -0.015748 -0.929134 
vn -0.401575 -0.0629921 -0.913386 
vn -0.417323 -0.0787402 -0.905512 
vn -0.433071 -0.133858 -0.889764 
vn -0.440945 -0.149606 -0.889764 
vn -0.440945 -0.181102 -0.874016 
vn -0.440945 -0.181102 -0.874016 
vn 0.968504 0.212598 -0.0944882 
vn 0.976378 0.173228 -0.102362 
vn 0.984252 0.165354 -0.102362 
vn 0.968504 0.212598 -0.0944882 
vn 0.984252 0.0866142 -0.125984 
vn 0.984252 0.0866142 -0.133858 
vn 0.984252 0.015748 -0.173228 
vn 0.984252 0.015748 -0.173228 
vn 0.976378 -0.023622 -0.228346 
vn 0.968504 -0.0314961 -0.23622 
vn 0.96063 -0.0472441 -0.283465 
vn 0.952756 -0.0472441 -0.291339 
vn 0.944882 -0.0472441 -0.330709 
vn 0.937008 -0.0472441 -0.338583 
vn 0.929134 -0.0314961 -0.370079 
vn 0.929134 -0.0314961 -0.370079 
vn 0.92126 0 -0.385827 
vn 0.92126 0 -0.385827 
vn 0.929134 0.023622 -0.377953 
vn 0.929134 0.023622 -0.377953 
vn 0.937008 0.0314961 -0.346457 
vn 0.937008 0.0314961 -0.346457 
vn 0.952756 0.0393701 -0.299213 
vn 0.952756 0.0393701 -0.291339 
vn 0.968504 0.023622 -0.244094 
vn 0.976378 0.015748 -0.228346 
vn 0.984252 -0.00787402 -0.181102 
vn 0.984252 -0.015748 -0.165354 
vn 0.992126 -0.0629921 -0.11811 
vn 0.992126 -0.0787402 -0.110236 
vn 0.984252 -0.133858 -0.0866142 
vn 0.984252 -0.149606 -0.0787402 
vn 0.984252 -0.181102 -0.0708661 
vn 0.984252 -0.181102 -0.0708661 
vn 0.913386 0.0866142 -0.393701 
vn 0.913386 0.0866142 -0.393701 
vn 0.937008 0.015748 -0.354331 
vn 0.889764 0.165354 -0.417323 
vn 0.937008 0.015748 -0.354331 
vn 0.889764 0.173228 -0.417323 
vn 0.88189 0.212598 -0.417323 
vn 0.88189 0.212598 -0.417323 
vn 0.952756 -0.023622 -0.307087 
vn 0.952756 -0.0314961 -0.299213 
vn 0.968504 -0.0472441 -0.251969 
vn 0.968504 -0.0472441 -0.244094 
vn 0.976378 -0.0472441 -0.19685 
vn 0.976378 -0.0472441 -0.19685 
vn 0.984252 -0.0314961 -0.15748 
vn 0.984252 -0.0314961 -0.15748 
vn 0.992126 0 -0.141732 
vn 0.992126 0 -0.141732 
vn 0.984252 0.023622 -0.149606 
vn 0.984252 0.023622 -0.149606 
vn 0.984252 0.0314961 -0.181102 
vn 0.984252 0.0314961 -0.188976 
vn 0.968504 0.0393701 -0.228346 
vn 0.968504 0.0393701 -0.23622 
vn 0.952756 0.023622 -0.291339 
vn 0.952756 0.015748 -0.299213 
vn 0.937008 -0.00787402 -0.354331 
vn 0.929134 -0.015748 -0.362205 
vn 0.913386 -0.0629921 -0.401575 
vn 0.905512 -0.0787402 -0.417323 
vn 0.889764 -0.133858 -0.433071 
vn 0.889764 -0.149606 -0.440945 
vn 0.874016 -0.181102 -0.440945 
vn 0.874016 -0.181102 -0.440945 
vn -0.0787402 -0.149606 -0.984252 
vn -0.0708661 -0.181102 -0.984252 
vn -0.0866142 -0.133858 -0.984252 
vn -0.0708661 -0.181102 -0.984252 
vn -0.110236 -0.0787402 -0.992126 
vn -0.11811 -0.0629921 -0.992126 
vn -0.165354 -0.015748 -0.984252 
vn -0.181102 -0.00787402 -0.984252 
vn -0.228346 0.015748 -0.976378 
vn -0.244094 0.023622 -0.968504 
vn -0.291339 0.0393701 -0.952756 
vn -0.299213 0.0393701 -0.952756 
vn -0.346457 0.0314961 -0.937008 
vn -0.346457 0.0314961 -0.937008 
vn -0.377953 0.023622 -0.929134 
vn -0.377953 0.023622 -0.929134 
vn -0.385827 0 -0.92126 
vn -0.385827 0 -0.92126 
vn -0.370079 -0.0314961 -0.929134 
vn -0.370079 -0.0314961 -0.929134 
vn -0.338583 -0.0472441 -0.937008 
vn -0.330709 -0.0472441 -0.944882 
vn -0.291339 -0.0472441 -0.952756 
vn -0.283465 -0.0472441 -0.96063 
vn -0.23622 -0.0314961 -0.968504 
vn -0.228346 -0.023622 -0.976378 
vn -0.173228 0.015748 -0.984252 
vn -0.173228 0.015748 -0.984252 
vn -0.133858 0.0866142 -0.984252 
vn -0.125984 0.0866142 -0.984252 
vn -0.102362 0.165354 -0.984252 
vn -0.102362 0.173228 -0.976378 
vn -0.0944882 0.212598 -0.968504 
vn -0.0944882 0.212598 -0.968504 
vn -0.929134 -0.0314961 0.370079 
vn -0.937008 -0.0472441 0.338583 
vn -0.944882 -0.0472441 0.330709 
vn -0.929134 -0.0314961 0.370079 
vn -0.952756 -0.0472441 0.291339 
vn -0.92126 0 0.385827 
vn -0.96063 -0.0472441 0.283465 
vn -0.92126 0 0.385827 
vn -0.968504 -0.0314961 0.23622 
vn -0.976378 -0.023622 0.228346 
vn -0.984252 0.015748 0.173228 
vn -0.929134 0.023622 0.377953 
vn -0.984252 0.015748 0.173228 
vn -0.929134 0.023622 0.377953 
vn -0.984252 0.0866142 0.133858 
vn -0.937008 0.0314961 0.346457 
vn -0.984252 0.0866142 0.125984 
vn -0.937008 0.0314961 0.346457 
vn -0.984252 0.165354 0.102362 
vn -0.952756 0.0393701 0.299213 
vn -0.976378 0.173228 0.102362 
vn -0.968504 0.212598 0.0944882 
vn -0.968504 0.212598 0.0944882 
vn -0.952756 0.0393701 0.291339 
vn -0.968504 0.023622 0.244094 
vn -0.976378 0.015748 0.228346 
vn -0.984252 -0.00787402 0.181102 
vn -0.984252 -0.015748 0.165354 
vn -0.992126 -0.0629921 0.11811 
vn -0.992126 -0.0787402 0.110236 
vn -0.984252 -0.133858 0.0866142 
vn -0.984252 -0.149606 0.0787402 
vn -0.984252 -0.181102 0.0708661 
vn -0.984252 -0.181102 0.0708661 
vn -0.889764 -0.149606 0.440945 
vn -0.874016 -0.181102 0.440945 
vn -0.874016 -0.181102 0.440945 
vn -0.889764 -0.133858 0.433071 
vn -0.905512 -0.0787402 0.417323 
vn -0.913386 -0.0629921 0.401575 
vn -0.929134 -0.015748 0.362205 
vn -0.937008 -0.00787402 0.354331 
vn -0.952756 0.015748 0.307087 
vn -0.952756 0.023622 0.291339 
vn -0.968504 0.0393701 0.23622 
vn -0.968504 0.0393701 0.228346 
vn -0.984252 0.0314961 0.188976 
vn -0.984252 0.0314961 0.181102 
vn -0.984252 0.023622 0.149606 
vn -0.984252 0.023622 0.149606 
vn -0.992126 0 0.141732 
vn -0.992126 0 0.141732 
vn -0.984252 -0.0314961 0.15748 
vn -0.984252 -0.0314961 0.165354 
vn -0.976378 -0.0472441 0.19685 
vn -0.976378 -0.0472441 0.19685 
vn -0.968504 -0.0472441 0.244094 
vn -0.968504 -0.0472441 0.251969 
vn -0.952756 -0.0314961 0.299213 
vn -0.952756 -0.023622 0.307087 
vn -0.937008 0.015748 0.354331 
vn -0.937008 0.015748 0.354331 
vn -0.913386 0.0866142 0.393701 
vn -0.913386 0.0866142 0.401575 
vn -0.889764 0.165354 0.417323 
vn -0.889764 0.173228 0.417323 
vn -0.88189 0.212598 0.417323 
vn -0.88189 0.212598 0.417323 
vn 0.417323 0.165354 0.889764 
vn 0.417323 0.173228 0.889764 
vn 0.417323 0.212598 0.88189 
vn 0.417323 0.212598 0.88189 
vn 0.401575 0.0866142 0.913386 
vn 0.393701 0.0866142 0.913386 
vn 0.354331 0.015748 0.937008 
vn 0.354331 0.015748 0.937008 
vn 0.307087 -0.023622 0.952756 
vn 0.299213 -0.0314961 0.952756 
vn 0.251969 -0.0472441 0.968504 
vn 0.244094 -0.0472441 0.968504 
vn 0.19685 -0.0472441 0.976378 
vn 0.19685 -0.0472441 0.976378 
vn 0.15748 -0.0314961 0.984252 
vn 0.15748 -0.0314961 0.984252 
vn 0.141732 0 0.992126 
vn 0.141732 0 0.992126 
vn 0.149606 0.023622 0.984252 
vn 0.149606 0.023622 0.984252 
vn 0.181102 0.0314961 0.984252 
vn 0.188976 0.0314961 0.984252 
vn 0.228346 0.0393701 0.968504 
vn 0.23622 0.0393701 0.968504 
vn 0.291339 0.023622 0.952756 
vn 0.307087 0.015748 0.952756 
vn 0.354331 -0.00787402 0.937008 
vn 0.362205 -0.015748 0.929134 
vn 0.401575 -0.0629921 0.913386 
vn 0.417323 -0.0787402 0.905512 
vn 0.433071 -0.133858 0.889764 
vn 0.440945 -0.149606 0.889764 
vn 0.440945 -0.181102 0.874016 
vn 0.440945 -0.181102 0.874016 
vn 0.0787402 -0.149606 0.984252 
vn 0.0708661 -0.181102 0.984252 
vn 0.0866142 -0.133858 0.984252 
vn 0.0708661 -0.181102 0.984252 
vn 0.110236 -0.0787402 0.992126 
vn 0.11811 -0.0629921 0.992126 
vn 0.165354 -0.015748 0.984252 
vn 0.181102 -0.00787402 0.984252 
vn 0.228346 0.015748 0.976378 
vn 0.244094 0.023622 0.968504 
vn 0.291339 0.0393701 0.952756 
vn 0.299213 0.0393701 0.952756 
vn 0.346457 0.0314961 0.937008 
vn 0.346457 0.0314961 0.937008 
vn 0.377953 0.023622 0.929134 
vn 0.377953 0.023622 0.929134 
vn 0.385827 0 0.92126 
vn 0.385827 0 0.92126 
vn 0.370079 -0.0314961 0.929134 
vn 0.370079 -0.0314961 0.929134 
vn 0.338583 -0.0472441 0.937008 
vn 0.330709 -0.0472441 0.944882 
vn 0.291339 -0.0472441 0.952756 
vn 0.283465 -0.0472441 0.96063 
vn 0.23622 -0.0314961 0.968504 
vn 0.228346 -0.023622 0.976378 
vn 0.173228 0.015748 0.984252 
vn 0.173228 0.015748 0.984252 
vn 0.133858 0.0866142 0.984252 
vn 0.125984 0.0866142 0.984252 
vn 0.102362 0.165354 0.984252 
vn 0.102362 0.173228 0.976378 
vn 0.0944882 0.212598 0.968504 
vn 0.0944882 0.212598 0.968504 
vn 0.905512 0.015748 0.433071 
vn 0.905512 0.015748 0.433071 
vn 0.905512 0.015748 0.433071 
vn 0.905512 0.015748 0.433071 
vn 0.905512 0.00787402 0.425197 
vn 0.905512 0.00787402 0.425197 
vn 0.905512 0 0.425197 
vn 0.905512 0 0.425197 
vn -0.0393701 -0.992126 0.110236 
vn -0.023622 -0.992126 0.11811 
vn -0.023622 -0.992126 0.11811 
vn -0.0393701 -0.992126 0.110236 
vn 0 -0.992126 0.125984 
vn 0 -0.992126 0.125984 
vn 0.968504 0.00787402 0.244094 
vn 0.968504 0 0.244094 
vn 0.968504 0 0.244094 
vn 0.968504 -0.00787402 0.244094 
vn 0.968504 0.00787402 0.244094 
vn 0.968504 0.00787402 0.244094 
vn 0.968504 0.00787402 0.244094 
vn 0.968504 -0.00787402 0.244094 
vn 0.968504 -0.015748 0.23622 
vn 0.968504 -0.015748 0.23622 
vn 0.968504 -0.015748 0.23622 
vn 0.968504 -0.015748 0.23622 
vn -0.322835 0.748031 0.574803 
vn -0.23622 0.748031 0.622047 
vn -0.23622 0.748031 0.622047 
vn -0.330709 0.748031 0.574803 
vn -0.417323 0.740157 0.527559 
vn -0.417323 0.740157 0.527559 
vn 0.503937 0.866142 0.00787402 
vn 0.503937 0.866142 0.00787402 
vn 0.503937 0.866142 0.00787402 
vn 0.503937 0.866142 0.00787402 
vn 0.677165 0 0.740157 
vn 0.677165 0 0.740157 
vn 0.874016 0 0.496063 
vn 0.417323 0 0.913386 
vn 0.874016 0 0.496063 
vn 0.417323 0 0.913386 
vn 0.976378 0 0.19685 
vn 0.110236 0 0.992126 
vn 0.976378 0 0.19685 
vn 0.110236 0 0.992126 
vn 0.992126 0 -0.110236 
vn -0.19685 0 0.976378 
vn 0.992126 0 -0.110236 
vn -0.19685 0 0.976378 
vn 0.913386 0 -0.417323 
vn -0.496063 0 0.874016 
vn 0.913386 0 -0.417323 
vn -0.496063 0 0.874016 
vn 0.740157 0 -0.677165 
vn -0.740157 0 0.677165 
vn 0.740157 0 -0.677165 
vn -0.740157 0 0.677165 
vn 0.496063 0 -0.874016 
vn -0.913386 0 0.417323 
vn 0.496063 0 -0.874016 
vn -0.913386 0 0.417323 
vn 0.19685 0 -0.976378 
vn -0.992126 0 0.110236 
vn 0.19685 0 -0.976378 
vn -0.992126 0 0.110236 
vn -0.110236 0 -0.992126 
vn -0.976378 0 -0.19685 
vn -0.110236 0 -0.992126 
vn -0.976378 0 -0.19685 
vn -0.417323 0 -0.913386 
vn -0.874016 0 -0.496063 
vn -0.417323 0 -0.913386 
vn -0.874016 0 -0.496063 
vn -0.677165 0 -0.740157 
vn -0.677165 0 -0.740157 
vn -0.732283 -0.015748 0.685039 
vn -0.732283 -0.015748 0.685039 
vn -0.732283 -0.015748 0.685039 
vn -0.732283 -0.015748 0.685039 
vn -0.724409 -0.015748 0.685039 
vn -0.724409 -0.015748 0.685039 
vn -0.724409 -0.00787402 0.685039 
vn -0.724409 -0.00787402 0.685039 
vn 0.244094 -0.00787402 -0.968504 
vn 0.244094 -0.00787402 -0.968504 
vn 0.244094 -0.00787402 -0.968504 
vn 0.244094 -0.00787402 -0.968504 
vn 0.244094 -0.00787402 -0.968504 
vn 0.244094 -0.00787402 -0.968504 
vn -0.448819 0.015748 0.889764 
vn -0.456693 0.015748 0.889764 
vn -0.456693 0.015748 0.889764 
vn -0.448819 0.015748 0.889764 
vn -0.448819 0.00787402 0.889764 
vn -0.448819 0.00787402 0.889764 
vn -0.448819 0 0.889764 
vn -0.448819 0 0.889764 
vn 0.283465 0.929134 -0.23622 
vn 0.173228 0.937008 -0.307087 
vn 0.173228 0.937008 -0.307087 
vn 0.125984 0.929134 -0.338583 
vn 0.125984 0.929134 -0.338583 
vn 0.275591 0.929134 -0.244094 
vn 0.330709 0.92126 -0.19685 
vn 0.330709 0.92126 -0.19685 
vn 0.00787402 0.417323 -0.905512 
vn 0.165354 0.425197 -0.889764 
vn 0.165354 0.425197 -0.889764 
vn 0.00787402 0.417323 -0.905512 
vn 0.314961 0.425197 -0.850394 
vn 0.314961 0.425197 -0.850394 
vn 0.582677 -0.0393701 0.811024 
vn 0.582677 -0.023622 0.811024 
vn 0.582677 -0.023622 0.811024 
vn 0.582677 -0.015748 0.811024 
vn 0.582677 -0.015748 0.811024 
vn 0.582677 -0.0393701 0.811024 
vn 0.590551 -0.0472441 0.811024 
vn 0.590551 -0.0472441 0.811024 
vn -0.464567 -0.716535 -0.527559 
vn -0.606299 -0.716535 -0.346457 
vn -0.606299 -0.716535 -0.338583 
vn -0.653543 -0.716535 -0.244094 
vn -0.653543 -0.716535 -0.244094 
vn -0.464567 -0.716535 -0.519685 
vn -0.362205 -0.716535 -0.598425 
vn -0.362205 -0.716535 -0.598425 
vn 0.0472441 -0.0472441 -1 
vn 0.0393701 -0.0393701 -1 
vn 0.0393701 -0.0314961 -1 
vn 0.0551181 -0.0551181 -1 
vn 0.0551181 -0.0551181 -1 
vn 0.0551181 -0.0551181 -1 
vn 0.0393701 -0.015748 -1 
vn 0.0393701 -0.015748 -1 
vn 0.0393701 0 -1 
vn 0.0393701 0 -1 
vn 0.0472441 0.023622 -1 
vn 0.0472441 0.023622 -1 
vn 0.0551181 0.0472441 -1 
vn 0.0551181 0.0472441 -1 
vn 0.0629921 0.0551181 -1 
vn 0.0629921 0.0551181 -1 
vn -1 -0.0551181 -0.0629921 
vn -1 -0.0551181 -0.0629921 
vn -0.488189 0.795276 0.354331 
vn -1 -0.0551181 -0.0629921 
vn 0.110236 -0.992126 0 
vn 0.110236 -0.992126 0 
vn 0.110236 -0.992126 0 
vn 0.110236 -0.992126 0 
vn -0.417323 0.590551 -0.685039 
vn -0.527559 0.598425 -0.606299 
vn -0.535433 0.598425 -0.598425 
vn -0.417323 0.590551 -0.685039 
vn -0.700787 0.598425 -0.401575 
vn -0.700787 0.598425 -0.393701 
vn -0.748031 0.598425 -0.283465 
vn -0.748031 0.598425 -0.283465 
vn 0.0314961 1 0.0393701 
vn 0.0393701 1 0.0314961 
vn 0.0393701 1 0.0314961 
vn 0.0314961 1 0.0393701 
vn 0.023622 1 0.0472441 
vn 0.023622 1 0.0472441 
vn -0.732283 -0.102362 -0.669291 
vn -0.740157 -0.141732 -0.653543 
vn -0.740157 -0.133858 -0.653543 
vn -0.748031 -0.149606 -0.645669 
vn -0.748031 -0.149606 -0.645669 
vn -0.732283 -0.110236 -0.669291 
vn -0.732283 -0.0944882 -0.677165 
vn -0.732283 -0.0944882 -0.677165 
vn -0.173228 -0.96063 0.220472 
vn -0.173228 -0.96063 0.220472 
vn -0.173228 -0.96063 0.220472 
vn -0.173228 -0.96063 0.220472 
vn -0.19685 -0.929134 -0.322835 
vn -0.19685 -0.929134 -0.322835 
vn -0.19685 -0.929134 -0.322835 
vn -0.19685 -0.929134 -0.322835 
vn 0.0314961 -0.992126 -0.149606 
vn 0.0551181 -0.992126 -0.141732 
vn 0.0551181 -0.992126 -0.141732 
vn 0.023622 -0.992126 -0.149606 
vn 0 -0.992126 -0.149606 
vn 0 -0.992126 -0.149606 

vt 0.0938896 0.917256 
vt 0.105469 0.894531 
vt 0.101479 0.919722 
vt 0.0874338 0.912566 
vt 0.109459 0.919722 
vt 0.0827434 0.90611 
vt 0.117048 0.917256 
vt 0.0802774 0.898521 
vt 0.123504 0.912566 
vt 0.0802775 0.890541 
vt 0.128194 0.90611 
vt 0.0827434 0.882952 
vt 0.13066 0.898521 
vt 0.0874338 0.876496 
vt 0.13066 0.890541 
vt 0.0938896 0.871806 
vt 0.128194 0.882952 
vt 0.101479 0.86934 
vt 0.123504 0.876496 
vt 0.109459 0.86934 
vt 0.117048 0.871806 
vt 0.11335 0.944293 
vt 0.101479 0.919722 
vt 0.109459 0.919722 
vt 0.117048 0.917256 
vt 0.0975872 0.944293 
vt 0.128342 0.939422 
vt 0.0825955 0.939422 
vt 0.123504 0.912566 
vt 0.0938896 0.917256 
vt 0.141094 0.930157 
vt 0.0698429 0.930157 
vt 0.15036 0.917404 
vt 0.0874338 0.912566 
vt 0.128194 0.90611 
vt 0.0827434 0.90611 
vt 0.13066 0.898521 
vt 0.0605777 0.917404 
vt 0.155231 0.902413 
vt 0.0557066 0.902413 
vt 0.0802774 0.898521 
vt 0.0557066 0.88665 
vt 0.155231 0.88665 
vt 0.0802775 0.890541 
vt 0.13066 0.890541 
vt 0.0605777 0.871658 
vt 0.128194 0.882952 
vt 0.0827434 0.882952 
vt 0.15036 0.871658 
vt 0.069843 0.858905 
vt 0.141094 0.858905 
vt 0.0874338 0.876496 
vt 0.123504 0.876496 
vt 0.0825955 0.84964 
vt 0.117048 0.871806 
vt 0.0938896 0.871806 
vt 0.128342 0.84964 
vt 0.101479 0.86934 
vt 0.11335 0.844769 
vt 0.0975872 0.844769 
vt 0.109459 0.86934 
vt 0.311004 0.912566 
vt 0.292969 0.894531 
vt 0.304548 0.917256 
vt 0.315694 0.90611 
vt 0.296959 0.919722 
vt 0.31816 0.898521 
vt 0.288979 0.919722 
vt 0.31816 0.890541 
vt 0.28139 0.917256 
vt 0.315694 0.882952 
vt 0.274934 0.912566 
vt 0.311004 0.876496 
vt 0.270243 0.90611 
vt 0.304548 0.871806 
vt 0.267778 0.898521 
vt 0.296959 0.86934 
vt 0.288979 0.86934 
vt 0.267778 0.890541 
vt 0.28139 0.871806 
vt 0.270243 0.882952 
vt 0.274934 0.876496 
vt 0.296959 0.919722 
vt 0.285087 0.944293 
vt 0.30085 0.944293 
vt 0.315842 0.939422 
vt 0.288979 0.919722 
vt 0.304548 0.917256 
vt 0.28139 0.917256 
vt 0.328594 0.930157 
vt 0.270096 0.939422 
vt 0.311004 0.912566 
vt 0.257343 0.930157 
vt 0.274934 0.912566 
vt 0.33786 0.917404 
vt 0.248078 0.917404 
vt 0.315694 0.90611 
vt 0.270243 0.90611 
vt 0.267778 0.898521 
vt 0.243207 0.902413 
vt 0.31816 0.898521 
vt 0.342731 0.902413 
vt 0.342731 0.886649 
vt 0.267778 0.890541 
vt 0.31816 0.890541 
vt 0.243207 0.886649 
vt 0.33786 0.871658 
vt 0.248078 0.871658 
vt 0.315694 0.882952 
vt 0.270243 0.882952 
vt 0.311004 0.876496 
vt 0.257343 0.858905 
vt 0.328594 0.858905 
vt 0.274934 0.876496 
vt 0.304548 0.871806 
vt 0.270096 0.84964 
vt 0.315842 0.84964 
vt 0.28139 0.871806 
vt 0.296959 0.86934 
vt 0.288979 0.86934 
vt 0.30085 0.844769 
vt 0.285087 0.844769 
vt 0.0944591 0.335511 
vt 0.154788 0.390162 
vt 0.0944591 0.390162 
vt 0.154788 0.441866 
vt 0.0944591 0.441866 
vt 0.154788 0.335511 
vt 0.0944591 0.274659 
vt 0.154788 0.274659 
vt 0.908163 0.355454 
vt 0.844524 0.419093 
vt 0.844516 0.355447 
vt 0.908163 0.355454 
vt 0.844524 0.419093 
vt 0.844516 0.355447 
vt 0.908163 0.355454 
vt 0.844524 0.419093 
vt 0.844516 0.355447 
vt 0.908163 0.355454 
vt 0.844524 0.419093 
vt 0.844516 0.355447 
vt 0.908163 0.355454 
vt 0.844524 0.419093 
vt 0.844516 0.355447 
vt 0.908163 0.355454 
vt 0.844524 0.419093 
vt 0.844516 0.355447 
vt 0.908163 0.355454 
vt 0.844524 0.419093 
vt 0.844516 0.355447 
vt 0.908163 0.355454 
vt 0.844524 0.419093 
vt 0.844516 0.355447 
vt 0.908163 0.355454 
vt 0.844524 0.419093 
vt 0.844516 0.355447 
vt 0.908163 0.355454 
vt 0.844524 0.419093 
vt 0.844516 0.355447 
vt 0.908163 0.355454 
vt 0.844524 0.419093 
vt 0.844516 0.355447 
vt 0.908163 0.355454 
vt 0.844524 0.419093 
vt 0.844516 0.355447 
vt 0.499995 0.0868887 
vt 0.437496 0.05321 
vt 0.499995 0.05321 
vt 0.499995 0.0195312 
vt 0.437496 0.0868887 
vt 0.499995 0.120567 
vt 0.374996 0.05321 
vt 0.437496 0.0195312 
vt 0.437496 0.120567 
vt 0.499995 0.154246 
vt 0.374996 0.0868887 
vt 0.437496 0.154246 
vt 0.499995 0.187925 
vt 0.374996 0.120567 
vt 0.437496 0.187925 
vt 0.499995 0.221604 
vt 0.374996 0.154246 
vt 0.312497 0.120567 
vt 0.437496 0.221604 
vt 0.499995 0.255282 
vt 0.374996 0.187925 
vt 0.437496 0.255282 
vt 0.499995 0.288961 
vt 0.374996 0.221604 
vt 0.312497 0.154246 
vt 0.99999 0.120567 
vt 0.93749 0.0868887 
vt 0.99999 0.0868887 
vt 0.93749 0.120567 
vt 0.93749 0.05321 
vt 0.99999 0.05321 
vt 0.99999 0.0195312 
vt 0.874991 0.0868887 
vt 0.874991 0.05321 
vt 0.93749 0.0195312 
vt 0.874991 0.120567 
vt 0.812492 0.0868887 
vt 0.874991 0.154246 
vt 0.812492 0.05321 
vt 0.874991 0.0195312 
vt 0.749992 0.0868887 
vt 0.749992 0.05321 
vt 0.812492 0.0195312 
vt 0.749992 0.120567 
vt 0.812492 0.120567 
vt 0.749992 0.154246 
vt 0.812492 0.154246 
vt 0.749992 0.187925 
vt 0.874991 0.187925 
vt 0.93749 0.187925 
vt 0.812492 0.187925 
vt 0.749992 0.221604 
vt 0.93749 0.221604 
vt 0.874991 0.221604 
vt 0.93749 0.255282 
vt 0.874991 0.255282 
vt 0.812492 0.255282 
vt 0.812492 0.221604 
vt 0.749992 0.255282 
vt 0.249997 0.221604 
vt 0.187498 0.187925 
vt 0.249997 0.187925 
vt 0.187498 0.221604 
vt 0.187498 0.154246 
vt 0.249997 0.154246 
vt 0.124999 0.187925 
vt 0.187498 0.120567 
vt 0.249997 0.120567 
vt 0.187498 0.0868887 
vt 0.249997 0.0868887 
vt 0.124999 0.120567 
vt 0.124999 0.154246 
vt 0.187498 0.05321 
vt 0.249997 0.05321 
vt 0.249997 0.0195312 
vt 0.124999 0.05321 
vt 0.187498 0.0195312 
vt 0.124999 0.0868887 
vt 0.0624993 0.05321 
vt 0.124999 0.0195312 
vt 0.0624993 0.120567 
vt 0.0624993 0.0868887 
vt 0 0.0868887 
vt 0 0.05321 
vt 0.0624993 0.0195312 
vt 0 0.120567 
vt 0 0.154246 
vt 0.0624993 0.154246 
vt 0 0.187925 
vt 0.0624993 0.187925 
vt 0 0.221604 
vt 0.0624993 0.221604 
vt 0 0.255282 
vt 0.0624993 0.255282 
vt 0.124999 0.221604 
vt 0.124999 0.255282 
vt 0.187498 0.255282 
vt 0.0306602 0.444201 
vt 0.0960819 0.357134 
vt 0.0960819 0.444201 
vt 0.0306602 0.532739 
vt 0.0960819 0.532739 
vt 0.0306602 0.357134 
vt 0.153773 0.444201 
vt 0.153773 0.532739 
vt 0.153773 0.357134 
vt 0.153773 0.269016 
vt 0.0960819 0.269016 
vt 0.0306602 0.269016 
vt 0.908163 0.355454 
vt 0.844524 0.419093 
vt 0.844516 0.355447 
vt 0.908163 0.355454 
vt 0.844524 0.419093 
vt 0.844516 0.355447 
vt 0.908163 0.355454 
vt 0.844524 0.419093 
vt 0.844516 0.355447 
vt 0.908163 0.355454 
vt 0.844524 0.419093 
vt 0.844516 0.355447 
vt 0.104788 0.444857 
vt 0.0516584 0.36163 
vt 0.0516584 0.444857 
vt 0.104788 0.524344 
vt 0.0516584 0.524344 
vt 0.15191 0.524344 
vt 0.15191 0.444857 
vt 0.104788 0.36163 
vt 0.0516584 0.273933 
vt 0.15191 0.36163 
vt 0.104788 0.273933 
vt 0.15191 0.273933 
vt 0.687493 0.120567 
vt 0.749992 0.154246 
vt 0.687493 0.154246 
vt 0.749992 0.120567 
vt 0.749992 0.187925 
vt 0.687493 0.0868887 
vt 0.749992 0.0868887 
vt 0.624994 0.120567 
vt 0.687493 0.187925 
vt 0.749992 0.221604 
vt 0.687493 0.05321 
vt 0.749992 0.05321 
vt 0.749992 0.0195312 
vt 0.624994 0.05321 
vt 0.687493 0.0195312 
vt 0.624994 0.0868887 
vt 0.562494 0.05321 
vt 0.624994 0.0195312 
vt 0.562494 0.120567 
vt 0.499995 0.05321 
vt 0.562494 0.0195312 
vt 0.499995 0.0868887 
vt 0.562494 0.0868887 
vt 0.499995 0.120567 
vt 0.499995 0.154246 
vt 0.624994 0.154246 
vt 0.562494 0.154246 
vt 0.499995 0.187925 
vt 0.624994 0.187925 
vt 0.562494 0.187925 
vt 0.499995 0.221604 
vt 0.562494 0.221604 
vt 0.499995 0.255282 
vt 0.562494 0.255282 
vt 0.624994 0.221604 
vt 0.624994 0.255282 
vt 0.687493 0.221604 
vt 0.749992 0.255282 
vt 0.687493 0.255282 
vt 0.749992 0.288961 
vt 0.687493 0.288961 
vt 0.624994 0.288961 
vt 0.749992 0.32264 
vt 0.687493 0.32264 
vt 0.151648 0.444207 
vt 0.0977309 0.359892 
vt 0.0977309 0.444207 
vt 0.151648 0.527307 
vt 0.0977309 0.527307 
vt 0.151648 0.359892 
vt 0.035075 0.444207 
vt 0.035075 0.527307 
vt 0.035075 0.359892 
vt 0.035075 0.274039 
vt 0.0977309 0.274039 
vt 0.151648 0.274039 
vt 0.154717 0.402298 
vt 0.0620569 0.27278 
vt 0.0620568 0.402298 
vt 0.154717 0.27278 
vt 0.154717 0.529232 
vt 0.0620568 0.529232 
vt 0.0488387 0.526245 
vt 0.154865 0.447163 
vt 0.154865 0.526245 
vt 0.0488387 0.447163 
vt 0.154865 0.447163 
vt 0.154865 0.526245 
vt 0.154865 0.361568 
vt 0.0488387 0.361568 
vt 0.154865 0.274768 
vt 0.0488387 0.274768 
vt 0.0723182 0.528998 
vt 0.0243284 0.465146 
vt 0.0723182 0.465146 
vt 0.0243284 0.528998 
vt 0.0243284 0.400745 
vt 0.112493 0.528998 
vt 0.0723182 0.400745 
vt 0.112493 0.465146 
vt 0.153315 0.465146 
vt 0.153315 0.528998 
vt 0.153315 0.400745 
vt 0.112493 0.400745 
vt 0.112493 0.357796 
vt 0.153315 0.357796 
vt 0.0723182 0.357796 
vt 0.0243284 0.357796 
vt 0.112493 0.314708 
vt 0.153315 0.314708 
vt 0.0723182 0.314708 
vt 0.0243284 0.314708 
vt 0.112493 0.270418 
vt 0.153315 0.270418 
vt 0.0723182 0.270418 
vt 0.0243284 0.270418 
vt 0.908163 0.355454 
vt 0.844524 0.419093 
vt 0.844516 0.355447 
vt 0.908163 0.355454 
vt 0.844524 0.419093 
vt 0.844516 0.355447 
vt 0.908163 0.355454 
vt 0.844524 0.419093 
vt 0.844516 0.355447 
vt 0.908163 0.355454 
vt 0.844524 0.419093 
vt 0.844516 0.355447 
vt 0.116565 0.401023 
vt 0.154242 0.357736 
vt 0.154242 0.401023 
vt 0.116565 0.357736 
vt 0.116565 0.443904 
vt 0.154242 0.443904 
vt 0.116565 0.3289 
vt 0.154242 0.3289 
vt 0.079493 0.357736 
vt 0.079493 0.401023 
vt 0.116565 0.485878 
vt 0.154242 0.485878 
vt 0.116565 0.526594 
vt 0.154242 0.526594 
vt 0.079493 0.443904 
vt 0.079493 0.485878 
vt 0.079493 0.526594 
vt 0.0367356 0.485878 
vt 0.0367356 0.526594 
vt 0.0367356 0.443904 
vt 0.0367356 0.401023 
vt 0.0367356 0.357736 
vt 0.079493 0.3289 
vt 0.0367356 0.3289 
vt 0.079493 0.300043 
vt 0.116565 0.300043 
vt 0.0367356 0.300043 
vt 0.154242 0.300043 
vt 0.079493 0.270304 
vt 0.0367356 0.270304 
vt 0.116565 0.270304 
vt 0.154242 0.270304 
vt 0.844524 0.419093 
vt 0.780885 0.355454 
vt 0.844516 0.355447 
vt 0.844524 0.419093 
vt 0.780885 0.355454 
vt 0.844516 0.355447 
vt 0.844524 0.291815 
vt 0.908163 0.355454 
vt 0.844516 0.355447 
vt 0.844524 0.291815 
vt 0.908163 0.355454 
vt 0.844516 0.355447 
vt 0.844524 0.291815 
vt 0.908163 0.355454 
vt 0.844516 0.355447 
vt 0.844524 0.419093 
vt 0.780885 0.355454 
vt 0.844516 0.355447 
vt 0.844524 0.291815 
vt 0.908163 0.355454 
vt 0.844516 0.355447 
vt 0.844524 0.419093 
vt 0.780885 0.355454 
vt 0.844516 0.355447 
vt 0.908163 0.355454 
vt 0.844524 0.419093 
vt 0.844516 0.355447 
vt 0.908163 0.355454 
vt 0.844524 0.419093 
vt 0.844516 0.355447 
vt 0.908163 0.355454 
vt 0.844524 0.419093 
vt 0.844516 0.355447 
vt 0.908163 0.355454 
vt 0.844524 0.419093 
vt 0.844516 0.355447 
vt 0.687493 0.712908 
vt 0.749992 0.712908 
vt 0.687493 0.747715 
vt 0.749992 0.747715 
vt 0.687493 0.781523 
vt 0.749992 0.676276 
vt 0.687493 0.676276 
vt 0.749992 0.637272 
vt 0.624994 0.676276 
vt 0.687493 0.637272 
vt 0.749992 0.595651 
vt 0.687493 0.595651 
vt 0.749992 0.551446 
vt 0.624994 0.637272 
vt 0.687493 0.551446 
vt 0.749992 0.504917 
vt 0.687493 0.504917 
vt 0.624994 0.595651 
vt 0.624994 0.551446 
vt 0.624994 0.504917 
vt 0.687493 0.456497 
vt 0.562494 0.676276 
vt 0.562494 0.637272 
vt 0.562494 0.712908 
vt 0.562494 0.595651 
vt 0.624994 0.456497 
vt 0.624994 0.712908 
vt 0.624994 0.747715 
vt 0.624994 0.781523 
vt 0.562494 0.747715 
vt 0.562494 0.781523 
vt 0.499995 0.712908 
vt 0.499995 0.747715 
vt 0.499995 0.781523 
vt 0.687493 0.40675 
vt 0.749992 0.356318 
vt 0.749992 0.40675 
vt 0.624994 0.40675 
vt 0.687493 0.356318 
vt 0.624994 0.356318 
vt 0.624994 0.32264 
vt 0.562494 0.356318 
vt 0.562494 0.40675 
vt 0.499995 0.356318 
vt 0.499995 0.40675 
vt 0.562494 0.456497 
vt 0.499995 0.456497 
vt 0.562494 0.504917 
vt 0.499995 0.504917 
vt 0.562494 0.551446 
vt 0.499995 0.551446 
vt 0.499995 0.595651 
vt 0.780885 0.355454 
vt 0.844524 0.291815 
vt 0.844516 0.355447 
vt 0.780885 0.355454 
vt 0.844524 0.291815 
vt 0.844516 0.355447 
vt 0.780885 0.355454 
vt 0.844524 0.291815 
vt 0.844516 0.355447 
vt 0.780885 0.355454 
vt 0.844524 0.291815 
vt 0.844516 0.355447 
vt 0.844524 0.419093 
vt 0.780885 0.355454 
vt 0.844516 0.355447 
vt 0.844524 0.419093 
vt 0.780885 0.355454 
vt 0.844516 0.355447 
vt 0.844524 0.291815 
vt 0.908163 0.355454 
vt 0.844516 0.355447 
vt 0.844524 0.419093 
vt 0.780885 0.355454 
vt 0.844516 0.355447 
vt 0.844524 0.419093 
vt 0.780885 0.355454 
vt 0.844516 0.355447 
vt 0.844524 0.291815 
vt 0.908163 0.355454 
vt 0.844516 0.355447 
vt 0.844524 0.291815 
vt 0.908163 0.355454 
vt 0.844516 0.355447 
vt 0.844524 0.291815 
vt 0.908163 0.355454 
vt 0.844516 0.355447 
vt 0.249997 0.255282 
vt 0.249997 0.288961 
vt 0.187498 0.288961 
vt 0.249997 0.32264 
vt 0.187498 0.32264 
vt 0.249997 0.356318 
vt 0.187498 0.356318 
vt 0.187498 0.40675 
vt 0.249997 0.40675 
vt 0.187498 0.456497 
vt 0.249997 0.456497 
vt 0.187498 0.504917 
vt 0.249997 0.504917 
vt 0.187498 0.551446 
vt 0.249997 0.551446 
vt 0.187498 0.595651 
vt 0.249997 0.595651 
vt 0.124999 0.595651 
vt 0.124999 0.551446 
vt 0.0624993 0.551446 
vt 0.124999 0.637272 
vt 0.0624993 0.595651 
vt 0 0.551446 
vt 0 0.595651 
vt 0.0624993 0.637272 
vt 0 0.637272 
vt 0.0624993 0.676276 
vt 0 0.676276 
vt 0.187498 0.637272 
vt 0.249997 0.637272 
vt 0.124999 0.676276 
vt 0.187498 0.676276 
vt 0.249997 0.676276 
vt 0.187498 0.712908 
vt 0.249997 0.712908 
vt 0.124999 0.712908 
vt 0.0624993 0.712908 
vt 0 0.712908 
vt 0.187498 0.747715 
vt 0.249997 0.747715 
vt 0.187498 0.781523 
vt 0.124999 0.747715 
vt 0.124999 0.781523 
vt 0.0624993 0.747715 
vt 0.0624993 0.781523 
vt 0 0.747715 
vt 0 0.781523 
vt 0.844524 0.419093 
vt 0.780885 0.355454 
vt 0.844516 0.355447 
vt 0.844524 0.291815 
vt 0.908163 0.355454 
vt 0.844516 0.355447 
vt 0.844524 0.419093 
vt 0.780885 0.355454 
vt 0.844516 0.355447 
vt 0.844524 0.419093 
vt 0.780885 0.355454 
vt 0.844516 0.355447 
vt 0.844524 0.419093 
vt 0.780885 0.355454 
vt 0.844516 0.355447 
vt 0.844524 0.291815 
vt 0.908163 0.355454 
vt 0.844516 0.355447 
vt 0.844524 0.291815 
vt 0.908163 0.355454 
vt 0.844516 0.355447 
vt 0.844524 0.291815 
vt 0.908163 0.355454 
vt 0.844516 0.355447 
vt 0.844524 0.291815 
vt 0.908163 0.355454 
vt 0.844516 0.355447 
vt 0.844524 0.419093 
vt 0.780885 0.355454 
vt 0.844516 0.355447 
vt 0.844524 0.419093 
vt 0.780885 0.355454 
vt 0.844516 0.355447 
vt 0.844524 0.291815 
vt 0.908163 0.355454 
vt 0.844516 0.355447 
vt 0.844524 0.291815 
vt 0.908163 0.355454 
vt 0.844516 0.355447 
vt 0.844524 0.291815 
vt 0.908163 0.355454 
vt 0.844516 0.355447 
vt 0.844524 0.419093 
vt 0.780885 0.355454 
vt 0.844516 0.355447 
vt 0.844524 0.419093 
vt 0.780885 0.355454 
vt 0.844516 0.355447 
vt 0.844524 0.419093 
vt 0.780885 0.355454 
vt 0.844516 0.355447 
vt 0.844524 0.419093 
vt 0.780885 0.355454 
vt 0.844516 0.355447 
vt 0.844524 0.291815 
vt 0.908163 0.355454 
vt 0.844516 0.355447 
vt 0.844524 0.419093 
vt 0.780885 0.355454 
vt 0.844516 0.355447 
vt 0.844524 0.291815 
vt 0.908163 0.355454 
vt 0.844516 0.355447 
vt 0.844524 0.291815 
vt 0.908163 0.355454 
vt 0.844516 0.355447 
vt 0.844524 0.419093 
vt 0.780885 0.355454 
vt 0.844516 0.355447 
vt 0.844524 0.291815 
vt 0.908163 0.355454 
vt 0.844516 0.355447 
vt 0.844524 0.419093 
vt 0.780885 0.355454 
vt 0.844516 0.355447 
vt 0.844524 0.291815 
vt 0.908163 0.355454 
vt 0.844516 0.355447 
vt 0.844524 0.419093 
vt 0.780885 0.355454 
vt 0.844516 0.355447 
vt 0.844524 0.291815 
vt 0.908163 0.355454 
vt 0.844516 0.355447 
vt 0.844524 0.291815 
vt 0.908163 0.355454 
vt 0.844516 0.355447 
vt 0.844524 0.419093 
vt 0.780885 0.355454 
vt 0.844516 0.355447 
vt 0.844524 0.291815 
vt 0.908163 0.355454 
vt 0.844516 0.355447 
vt 0.844524 0.419093 
vt 0.780885 0.355454 
vt 0.844516 0.355447 
vt 0.461422 0.862755 
vt 0.436818 0.914854 
vt 0.436818 0.862755 
vt 0.461422 0.914854 
vt 0.417023 0.914854 
vt 0.49023 0.914854 
vt 0.417023 0.862756 
vt 0.49023 0.862755 
vt 0.402525 0.914854 
vt 0.402525 0.862756 
vt 0.522532 0.914854 
vt 0.522532 0.862755 
vt 0.557534 0.914854 
vt 0.557534 0.862755 
vt 0.594372 0.862755 
vt 0.594372 0.914854 
vt 0.63214 0.862755 
vt 0.63214 0.914854 
vt 0.688792 0.914854 
vt 0.688792 0.862756 
vt 0.74405 0.862756 
vt 0.74405 0.914854 
vt 0.796551 0.914854 
vt 0.796551 0.862755 
vt 0.845005 0.914854 
vt 0.845005 0.862756 
vt 0.888217 0.862755 
vt 0.888217 0.914854 
vt 0.925123 0.914854 
vt 0.925123 0.862755 
vt 0.954816 0.914854 
vt 0.954816 0.862755 
vt 0.976563 0.862756 
vt 0.976563 0.914854 
vt 0.844524 0.419093 
vt 0.780885 0.355454 
vt 0.844516 0.355447 
vt 0.844524 0.419093 
vt 0.780885 0.355454 
vt 0.844516 0.355447 
vt 0.844524 0.419093 
vt 0.780885 0.355454 
vt 0.844516 0.355447 
vt 0.844524 0.291815 
vt 0.908163 0.355454 
vt 0.844516 0.355447 
vt 0.844524 0.291815 
vt 0.908163 0.355454 
vt 0.844516 0.355447 
vt 0.844524 0.291815 
vt 0.908163 0.355454 
vt 0.844516 0.355447 
vt 0.954816 0.862755 
vt 0.976563 0.914854 
vt 0.976563 0.862756 
vt 0.954816 0.914854 
vt 0.925123 0.862756 
vt 0.925123 0.914854 
vt 0.888217 0.914854 
vt 0.888217 0.862755 
vt 0.845005 0.914854 
vt 0.845005 0.862755 
vt 0.796551 0.914854 
vt 0.796551 0.862755 
vt 0.74405 0.862756 
vt 0.74405 0.914854 
vt 0.688792 0.862755 
vt 0.688792 0.914854 
vt 0.63214 0.914854 
vt 0.63214 0.862755 
vt 0.594372 0.914854 
vt 0.594372 0.862755 
vt 0.557534 0.862755 
vt 0.557534 0.914854 
vt 0.522532 0.914854 
vt 0.522532 0.862755 
vt 0.49023 0.914854 
vt 0.49023 0.862756 
vt 0.461422 0.862755 
vt 0.461422 0.914854 
vt 0.436818 0.862755 
vt 0.436818 0.914854 
vt 0.417023 0.914854 
vt 0.417023 0.862756 
vt 0.402525 0.914854 
vt 0.402525 0.862756 
vt 0.844524 0.419093 
vt 0.780885 0.355454 
vt 0.844516 0.355447 
vt 0.844524 0.291815 
vt 0.908163 0.355454 
vt 0.844516 0.355447 
vt 0.844524 0.291815 
vt 0.908163 0.355454 
vt 0.844516 0.355447 
vt 0.844524 0.291815 
vt 0.908163 0.355454 
vt 0.844516 0.355447 
vt 0.844524 0.291815 
vt 0.908163 0.355454 
vt 0.844516 0.355447 
vt 0.844524 0.419093 
vt 0.780885 0.355454 
vt 0.844516 0.355447 
vt 0.844524 0.419093 
vt 0.780885 0.355454 
vt 0.844516 0.355447 
vt 0.925123 0.862756 
vt 0.888217 0.914854 
vt 0.925123 0.914854 
vt 0.954816 0.914854 
vt 0.888217 0.862755 
vt 0.954816 0.862755 
vt 0.976563 0.914854 
vt 0.976563 0.862756 
vt 0.845005 0.862755 
vt 0.845005 0.914854 
vt 0.796551 0.914854 
vt 0.796551 0.862755 
vt 0.74405 0.862755 
vt 0.74405 0.914854 
vt 0.688792 0.862755 
vt 0.688792 0.914854 
vt 0.63214 0.914854 
vt 0.63214 0.862755 
vt 0.594372 0.914854 
vt 0.594372 0.862756 
vt 0.557534 0.862755 
vt 0.557534 0.914854 
vt 0.522532 0.914854 
vt 0.522532 0.862755 
vt 0.49023 0.914854 
vt 0.49023 0.862756 
vt 0.461422 0.914854 
vt 0.461422 0.862755 
vt 0.436818 0.862755 
vt 0.436818 0.914854 
vt 0.417023 0.914854 
vt 0.417023 0.862755 
vt 0.402525 0.914854 
vt 0.402525 0.862756 
vt 0.888217 0.862755 
vt 0.845005 0.914854 
vt 0.845005 0.862755 
vt 0.796551 0.862755 
vt 0.888217 0.914854 
vt 0.796551 0.914854 
vt 0.925123 0.914854 
vt 0.74405 0.862756 
vt 0.925123 0.862756 
vt 0.74405 0.914854 
vt 0.954816 0.914854 
vt 0.688792 0.914854 
vt 0.954816 0.862755 
vt 0.976563 0.914854 
vt 0.976563 0.862756 
vt 0.688792 0.862755 
vt 0.63214 0.862755 
vt 0.63214 0.914854 
vt 0.594372 0.914854 
vt 0.594372 0.862755 
vt 0.557534 0.914854 
vt 0.557534 0.862755 
vt 0.522532 0.862755 
vt 0.522532 0.914854 
vt 0.49023 0.862756 
vt 0.49023 0.914854 
vt 0.461422 0.914854 
vt 0.461422 0.862755 
vt 0.436818 0.914854 
vt 0.436818 0.862755 
vt 0.417023 0.914854 
vt 0.417023 0.862756 
vt 0.402525 0.914854 
vt 0.402525 0.862756 
vt 0.844524 0.419093 
vt 0.780885 0.355454 
vt 0.844516 0.355447 
vt 0.844524 0.291815 
vt 0.908163 0.355454 
vt 0.844516 0.355447 
vt 0.844524 0.419093 
vt 0.780885 0.355454 
vt 0.844516 0.355447 
vt 0.780885 0.355454 
vt 0.844524 0.291815 
vt 0.844516 0.355447 
vt 0.780885 0.355454 
vt 0.844524 0.291815 
vt 0.844516 0.355447 
vt 0.780885 0.355454 
vt 0.844524 0.291815 
vt 0.844516 0.355447 
vt 0.780885 0.355454 
vt 0.844524 0.291815 
vt 0.844516 0.355447 
vt 0.780885 0.355454 
vt 0.844524 0.291815 
vt 0.844516 0.355447 
vt 0.780885 0.355454 
vt 0.844524 0.291815 
vt 0.844516 0.355447 
vt 0.780885 0.355454 
vt 0.844524 0.291815 
vt 0.844516 0.355447 
vt 0.780885 0.355454 
vt 0.844524 0.291815 
vt 0.844516 0.355447 
vt 0.780885 0.355454 
vt 0.844524 0.291815 
vt 0.844516 0.355447 
vt 0.780885 0.355454 
vt 0.844524 0.291815 
vt 0.844516 0.355447 
vt 0.780885 0.355454 
vt 0.844524 0.291815 
vt 0.844516 0.355447 
vt 0.780885 0.355454 
vt 0.844524 0.291815 
vt 0.844516 0.355447 
vt 0.780885 0.355454 
vt 0.844524 0.291815 
vt 0.844516 0.355447 
vt 0.780885 0.355454 
vt 0.844524 0.291815 
vt 0.844516 0.355447 
vt 0.780885 0.355454 
vt 0.844524 0.291815 
vt 0.844516 0.355447 
vt 0.780885 0.355454 
vt 0.844524 0.291815 
vt 0.844516 0.355447 
vt 0.844524 0.419093 
vt 0.780885 0.355454 
vt 0.844516 0.355447 
vt 0.844524 0.419093 
vt 0.780885 0.355454 
vt 0.844516 0.355447 
vt 0.844524 0.291815 
vt 0.908163 0.355454 
vt 0.844516 0.355447 
vt 0.844524 0.291815 
vt 0.908163 0.355454 
vt 0.844516 0.355447 
vt 0.844524 0.419093 
vt 0.780885 0.355454 
vt 0.844516 0.355447 
vt 0.844524 0.291815 
vt 0.908163 0.355454 
vt 0.844516 0.355447 
vt 0.844524 0.419093 
vt 0.780885 0.355454 
vt 0.844516 0.355447 
vt 0.844524 0.291815 
vt 0.908163 0.355454 
vt 0.844516 0.355447 
vt 0.780885 0.355454 
vt 0.844524 0.291815 
vt 0.844516 0.355447 
vt 0.780885 0.355454 
vt 0.844524 0.291815 
vt 0.844516 0.355447 
vt 0.780885 0.355454 
vt 0.844524 0.291815 
vt 0.844516 0.355447 
vt 0.780885 0.355454 
vt 0.844524 0.291815 
vt 0.844516 0.355447 
vt 0.780885 0.355454 
vt 0.844524 0.291815 
vt 0.844516 0.355447 
vt 0.780885 0.355454 
vt 0.844524 0.291815 
vt 0.844516 0.355447 
vt 0.780885 0.355454 
vt 0.844524 0.291815 
vt 0.844516 0.355447 
vt 0.780885 0.355454 
vt 0.844524 0.291815 
vt 0.844516 0.355447 
vt 0.908163 0.355454 
vt 0.844524 0.419093 
vt 0.844516 0.355447 
vt 0.908163 0.355454 
vt 0.844524 0.419093 
vt 0.844516 0.355447 
vt 0.908163 0.355454 
vt 0.844524 0.419093 
vt 0.844516 0.355447 
vt 0.908163 0.355454 
vt 0.844524 0.419093 
vt 0.844516 0.355447 
vt 0.844524 0.419093 
vt 0.780885 0.355454 
vt 0.844516 0.355447 
vt 0.844524 0.291815 
vt 0.908163 0.355454 
vt 0.844516 0.355447 
vt 0.844524 0.291815 
vt 0.908163 0.355454 
vt 0.844516 0.355447 
vt 0.844524 0.291815 
vt 0.908163 0.355454 
vt 0.844516 0.355447 
vt 0.844524 0.419093 
vt 0.780885 0.355454 
vt 0.844516 0.355447 
vt 0.844524 0.419093 
vt 0.780885 0.355454 
vt 0.844516 0.355447 
vt 0.844524 0.419093 
vt 0.780885 0.355454 
vt 0.844516 0.355447 
vt 0.844524 0.419093 
vt 0.780885 0.355454 
vt 0.844516 0.355447 
vt 0.844524 0.291815 
vt 0.908163 0.355454 
vt 0.844516 0.355447 
vt 0.844524 0.291815 
vt 0.908163 0.355454 
vt 0.844516 0.355447 
vt 0.844524 0.291815 
vt 0.908163 0.355454 
vt 0.844516 0.355447 
vt 0.844524 0.419093 
vt 0.780885 0.355454 
vt 0.844516 0.355447 
vt 0.844524 0.419093 
vt 0.780885 0.355454 
vt 0.844516 0.355447 
vt 0.844524 0.291815 
vt 0.908163 0.355454 
vt 0.844516 0.355447 
vt 0.844524 0.291815 
vt 0.908163 0.355454 
vt 0.844516 0.355447 
vt 0.844524 0.419093 
vt 0.780885 0.355454 
vt 0.844516 0.355447 
vt 0.780885 0.355454 
vt 0.844524 0.291815 
vt 0.844516 0.355447 
vt 0.780885 0.355454 
vt 0.844524 0.291815 
vt 0.844516 0.355447 
vt 0.780885 0.355454 
vt 0.844524 0.291815 
vt 0.844516 0.355447 
vt 0.780885 0.355454 
vt 0.844524 0.291815 
vt 0.844516 0.355447 
vt 0.780885 0.355454 
vt 0.844524 0.291815 
vt 0.844516 0.355447 
vt 0.780885 0.355454 
vt 0.844524 0.291815 
vt 0.844516 0.355447 
vt 0.780885 0.355454 
vt 0.844524 0.291815 
vt 0.844516 0.355447 
vt 0.780885 0.355454 
vt 0.844524 0.291815 
vt 0.844516 0.355447 
vt 0.844524 0.419093 
vt 0.780885 0.355454 
vt 0.844516 0.355447 
vt 0.844524 0.291815 
vt 0.908163 0.355454 
vt 0.844516 0.355447 
vt 0.844524 0.419093 
vt 0.780885 0.355454 
vt 0.844516 0.355447 
vt 0.844524 0.419093 
vt 0.780885 0.355454 
vt 0.844516 0.355447 
vt 0.844524 0.291815 
vt 0.908163 0.355454 
vt 0.844516 0.355447 
vt 0.844524 0.291815 
vt 0.908163 0.355454 
vt 0.844516 0.355447 
vt 0.844524 0.291815 
vt 0.908163 0.355454 
vt 0.844516 0.355447 
vt 0.844524 0.419093 
vt 0.780885 0.355454 
vt 0.844516 0.355447 
vt 0.844524 0.419093 
vt 0.780885 0.355454 
vt 0.844516 0.355447 
vt 0.844524 0.419093 
vt 0.780885 0.355454 
vt 0.844516 0.355447 
vt 0.844524 0.291815 
vt 0.908163 0.355454 
vt 0.844516 0.355447 
vt 0.844524 0.291815 
vt 0.908163 0.355454 
vt 0.844516 0.355447 
vt 0.844524 0.291815 
vt 0.908163 0.355454 
vt 0.844516 0.355447 
vt 0.844524 0.419093 
vt 0.780885 0.355454 
vt 0.844516 0.355447 
vt 0.844524 0.291815 
vt 0.908163 0.355454 
vt 0.844516 0.355447 
vt 0.844524 0.419093 
vt 0.780885 0.355454 
vt 0.844516 0.355447 
vt 0.99999 0.221604 
vt 0.99999 0.187925 
vt 0.93749 0.154246 
vt 0.99999 0.154246 
vt 0.99999 0.255282 
vt 0.99999 0.288961 
vt 0.93749 0.288961 
vt 0.99999 0.32264 
vt 0.93749 0.32264 
vt 0.99999 0.356318 
vt 0.93749 0.356318 
vt 0.93749 0.40675 
vt 0.99999 0.40675 
vt 0.93749 0.456497 
vt 0.99999 0.456497 
vt 0.93749 0.504917 
vt 0.99999 0.504917 
vt 0.874991 0.504917 
vt 0.874991 0.456497 
vt 0.812492 0.456497 
vt 0.812492 0.504917 
vt 0.749992 0.456497 
vt 0.874991 0.551446 
vt 0.749992 0.504917 
vt 0.812492 0.551446 
vt 0.874991 0.595651 
vt 0.749992 0.551446 
vt 0.812492 0.595651 
vt 0.749992 0.595651 
vt 0.874991 0.637272 
vt 0.812492 0.637272 
vt 0.749992 0.637272 
vt 0.812492 0.676276 
vt 0.749992 0.676276 
vt 0.874991 0.676276 
vt 0.812492 0.712908 
vt 0.749992 0.712908 
vt 0.874991 0.712908 
vt 0.93749 0.676276 
vt 0.93749 0.637272 
vt 0.99999 0.637272 
vt 0.99999 0.676276 
vt 0.93749 0.712908 
vt 0.99999 0.712908 
vt 0.93749 0.747715 
vt 0.99999 0.747715 
vt 0.93749 0.781523 
vt 0.874991 0.747715 
vt 0.874991 0.781523 
vt 0.812492 0.747715 
vt 0.812492 0.781523 
vt 0.749992 0.747715 
vt 0.749992 0.781523 
vt 0.844524 0.419093 
vt 0.780885 0.355454 
vt 0.844516 0.355447 
vt 0.844524 0.419093 
vt 0.780885 0.355454 
vt 0.844516 0.355447 
vt 0.844524 0.291815 
vt 0.908163 0.355454 
vt 0.844516 0.355447 
vt 0.844524 0.291815 
vt 0.908163 0.355454 
vt 0.844516 0.355447 
vt 0.844524 0.419093 
vt 0.780885 0.355454 
vt 0.844516 0.355447 
vt 0.844524 0.419093 
vt 0.780885 0.355454 
vt 0.844516 0.355447 
vt 0.844524 0.419093 
vt 0.780885 0.355454 
vt 0.844516 0.355447 
vt 0.844524 0.419093 
vt 0.780885 0.355454 
vt 0.844516 0.355447 
vt 0.844524 0.291815 
vt 0.908163 0.355454 
vt 0.844516 0.355447 
vt 0.844524 0.291815 
vt 0.908163 0.355454 
vt 0.844516 0.355447 
vt 0.844524 0.291815 
vt 0.908163 0.355454 
vt 0.844516 0.355447 
vt 0.844524 0.291815 
vt 0.908163 0.355454 
vt 0.844516 0.355447 
vt 0.780885 0.355454 
vt 0.844524 0.291815 
vt 0.844516 0.355447 
vt 0.780885 0.355454 
vt 0.844524 0.291815 
vt 0.844516 0.355447 
vt 0.844524 0.291815 
vt 0.908163 0.355454 
vt 0.844516 0.355447 
vt 0.844524 0.291815 
vt 0.908163 0.355454 
vt 0.844516 0.355447 
vt 0.844524 0.419093 
vt 0.780885 0.355454 
vt 0.844516 0.355447 
vt 0.844524 0.419093 
vt 0.780885 0.355454 
vt 0.844516 0.355447 
vt 0.780885 0.355454 
vt 0.844524 0.291815 
vt 0.844516 0.355447 
vt 0.780885 0.355454 
vt 0.844524 0.291815 
vt 0.844516 0.355447 
vt 0.844524 0.291815 
vt 0.908163 0.355454 
vt 0.844516 0.355447 
vt 0.844524 0.419093 
vt 0.780885 0.355454 
vt 0.844516 0.355447 
vt 0.844524 0.419093 
vt 0.780885 0.355454 
vt 0.844516 0.355447 
vt 0.844524 0.291815 
vt 0.908163 0.355454 
vt 0.844516 0.355447 
vt 0.844524 0.291815 
vt 0.908163 0.355454 
vt 0.844516 0.355447 
vt 0.844524 0.419093 
vt 0.780885 0.355454 
vt 0.844516 0.355447 
vt 0.844524 0.419093 
vt 0.780885 0.355454 
vt 0.844516 0.355447 
vt 0.844524 0.291815 
vt 0.908163 0.355454 
vt 0.844516 0.355447 
vt 0.437496 0.288961 
vt 0.499995 0.32264 
vt 0.249997 0.154246 
vt 0.249997 0.187925 
vt 0.249997 0.120567 
vt 0.312497 0.187925 
vt 0.249997 0.221604 
vt 0.312497 0.221604 
vt 0.249997 0.255282 
vt 0.312497 0.0868887 
vt 0.249997 0.0868887 
vt 0.312497 0.05321 
vt 0.374996 0.0195312 
vt 0.249997 0.05321 
vt 0.312497 0.0195312 
vt 0.312497 0.255282 
vt 0.249997 0.288961 
vt 0.374996 0.255282 
vt 0.312497 0.288961 
vt 0.249997 0.32264 
vt 0.312497 0.32264 
vt 0.249997 0.356318 
vt 0.374996 0.288961 
vt 0.312497 0.356318 
vt 0.312497 0.40675 
vt 0.249997 0.40675 
vt 0.374996 0.40675 
vt 0.312497 0.456497 
vt 0.249997 0.456497 
vt 0.312497 0.504917 
vt 0.249997 0.504917 
vt 0.374996 0.356318 
vt 0.312497 0.551446 
vt 0.249997 0.551446 
vt 0.374996 0.32264 
vt 0.437496 0.356318 
vt 0.437496 0.32264 
vt 0.499995 0.356318 
vt 0.312497 0.595651 
vt 0.249997 0.595651 
vt 0.374996 0.595651 
vt 0.374996 0.551446 
vt 0.312497 0.637272 
vt 0.249997 0.637272 
vt 0.437496 0.551446 
vt 0.374996 0.637272 
vt 0.312497 0.676276 
vt 0.249997 0.676276 
vt 0.499995 0.504917 
vt 0.437496 0.504917 
vt 0.499995 0.551446 
vt 0.437496 0.595651 
vt 0.499995 0.595651 
vt 0.437496 0.637272 
vt 0.499995 0.637272 
vt 0.437496 0.676276 
vt 0.499995 0.676276 
vt 0.374996 0.676276 
vt 0.437496 0.712908 
vt 0.499995 0.712908 
vt 0.312497 0.712908 
vt 0.249997 0.712908 
vt 0.374996 0.712908 
vt 0.312497 0.747715 
vt 0.249997 0.747715 
vt 0.249997 0.781523 
vt 0.374996 0.747715 
vt 0.312497 0.781523 
vt 0.437496 0.747715 
vt 0.374996 0.781523 
vt 0.499995 0.747715 
vt 0.437496 0.781523 
vt 0.908163 0.355454 
vt 0.844524 0.419093 
vt 0.844516 0.355447 
vt 0.908163 0.355454 
vt 0.844524 0.419093 
vt 0.844516 0.355447 
vt 0.908163 0.355454 
vt 0.844524 0.419093 
vt 0.844516 0.355447 
vt 0.908163 0.355454 
vt 0.844524 0.419093 
vt 0.844516 0.355447 
vt 0.780885 0.355454 
vt 0.844524 0.291815 
vt 0.844516 0.355447 
vt 0.780885 0.355454 
vt 0.844524 0.291815 
vt 0.844516 0.355447 
vt 0.780885 0.355454 
vt 0.844524 0.291815 
vt 0.844516 0.355447 
vt 0.780885 0.355454 
vt 0.844524 0.291815 
vt 0.844516 0.355447 
vt 0.908163 0.355454 
vt 0.844524 0.419093 
vt 0.844516 0.355447 
vt 0.908163 0.355454 
vt 0.844524 0.419093 
vt 0.844516 0.355447 
vt 0.908163 0.355454 
vt 0.844524 0.419093 
vt 0.844516 0.355447 
vt 0.908163 0.355454 
vt 0.844524 0.419093 
vt 0.844516 0.355447 
vt 0.908163 0.355454 
vt 0.844524 0.419093 
vt 0.844516 0.355447 
vt 0.908163 0.355454 
vt 0.844524 0.419093 
vt 0.844516 0.355447 
vt 0.908163 0.355454 
vt 0.844524 0.419093 
vt 0.844516 0.355447 
vt 0.908163 0.355454 
vt 0.844524 0.419093 
vt 0.844516 0.355447 
vt 0.908163 0.355454 
vt 0.844524 0.419093 
vt 0.844516 0.355447 
vt 0.908163 0.355454 
vt 0.844524 0.419093 
vt 0.844516 0.355447 
vt 0.908163 0.355454 
vt 0.844524 0.419093 
vt 0.844516 0.355447 
vt 0.908163 0.355454 
vt 0.844524 0.419093 
vt 0.844516 0.355447 
vt 0.780885 0.355454 
vt 0.844524 0.291815 
vt 0.844516 0.355447 
vt 0.780885 0.355454 
vt 0.844524 0.291815 
vt 0.844516 0.355447 
vt 0.780885 0.355454 
vt 0.844524 0.291815 
vt 0.844516 0.355447 
vt 0.780885 0.355454 
vt 0.844524 0.291815 
vt 0.844516 0.355447 
vt 0.908163 0.355454 
vt 0.844524 0.419093 
vt 0.844516 0.355447 
vt 0.908163 0.355454 
vt 0.844524 0.419093 
vt 0.844516 0.355447 
vt 0.908163 0.355454 
vt 0.844524 0.419093 
vt 0.844516 0.355447 
vt 0.908163 0.355454 
vt 0.844524 0.419093 
vt 0.844516 0.355447 
vt 0.908163 0.355454 
vt 0.844524 0.419093 
vt 0.844516 0.355447 
vt 0.908163 0.355454 
vt 0.844524 0.419093 
vt 0.844516 0.355447 
vt 0.908163 0.355454 
vt 0.844524 0.419093 
vt 0.844516 0.355447 
vt 0.908163 0.355454 
vt 0.844524 0.419093 
vt 0.844516 0.355447 
vt 0.780885 0.355454 
vt 0.844524 0.291815 
vt 0.844516 0.355447 
vt 0.780885 0.355454 
vt 0.844524 0.291815 
vt 0.844516 0.355447 
vt 0.780885 0.355454 
vt 0.844524 0.291815 
vt 0.844516 0.355447 
vt 0.780885 0.355454 
vt 0.844524 0.291815 
vt 0.844516 0.355447 
vt 0.908163 0.355454 
vt 0.844524 0.419093 
vt 0.844516 0.355447 
vt 0.780885 0.355454 
vt 0.844524 0.291815 
vt 0.844516 0.355447 
vt 0.908163 0.355454 
vt 0.844524 0.419093 
vt 0.844516 0.355447 
vt 0.908163 0.355454 
vt 0.844524 0.419093 
vt 0.844516 0.355447 
vt 0.780885 0.355454 
vt 0.844524 0.291815 
vt 0.844516 0.355447 
vt 0.908163 0.355454 
vt 0.844524 0.419093 
vt 0.844516 0.355447 
vt 0.780885 0.355454 
vt 0.844524 0.291815 
vt 0.844516 0.355447 
vt 0.780885 0.355454 
vt 0.844524 0.291815 
vt 0.844516 0.355447 
vt 0.908163 0.355454 
vt 0.844524 0.419093 
vt 0.844516 0.355447 
vt 0.908163 0.355454 
vt 0.844524 0.419093 
vt 0.844516 0.355447 
vt 0.908163 0.355454 
vt 0.844524 0.419093 
vt 0.844516 0.355447 
vt 0.908163 0.355454 
vt 0.844524 0.419093 
vt 0.844516 0.355447 
vt 0.780885 0.355454 
vt 0.844524 0.291815 
vt 0.844516 0.355447 
vt 0.908163 0.355454 
vt 0.844524 0.419093 
vt 0.844516 0.355447 
vt 0.780885 0.355454 
vt 0.844524 0.291815 
vt 0.844516 0.355447 
vt 0.780885 0.355454 
vt 0.844524 0.291815 
vt 0.844516 0.355447 
vt 0.780885 0.355454 
vt 0.844524 0.291815 
vt 0.844516 0.355447 
vt 0.908163 0.355454 
vt 0.844524 0.419093 
vt 0.844516 0.355447 
vt 0.780885 0.355454 
vt 0.844524 0.291815 
vt 0.844516 0.355447 
vt 0.908163 0.355454 
vt 0.844524 0.419093 
vt 0.844516 0.355447 
vt 0.780885 0.355454 
vt 0.844524 0.291815 
vt 0.844516 0.355447 
vt 0.908163 0.355454 
vt 0.844524 0.419093 
vt 0.844516 0.355447 
vt 0.780885 0.355454 
vt 0.844524 0.291815 
vt 0.844516 0.355447 
vt 0.780885 0.355454 
vt 0.844524 0.291815 
vt 0.844516 0.355447 
vt 0.069843 0.858905 
vt 0.0605777 0.871658 
vt 0.0403767 0.861365 
vt 0.0538115 0.842874 
vt 0.0333137 0.883103 
vt 0.0825955 0.84964 
vt 0.0557066 0.88665 
vt 0.0723027 0.829439 
vt 0.0333137 0.905959 
vt 0.0975872 0.844769 
vt 0.0557066 0.902413 
vt 0.0940406 0.822376 
vt 0.0403767 0.927697 
vt 0.11335 0.844769 
vt 0.0605777 0.917404 
vt 0.116897 0.822376 
vt 0.0538114 0.946188 
vt 0.128342 0.84964 
vt 0.0698429 0.930157 
vt 0.138635 0.829439 
vt 0.0723027 0.959623 
vt 0.141094 0.858905 
vt 0.0825955 0.939422 
vt 0.157126 0.842874 
vt 0.0940406 0.966686 
vt 0.15036 0.871658 
vt 0.0975872 0.944293 
vt 0.170561 0.861365 
vt 0.116897 0.966686 
vt 0.155231 0.88665 
vt 0.11335 0.944293 
vt 0.177624 0.883103 
vt 0.138635 0.959623 
vt 0.155231 0.902413 
vt 0.128342 0.939422 
vt 0.177624 0.905959 
vt 0.157126 0.946188 
vt 0.15036 0.917404 
vt 0.141094 0.930157 
vt 0.170561 0.927697 
vt 0.112493 0.270418 
vt 0.0723182 0.270418 
vt 0.0723182 0.270418 
vt 0.0243284 0.270418 
vt 0.0243284 0.270418 
vt 0.112493 0.270418 
vt 0.153315 0.270418 
vt 0.153315 0.270418 
vt 0.153773 0.269016 
vt 0.0960819 0.269016 
vt 0.0960819 0.269016 
vt 0.153773 0.269016 
vt 0.0306602 0.269016 
vt 0.0306602 0.269016 
vt 0.0977309 0.527307 
vt 0.035075 0.527307 
vt 0.035075 0.527307 
vt 0.0977309 0.527307 
vt 0.151648 0.527307 
vt 0.151648 0.527307 
vt 0.417023 0.960937 
vt 0.417023 0.914854 
vt 0.402525 0.960937 
vt 0.402525 0.914854 
vt 0.436818 0.914854 
vt 0.436818 0.960937 
vt 0.461422 0.914854 
vt 0.461422 0.960937 
vt 0.49023 0.914854 
vt 0.49023 0.960937 
vt 0.522532 0.914854 
vt 0.522532 0.960937 
vt 0.557534 0.914854 
vt 0.557534 0.960937 
vt 0.594372 0.914854 
vt 0.594372 0.960937 
vt 0.63214 0.914854 
vt 0.63214 0.960937 
vt 0.688792 0.914854 
vt 0.688792 0.960937 
vt 0.74405 0.960937 
vt 0.74405 0.914854 
vt 0.796552 0.960937 
vt 0.796551 0.914854 
vt 0.845005 0.960937 
vt 0.845005 0.914854 
vt 0.888217 0.960937 
vt 0.888217 0.914854 
vt 0.925123 0.960937 
vt 0.925123 0.914854 
vt 0.954816 0.960937 
vt 0.954816 0.914854 
vt 0.976563 0.960937 
vt 0.976563 0.914854 
vt 0.402525 0.960937 
vt 0.417023 0.914854 
vt 0.417023 0.960937 
vt 0.402525 0.914854 
vt 0.436818 0.914854 
vt 0.436818 0.960937 
vt 0.461422 0.914854 
vt 0.461422 0.960937 
vt 0.49023 0.914854 
vt 0.49023 0.960937 
vt 0.522532 0.914854 
vt 0.522532 0.960937 
vt 0.557534 0.914854 
vt 0.557534 0.960937 
vt 0.594372 0.914854 
vt 0.594372 0.960937 
vt 0.63214 0.914854 
vt 0.63214 0.960937 
vt 0.688792 0.914854 
vt 0.688793 0.960937 
vt 0.74405 0.960937 
vt 0.74405 0.914854 
vt 0.796552 0.960937 
vt 0.796551 0.914854 
vt 0.845005 0.960937 
vt 0.845005 0.914854 
vt 0.888217 0.960937 
vt 0.888217 0.914854 
vt 0.925124 0.960937 
vt 0.925123 0.914854 
vt 0.954816 0.960937 
vt 0.954816 0.914854 
vt 0.976563 0.960937 
vt 0.976563 0.914854 
vt 0.436818 0.914854 
vt 0.436818 0.960937 
vt 0.461422 0.914854 
vt 0.417023 0.960937 
vt 0.461422 0.960937 
vt 0.417023 0.914854 
vt 0.402525 0.960937 
vt 0.402525 0.914854 
vt 0.49023 0.914854 
vt 0.49023 0.960937 
vt 0.522532 0.914854 
vt 0.522532 0.960937 
vt 0.557534 0.914854 
vt 0.557534 0.960937 
vt 0.594372 0.914854 
vt 0.594372 0.960937 
vt 0.63214 0.914854 
vt 0.63214 0.960937 
vt 0.688792 0.914854 
vt 0.688792 0.960937 
vt 0.74405 0.960937 
vt 0.74405 0.914854 
vt 0.796552 0.960937 
vt 0.796551 0.914854 
vt 0.845005 0.960937 
vt 0.845005 0.914854 
vt 0.888217 0.960937 
vt 0.888217 0.914854 
vt 0.925123 0.960937 
vt 0.925123 0.914854 
vt 0.954816 0.960937 
vt 0.954816 0.914854 
vt 0.976563 0.960937 
vt 0.976563 0.914854 
vt 0.954816 0.914854 
vt 0.976563 0.960937 
vt 0.954816 0.960937 
vt 0.976563 0.914854 
vt 0.925123 0.914854 
vt 0.925123 0.960937 
vt 0.888217 0.914854 
vt 0.888217 0.960937 
vt 0.845005 0.914854 
vt 0.845005 0.960937 
vt 0.796551 0.914854 
vt 0.796552 0.960937 
vt 0.74405 0.914854 
vt 0.74405 0.960937 
vt 0.688792 0.914854 
vt 0.688792 0.960937 
vt 0.63214 0.960937 
vt 0.63214 0.914854 
vt 0.594372 0.960937 
vt 0.594372 0.914854 
vt 0.557534 0.960937 
vt 0.557534 0.914854 
vt 0.522532 0.960937 
vt 0.522532 0.914854 
vt 0.49023 0.960937 
vt 0.49023 0.914854 
vt 0.461422 0.960937 
vt 0.461422 0.914854 
vt 0.436818 0.960937 
vt 0.436818 0.914854 
vt 0.417023 0.960937 
vt 0.417023 0.914854 
vt 0.402525 0.960937 
vt 0.402525 0.914854 
vt 0.594372 0.862756 
vt 0.557534 0.816671 
vt 0.557534 0.862755 
vt 0.594372 0.816671 
vt 0.522533 0.816671 
vt 0.63214 0.862755 
vt 0.522532 0.862755 
vt 0.63214 0.816671 
vt 0.49023 0.816671 
vt 0.49023 0.862756 
vt 0.461422 0.816671 
vt 0.688792 0.862755 
vt 0.461422 0.862755 
vt 0.688792 0.816671 
vt 0.436818 0.816671 
vt 0.74405 0.816671 
vt 0.436818 0.862755 
vt 0.74405 0.862755 
vt 0.417023 0.816671 
vt 0.796551 0.816671 
vt 0.417023 0.862755 
vt 0.402525 0.816671 
vt 0.402525 0.862756 
vt 0.796551 0.862755 
vt 0.845005 0.816671 
vt 0.845005 0.862755 
vt 0.888217 0.816671 
vt 0.888217 0.862755 
vt 0.925123 0.816671 
vt 0.925123 0.862756 
vt 0.954816 0.816671 
vt 0.954816 0.862755 
vt 0.976563 0.816671 
vt 0.976563 0.862756 
vt 0.954816 0.862755 
vt 0.976563 0.816671 
vt 0.976563 0.862756 
vt 0.954816 0.816671 
vt 0.925123 0.862755 
vt 0.925123 0.816671 
vt 0.888217 0.862755 
vt 0.888217 0.816671 
vt 0.845005 0.862756 
vt 0.845005 0.816671 
vt 0.796551 0.862755 
vt 0.796551 0.816671 
vt 0.74405 0.862756 
vt 0.74405 0.816671 
vt 0.688792 0.862756 
vt 0.688792 0.816671 
vt 0.63214 0.816671 
vt 0.63214 0.862755 
vt 0.594372 0.816671 
vt 0.594372 0.862755 
vt 0.557534 0.816671 
vt 0.557534 0.862755 
vt 0.522533 0.816671 
vt 0.522532 0.862755 
vt 0.49023 0.816671 
vt 0.49023 0.862755 
vt 0.461422 0.816671 
vt 0.461422 0.862755 
vt 0.436818 0.816671 
vt 0.436818 0.862755 
vt 0.417023 0.816671 
vt 0.417023 0.862756 
vt 0.402525 0.816671 
vt 0.402525 0.862756 
vt 0.417023 0.816671 
vt 0.417023 0.862756 
vt 0.402525 0.816671 
vt 0.402525 0.862756 
vt 0.436818 0.862755 
vt 0.436818 0.816671 
vt 0.461422 0.862755 
vt 0.461422 0.816671 
vt 0.49023 0.862756 
vt 0.49023 0.816671 
vt 0.522532 0.862755 
vt 0.522533 0.816671 
vt 0.557534 0.862755 
vt 0.557534 0.816671 
vt 0.594372 0.862755 
vt 0.594372 0.816671 
vt 0.63214 0.862755 
vt 0.63214 0.816671 
vt 0.688792 0.862755 
vt 0.688792 0.816671 
vt 0.74405 0.816671 
vt 0.74405 0.862756 
vt 0.796551 0.816671 
vt 0.796551 0.862755 
vt 0.845005 0.816671 
vt 0.845005 0.862755 
vt 0.888217 0.816671 
vt 0.888217 0.862755 
vt 0.925123 0.816671 
vt 0.925123 0.862756 
vt 0.954816 0.816671 
vt 0.954816 0.862755 
vt 0.976563 0.816671 
vt 0.976563 0.862756 
vt 0.954816 0.862755 
vt 0.976563 0.816671 
vt 0.954816 0.816671 
vt 0.976563 0.862756 
vt 0.925123 0.862756 
vt 0.925123 0.816671 
vt 0.888217 0.862755 
vt 0.888217 0.816671 
vt 0.845005 0.862755 
vt 0.845005 0.816671 
vt 0.796551 0.862755 
vt 0.796551 0.816671 
vt 0.74405 0.862756 
vt 0.74405 0.816671 
vt 0.688792 0.862755 
vt 0.688792 0.816671 
vt 0.63214 0.816671 
vt 0.63214 0.862755 
vt 0.594372 0.816671 
vt 0.594372 0.862755 
vt 0.557534 0.816671 
vt 0.557534 0.862755 
vt 0.522533 0.816671 
vt 0.522532 0.862755 
vt 0.49023 0.816671 
vt 0.49023 0.862756 
vt 0.461422 0.816671 
vt 0.461422 0.862755 
vt 0.436818 0.816671 
vt 0.436818 0.862755 
vt 0.417023 0.816671 
vt 0.417023 0.862756 
vt 0.402525 0.816671 
vt 0.402525 0.862756 
vt 0.151648 0.444207 
vt 0.151648 0.527307 
vt 0.151648 0.527307 
vt 0.151648 0.444207 
vt 0.151648 0.359892 
vt 0.151648 0.359892 
vt 0.151648 0.274039 
vt 0.151648 0.274039 
vt 0.151648 0.274039 
vt 0.0977309 0.274039 
vt 0.0977309 0.274039 
vt 0.151648 0.274039 
vt 0.035075 0.274039 
vt 0.035075 0.274039 
vt 0.153315 0.465146 
vt 0.153315 0.400745 
vt 0.153315 0.400745 
vt 0.153315 0.357796 
vt 0.153315 0.465146 
vt 0.153315 0.528998 
vt 0.153315 0.528998 
vt 0.153315 0.357796 
vt 0.153315 0.314708 
vt 0.153315 0.314708 
vt 0.153315 0.270418 
vt 0.153315 0.270418 
vt 0.0488387 0.526245 
vt 0.154865 0.526245 
vt 0.154865 0.526245 
vt 0.0488387 0.526245 
vt 0.154865 0.526245 
vt 0.154865 0.526245 
vt 0.154717 0.529232 
vt 0.0620568 0.529232 
vt 0.0620568 0.529232 
vt 0.154717 0.529232 
vt 0.259803 0.959623 
vt 0.270096 0.939422 
vt 0.241311 0.946188 
vt 0.285087 0.944293 
vt 0.257343 0.930157 
vt 0.28154 0.966686 
vt 0.227877 0.927697 
vt 0.30085 0.944293 
vt 0.248078 0.917404 
vt 0.304397 0.966686 
vt 0.220814 0.905959 
vt 0.315842 0.939422 
vt 0.243207 0.902413 
vt 0.326135 0.959623 
vt 0.220814 0.883103 
vt 0.328594 0.930157 
vt 0.243207 0.886649 
vt 0.344626 0.946188 
vt 0.227877 0.861365 
vt 0.33786 0.917404 
vt 0.248078 0.871658 
vt 0.35806 0.927697 
vt 0.241311 0.842874 
vt 0.342731 0.902413 
vt 0.257343 0.858905 
vt 0.365124 0.905959 
vt 0.259803 0.829439 
vt 0.342731 0.886649 
vt 0.270096 0.84964 
vt 0.365124 0.883103 
vt 0.28154 0.822376 
vt 0.33786 0.871658 
vt 0.285087 0.844769 
vt 0.35806 0.861365 
vt 0.304397 0.822376 
vt 0.328594 0.858905 
vt 0.30085 0.844769 
vt 0.344626 0.842874 
vt 0.326135 0.829439 
vt 0.315842 0.84964 
vt 0.154788 0.390162 
vt 0.154788 0.441866 
vt 0.154788 0.441866 
vt 0.154788 0.390162 
vt 0.154788 0.335511 
vt 0.154788 0.335511 
vt 0.154788 0.274659 
vt 0.154788 0.274659 
vt 0.154717 0.402298 
vt 0.154717 0.27278 
vt 0.154717 0.27278 
vt 0.154717 0.402298 
vt 0.154717 0.529232 
vt 0.154717 0.529232 
vt 0.153773 0.357134 
vt 0.153773 0.269016 
vt 0.153773 0.269016 
vt 0.153773 0.357134 
vt 0.153773 0.444201 
vt 0.153773 0.444201 
vt 0.153773 0.532739 
vt 0.153773 0.532739 
vt 0.0723182 0.528998 
vt 0.112493 0.528998 
vt 0.112493 0.528998 
vt 0.153315 0.528998 
vt 0.153315 0.528998 
vt 0.0723182 0.528998 
vt 0.0243284 0.528998 
vt 0.0243284 0.528998 
vt 0.0516584 0.524344 
vt 0.104788 0.524344 
vt 0.104788 0.524344 
vt 0.0516584 0.524344 
vt 0.15191 0.524344 
vt 0.15191 0.524344 
vt 0.154865 0.447163 
vt 0.154865 0.361568 
vt 0.154865 0.361568 
vt 0.154865 0.274768 
vt 0.154865 0.274768 
vt 0.154865 0.447163 
vt 0.154865 0.526245 
vt 0.154865 0.526245 
vt 0.079493 0.270304 
vt 0.116565 0.270304 
vt 0.116565 0.270304 
vt 0.154242 0.270304 
vt 0.154242 0.270304 
vt 0.079493 0.270304 
vt 0.0367356 0.270304 
vt 0.0367356 0.270304 
vt 0.154242 0.485878 
vt 0.154242 0.443904 
vt 0.154242 0.443904 
vt 0.154242 0.485878 
vt 0.154242 0.526594 
vt 0.154242 0.526594 
vt 0.154242 0.401023 
vt 0.154242 0.401023 
vt 0.154242 0.357736 
vt 0.154242 0.357736 
vt 0.154242 0.3289 
vt 0.154242 0.3289 
vt 0.154242 0.300043 
vt 0.154242 0.300043 
vt 0.154242 0.270304 
vt 0.154242 0.270304 
vt 0.154865 0.526245 
vt 0.154865 0.447163 
vt 0.154865 0.447163 
vt 0.154865 0.526245 
vt 0.0620569 0.27278 
vt 0.154717 0.27278 
vt 0.154717 0.27278 
vt 0.0620569 0.27278 
vt 0.0367356 0.526594 
vt 0.079493 0.526594 
vt 0.079493 0.526594 
vt 0.0367356 0.526594 
vt 0.116565 0.526594 
vt 0.116565 0.526594 
vt 0.154242 0.526594 
vt 0.154242 0.526594 
vt 0.0960819 0.532739 
vt 0.153773 0.532739 
vt 0.153773 0.532739 
vt 0.0960819 0.532739 
vt 0.0306602 0.532739 
vt 0.0306602 0.532739 
vt 0.15191 0.36163 
vt 0.15191 0.444857 
vt 0.15191 0.444857 
vt 0.15191 0.524344 
vt 0.15191 0.524344 
vt 0.15191 0.36163 
vt 0.15191 0.273933 
vt 0.15191 0.273933 
vt 0.154865 0.274768 
vt 0.0488387 0.274768 
vt 0.0488387 0.274768 
vt 0.154865 0.274768 
vt 0.0944591 0.274659 
vt 0.154788 0.274659 
vt 0.154788 0.274659 
vt 0.0944591 0.274659 
vt 0.104788 0.273933 
vt 0.15191 0.273933 
vt 0.15191 0.273933 
vt 0.104788 0.273933 
vt 0.0516584 0.273933 
vt 0.0516584 0.273933 

usemtl Tier51Mtl

f 1/1/1 2/2/2 3/3/3 
f 1/1/1 4/4/4 2/2/2 
f 5/5/5 3/3/3 2/2/2 
f 4/4/4 6/6/6 2/2/2 
f 7/7/7 5/5/5 2/2/2 
f 6/6/6 8/8/8 2/2/2 
f 9/9/9 7/7/7 2/2/2 
f 8/8/8 10/10/10 2/2/2 
f 11/11/11 9/9/9 2/2/2 
f 10/10/10 12/12/12 2/2/2 
f 13/13/13 11/11/11 2/2/2 
f 12/12/12 14/14/14 2/2/2 
f 15/15/15 13/13/13 2/2/2 
f 14/14/14 16/16/16 2/2/2 
f 15/15/15 2/2/2 17/17/17 
f 16/16/16 18/18/18 2/2/2 
f 19/19/19 17/17/17 2/2/2 
f 18/18/18 20/20/20 2/2/2 
f 19/19/19 2/2/2 21/21/21 
f 20/20/20 21/21/21 2/2/2 
f 22/22/22 23/23/23 24/24/24 
f 22/22/22 24/24/24 25/25/25 
f 23/23/23 22/22/22 26/26/26 
f 25/25/25 27/27/27 22/22/22 
f 28/28/28 23/23/23 26/26/26 
f 29/29/29 27/27/27 25/25/25 
f 28/28/28 30/30/30 23/23/23 
f 29/29/29 31/31/31 27/27/27 
f 32/32/32 30/30/30 28/28/28 
f 29/29/29 33/33/33 31/31/31 
f 30/30/30 32/32/32 34/34/34 
f 33/33/33 29/29/29 35/35/35 
f 32/32/32 36/36/36 34/34/34 
f 37/37/37 33/33/33 35/35/35 
f 36/36/36 32/32/32 38/38/38 
f 33/33/33 37/37/37 39/39/39 
f 40/40/40 36/36/36 38/38/38 
f 36/36/36 40/40/40 41/41/41 
f 41/41/41 40/40/40 42/42/42 
f 37/37/37 43/43/43 39/39/39 
f 41/41/41 42/42/42 44/44/44 
f 43/43/43 37/37/37 45/45/45 
f 44/44/44 42/42/42 46/46/46 
f 43/43/43 45/45/45 47/47/47 
f 46/46/46 48/48/48 44/44/44 
f 49/49/49 43/43/43 47/47/47 
f 46/46/46 50/50/50 48/48/48 
f 47/47/47 51/51/51 49/49/49 
f 50/50/50 52/52/52 48/48/48 
f 51/51/51 47/47/47 53/53/53 
f 54/54/54 52/52/52 50/50/50 
f 55/55/55 51/51/51 53/53/53 
f 52/52/52 54/54/54 56/56/56 
f 55/55/55 57/57/57 51/51/51 
f 54/54/54 58/58/58 56/56/56 
f 55/55/55 59/59/59 57/57/57 
f 58/58/58 54/54/54 60/60/60 
f 59/59/59 55/55/55 61/61/61 
f 60/60/60 61/61/61 58/58/58 
f 61/61/61 60/60/60 59/59/59 
f 62/62/62 63/63/63 64/64/64 
f 65/65/65 63/63/63 62/62/62 
f 64/64/64 63/63/63 66/66/66 
f 67/67/67 63/63/63 65/65/65 
f 68/68/68 66/66/66 63/63/63 
f 69/69/69 63/63/63 67/67/67 
f 68/68/68 63/63/63 70/70/70 
f 71/71/71 63/63/63 69/69/69 
f 70/70/70 63/63/63 72/72/72 
f 73/73/73 63/63/63 71/71/71 
f 72/72/72 63/63/63 74/74/74 
f 75/75/75 63/63/63 73/73/73 
f 74/74/74 63/63/63 76/76/76 
f 75/75/75 77/77/77 63/63/63 
f 78/78/78 63/63/63 77/77/77 
f 76/76/76 63/63/63 79/79/79 
f 80/80/80 63/63/63 78/78/78 
f 79/79/79 63/63/63 81/81/81 
f 82/82/82 63/63/63 80/80/80 
f 81/81/81 63/63/63 82/82/82 
f 83/83/83 84/84/84 85/85/85 
f 83/83/83 85/85/85 86/86/86 
f 84/84/84 83/83/83 87/87/87 
f 83/83/83 86/86/86 88/88/88 
f 84/84/84 87/87/87 89/89/89 
f 86/86/86 90/90/90 88/88/88 
f 89/89/89 91/91/91 84/84/84 
f 88/88/88 90/90/90 92/92/92 
f 89/89/89 93/93/93 91/91/91 
f 93/93/93 89/89/89 94/94/94 
f 95/95/95 92/92/92 90/90/90 
f 94/94/94 96/96/96 93/93/93 
f 92/92/92 95/95/95 97/97/97 
f 96/96/96 94/94/94 98/98/98 
f 99/99/99 96/96/96 98/98/98 
f 96/96/96 99/99/99 100/100/100 
f 95/95/95 101/101/101 97/97/97 
f 101/101/101 95/95/95 102/102/102 
f 103/103/103 101/101/101 102/102/102 
f 104/104/104 100/100/100 99/99/99 
f 103/103/103 105/105/105 101/101/101 
f 104/104/104 106/106/106 100/100/100 
f 105/105/105 103/103/103 107/107/107 
f 104/104/104 108/108/108 106/106/106 
f 107/107/107 109/109/109 105/105/105 
f 108/108/108 104/104/104 110/110/110 
f 107/107/107 111/111/111 109/109/109 
f 110/110/110 112/112/112 108/108/108 
f 111/111/111 107/107/107 113/113/113 
f 112/112/112 110/110/110 114/114/114 
f 113/113/113 115/115/115 111/111/111 
f 114/114/114 116/116/116 112/112/112 
f 115/115/115 113/113/113 117/117/117 
f 116/116/116 114/114/114 118/118/118 
f 117/117/117 119/119/119 115/115/115 
f 120/120/120 116/116/116 118/118/118 
f 119/119/119 117/117/117 121/121/121 
f 116/116/116 120/120/120 122/122/122 
f 119/119/119 122/122/122 120/120/120 
f 122/122/122 119/119/119 121/121/121 
f 123/123/123 124/124/124 125/125/125 
f 126/126/126 125/125/125 124/124/124 
f 125/125/125 126/126/126 127/127/127 
f 124/124/124 123/123/123 128/128/128 
f 129/129/129 128/128/128 123/123/123 
f 128/128/128 129/129/129 130/130/130 
f 131/131/131 132/132/132 133/133/133 
f 134/134/134 135/135/135 136/136/136 
f 137/137/137 138/138/138 139/139/139 
f 140/140/140 141/141/141 142/142/142 
f 143/143/143 144/144/144 145/145/145 
f 146/146/146 147/147/147 148/148/148 
f 149/149/149 150/150/150 151/151/151 
f 152/152/152 153/153/153 154/154/154 
f 155/155/155 156/156/156 157/157/157 
f 158/158/158 159/159/159 160/160/160 
f 161/161/161 162/162/162 163/163/163 
f 164/164/164 165/165/165 166/166/166 
f 167/167/167 168/168/168 169/169/169 
f 168/168/168 170/170/170 169/169/169 
f 168/168/168 167/167/167 171/171/171 
f 172/172/172 171/171/171 167/167/167 
f 173/173/173 174/174/174 168/168/168 
f 171/171/171 173/173/173 168/168/168 
f 171/171/171 172/172/172 175/175/175 
f 176/176/176 175/175/175 172/172/172 
f 173/173/173 171/171/171 177/177/177 
f 175/175/175 176/176/176 178/178/178 
f 179/179/179 178/178/178 176/176/176 
f 180/180/180 171/171/171 175/175/175 
f 178/178/178 180/180/180 175/175/175 
f 180/180/180 177/177/177 171/171/171 
f 178/178/178 179/179/179 181/181/181 
f 182/182/182 181/181/181 179/179/179 
f 180/180/180 178/178/178 183/183/183 
f 181/181/181 183/183/183 178/178/178 
f 177/177/177 180/180/180 184/184/184 
f 183/183/183 184/184/184 180/180/180 
f 181/181/181 182/182/182 185/185/185 
f 186/186/186 185/185/185 182/182/182 
f 183/183/183 181/181/181 187/187/187 
f 185/185/185 187/187/187 181/181/181 
f 185/185/185 186/186/186 188/188/188 
f 189/189/189 188/188/188 186/186/186 
f 187/187/187 185/185/185 190/190/190 
f 188/188/188 190/190/190 185/185/185 
f 187/187/187 191/191/191 183/183/183 
f 184/184/184 183/183/183 191/191/191 
f 192/192/192 193/193/193 194/194/194 
f 193/193/193 192/192/192 195/195/195 
f 196/196/196 194/194/194 193/193/193 
f 194/194/194 196/196/196 197/197/197 
f 196/196/196 198/198/198 197/197/197 
f 193/193/193 199/199/199 196/196/196 
f 195/195/195 199/199/199 193/193/193 
f 196/196/196 199/199/199 200/200/200 
f 200/200/200 201/201/201 196/196/196 
f 199/199/199 195/195/195 202/202/202 
f 203/203/203 200/200/200 199/199/199 
f 202/202/202 203/203/203 199/199/199 
f 195/195/195 204/204/204 202/202/202 
f 200/200/200 203/203/203 205/205/205 
f 205/205/205 206/206/206 200/200/200 
f 207/207/207 205/205/205 203/203/203 
f 205/205/205 207/207/207 208/208/208 
f 208/208/208 209/209/209 205/205/205 
f 203/203/203 210/210/210 207/207/207 
f 203/203/203 202/202/202 211/211/211 
f 210/210/210 203/203/203 211/211/211 
f 204/204/204 211/211/211 202/202/202 
f 211/211/211 212/212/212 210/210/210 
f 212/212/212 211/211/211 213/213/213 
f 211/211/211 204/204/204 213/213/213 
f 213/213/213 214/214/214 212/212/212 
f 215/215/215 213/213/213 204/204/204 
f 204/204/204 216/216/216 215/215/215 
f 214/214/214 213/213/213 217/217/217 
f 213/213/213 215/215/215 217/217/217 
f 217/217/217 218/218/218 214/214/214 
f 219/219/219 215/215/215 216/216/216 
f 215/215/215 219/219/219 220/220/220 
f 220/220/220 217/217/217 215/215/215 
f 221/221/221 220/220/220 219/219/219 
f 220/220/220 221/221/221 222/222/222 
f 223/223/223 220/220/220 222/222/222 
f 218/218/218 217/217/217 224/224/224 
f 217/217/217 220/220/220 224/224/224 
f 220/220/220 223/223/223 224/224/224 
f 224/224/224 225/225/225 218/218/218 
f 225/225/225 224/224/224 223/223/223 
f 226/226/226 227/227/227 228/228/228 
f 227/227/227 226/226/226 229/229/229 
f 230/230/230 228/228/228 227/227/227 
f 228/228/228 230/230/230 231/231/231 
f 229/229/229 232/232/232 227/227/227 
f 232/232/232 230/230/230 227/227/227 
f 233/233/233 231/231/231 230/230/230 
f 231/231/231 233/233/233 234/234/234 
f 235/235/235 234/234/234 233/233/233 
f 234/234/234 235/235/235 236/236/236 
f 230/230/230 237/237/237 233/233/233 
f 237/237/237 235/235/235 233/233/233 
f 237/237/237 230/230/230 238/238/238 
f 230/230/230 232/232/232 238/238/238 
f 239/239/239 236/236/236 235/235/235 
f 236/236/236 239/239/239 240/240/240 
f 239/239/239 241/241/241 240/240/240 
f 235/235/235 242/242/242 239/239/239 
f 242/242/242 243/243/243 239/239/239 
f 242/242/242 235/235/235 244/244/244 
f 235/235/235 237/237/237 244/244/244 
f 244/244/244 245/245/245 242/242/242 
f 245/245/245 246/246/246 242/242/242 
f 247/247/247 244/244/244 237/237/237 
f 238/238/238 247/247/247 237/237/237 
f 245/245/245 244/244/244 248/248/248 
f 247/247/247 248/248/248 244/244/244 
f 245/245/245 248/248/248 249/249/249 
f 249/249/249 250/250/250 245/245/245 
f 250/250/250 251/251/251 245/245/245 
f 252/252/252 249/249/249 248/248/248 
f 248/248/248 247/247/247 252/252/252 
f 252/252/252 247/247/247 253/253/253 
f 247/247/247 238/238/238 254/254/254 
f 247/247/247 254/254/254 253/253/253 
f 253/253/253 254/254/254 255/255/255 
f 232/232/232 254/254/254 238/238/238 
f 254/254/254 256/256/256 255/255/255 
f 254/254/254 232/232/232 256/256/256 
f 256/256/256 257/257/257 255/255/255 
f 257/257/257 256/256/256 258/258/258 
f 256/256/256 232/232/232 258/258/258 
f 258/258/258 259/259/259 257/257/257 
f 259/259/259 258/258/258 260/260/260 
f 258/258/258 232/232/232 261/261/261 
f 261/261/261 260/260/260 258/258/258 
f 232/232/232 229/229/229 261/261/261 
f 260/260/260 261/261/261 262/262/262 
f 263/263/263 261/261/261 229/229/229 
f 261/261/261 263/263/263 262/262/262 
f 264/264/264 265/265/265 266/266/266 
f 266/266/266 267/267/267 264/264/264 
f 267/267/267 266/266/266 268/268/268 
f 265/265/265 264/264/264 269/269/269 
f 270/270/270 268/268/268 266/266/266 
f 268/268/268 270/270/270 271/271/271 
f 266/266/266 272/272/272 270/270/270 
f 272/272/272 266/266/266 265/265/265 
f 265/265/265 273/273/273 272/272/272 
f 273/273/273 265/265/265 274/274/274 
f 269/269/269 274/274/274 265/265/265 
f 274/274/274 269/269/269 275/275/275 
f 276/276/276 277/277/277 278/278/278 
f 279/279/279 280/280/280 281/281/281 
f 282/282/282 283/283/283 284/284/284 
f 285/285/285 286/286/286 287/287/287 
f 288/288/288 289/289/289 290/290/290 
f 291/291/291 290/290/290 292/292/292 
f 290/290/290 291/291/291 288/288/288 
f 293/293/293 288/288/288 291/291/291 
f 288/288/288 293/293/293 294/294/294 
f 289/289/289 288/288/288 295/295/295 
f 294/294/294 295/295/295 288/288/288 
f 295/295/295 296/296/296 289/289/289 
f 295/295/295 294/294/294 297/297/297 
f 296/296/296 295/295/295 298/298/298 
f 297/297/297 298/298/298 295/295/295 
f 298/298/298 297/297/297 299/299/299 
f 300/300/300 301/301/301 302/302/302 
f 301/301/301 300/300/300 303/303/303 
f 304/304/304 302/302/302 301/301/301 
f 305/305/305 303/303/303 300/300/300 
f 303/303/303 305/305/305 306/306/306 
f 302/302/302 307/307/307 300/300/300 
f 305/305/305 300/300/300 307/307/307 
f 302/302/302 304/304/304 308/308/308 
f 309/309/309 308/308/308 304/304/304 
f 310/310/310 306/306/306 305/305/305 
f 306/306/306 310/310/310 311/311/311 
f 310/310/310 312/312/312 311/311/311 
f 305/305/305 313/313/313 310/310/310 
f 313/313/313 314/314/314 310/310/310 
f 313/313/313 305/305/305 315/315/315 
f 305/305/305 307/307/307 315/315/315 
f 315/315/315 316/316/316 313/313/313 
f 316/316/316 317/317/317 313/313/313 
f 307/307/307 318/318/318 315/315/315 
f 316/316/316 319/319/319 320/320/320 
f 316/316/316 321/321/321 319/319/319 
f 316/316/316 315/315/315 322/322/322 
f 321/321/321 316/316/316 322/322/322 
f 315/315/315 318/318/318 322/322/322 
f 322/322/322 323/323/323 321/321/321 
f 323/323/323 322/322/322 318/318/318 
f 318/318/318 324/324/324 323/323/323 
f 325/325/325 318/318/318 307/307/307 
f 307/307/307 302/302/302 325/325/325 
f 324/324/324 318/318/318 326/326/326 
f 318/318/318 325/325/325 326/326/326 
f 326/326/326 327/327/327 324/324/324 
f 308/308/308 325/325/325 302/302/302 
f 328/328/328 326/326/326 325/325/325 
f 325/325/325 308/308/308 328/328/328 
f 327/327/327 326/326/326 329/329/329 
f 326/326/326 328/328/328 329/329/329 
f 329/329/329 330/330/330 327/327/327 
f 330/330/330 329/329/329 331/331/331 
f 328/328/328 331/331/331 329/329/329 
f 331/331/331 332/332/332 330/330/330 
f 332/332/332 331/331/331 333/333/333 
f 334/334/334 333/333/333 331/331/331 
f 334/334/334 331/331/331 328/328/328 
f 333/333/333 334/334/334 335/335/335 
f 336/336/336 328/328/328 308/308/308 
f 328/328/328 336/336/336 334/334/334 
f 308/308/308 309/309/309 336/336/336 
f 337/337/337 336/336/336 309/309/309 
f 338/338/338 334/334/334 336/336/336 
f 336/336/336 337/337/337 338/338/338 
f 334/334/334 338/338/338 335/335/335 
f 339/339/339 338/338/338 337/337/337 
f 340/340/340 335/335/335 338/338/338 
f 338/338/338 339/339/339 340/340/340 
f 335/335/335 340/340/340 341/341/341 
f 342/342/342 340/340/340 339/339/339 
f 343/343/343 341/341/341 340/340/340 
f 340/340/340 342/342/342 343/343/343 
f 344/344/344 345/345/345 346/346/346 
f 346/346/346 347/347/347 344/344/344 
f 347/347/347 346/346/346 348/348/348 
f 345/345/345 344/344/344 349/349/349 
f 350/350/350 348/348/348 346/346/346 
f 348/348/348 350/350/350 351/351/351 
f 346/346/346 352/352/352 350/350/350 
f 352/352/352 346/346/346 345/345/345 
f 345/345/345 353/353/353 352/352/352 
f 353/353/353 345/345/345 354/354/354 
f 349/349/349 354/354/354 345/345/345 
f 354/354/354 349/349/349 355/355/355 
f 356/356/356 357/357/357 358/358/358 
f 357/357/357 356/356/356 359/359/359 
f 358/358/358 360/360/360 356/356/356 
f 360/360/360 358/358/358 361/361/361 
f 362/362/362 363/363/363 364/364/364 
f 363/363/363 362/362/362 365/365/365 
f 362/362/362 366/366/366 365/365/365 
f 366/366/366 362/362/362 367/367/367 
f 368/368/368 365/365/365 366/366/366 
f 365/365/365 368/368/368 369/369/369 
f 370/370/370 369/369/369 368/368/368 
f 369/369/369 370/370/370 371/371/371 
f 372/372/372 373/373/373 374/374/374 
f 373/373/373 372/372/372 375/375/375 
f 376/376/376 374/374/374 373/373/373 
f 374/374/374 377/377/377 372/372/372 
f 374/374/374 376/376/376 378/378/378 
f 377/377/377 374/374/374 379/379/379 
f 378/378/378 379/379/379 374/374/374 
f 380/380/380 377/377/377 379/379/379 
f 377/377/377 380/380/380 381/381/381 
f 379/379/379 382/382/382 380/380/380 
f 379/379/379 378/378/378 383/383/383 
f 382/382/382 379/379/379 383/383/383 
f 384/384/384 382/382/382 383/383/383 
f 378/378/378 384/384/384 383/383/383 
f 382/382/382 384/384/384 385/385/385 
f 376/376/376 386/386/386 378/378/378 
f 384/384/384 378/378/378 386/386/386 
f 386/386/386 376/376/376 387/387/387 
f 388/388/388 385/385/385 384/384/384 
f 386/386/386 388/388/388 384/384/384 
f 385/385/385 388/388/388 389/389/389 
f 387/387/387 390/390/390 386/386/386 
f 388/388/388 386/386/386 390/390/390 
f 390/390/390 387/387/387 391/391/391 
f 392/392/392 389/389/389 388/388/388 
f 390/390/390 392/392/392 388/388/388 
f 389/389/389 392/392/392 393/393/393 
f 392/392/392 390/390/390 394/394/394 
f 391/391/391 394/394/394 390/390/390 
f 394/394/394 391/391/391 395/395/395 
f 396/396/396 397/397/397 398/398/398 
f 399/399/399 400/400/400 401/401/401 
f 402/402/402 403/403/403 404/404/404 
f 405/405/405 406/406/406 407/407/407 
f 408/408/408 409/409/409 410/410/410 
f 409/409/409 408/408/408 411/411/411 
f 410/410/410 412/412/412 408/408/408 
f 412/412/412 410/410/410 413/413/413 
f 414/414/414 409/409/409 411/411/411 
f 409/409/409 414/414/414 415/415/415 
f 408/408/408 416/416/416 411/411/411 
f 416/416/416 414/414/414 411/411/411 
f 412/412/412 417/417/417 408/408/408 
f 416/416/416 408/408/408 417/417/417 
f 413/413/413 418/418/418 412/412/412 
f 418/418/418 413/413/413 419/419/419 
f 419/419/419 420/420/420 418/418/418 
f 420/420/420 419/419/419 421/421/421 
f 418/418/418 422/422/422 412/412/412 
f 417/417/417 412/412/412 422/422/422 
f 420/420/420 423/423/423 418/418/418 
f 422/422/422 418/418/418 423/423/423 
f 423/423/423 420/420/420 424/424/424 
f 424/424/424 425/425/425 423/423/423 
f 425/425/425 424/424/424 426/426/426 
f 427/427/427 423/423/423 425/425/425 
f 423/423/423 427/427/427 422/422/422 
f 428/428/428 422/422/422 427/427/427 
f 422/422/422 428/428/428 417/417/417 
f 429/429/429 417/417/417 428/428/428 
f 417/417/417 429/429/429 416/416/416 
f 429/429/429 430/430/430 416/416/416 
f 430/430/430 429/429/429 431/431/431 
f 414/414/414 416/416/416 430/430/430 
f 431/431/431 432/432/432 430/430/430 
f 430/430/430 433/433/433 414/414/414 
f 433/433/433 430/430/430 432/432/432 
f 433/433/433 415/415/415 414/414/414 
f 432/432/432 431/431/431 434/434/434 
f 415/415/415 433/433/433 435/435/435 
f 434/434/434 436/436/436 432/432/432 
f 436/436/436 434/434/434 437/437/437 
f 438/438/438 432/432/432 436/436/436 
f 432/432/432 438/438/438 433/433/433 
f 438/438/438 435/435/435 433/433/433 
f 435/435/435 438/438/438 439/439/439 
f 440/440/440 441/441/441 442/442/442 
f 443/443/443 444/444/444 445/445/445 
f 446/446/446 447/447/447 448/448/448 
f 449/449/449 450/450/450 451/451/451 
f 452/452/452 453/453/453 454/454/454 
f 455/455/455 456/456/456 457/457/457 
f 458/458/458 459/459/459 460/460/460 
f 461/461/461 462/462/462 463/463/463 
f 464/464/464 465/465/465 466/466/466 
f 467/467/467 468/468/468 469/469/469 
f 470/470/470 471/471/471 472/472/472 
f 473/473/473 474/474/474 475/475/475 
f 476/476/476 477/477/477 478/478/478 
f 477/477/477 479/479/479 478/478/478 
f 479/479/479 480/480/480 478/478/478 
f 481/481/481 477/477/477 476/476/476 
f 482/482/482 481/481/481 476/476/476 
f 481/481/481 482/482/482 483/483/483 
f 476/476/476 484/484/484 482/482/482 
f 485/485/485 483/483/483 482/482/482 
f 485/485/485 482/482/482 484/484/484 
f 485/485/485 486/486/486 483/483/483 
f 486/486/486 485/485/485 487/487/487 
f 487/487/487 488/488/488 486/486/486 
f 489/489/489 487/487/487 485/485/485 
f 489/489/489 485/485/485 484/484/484 
f 488/488/488 487/487/487 490/490/490 
f 490/490/490 491/491/491 488/488/488 
f 491/491/491 490/490/490 492/492/492 
f 493/493/493 490/490/490 487/487/487 
f 487/487/487 489/489/489 493/493/493 
f 494/494/494 492/492/492 490/490/490 
f 490/490/490 493/493/493 494/494/494 
f 492/492/492 494/494/494 495/495/495 
f 495/495/495 496/496/496 492/492/492 
f 497/497/497 489/489/489 484/484/484 
f 497/497/497 498/498/498 489/489/489 
f 499/499/499 497/497/497 484/484/484 
f 500/500/500 489/489/489 498/498/498 
f 489/489/489 500/500/500 493/493/493 
f 496/496/496 495/495/495 501/501/501 
f 499/499/499 484/484/484 502/502/502 
f 484/484/484 476/476/476 502/502/502 
f 478/478/478 502/502/502 476/476/476 
f 502/502/502 478/478/478 503/503/503 
f 503/503/503 478/478/478 504/504/504 
f 505/505/505 499/499/499 502/502/502 
f 505/505/505 502/502/502 503/503/503 
f 503/503/503 506/506/506 505/505/505 
f 505/505/505 507/507/507 499/499/499 
f 507/507/507 505/505/505 508/508/508 
f 508/508/508 505/505/505 509/509/509 
f 501/501/501 510/510/510 496/496/496 
f 510/510/510 511/511/511 512/512/512 
f 510/510/510 501/501/501 513/513/513 
f 511/511/511 510/510/510 514/514/514 
f 513/513/513 514/514/514 510/510/510 
f 343/343/343 511/511/511 514/514/514 
f 511/511/511 343/343/343 342/342/342 
f 514/514/514 513/513/513 515/515/515 
f 516/516/516 514/514/514 515/515/515 
f 514/514/514 516/516/516 343/343/343 
f 513/513/513 517/517/517 515/515/515 
f 341/341/341 343/343/343 516/516/516 
f 517/517/517 513/513/513 518/518/518 
f 501/501/501 518/518/518 513/513/513 
f 518/518/518 519/519/519 517/517/517 
f 519/519/519 518/518/518 520/520/520 
f 518/518/518 501/501/501 521/521/521 
f 521/521/521 520/520/520 518/518/518 
f 495/495/495 521/521/521 501/501/501 
f 520/520/520 521/521/521 522/522/522 
f 521/521/521 495/495/495 523/523/523 
f 523/523/523 522/522/522 521/521/521 
f 494/494/494 523/523/523 495/495/495 
f 522/522/522 523/523/523 524/524/524 
f 523/523/523 494/494/494 525/525/525 
f 525/525/525 524/524/524 523/523/523 
f 493/493/493 525/525/525 494/494/494 
f 524/524/524 525/525/525 526/526/526 
f 525/525/525 493/493/493 500/500/500 
f 500/500/500 526/526/526 525/525/525 
f 526/526/526 500/500/500 527/527/527 
f 528/528/528 529/529/529 530/530/530 
f 531/531/531 532/532/532 533/533/533 
f 534/534/534 535/535/535 536/536/536 
f 537/537/537 538/538/538 539/539/539 
f 540/540/540 541/541/541 542/542/542 
f 543/543/543 544/544/544 545/545/545 
f 546/546/546 547/547/547 548/548/548 
f 549/549/549 550/550/550 551/551/551 
f 552/552/552 553/553/553 554/554/554 
f 555/555/555 556/556/556 557/557/557 
f 558/558/558 559/559/559 560/560/560 
f 561/561/561 562/562/562 563/563/563 
f 564/564/564 229/229/229 226/226/226 
f 229/229/229 564/564/564 263/263/263 
f 565/565/565 263/263/263 564/564/564 
f 263/263/263 565/565/565 566/566/566 
f 567/567/567 566/566/566 565/565/565 
f 566/566/566 567/567/567 568/568/568 
f 569/569/569 568/568/568 567/567/567 
f 568/568/568 569/569/569 570/570/570 
f 569/569/569 571/571/571 570/570/570 
f 571/571/571 569/569/569 572/572/572 
f 572/572/572 573/573/573 571/571/571 
f 573/573/573 572/572/572 574/574/574 
f 574/574/574 575/575/575 573/573/573 
f 575/575/575 574/574/574 576/576/576 
f 576/576/576 577/577/577 575/575/575 
f 577/577/577 576/576/576 578/578/578 
f 578/578/578 579/579/579 577/577/577 
f 579/579/579 578/578/578 580/580/580 
f 581/581/581 577/577/577 579/579/579 
f 577/577/577 581/581/581 582/582/582 
f 581/581/581 583/583/583 582/582/582 
f 579/579/579 584/584/584 581/581/581 
f 583/583/583 581/581/581 585/585/585 
f 584/584/584 585/585/585 581/581/581 
f 585/585/585 586/586/586 583/583/583 
f 586/586/586 585/585/585 587/587/587 
f 588/588/588 587/587/587 585/585/585 
f 585/585/585 584/584/584 588/588/588 
f 587/587/587 588/588/588 589/589/589 
f 590/590/590 589/589/589 588/588/588 
f 584/584/584 590/590/590 588/588/588 
f 589/589/589 590/590/590 591/591/591 
f 584/584/584 579/579/579 592/592/592 
f 580/580/580 592/592/592 579/579/579 
f 592/592/592 580/580/580 593/593/593 
f 592/592/592 594/594/594 584/584/584 
f 590/590/590 584/584/584 594/594/594 
f 593/593/593 595/595/595 592/592/592 
f 594/594/594 592/592/592 595/595/595 
f 595/595/595 593/593/593 596/596/596 
f 596/596/596 597/597/597 595/595/595 
f 597/597/597 594/594/594 595/595/595 
f 597/597/597 596/596/596 598/598/598 
f 599/599/599 590/590/590 594/594/594 
f 594/594/594 597/597/597 599/599/599 
f 600/600/600 591/591/591 590/590/590 
f 590/590/590 599/599/599 600/600/600 
f 591/591/591 600/600/600 601/601/601 
f 598/598/598 602/602/602 597/597/597 
f 602/602/602 599/599/599 597/597/597 
f 602/602/602 598/598/598 603/603/603 
f 602/602/602 603/603/603 604/604/604 
f 599/599/599 602/602/602 605/605/605 
f 605/605/605 602/602/602 606/606/606 
f 607/607/607 599/599/599 605/605/605 
f 599/599/599 607/607/607 600/600/600 
f 607/607/607 601/601/601 600/600/600 
f 607/607/607 605/605/605 608/608/608 
f 601/601/601 607/607/607 609/609/609 
f 607/607/607 610/610/610 609/609/609 
f 611/611/611 612/612/612 613/613/613 
f 614/614/614 615/615/615 616/616/616 
f 617/617/617 618/618/618 619/619/619 
f 620/620/620 621/621/621 622/622/622 
f 623/623/623 624/624/624 625/625/625 
f 626/626/626 627/627/627 628/628/628 
f 629/629/629 630/630/630 631/631/631 
f 632/632/632 633/633/633 634/634/634 
f 635/635/635 636/636/636 637/637/637 
f 638/638/638 639/639/639 640/640/640 
f 641/641/641 642/642/642 643/643/643 
f 644/644/644 645/645/645 646/646/646 
f 647/647/647 648/648/648 649/649/649 
f 650/650/650 651/651/651 652/652/652 
f 653/653/653 654/654/654 655/655/655 
f 656/656/656 657/657/657 658/658/658 
f 659/659/659 660/660/660 661/661/661 
f 662/662/662 663/663/663 664/664/664 
f 665/665/665 666/666/666 667/667/667 
f 668/668/668 669/669/669 670/670/670 
f 671/671/671 672/672/672 673/673/673 
f 674/674/674 675/675/675 676/676/676 
f 677/677/677 678/678/678 679/679/679 
f 680/680/680 681/681/681 682/682/682 
f 683/683/683 684/684/684 685/685/685 
f 686/686/686 687/687/687 688/688/688 
f 689/689/689 690/690/690 691/691/691 
f 692/692/692 693/693/693 694/694/694 
f 695/695/695 696/696/696 697/697/697 
f 698/698/698 699/699/699 700/700/700 
f 701/701/701 702/702/702 703/703/703 
f 704/704/704 705/705/705 706/706/706 
f 707/707/707 708/708/708 709/709/709 
f 708/708/708 707/707/707 710/710/710 
f 711/711/711 709/709/709 708/708/708 
f 707/707/707 712/712/712 710/710/710 
f 709/709/709 711/711/711 713/713/713 
f 712/712/712 707/707/707 714/714/714 
f 715/715/715 713/713/713 711/711/711 
f 713/713/713 715/715/715 716/716/716 
f 714/714/714 717/717/717 712/712/712 
f 717/717/717 714/714/714 718/718/718 
f 718/718/718 719/719/719 717/717/717 
f 719/719/719 718/718/718 720/720/720 
f 721/721/721 719/719/719 720/720/720 
f 719/719/719 721/721/721 722/722/722 
f 723/723/723 722/722/722 721/721/721 
f 722/722/722 723/723/723 724/724/724 
f 723/723/723 725/725/725 724/724/724 
f 725/725/725 723/723/723 726/726/726 
f 727/727/727 725/725/725 726/726/726 
f 725/725/725 727/727/727 728/728/728 
f 727/727/727 729/729/729 728/728/728 
f 729/729/729 727/727/727 730/730/730 
f 730/730/730 731/731/731 729/729/729 
f 731/731/731 730/730/730 732/732/732 
f 733/733/733 731/731/731 732/732/732 
f 731/731/731 733/733/733 734/734/734 
f 733/733/733 735/735/735 734/734/734 
f 735/735/735 733/733/733 736/736/736 
f 736/736/736 737/737/737 735/735/735 
f 737/737/737 736/736/736 738/738/738 
f 739/739/739 737/737/737 738/738/738 
f 737/737/737 739/739/739 740/740/740 
f 741/741/741 742/742/742 743/743/743 
f 744/744/744 745/745/745 746/746/746 
f 747/747/747 748/748/748 749/749/749 
f 750/750/750 751/751/751 752/752/752 
f 753/753/753 754/754/754 755/755/755 
f 756/756/756 757/757/757 758/758/758 
f 759/759/759 760/760/760 761/761/761 
f 760/760/760 759/759/759 762/762/762 
f 763/763/763 762/762/762 759/759/759 
f 762/762/762 763/763/763 764/764/764 
f 763/763/763 765/765/765 764/764/764 
f 765/765/765 763/763/763 766/766/766 
f 766/766/766 767/767/767 765/765/765 
f 767/767/767 766/766/766 768/768/768 
f 768/768/768 769/769/769 767/767/767 
f 769/769/769 768/768/768 770/770/770 
f 771/771/771 769/769/769 770/770/770 
f 769/769/769 771/771/771 772/772/772 
f 773/773/773 772/772/772 771/771/771 
f 772/772/772 773/773/773 774/774/774 
f 773/773/773 775/775/775 774/774/774 
f 775/775/775 773/773/773 776/776/776 
f 776/776/776 777/777/777 775/775/775 
f 777/777/777 776/776/776 778/778/778 
f 779/779/779 777/777/777 778/778/778 
f 777/777/777 779/779/779 780/780/780 
f 779/779/779 781/781/781 780/780/780 
f 781/781/781 779/779/779 782/782/782 
f 782/782/782 783/783/783 781/781/781 
f 783/783/783 782/782/782 784/784/784 
f 785/785/785 783/783/783 784/784/784 
f 783/783/783 785/785/785 786/786/786 
f 787/787/787 786/786/786 785/785/785 
f 786/786/786 787/787/787 788/788/788 
f 788/788/788 787/787/787 789/789/789 
f 789/789/789 787/787/787 790/790/790 
f 789/789/789 790/790/790 791/791/791 
f 791/791/791 790/790/790 792/792/792 
f 793/793/793 794/794/794 795/795/795 
f 796/796/796 797/797/797 798/798/798 
f 799/799/799 800/800/800 801/801/801 
f 802/802/802 803/803/803 804/804/804 
f 805/805/805 806/806/806 807/807/807 
f 808/808/808 809/809/809 810/810/810 
f 811/811/811 812/812/812 813/813/813 
f 814/814/814 815/815/815 816/816/816 
f 817/817/817 814/814/814 816/816/816 
f 815/815/815 814/814/814 818/818/818 
f 814/814/814 817/817/817 819/819/819 
f 820/820/820 819/819/819 817/817/817 
f 819/819/819 820/820/820 821/821/821 
f 822/822/822 815/815/815 818/818/818 
f 815/815/815 822/822/822 823/823/823 
f 822/822/822 824/824/824 823/823/823 
f 824/824/824 822/822/822 825/825/825 
f 826/826/826 824/824/824 825/825/825 
f 824/824/824 826/826/826 827/827/827 
f 828/828/828 827/827/827 826/826/826 
f 827/827/827 828/828/828 829/829/829 
f 828/828/828 830/830/830 829/829/829 
f 830/830/830 828/828/828 831/831/831 
f 831/831/831 832/832/832 830/830/830 
f 832/832/832 831/831/831 833/833/833 
f 834/834/834 832/832/832 833/833/833 
f 832/832/832 834/834/834 835/835/835 
f 834/834/834 836/836/836 835/835/835 
f 836/836/836 834/834/834 837/837/837 
f 837/837/837 838/838/838 836/836/836 
f 838/838/838 837/837/837 839/839/839 
f 839/839/839 840/840/840 838/838/838 
f 840/840/840 839/839/839 841/841/841 
f 842/842/842 840/840/840 841/841/841 
f 840/840/840 842/842/842 843/843/843 
f 844/844/844 843/843/843 842/842/842 
f 845/845/845 844/844/844 842/842/842 
f 846/846/846 844/844/844 845/845/845 
f 847/847/847 846/846/846 845/845/845 
f 848/848/848 849/849/849 850/850/850 
f 849/849/849 851/851/851 850/850/850 
f 849/849/849 848/848/848 852/852/852 
f 851/851/851 849/849/849 853/853/853 
f 848/848/848 854/854/854 852/852/852 
f 853/853/853 855/855/855 851/851/851 
f 854/854/854 848/848/848 856/856/856 
f 855/855/855 853/853/853 857/857/857 
f 856/856/856 858/858/858 854/854/854 
f 859/859/859 855/855/855 857/857/857 
f 858/858/858 856/856/856 860/860/860 
f 860/860/860 861/861/861 858/858/858 
f 861/861/861 860/860/860 862/862/862 
f 855/855/855 859/859/859 863/863/863 
f 859/859/859 864/864/864 863/863/863 
f 864/864/864 859/859/859 865/865/865 
f 866/866/866 864/864/864 865/865/865 
f 864/864/864 866/866/866 867/867/867 
f 868/868/868 867/867/867 866/866/866 
f 867/867/867 868/868/868 869/869/869 
f 868/868/868 870/870/870 869/869/869 
f 870/870/870 868/868/868 871/871/871 
f 871/871/871 872/872/872 870/870/870 
f 872/872/872 871/871/871 873/873/873 
f 874/874/874 872/872/872 873/873/873 
f 872/872/872 874/874/874 875/875/875 
f 876/876/876 875/875/875 874/874/874 
f 875/875/875 876/876/876 877/877/877 
f 878/878/878 877/877/877 876/876/876 
f 877/877/877 878/878/878 879/879/879 
f 880/880/880 879/879/879 878/878/878 
f 879/879/879 880/880/880 881/881/881 
f 882/882/882 883/883/883 884/884/884 
f 885/885/885 886/886/886 887/887/887 
f 888/888/888 889/889/889 890/890/890 
f 891/891/891 892/892/892 893/893/893 
f 894/894/894 895/895/895 896/896/896 
f 897/897/897 898/898/898 899/899/899 
f 900/900/900 901/901/901 902/902/902 
f 903/903/903 904/904/904 905/905/905 
f 906/906/906 907/907/907 908/908/908 
f 909/909/909 910/910/910 911/911/911 
f 912/912/912 913/913/913 914/914/914 
f 915/915/915 916/916/916 917/917/917 
f 918/918/918 919/919/919 920/920/920 
f 921/921/921 922/922/922 923/923/923 
f 924/924/924 925/925/925 926/926/926 
f 927/927/927 928/928/928 929/929/929 
f 930/930/930 931/931/931 932/932/932 
f 933/933/933 934/934/934 935/935/935 
f 936/936/936 937/937/937 938/938/938 
f 939/939/939 940/940/940 941/941/941 
f 942/942/942 943/943/943 944/944/944 
f 945/945/945 946/946/946 947/947/947 
f 948/948/948 949/949/949 950/950/950 
f 951/951/951 952/952/952 953/953/953 
f 954/954/954 955/955/955 956/956/956 
f 957/957/957 958/958/958 959/959/959 
f 960/960/960 961/961/961 962/962/962 
f 963/963/963 964/964/964 965/965/965 
f 966/966/966 967/967/967 968/968/968 
f 969/969/969 970/970/970 971/971/971 
f 972/972/972 973/973/973 974/974/974 
f 975/975/975 976/976/976 977/977/977 
f 978/978/978 979/979/979 980/980/980 
f 981/981/981 982/982/982 983/983/983 
f 984/984/984 985/985/985 986/986/986 
f 987/987/987 988/988/988 989/989/989 
f 990/990/990 991/991/991 992/992/992 
f 993/993/993 994/994/994 995/995/995 
f 996/996/996 997/997/997 998/998/998 
f 999/999/999 1000/1000/1000 1001/1001/1001 
f 1002/1002/1002 1003/1003/1003 1004/1004/1004 
f 1005/1005/1005 1006/1006/1006 1007/1007/1007 
f 1008/1008/1008 1009/1009/1009 1010/1010/1010 
f 1011/1011/1011 1012/1012/1012 1013/1013/1013 
f 1014/1014/1014 1015/1015/1015 1016/1016/1016 
f 1017/1017/1017 1018/1018/1018 1019/1019/1019 
f 1020/1020/1020 1021/1021/1021 1022/1022/1022 
f 1023/1023/1023 1024/1024/1024 1025/1025/1025 
f 1026/1026/1026 1027/1027/1027 1028/1028/1028 
f 1029/1029/1029 1030/1030/1030 1031/1031/1031 
f 1032/1032/1032 1033/1033/1033 1034/1034/1034 
f 1035/1035/1035 1036/1036/1036 1037/1037/1037 
f 1038/1038/1038 1039/1039/1039 1040/1040/1040 
f 1041/1041/1041 1042/1042/1042 1043/1043/1043 
f 1044/1044/1044 1045/1045/1045 1046/1046/1046 
f 1047/1047/1047 1048/1048/1048 1049/1049/1049 
f 1050/1050/1050 1051/1051/1051 1052/1052/1052 
f 1053/1053/1053 1054/1054/1054 1055/1055/1055 
f 1056/1056/1056 1057/1057/1057 1058/1058/1058 
f 1059/1059/1059 1060/1060/1060 1061/1061/1061 
f 1062/1062/1062 1063/1063/1063 1064/1064/1064 
f 1065/1065/1065 1066/1066/1066 1067/1067/1067 
f 1068/1068/1068 1069/1069/1069 1070/1070/1070 
f 1071/1071/1071 1072/1072/1072 1073/1073/1073 
f 1074/1074/1074 1075/1075/1075 1076/1076/1076 
f 1077/1077/1077 1078/1078/1078 1079/1079/1079 
f 1080/1080/1080 1081/1081/1081 1082/1082/1082 
f 1083/1083/1083 1084/1084/1084 1085/1085/1085 
f 1086/1086/1086 1087/1087/1087 1088/1088/1088 
f 1089/1089/1089 1090/1090/1090 1091/1091/1091 
f 1092/1092/1092 1093/1093/1093 1094/1094/1094 
f 1095/1095/1095 1096/1096/1096 1097/1097/1097 
f 1098/1098/1098 1099/1099/1099 1100/1100/1100 
f 1101/1101/1101 1102/1102/1102 1103/1103/1103 
f 1104/1104/1104 1105/1105/1105 1106/1106/1106 
f 1107/1107/1107 1108/1108/1108 1109/1109/1109 
f 1110/1110/1110 1111/1111/1111 1112/1112/1112 
f 1113/1113/1113 1114/1114/1114 1115/1115/1115 
f 1116/1116/1116 1117/1117/1117 1118/1118/1118 
f 1119/1119/1119 216/216/216 1120/1120/1120 
f 1121/1121/1121 1120/1120/1120 216/216/216 
f 1120/1120/1120 1121/1121/1121 1122/1122/1122 
f 216/216/216 1119/1119/1119 219/219/219 
f 1123/1123/1123 219/219/219 1119/1119/1119 
f 195/195/195 1122/1122/1122 1121/1121/1121 
f 216/216/216 204/204/204 1121/1121/1121 
f 1121/1121/1121 204/204/204 195/195/195 
f 1122/1122/1122 195/195/195 192/192/192 
f 219/219/219 1123/1123/1123 221/221/221 
f 1124/1124/1124 221/221/221 1123/1123/1123 
f 221/221/221 1124/1124/1124 1125/1125/1125 
f 1126/1126/1126 1125/1125/1125 1124/1124/1124 
f 1125/1125/1125 1126/1126/1126 1127/1127/1127 
f 1128/1128/1128 1127/1127/1127 1126/1126/1126 
f 1127/1127/1127 1128/1128/1128 1129/1129/1129 
f 1128/1128/1128 1130/1130/1130 1129/1129/1129 
f 1130/1130/1130 1128/1128/1128 1131/1131/1131 
f 1131/1131/1131 1132/1132/1132 1130/1130/1130 
f 1132/1132/1132 1131/1131/1131 1133/1133/1133 
f 1133/1133/1133 1134/1134/1134 1132/1132/1132 
f 1134/1134/1134 1133/1133/1133 1135/1135/1135 
f 1136/1136/1136 1132/1132/1132 1134/1134/1134 
f 1132/1132/1132 1136/1136/1136 1137/1137/1137 
f 1136/1136/1136 1138/1138/1138 1137/1137/1137 
f 1138/1138/1138 1136/1136/1136 1139/1139/1139 
f 1139/1139/1139 1140/1140/1140 1138/1138/1138 
f 1141/1141/1141 1139/1139/1139 1136/1136/1136 
f 1140/1140/1140 1139/1139/1139 1142/1142/1142 
f 1139/1139/1139 1141/1141/1141 1143/1143/1143 
f 1143/1143/1143 1142/1142/1142 1139/1139/1139 
f 1144/1144/1144 1143/1143/1143 1141/1141/1141 
f 1142/1142/1142 1143/1143/1143 1145/1145/1145 
f 1143/1143/1143 1144/1144/1144 1146/1146/1146 
f 1146/1146/1146 1145/1145/1145 1143/1143/1143 
f 1145/1145/1145 1146/1146/1146 1147/1147/1147 
f 1148/1148/1148 1146/1146/1146 1144/1144/1144 
f 1149/1149/1149 1147/1147/1147 1146/1146/1146 
f 1146/1146/1146 1148/1148/1148 1149/1149/1149 
f 1147/1147/1147 1149/1149/1149 1150/1150/1150 
f 1151/1151/1151 1150/1150/1150 1149/1149/1149 
f 1148/1148/1148 1151/1151/1151 1149/1149/1149 
f 1150/1150/1150 1151/1151/1151 1152/1152/1152 
f 1151/1151/1151 1148/1148/1148 1153/1153/1153 
f 1154/1154/1154 1152/1152/1152 1151/1151/1151 
f 1152/1152/1152 1154/1154/1154 1155/1155/1155 
f 1156/1156/1156 1151/1151/1151 1153/1153/1153 
f 1151/1151/1151 1156/1156/1156 1154/1154/1154 
f 1148/1148/1148 1157/1157/1157 1153/1153/1153 
f 1157/1157/1157 1148/1148/1148 1158/1158/1158 
f 1158/1158/1158 1159/1159/1159 1157/1157/1157 
f 1159/1159/1159 1160/1160/1160 1157/1157/1157 
f 1161/1161/1161 1153/1153/1153 1157/1157/1157 
f 1161/1161/1161 1157/1157/1157 1160/1160/1160 
f 1153/1153/1153 1161/1161/1161 1156/1156/1156 
f 1160/1160/1160 1162/1162/1162 1161/1161/1161 
f 1163/1163/1163 1161/1161/1161 1162/1162/1162 
f 1162/1162/1162 1164/1164/1164 1163/1163/1163 
f 1163/1163/1163 1164/1164/1164 1165/1165/1165 
f 1166/1166/1166 1161/1161/1161 1163/1163/1163 
f 1166/1166/1166 1156/1156/1156 1161/1161/1161 
f 1166/1166/1166 1163/1163/1163 1167/1167/1167 
f 1166/1166/1166 1154/1154/1154 1156/1156/1156 
f 1154/1154/1154 1166/1166/1166 1168/1168/1168 
f 1168/1168/1168 1166/1166/1166 1169/1169/1169 
f 1168/1168/1168 1155/1155/1155 1154/1154/1154 
f 1155/1155/1155 1168/1168/1168 1170/1170/1170 
f 1170/1170/1170 1168/1168/1168 1171/1171/1171 
f 1172/1172/1172 1173/1173/1173 1174/1174/1174 
f 1175/1175/1175 1176/1176/1176 1177/1177/1177 
f 1178/1178/1178 1179/1179/1179 1180/1180/1180 
f 1181/1181/1181 1182/1182/1182 1183/1183/1183 
f 1184/1184/1184 1185/1185/1185 1186/1186/1186 
f 1187/1187/1187 1188/1188/1188 1189/1189/1189 
f 1190/1190/1190 1191/1191/1191 1192/1192/1192 
f 1193/1193/1193 1194/1194/1194 1195/1195/1195 
f 1196/1196/1196 1197/1197/1197 1198/1198/1198 
f 1199/1199/1199 1200/1200/1200 1201/1201/1201 
f 1202/1202/1202 1203/1203/1203 1204/1204/1204 
f 1205/1205/1205 1206/1206/1206 1207/1207/1207 
f 1208/1208/1208 1209/1209/1209 1210/1210/1210 
f 1211/1211/1211 1212/1212/1212 1213/1213/1213 
f 1214/1214/1214 1215/1215/1215 1216/1216/1216 
f 1217/1217/1217 1218/1218/1218 1219/1219/1219 
f 1220/1220/1220 1221/1221/1221 1222/1222/1222 
f 1223/1223/1223 1224/1224/1224 1225/1225/1225 
f 1226/1226/1226 1227/1227/1227 1228/1228/1228 
f 1229/1229/1229 1230/1230/1230 1231/1231/1231 
f 1232/1232/1232 1233/1233/1233 1234/1234/1234 
f 1235/1235/1235 1236/1236/1236 1237/1237/1237 
f 1238/1238/1238 1239/1239/1239 1240/1240/1240 
f 1241/1241/1241 1242/1242/1242 1243/1243/1243 
f 1244/1244/1244 1245/1245/1245 1246/1246/1246 
f 1247/1247/1247 1248/1248/1248 1249/1249/1249 
f 1250/1250/1250 1251/1251/1251 1252/1252/1252 
f 1253/1253/1253 1254/1254/1254 1255/1255/1255 
f 188/188/188 189/189/189 1256/1256/1256 
f 1257/1257/1257 1256/1256/1256 189/189/189 
f 191/191/191 1258/1258/1258 184/184/184 
f 191/191/191 1259/1259/1259 1258/1258/1258 
f 184/184/184 1258/1258/1258 1260/1260/1260 
f 1261/1261/1261 1259/1259/1259 191/191/191 
f 191/191/191 187/187/187 1261/1261/1261 
f 1261/1261/1261 1262/1262/1262 1259/1259/1259 
f 190/190/190 1261/1261/1261 187/187/187 
f 1262/1262/1262 1261/1261/1261 1263/1263/1263 
f 1261/1261/1261 190/190/190 1263/1263/1263 
f 1263/1263/1263 1264/1264/1264 1262/1262/1262 
f 1265/1265/1265 184/184/184 1260/1260/1260 
f 1265/1265/1265 177/177/177 184/184/184 
f 1265/1265/1265 1260/1260/1260 1266/1266/1266 
f 1267/1267/1267 177/177/177 1265/1265/1265 
f 1267/1267/1267 1265/1265/1265 1266/1266/1266 
f 177/177/177 1267/1267/1267 173/173/173 
f 1267/1267/1267 1268/1268/1268 173/173/173 
f 1267/1267/1267 1266/1266/1266 1269/1269/1269 
f 1269/1269/1269 1270/1270/1270 1267/1267/1267 
f 1264/1264/1264 1263/1263/1263 1271/1271/1271 
f 190/190/190 1271/1271/1271 1263/1263/1263 
f 1271/1271/1271 1272/1272/1272 1264/1264/1264 
f 1271/1271/1271 190/190/190 1273/1273/1273 
f 190/190/190 188/188/188 1273/1273/1273 
f 1272/1272/1272 1271/1271/1271 1274/1274/1274 
f 1273/1273/1273 1274/1274/1274 1271/1271/1271 
f 1274/1274/1274 1275/1275/1275 1272/1272/1272 
f 1256/1256/1256 1273/1273/1273 188/188/188 
f 1275/1275/1275 1274/1274/1274 1276/1276/1276 
f 1276/1276/1276 1277/1277/1277 1275/1275/1275 
f 1274/1274/1274 1273/1273/1273 1278/1278/1278 
f 1278/1278/1278 1276/1276/1276 1274/1274/1274 
f 1273/1273/1273 1256/1256/1256 1278/1278/1278 
f 1277/1277/1277 1276/1276/1276 1279/1279/1279 
f 1280/1280/1280 1277/1277/1277 1279/1279/1279 
f 1277/1277/1277 1280/1280/1280 1281/1281/1281 
f 1279/1279/1279 1282/1282/1282 1280/1280/1280 
f 1283/1283/1283 1281/1281/1281 1280/1280/1280 
f 1281/1281/1281 1283/1283/1283 1284/1284/1284 
f 1285/1285/1285 1284/1284/1284 1283/1283/1283 
f 1284/1284/1284 1285/1285/1285 1286/1286/1286 
f 1282/1282/1282 1279/1279/1279 1287/1287/1287 
f 1288/1288/1288 1286/1286/1286 1285/1285/1285 
f 1286/1286/1286 1288/1288/1288 1289/1289/1289 
f 1279/1279/1279 1290/1290/1290 1287/1287/1287 
f 1290/1290/1290 1279/1279/1279 1276/1276/1276 
f 1290/1290/1290 1291/1291/1291 1287/1287/1287 
f 1276/1276/1276 1278/1278/1278 1290/1290/1290 
f 1291/1291/1291 1290/1290/1290 1292/1292/1292 
f 1278/1278/1278 1292/1292/1292 1290/1290/1290 
f 1292/1292/1292 1293/1293/1293 1291/1291/1291 
f 1292/1292/1292 1278/1278/1278 1256/1256/1256 
f 1293/1293/1293 1292/1292/1292 1257/1257/1257 
f 1256/1256/1256 1257/1257/1257 1292/1292/1292 
f 1294/1294/1294 1289/1289/1289 1288/1288/1288 
f 1289/1289/1289 1294/1294/1294 1295/1295/1295 
f 1288/1288/1288 1296/1296/1296 1294/1294/1294 
f 1296/1296/1296 1288/1288/1288 1297/1297/1297 
f 1298/1298/1298 1295/1295/1295 1294/1294/1294 
f 1295/1295/1295 1298/1298/1298 1299/1299/1299 
f 1300/1300/1300 1296/1296/1296 1297/1297/1297 
f 1294/1294/1294 1301/1301/1301 1298/1298/1298 
f 1301/1301/1301 1294/1294/1294 1296/1296/1296 
f 1302/1302/1302 1299/1299/1299 1298/1298/1298 
f 1298/1298/1298 1301/1301/1301 1302/1302/1302 
f 1299/1299/1299 1302/1302/1302 1303/1303/1303 
f 1304/1304/1304 1300/1300/1300 1305/1305/1305 
f 1300/1300/1300 1304/1304/1304 1306/1306/1306 
f 1296/1296/1296 1300/1300/1300 1307/1307/1307 
f 1306/1306/1306 1307/1307/1307 1300/1300/1300 
f 1307/1307/1307 1301/1301/1301 1296/1296/1296 
f 1307/1307/1307 1306/1306/1306 1308/1308/1308 
f 1308/1308/1308 1309/1309/1309 1307/1307/1307 
f 1301/1301/1301 1307/1307/1307 1309/1309/1309 
f 1309/1309/1309 1308/1308/1308 1310/1310/1310 
f 1310/1310/1310 1311/1311/1311 1309/1309/1309 
f 1311/1311/1311 1301/1301/1301 1309/1309/1309 
f 1311/1311/1311 1310/1310/1310 1312/1312/1312 
f 1301/1301/1301 1311/1311/1311 1313/1313/1313 
f 1301/1301/1301 1313/1313/1313 1302/1302/1302 
f 1312/1312/1312 1314/1314/1314 1311/1311/1311 
f 1314/1314/1314 1313/1313/1313 1311/1311/1311 
f 1314/1314/1314 1312/1312/1312 1315/1315/1315 
f 1302/1302/1302 1313/1313/1313 1316/1316/1316 
f 1316/1316/1316 1303/1303/1303 1302/1302/1302 
f 1303/1303/1303 1316/1316/1316 1317/1317/1317 
f 1313/1313/1313 1318/1318/1318 1316/1316/1316 
f 1313/1313/1313 1314/1314/1314 1318/1318/1318 
f 1319/1319/1319 1317/1317/1317 1316/1316/1316 
f 1316/1316/1316 1318/1318/1318 1319/1319/1319 
f 1317/1317/1317 1319/1319/1319 1320/1320/1320 
f 1320/1320/1320 1319/1319/1319 1321/1321/1321 
f 1318/1318/1318 1322/1322/1322 1319/1319/1319 
f 1314/1314/1314 1322/1322/1322 1318/1318/1318 
f 1319/1319/1319 1322/1322/1322 1323/1323/1323 
f 1322/1322/1322 1314/1314/1314 1324/1324/1324 
f 1315/1315/1315 1324/1324/1324 1314/1314/1314 
f 1322/1322/1322 1324/1324/1324 1325/1325/1325 
f 1324/1324/1324 1315/1315/1315 1326/1326/1326 
f 1324/1324/1324 1326/1326/1326 1327/1327/1327 
f 1328/1328/1328 1329/1329/1329 1330/1330/1330 
f 1331/1331/1331 1332/1332/1332 1333/1333/1333 
f 1334/1334/1334 1335/1335/1335 1336/1336/1336 
f 1337/1337/1337 1338/1338/1338 1339/1339/1339 
f 1340/1340/1340 1341/1341/1341 1342/1342/1342 
f 1343/1343/1343 1344/1344/1344 1345/1345/1345 
f 1346/1346/1346 1347/1347/1347 1348/1348/1348 
f 1349/1349/1349 1350/1350/1350 1351/1351/1351 
f 1352/1352/1352 1353/1353/1353 1354/1354/1354 
f 1355/1355/1355 1356/1356/1356 1357/1357/1357 
f 1358/1358/1358 1359/1359/1359 1360/1360/1360 
f 1361/1361/1361 1362/1362/1362 1363/1363/1363 
f 1364/1364/1364 1365/1365/1365 1366/1366/1366 
f 1367/1367/1367 1368/1368/1368 1369/1369/1369 
f 1370/1370/1370 1371/1371/1371 1372/1372/1372 
f 1373/1373/1373 1374/1374/1374 1375/1375/1375 
f 1376/1376/1376 1377/1377/1377 1378/1378/1378 
f 1379/1379/1379 1380/1380/1380 1381/1381/1381 
f 1382/1382/1382 1383/1383/1383 1384/1384/1384 
f 1385/1385/1385 1386/1386/1386 1387/1387/1387 
f 1388/1388/1388 1389/1389/1389 1390/1390/1390 
f 1391/1391/1391 1392/1392/1392 1393/1393/1393 
f 1394/1394/1394 1395/1395/1395 1396/1396/1396 
f 1397/1397/1397 1398/1398/1398 1399/1399/1399 
f 1400/1400/1400 1401/1401/1401 1402/1402/1402 
f 1403/1403/1403 1404/1404/1404 1405/1405/1405 
f 1406/1406/1406 1407/1407/1407 1408/1408/1408 
f 1409/1409/1409 1410/1410/1410 1411/1411/1411 
f 1412/1412/1412 1413/1413/1413 1414/1414/1414 
f 1415/1415/1415 1416/1416/1416 1417/1417/1417 
f 1418/1418/1418 1419/1419/1419 1420/1420/1420 
f 1421/1421/1421 1422/1422/1422 1423/1423/1423 
f 1424/1424/1424 1425/1425/1425 1426/1426/1426 
f 1427/1427/1427 1428/1428/1428 1429/1429/1429 
f 1430/1430/1430 1431/1431/1431 1432/1432/1432 
f 1433/1433/1433 1434/1434/1434 1435/1435/1435 
f 1436/1436/1436 1437/1437/1437 1438/1438/1438 
f 1439/1439/1439 1440/1440/1440 1441/1441/1441 
f 1442/1442/1442 1443/1443/1443 1444/1444/1444 
f 1445/1445/1445 1446/1446/1446 1447/1447/1447 
f 1448/1448/1448 1449/1449/1449 1450/1450/1450 
f 1451/1451/1451 1452/1452/1452 1453/1453/1453 
f 1454/1454/1454 1455/1455/1455 1456/1456/1456 
f 1457/1457/1457 1458/1458/1458 1459/1459/1459 
f 1460/1460/1460 1461/1461/1461 1462/1462/1462 
f 1463/1463/1463 1464/1464/1464 1465/1465/1465 
f 1466/1466/1466 1467/1467/1467 1468/1468/1468 
f 1469/1469/1469 1470/1470/1470 1471/1471/1471 
f 1472/1472/1472 1473/1473/1473 1474/1474/1474 
f 1475/1475/1475 1476/1476/1476 1477/1477/1477 
f 1478/1478/1478 1479/1479/1479 1480/1480/1480 
f 1481/1481/1481 1482/1482/1482 1483/1483/1483 
f 1484/1484/1484 1485/1485/1485 1486/1486/1486 
f 1487/1487/1487 1488/1488/1488 1489/1489/1489 
f 1490/1490/1490 1491/1491/1491 1492/1492/1492 
f 1493/1493/1493 1494/1494/1494 1495/1495/1495 
f 1496/1496/1496 1497/1497/1497 1498/1498/1498 
f 1499/1499/1499 1500/1500/1500 1501/1501/1501 
f 1502/1502/1502 1503/1503/1503 1504/1504/1504 
f 1505/1505/1505 1506/1506/1506 1507/1507/1507 
f 1508/1508/1508 1509/1509/1509 1510/1510/1510 
f 1508/1508/1508 1510/1510/1510 1511/1511/1511 
f 1509/1509/1509 1512/1512/1512 1510/1510/1510 
f 1513/1513/1513 1508/1508/1508 1511/1511/1511 
f 1509/1509/1509 1514/1514/1514 1512/1512/1512 
f 1513/1513/1513 1511/1511/1511 1515/1515/1515 
f 1514/1514/1514 1516/1516/1516 1512/1512/1512 
f 1517/1517/1517 1513/1513/1513 1515/1515/1515 
f 1514/1514/1514 1518/1518/1518 1516/1516/1516 
f 1517/1517/1517 1515/1515/1515 1519/1519/1519 
f 1518/1518/1518 1520/1520/1520 1516/1516/1516 
f 1521/1521/1521 1517/1517/1517 1519/1519/1519 
f 1518/1518/1518 1522/1522/1522 1520/1520/1520 
f 1521/1521/1521 1519/1519/1519 1523/1523/1523 
f 1522/1522/1522 1524/1524/1524 1520/1520/1520 
f 1525/1525/1525 1521/1521/1521 1523/1523/1523 
f 1522/1522/1522 1526/1526/1526 1524/1524/1524 
f 1525/1525/1525 1523/1523/1523 1527/1527/1527 
f 1526/1526/1526 1528/1528/1528 1524/1524/1524 
f 1529/1529/1529 1525/1525/1525 1527/1527/1527 
f 1526/1526/1526 1530/1530/1530 1528/1528/1528 
f 1529/1529/1529 1527/1527/1527 1531/1531/1531 
f 1530/1530/1530 1532/1532/1532 1528/1528/1528 
f 1533/1533/1533 1529/1529/1529 1531/1531/1531 
f 1530/1530/1530 1534/1534/1534 1532/1532/1532 
f 1533/1533/1533 1531/1531/1531 1535/1535/1535 
f 1534/1534/1534 1536/1536/1536 1532/1532/1532 
f 1537/1537/1537 1533/1533/1533 1535/1535/1535 
f 1534/1534/1534 1538/1538/1538 1536/1536/1536 
f 1537/1537/1537 1535/1535/1535 1539/1539/1539 
f 1538/1538/1538 1540/1540/1540 1536/1536/1536 
f 1541/1541/1541 1537/1537/1537 1539/1539/1539 
f 1538/1538/1538 1542/1542/1542 1540/1540/1540 
f 1541/1541/1541 1539/1539/1539 1543/1543/1543 
f 1542/1542/1542 1544/1544/1544 1540/1540/1540 
f 1545/1545/1545 1541/1541/1541 1543/1543/1543 
f 1542/1542/1542 1546/1546/1546 1544/1544/1544 
f 1545/1545/1545 1543/1543/1543 1547/1547/1547 
f 1546/1546/1546 1545/1545/1545 1547/1547/1547 
f 1546/1546/1546 1547/1547/1547 1544/1544/1544 
f 1548/1548/1548 1549/1549/1549 1550/1550/1550 
f 1549/1549/1549 1551/1551/1551 1550/1550/1550 
f 1549/1549/1549 1552/1552/1552 1551/1551/1551 
f 1548/1548/1548 1550/1550/1550 1553/1553/1553 
f 1553/1553/1553 1554/1554/1554 1548/1548/1548 
f 1554/1554/1554 1553/1553/1553 1555/1555/1555 
f 1556/1556/1556 1557/1557/1557 1558/1558/1558 
f 1557/1557/1557 1556/1556/1556 1559/1559/1559 
f 1557/1557/1557 1560/1560/1560 1558/1558/1558 
f 1557/1557/1557 1561/1561/1561 1560/1560/1560 
f 1562/1562/1562 1563/1563/1563 1564/1564/1564 
f 1564/1564/1564 1565/1565/1565 1562/1562/1562 
f 1566/1566/1566 1562/1562/1562 1565/1565/1565 
f 1565/1565/1565 1567/1567/1567 1566/1566/1566 
f 1568/1568/1568 1569/1569/1569 1570/1570/1570 
f 1571/1571/1571 1570/1570/1570 1569/1569/1569 
f 1569/1569/1569 1568/1568/1568 1572/1572/1572 
f 1568/1568/1568 1573/1573/1573 1572/1572/1572 
f 1572/1572/1572 1573/1573/1573 1574/1574/1574 
f 1573/1573/1573 1575/1575/1575 1574/1574/1574 
f 1574/1574/1574 1575/1575/1575 1576/1576/1576 
f 1575/1575/1575 1577/1577/1577 1576/1576/1576 
f 1578/1578/1578 1576/1576/1576 1577/1577/1577 
f 1578/1578/1578 1577/1577/1577 1579/1579/1579 
f 1580/1580/1580 1578/1578/1578 1579/1579/1579 
f 1580/1580/1580 1579/1579/1579 1581/1581/1581 
f 1582/1582/1582 1580/1580/1580 1581/1581/1581 
f 1582/1582/1582 1581/1581/1581 1583/1583/1583 
f 1583/1583/1583 1584/1584/1584 1582/1582/1582 
f 1584/1584/1584 1583/1583/1583 1585/1585/1585 
f 1585/1585/1585 1586/1586/1586 1584/1584/1584 
f 1586/1586/1586 1585/1585/1585 1587/1587/1587 
f 1588/1588/1588 1586/1586/1586 1587/1587/1587 
f 1586/1586/1586 1588/1588/1588 1589/1589/1589 
f 1590/1590/1590 1589/1589/1589 1588/1588/1588 
f 1589/1589/1589 1590/1590/1590 1591/1591/1591 
f 1592/1592/1592 1591/1591/1591 1590/1590/1590 
f 1591/1591/1591 1592/1592/1592 1593/1593/1593 
f 1594/1594/1594 1593/1593/1593 1592/1592/1592 
f 1593/1593/1593 1594/1594/1594 1595/1595/1595 
f 1596/1596/1596 1595/1595/1595 1594/1594/1594 
f 1595/1595/1595 1596/1596/1596 1597/1597/1597 
f 1598/1598/1598 1597/1597/1597 1596/1596/1596 
f 1597/1597/1597 1598/1598/1598 1599/1599/1599 
f 1600/1600/1600 1599/1599/1599 1598/1598/1598 
f 1599/1599/1599 1600/1600/1600 1601/1601/1601 
f 1602/1602/1602 1603/1603/1603 1604/1604/1604 
f 1603/1603/1603 1602/1602/1602 1605/1605/1605 
f 1606/1606/1606 1604/1604/1604 1603/1603/1603 
f 1604/1604/1604 1606/1606/1606 1607/1607/1607 
f 1608/1608/1608 1607/1607/1607 1606/1606/1606 
f 1607/1607/1607 1608/1608/1608 1609/1609/1609 
f 1610/1610/1610 1609/1609/1609 1608/1608/1608 
f 1609/1609/1609 1610/1610/1610 1611/1611/1611 
f 1612/1612/1612 1611/1611/1611 1610/1610/1610 
f 1611/1611/1611 1612/1612/1612 1613/1613/1613 
f 1614/1614/1614 1613/1613/1613 1612/1612/1612 
f 1613/1613/1613 1614/1614/1614 1615/1615/1615 
f 1616/1616/1616 1615/1615/1615 1614/1614/1614 
f 1615/1615/1615 1616/1616/1616 1617/1617/1617 
f 1618/1618/1618 1617/1617/1617 1616/1616/1616 
f 1617/1617/1617 1618/1618/1618 1619/1619/1619 
f 1620/1620/1620 1619/1619/1619 1618/1618/1618 
f 1619/1619/1619 1620/1620/1620 1621/1621/1621 
f 1622/1622/1622 1621/1621/1621 1620/1620/1620 
f 1622/1622/1622 1620/1620/1620 1623/1623/1623 
f 1624/1624/1624 1622/1622/1622 1623/1623/1623 
f 1624/1624/1624 1623/1623/1623 1625/1625/1625 
f 1624/1624/1624 1625/1625/1625 1626/1626/1626 
f 1626/1626/1626 1625/1625/1625 1627/1627/1627 
f 1626/1626/1626 1627/1627/1627 1628/1628/1628 
f 1628/1628/1628 1627/1627/1627 1629/1629/1629 
f 1629/1629/1629 1630/1630/1630 1628/1628/1628 
f 1630/1630/1630 1629/1629/1629 1631/1631/1631 
f 1631/1631/1631 1632/1632/1632 1630/1630/1630 
f 1632/1632/1632 1631/1631/1631 1633/1633/1633 
f 1633/1633/1633 1634/1634/1634 1632/1632/1632 
f 1634/1634/1634 1633/1633/1633 1635/1635/1635 
f 1636/1636/1636 1637/1637/1637 1638/1638/1638 
f 1639/1639/1639 1637/1637/1637 1636/1636/1636 
f 1637/1637/1637 1640/1640/1640 1638/1638/1638 
f 1641/1641/1641 1639/1639/1639 1636/1636/1636 
f 1639/1639/1639 1641/1641/1641 1642/1642/1642 
f 1643/1643/1643 1642/1642/1642 1641/1641/1641 
f 1638/1638/1638 1640/1640/1640 1644/1644/1644 
f 1640/1640/1640 1645/1645/1645 1644/1644/1644 
f 1646/1646/1646 1644/1644/1644 1645/1645/1645 
f 1646/1646/1646 1645/1645/1645 1647/1647/1647 
f 1648/1648/1648 1646/1646/1646 1647/1647/1647 
f 1648/1648/1648 1647/1647/1647 1649/1649/1649 
f 1650/1650/1650 1648/1648/1648 1649/1649/1649 
f 1650/1650/1650 1649/1649/1649 1651/1651/1651 
f 1651/1651/1651 1652/1652/1652 1650/1650/1650 
f 1652/1652/1652 1651/1651/1651 1653/1653/1653 
f 1653/1653/1653 1654/1654/1654 1652/1652/1652 
f 1654/1654/1654 1653/1653/1653 1655/1655/1655 
f 1656/1656/1656 1654/1654/1654 1655/1655/1655 
f 1654/1654/1654 1656/1656/1656 1657/1657/1657 
f 1658/1658/1658 1657/1657/1657 1656/1656/1656 
f 1657/1657/1657 1658/1658/1658 1659/1659/1659 
f 1660/1660/1660 1659/1659/1659 1658/1658/1658 
f 1659/1659/1659 1660/1660/1660 1661/1661/1661 
f 1662/1662/1662 1661/1661/1661 1660/1660/1660 
f 1661/1661/1661 1662/1662/1662 1663/1663/1663 
f 1664/1664/1664 1663/1663/1663 1662/1662/1662 
f 1663/1663/1663 1664/1664/1664 1665/1665/1665 
f 1666/1666/1666 1665/1665/1665 1664/1664/1664 
f 1665/1665/1665 1666/1666/1666 1667/1667/1667 
f 1668/1668/1668 1667/1667/1667 1666/1666/1666 
f 1667/1667/1667 1668/1668/1668 1669/1669/1669 
f 1670/1670/1670 1671/1671/1671 1672/1672/1672 
f 1671/1671/1671 1670/1670/1670 1673/1673/1673 
f 1672/1672/1672 1674/1674/1674 1670/1670/1670 
f 1674/1674/1674 1672/1672/1672 1675/1675/1675 
f 1675/1675/1675 1676/1676/1676 1674/1674/1674 
f 1676/1676/1676 1675/1675/1675 1677/1677/1677 
f 1677/1677/1677 1678/1678/1678 1676/1676/1676 
f 1679/1679/1679 1678/1678/1678 1677/1677/1677 
f 1679/1679/1679 1680/1680/1680 1678/1678/1678 
f 1681/1681/1681 1680/1680/1680 1679/1679/1679 
f 1681/1681/1681 1682/1682/1682 1680/1680/1680 
f 1681/1681/1681 1683/1683/1683 1682/1682/1682 
f 1683/1683/1683 1684/1684/1684 1682/1682/1682 
f 1683/1683/1683 1685/1685/1685 1684/1684/1684 
f 1686/1686/1686 1684/1684/1684 1685/1685/1685 
f 1684/1684/1684 1686/1686/1686 1687/1687/1687 
f 1688/1688/1688 1687/1687/1687 1686/1686/1686 
f 1687/1687/1687 1688/1688/1688 1689/1689/1689 
f 1690/1690/1690 1689/1689/1689 1688/1688/1688 
f 1689/1689/1689 1690/1690/1690 1691/1691/1691 
f 1692/1692/1692 1691/1691/1691 1690/1690/1690 
f 1691/1691/1691 1692/1692/1692 1693/1693/1693 
f 1694/1694/1694 1693/1693/1693 1692/1692/1692 
f 1693/1693/1693 1694/1694/1694 1695/1695/1695 
f 1696/1696/1696 1695/1695/1695 1694/1694/1694 
f 1695/1695/1695 1696/1696/1696 1697/1697/1697 
f 1698/1698/1698 1697/1697/1697 1696/1696/1696 
f 1697/1697/1697 1698/1698/1698 1699/1699/1699 
f 1700/1700/1700 1699/1699/1699 1698/1698/1698 
f 1699/1699/1699 1700/1700/1700 1701/1701/1701 
f 1702/1702/1702 1701/1701/1701 1700/1700/1700 
f 1701/1701/1701 1702/1702/1702 1703/1703/1703 
f 1704/1704/1704 1705/1705/1705 1706/1706/1706 
f 1705/1705/1705 1704/1704/1704 1707/1707/1707 
f 1708/1708/1708 1706/1706/1706 1705/1705/1705 
f 1709/1709/1709 1707/1707/1707 1704/1704/1704 
f 1706/1706/1706 1708/1708/1708 1710/1710/1710 
f 1707/1707/1707 1709/1709/1709 1711/1711/1711 
f 1712/1712/1712 1710/1710/1710 1708/1708/1708 
f 1710/1710/1710 1712/1712/1712 1713/1713/1713 
f 1714/1714/1714 1713/1713/1713 1712/1712/1712 
f 1715/1715/1715 1711/1711/1711 1709/1709/1709 
f 1713/1713/1713 1714/1714/1714 1716/1716/1716 
f 1711/1711/1711 1715/1715/1715 1717/1717/1717 
f 1718/1718/1718 1716/1716/1716 1714/1714/1714 
f 1719/1719/1719 1717/1717/1717 1715/1715/1715 
f 1716/1716/1716 1718/1718/1718 1720/1720/1720 
f 1719/1719/1719 1715/1715/1715 1721/1721/1721 
f 1722/1722/1722 1720/1720/1720 1718/1718/1718 
f 1723/1723/1723 1719/1719/1719 1721/1721/1721 
f 1720/1720/1720 1722/1722/1722 1724/1724/1724 
f 1725/1725/1725 1724/1724/1724 1722/1722/1722 
f 1724/1724/1724 1725/1725/1725 1726/1726/1726 
f 1723/1723/1723 1721/1721/1721 1727/1727/1727 
f 1723/1723/1723 1727/1727/1727 1728/1728/1728 
f 1728/1728/1728 1727/1727/1727 1729/1729/1729 
f 1728/1728/1728 1729/1729/1729 1730/1730/1730 
f 1730/1730/1730 1729/1729/1729 1731/1731/1731 
f 1731/1731/1731 1732/1732/1732 1730/1730/1730 
f 1732/1732/1732 1731/1731/1731 1733/1733/1733 
f 1733/1733/1733 1734/1734/1734 1732/1732/1732 
f 1734/1734/1734 1733/1733/1733 1735/1735/1735 
f 1735/1735/1735 1736/1736/1736 1734/1734/1734 
f 1736/1736/1736 1735/1735/1735 1737/1737/1737 
f 1738/1738/1738 1739/1739/1739 1740/1740/1740 
f 1739/1739/1739 1738/1738/1738 1741/1741/1741 
f 1742/1742/1742 1741/1741/1741 1738/1738/1738 
f 1741/1741/1741 1742/1742/1742 1743/1743/1743 
f 1744/1744/1744 1743/1743/1743 1742/1742/1742 
f 1743/1743/1743 1744/1744/1744 1745/1745/1745 
f 1746/1746/1746 1745/1745/1745 1744/1744/1744 
f 1745/1745/1745 1746/1746/1746 1747/1747/1747 
f 1748/1748/1748 1747/1747/1747 1746/1746/1746 
f 1747/1747/1747 1748/1748/1748 1749/1749/1749 
f 1750/1750/1750 1749/1749/1749 1748/1748/1748 
f 1749/1749/1749 1750/1750/1750 1751/1751/1751 
f 1752/1752/1752 1751/1751/1751 1750/1750/1750 
f 1751/1751/1751 1752/1752/1752 1753/1753/1753 
f 1752/1752/1752 1754/1754/1754 1753/1753/1753 
f 1754/1754/1754 1752/1752/1752 1755/1755/1755 
f 1755/1755/1755 1756/1756/1756 1754/1754/1754 
f 1756/1756/1756 1755/1755/1755 1757/1757/1757 
f 1757/1757/1757 1758/1758/1758 1756/1756/1756 
f 1757/1757/1757 1759/1759/1759 1758/1758/1758 
f 1759/1759/1759 1760/1760/1760 1758/1758/1758 
f 1759/1759/1759 1761/1761/1761 1760/1760/1760 
f 1761/1761/1761 1762/1762/1762 1760/1760/1760 
f 1761/1761/1761 1763/1763/1763 1762/1762/1762 
f 1764/1764/1764 1762/1762/1762 1763/1763/1763 
f 1765/1765/1765 1764/1764/1764 1763/1763/1763 
f 1766/1766/1766 1764/1764/1764 1765/1765/1765 
f 1767/1767/1767 1766/1766/1766 1765/1765/1765 
f 1768/1768/1768 1766/1766/1766 1767/1767/1767 
f 1769/1769/1769 1768/1768/1768 1767/1767/1767 
f 1768/1768/1768 1769/1769/1769 1770/1770/1770 
f 1771/1771/1771 1770/1770/1770 1769/1769/1769 
f 1772/1772/1772 1773/1773/1773 1774/1774/1774 
f 1775/1775/1775 1774/1774/1774 1773/1773/1773 
f 1773/1773/1773 1772/1772/1772 1776/1776/1776 
f 1772/1772/1772 1777/1777/1777 1776/1776/1776 
f 1776/1776/1776 1777/1777/1777 1778/1778/1778 
f 1777/1777/1777 1779/1779/1779 1778/1778/1778 
f 1778/1778/1778 1779/1779/1779 1780/1780/1780 
f 1779/1779/1779 1781/1781/1781 1780/1780/1780 
f 1782/1782/1782 1780/1780/1780 1781/1781/1781 
f 1782/1782/1782 1781/1781/1781 1783/1783/1783 
f 1784/1784/1784 1782/1782/1782 1783/1783/1783 
f 1784/1784/1784 1783/1783/1783 1785/1785/1785 
f 1786/1786/1786 1784/1784/1784 1785/1785/1785 
f 1786/1786/1786 1785/1785/1785 1787/1787/1787 
f 1787/1787/1787 1788/1788/1788 1786/1786/1786 
f 1788/1788/1788 1787/1787/1787 1789/1789/1789 
f 1789/1789/1789 1790/1790/1790 1788/1788/1788 
f 1790/1790/1790 1789/1789/1789 1791/1791/1791 
f 1792/1792/1792 1790/1790/1790 1791/1791/1791 
f 1790/1790/1790 1792/1792/1792 1793/1793/1793 
f 1794/1794/1794 1793/1793/1793 1792/1792/1792 
f 1793/1793/1793 1794/1794/1794 1795/1795/1795 
f 1796/1796/1796 1795/1795/1795 1794/1794/1794 
f 1795/1795/1795 1796/1796/1796 1797/1797/1797 
f 1798/1798/1798 1797/1797/1797 1796/1796/1796 
f 1797/1797/1797 1798/1798/1798 1799/1799/1799 
f 1800/1800/1800 1799/1799/1799 1798/1798/1798 
f 1799/1799/1799 1800/1800/1800 1801/1801/1801 
f 1802/1802/1802 1801/1801/1801 1800/1800/1800 
f 1801/1801/1801 1802/1802/1802 1803/1803/1803 
f 1804/1804/1804 1803/1803/1803 1802/1802/1802 
f 1803/1803/1803 1804/1804/1804 1805/1805/1805 
f 1806/1806/1806 1807/1807/1807 1808/1808/1808 
f 1807/1807/1807 1806/1806/1806 1809/1809/1809 
f 1808/1808/1808 1810/1810/1810 1806/1806/1806 
f 1810/1810/1810 1808/1808/1808 1811/1811/1811 
f 1811/1811/1811 1812/1812/1812 1810/1810/1810 
f 1812/1812/1812 1811/1811/1811 1813/1813/1813 
f 1813/1813/1813 1814/1814/1814 1812/1812/1812 
f 1815/1815/1815 1814/1814/1814 1813/1813/1813 
f 1815/1815/1815 1816/1816/1816 1814/1814/1814 
f 1817/1817/1817 1816/1816/1816 1815/1815/1815 
f 1817/1817/1817 1818/1818/1818 1816/1816/1816 
f 1817/1817/1817 1819/1819/1819 1818/1818/1818 
f 1819/1819/1819 1820/1820/1820 1818/1818/1818 
f 1819/1819/1819 1821/1821/1821 1820/1820/1820 
f 1822/1822/1822 1820/1820/1820 1821/1821/1821 
f 1820/1820/1820 1822/1822/1822 1823/1823/1823 
f 1824/1824/1824 1823/1823/1823 1822/1822/1822 
f 1823/1823/1823 1824/1824/1824 1825/1825/1825 
f 1826/1826/1826 1825/1825/1825 1824/1824/1824 
f 1825/1825/1825 1826/1826/1826 1827/1827/1827 
f 1828/1828/1828 1827/1827/1827 1826/1826/1826 
f 1827/1827/1827 1828/1828/1828 1829/1829/1829 
f 1830/1830/1830 1829/1829/1829 1828/1828/1828 
f 1829/1829/1829 1830/1830/1830 1831/1831/1831 
f 1832/1832/1832 1831/1831/1831 1830/1830/1830 
f 1831/1831/1831 1832/1832/1832 1833/1833/1833 
f 1834/1834/1834 1833/1833/1833 1832/1832/1832 
f 1833/1833/1833 1834/1834/1834 1835/1835/1835 
f 1836/1836/1836 1835/1835/1835 1834/1834/1834 
f 1835/1835/1835 1836/1836/1836 1837/1837/1837 
f 1838/1838/1838 1837/1837/1837 1836/1836/1836 
f 1837/1837/1837 1838/1838/1838 1839/1839/1839 
f 1840/1840/1840 1841/1841/1841 1842/1842/1842 
f 1842/1842/1842 1843/1843/1843 1840/1840/1840 
f 1844/1844/1844 1840/1840/1840 1843/1843/1843 
f 1843/1843/1843 1845/1845/1845 1844/1844/1844 
f 1846/1846/1846 1844/1844/1844 1845/1845/1845 
f 1844/1844/1844 1846/1846/1846 1847/1847/1847 
f 1848/1848/1848 1849/1849/1849 1850/1850/1850 
f 1849/1849/1849 1848/1848/1848 1851/1851/1851 
f 1852/1852/1852 1850/1850/1850 1849/1849/1849 
f 1850/1850/1850 1852/1852/1852 1853/1853/1853 
f 1854/1854/1854 1855/1855/1855 1856/1856/1856 
f 1855/1855/1855 1857/1857/1857 1856/1856/1856 
f 1855/1855/1855 1854/1854/1854 1858/1858/1858 
f 1859/1859/1859 1858/1858/1858 1854/1854/1854 
f 1858/1858/1858 1859/1859/1859 1860/1860/1860 
f 1857/1857/1857 1855/1855/1855 1861/1861/1861 
f 1861/1861/1861 1862/1862/1862 1857/1857/1857 
f 1861/1861/1861 1863/1863/1863 1862/1862/1862 
f 1863/1863/1863 1864/1864/1864 1862/1862/1862 
f 1863/1863/1863 1865/1865/1865 1864/1864/1864 
f 1866/1866/1866 1867/1867/1867 1868/1868/1868 
f 1868/1868/1868 1869/1869/1869 1866/1866/1866 
f 1870/1870/1870 1866/1866/1866 1869/1869/1869 
f 1866/1866/1866 1870/1870/1870 1871/1871/1871 
f 1872/1872/1872 1873/1873/1873 1874/1874/1874 
f 1872/1872/1872 1874/1874/1874 1875/1875/1875 
f 1876/1876/1876 1877/1877/1877 1878/1878/1878 
f 1876/1876/1876 1879/1879/1879 1877/1877/1877 
f 1878/1878/1878 1877/1877/1877 1880/1880/1880 
f 1881/1881/1881 1879/1879/1879 1876/1876/1876 
f 1878/1878/1878 1880/1880/1880 1882/1882/1882 
f 1881/1881/1881 1883/1883/1883 1879/1879/1879 
f 1882/1882/1882 1880/1880/1880 1884/1884/1884 
f 1885/1885/1885 1883/1883/1883 1881/1881/1881 
f 1884/1884/1884 1886/1886/1886 1882/1882/1882 
f 1885/1885/1885 1887/1887/1887 1883/1883/1883 
f 1886/1886/1886 1884/1884/1884 1888/1888/1888 
f 1889/1889/1889 1887/1887/1887 1885/1885/1885 
f 1886/1886/1886 1888/1888/1888 1890/1890/1890 
f 1889/1889/1889 1891/1891/1891 1887/1887/1887 
f 1890/1890/1890 1888/1888/1888 1892/1892/1892 
f 1893/1893/1893 1891/1891/1891 1889/1889/1889 
f 1890/1890/1890 1892/1892/1892 1894/1894/1894 
f 1893/1893/1893 1895/1895/1895 1891/1891/1891 
f 1894/1894/1894 1892/1892/1892 1896/1896/1896 
f 1897/1897/1897 1895/1895/1895 1893/1893/1893 
f 1894/1894/1894 1896/1896/1896 1898/1898/1898 
f 1897/1897/1897 1899/1899/1899 1895/1895/1895 
f 1898/1898/1898 1896/1896/1896 1900/1900/1900 
f 1899/1899/1899 1897/1897/1897 1901/1901/1901 
f 1898/1898/1898 1900/1900/1900 1902/1902/1902 
f 1901/1901/1901 1903/1903/1903 1899/1899/1899 
f 1902/1902/1902 1900/1900/1900 1904/1904/1904 
f 1903/1903/1903 1901/1901/1901 1905/1905/1905 
f 1902/1902/1902 1904/1904/1904 1906/1906/1906 
f 1905/1905/1905 1907/1907/1907 1903/1903/1903 
f 1906/1906/1906 1904/1904/1904 1908/1908/1908 
f 1909/1909/1909 1907/1907/1907 1905/1905/1905 
f 1906/1906/1906 1908/1908/1908 1910/1910/1910 
f 1909/1909/1909 1911/1911/1911 1907/1907/1907 
f 1910/1910/1910 1908/1908/1908 1912/1912/1912 
f 1913/1913/1913 1911/1911/1911 1909/1909/1909 
f 1910/1910/1910 1912/1912/1912 1914/1914/1914 
f 1913/1913/1913 1915/1915/1915 1911/1911/1911 
f 1914/1914/1914 1912/1912/1912 1915/1915/1915 
f 1914/1914/1914 1915/1915/1915 1913/1913/1913 
f 1916/1916/1916 1917/1917/1917 1918/1918/1918 
f 1917/1917/1917 1916/1916/1916 1919/1919/1919 
f 1920/1920/1920 1919/1919/1919 1916/1916/1916 
f 1919/1919/1919 1920/1920/1920 1921/1921/1921 
f 1922/1922/1922 1921/1921/1921 1920/1920/1920 
f 1922/1922/1922 1920/1920/1920 1923/1923/1923 
f 1924/1924/1924 1925/1925/1925 1926/1926/1926 
f 1925/1925/1925 1924/1924/1924 1927/1927/1927 
f 1928/1928/1928 1927/1927/1927 1924/1924/1924 
f 1924/1924/1924 1929/1929/1929 1928/1928/1928 
f 1930/1930/1930 1931/1931/1931 1932/1932/1932 
f 1930/1930/1930 1932/1932/1932 1933/1933/1933 
f 1934/1934/1934 1930/1930/1930 1933/1933/1933 
f 1934/1934/1934 1933/1933/1933 1935/1935/1935 
f 1936/1936/1936 1934/1934/1934 1935/1935/1935 
f 1934/1934/1934 1936/1936/1936 1937/1937/1937 
f 1938/1938/1938 1939/1939/1939 1940/1940/1940 
f 1941/1941/1941 1940/1940/1940 1939/1939/1939 
f 1940/1940/1940 1941/1941/1941 1942/1942/1942 
f 1939/1939/1939 1938/1938/1938 1943/1943/1943 
f 1944/1944/1944 1943/1943/1943 1938/1938/1938 
f 1943/1943/1943 1944/1944/1944 1945/1945/1945 
f 1946/1946/1946 1947/1947/1947 1948/1948/1948 
f 1947/1947/1947 1946/1946/1946 1949/1949/1949 
f 1950/1950/1950 1948/1948/1948 1947/1947/1947 
f 1948/1948/1948 1950/1950/1950 1951/1951/1951 
f 1952/1952/1952 1953/1953/1953 1954/1954/1954 
f 1955/1955/1955 1954/1954/1954 1953/1953/1953 
f 1954/1954/1954 1955/1955/1955 1956/1956/1956 
f 1953/1953/1953 1952/1952/1952 1957/1957/1957 
f 1958/1958/1958 1957/1957/1957 1952/1952/1952 
f 1952/1952/1952 1959/1959/1959 1958/1958/1958 
f 1960/1960/1960 1961/1961/1961 1962/1962/1962 
f 1963/1963/1963 1962/1962/1962 1961/1961/1961 
f 1962/1962/1962 1963/1963/1963 1964/1964/1964 
f 1961/1961/1961 1960/1960/1960 1965/1965/1965 
f 1966/1966/1966 1965/1965/1965 1960/1960/1960 
f 1960/1960/1960 1967/1967/1967 1966/1966/1966 
f 1968/1968/1968 1969/1969/1969 1970/1970/1970 
f 1969/1969/1969 1968/1968/1968 1971/1971/1971 
f 1972/1972/1972 1971/1971/1971 1968/1968/1968 
f 1971/1971/1971 1972/1972/1972 1973/1973/1973 
f 1974/1974/1974 1970/1970/1970 1969/1969/1969 
f 1970/1970/1970 1974/1974/1974 1975/1975/1975 
f 1974/1974/1974 1976/1976/1976 1975/1975/1975 
f 1976/1976/1976 1974/1974/1974 1977/1977/1977 
f 1977/1977/1977 1978/1978/1978 1976/1976/1976 
f 1977/1977/1977 1979/1979/1979 1978/1978/1978 
f 1979/1979/1979 1980/1980/1980 1978/1978/1978 
f 1979/1979/1979 1981/1981/1981 1980/1980/1980 
f 1981/1981/1981 1982/1982/1982 1980/1980/1980 
f 1981/1981/1981 1983/1983/1983 1982/1982/1982 
f 1984/1984/1984 1985/1985/1985 1986/1986/1986 
f 1985/1985/1985 1984/1984/1984 1987/1987/1987 
f 1988/1988/1988 1989/1989/1989 1990/1990/1990 
f 1990/1990/1990 1991/1991/1991 1988/1988/1988 
f 1992/1992/1992 1993/1993/1993 1994/1994/1994 
f 1992/1992/1992 1994/1994/1994 1995/1995/1995 
f 1996/1996/1996 1994/1994/1994 1993/1993/1993 
f 1993/1993/1993 1997/1997/1997 1996/1996/1996 
f 1998/1998/1998 1996/1996/1996 1997/1997/1997 
f 1996/1996/1996 1998/1998/1998 1999/1999/1999 
f 2000/2000/2000 2001/2001/2001 2002/2002/2002 
f 2000/2000/2000 2002/2002/2002 2003/2003/2003 
f 2004/2004/2004 2000/2000/2000 2003/2003/2003 
f 2000/2000/2000 2004/2004/2004 2005/2005/2005 
f 2006/2006/2006 2007/2007/2007 2008/2008/2008 
f 2009/2009/2009 2008/2008/2008 2007/2007/2007 
f 2009/2009/2009 2007/2007/2007 2010/2010/2010 
f 2008/2008/2008 2011/2011/2011 2006/2006/2006 
f 2012/2012/2012 2006/2006/2006 2011/2011/2011 
f 2006/2006/2006 2012/2012/2012 2013/2013/2013 
f 2014/2014/2014 2015/2015/2015 2016/2016/2016 
f 2015/2015/2015 2014/2014/2014 2017/2017/2017 
f 2018/2018/2018 2019/2019/2019 2020/2020/2020 
f 2019/2019/2019 2018/2018/2018 2021/2021/2021 
f 2022/2022/2022 2023/2023/2023 2024/2024/2024 
f 2022/2022/2022 2024/2024/2024 2025/2025/2025 
f 2026/2026/2026 2022/2022/2022 2025/2025/2025 
f 2022/2022/2022 2026/2026/2026 2027/2027/2027 

