# This file is brought to you by Roblox Corporation
# Generated by Roblox Studio

mtllib t7.mtl

g RandomDarkMatterEgg1

v -0.694565 2.31233 -0.342361 
v -1.20131 2.06196 -0.213399 
v -0.811617 2.31233 -0.096934 
v -1.02934 2.06196 -0.573967 
v 0.105379 2.33508 -0.767103 
v 0.0952673 2.08471 -1.175 
v -0.296513 2.08471 -1.10273 
v -0.161294 2.33508 -0.717912 
v -0.719514 2.02664 -0.890712 
v -0.994102 2.02664 -0.60114 
v -0.472424 2.27701 -0.566637 
v -0.659327 2.27701 -0.369534 
v -0.49971 1.75363 -1.5303 
v -0.953287 1.75363 -1.284 
v -0.374918 2.09548 -1.17515 
v -0.725248 2.09548 -0.984918 
v -0.966878 2.14353 1.09779 
v -0.44755 2.3939 1.03748 
v -0.64399 2.3939 0.849881 
v -0.67828 2.14353 1.3734 
v -1.17973 2.02664 0.660904 
v -0.845351 2.27701 0.257648 
v -1.25181 2.02664 0.267724 
v -0.796287 2.27701 0.525274 
v 0.91003 2.0553 -0.92353 
v 0.434718 2.30567 -0.70512 
v 0.6793 2.30567 -0.58761 
v 0.550705 2.0553 -1.09617 
v 0.131388 1.76987 -1.63097 
v 0.5356 2.11173 -1.20175 
v 0.642643 1.76987 -1.56265 
v 0.14072 2.11173 -1.25452 
v -1.20131 2.06196 -0.213399 
v -1.3383 1.72011 -0.787715 
v -1.56095 1.72011 -0.320884 
v -1.02934 2.06196 -0.573967 
v -0.994102 2.02664 -0.60114 
v -0.947552 1.68478 -1.1898 
v -1.30306 1.68479 -0.814888 
v -0.719514 2.02664 -0.890712 
v 1.56691 2.14353 0.154255 
v 1.11139 2.3939 -0.103295 
v 1.16045 2.3939 0.164331 
v 1.49483 2.14353 -0.238925 
v -0.276246 1.90825 -0.992189 
v -0.379487 2.15862 -0.477882 
v -0.141027 2.15862 -0.607367 
v -0.626578 1.90825 -0.801958 
v -0.291395 -4.83014 0.223771 
v 0.147196 -5.42029 0.212899 
v -0.266557 -4.83014 0.359252 
v -0.2733 -4.83014 0.0872265 
v 0.147196 -5.42029 0.212899 
v 0.147196 -5.42029 0.212899 
v -0.201218 -4.83014 0.480407 
v -0.214045 -4.83014 -0.0370166 
v 0.147196 -5.42029 0.212899 
v -0.119428 -4.83014 -0.136796 
v 0.147196 -5.42029 0.212899 
v 0.147196 -5.42029 0.212899 
v -0.101774 -4.83014 0.575376 
v 0.00128741 -4.83014 -0.202345 
v 0.147196 -5.42029 0.212899 
v 0.136286 -4.83014 -0.227247 
v 0.147196 -5.42029 0.212899 
v 0.147196 -5.42029 0.212899 
v 0.0220406 -4.83014 0.634863 
v 0.272352 -4.83014 -0.209065 
v 0.147196 -5.42029 0.212899 
v 0.396167 -4.83014 -0.149577 
v 0.147196 -5.42029 0.212899 
v 0.147196 -5.42029 0.212899 
v 0.158107 -4.83014 0.653046 
v 0.495611 -4.83014 -0.0546079 
v 0.147196 -5.42029 0.212899 
v 0.56095 -4.83014 0.0665467 
v 0.147196 -5.42029 0.212899 
v 0.585787 -4.83014 0.202027 
v 0.147196 -5.42029 0.212899 
v 0.147196 -5.42029 0.212899 
v 0.293105 -4.83014 0.628144 
v 0.147196 -5.42029 0.212899 
v 0.41382 -4.83014 0.562595 
v 0.147196 -5.42029 0.212899 
v 0.508437 -4.83014 0.462815 
v 0.147196 -5.42029 0.212899 
v 0.567693 -4.83014 0.338572 
v 0.147196 -5.42029 0.212899 
v 0.585787 -4.83014 0.202027 
v -0.611003 1.32872 -1.84703 
v -0.953287 1.75363 -1.284 
v -0.49971 1.75363 -1.5303 
v -1.15666 1.32872 -1.55074 
v -0.719187 2.15862 0.234376 
v -1.07313 1.90825 -0.151818 
v -1.12565 1.90825 0.244451 
v -0.683444 2.15862 -0.0353522 
v 0.466357 2.37898 1.2019 
v 0.209795 2.1286 1.65899 
v 0.601576 2.1286 1.58672 
v 0.199684 2.37898 1.25109 
v 0.394427 2.15862 -0.62064 
v 0.510413 1.90825 -1.01169 
v 0.115533 1.90825 -1.06446 
v 0.125644 2.15862 -0.656558 
v -1.17587 2.00186 -0.165547 
v -1.6035 1.66001 0.240021 
v -1.22838 2.00186 0.230722 
v -1.53551 1.66001 -0.273032 
v 1.14979 1.70682 -1.28979 
v 0.577527 2.04867 -1.15241 
v 0.936852 2.04867 -0.979768 
v 0.684569 1.70682 -1.5133 
v -0.626463 2.03634 1.37203 
v -0.151151 2.28671 1.15362 
v -0.395733 2.28671 1.03611 
v -0.267136 2.03634 1.54467 
v -1.5336 1.68479 0.786076 
v -1.25181 2.02664 0.267724 
v -1.62693 1.68479 0.277023 
v -1.17973 2.02664 0.660904 
v -1.3383 1.72011 -0.787715 
v -1.88168 1.29519 -0.416743 
v -1.56095 1.72011 -0.320884 
v -1.61384 1.29519 -0.97834 
v -1.30306 1.68479 -0.814888 
v -0.947552 1.68478 -1.1898 
v -1.5786 1.25988 -1.00551 
v -1.15092 1.25988 -1.45653 
v -0.670123 2.15862 0.502002 
v -1.05356 1.90825 0.637632 
v -0.863943 1.90825 0.989237 
v -0.541054 2.15862 0.741328 
v 0.835449 2.15862 -0.31553 
v 0.869739 1.90825 -0.83905 
v 0.639009 2.15862 -0.50313 
v 1.15834 1.90825 -0.563438 
v -2.36932 -3.56562 0.235945 
v -2.00181 -3.89729 -0.38834 
v -2.0836 -3.89729 0.228863 
v -2.27574 -3.56562 -0.470211 
v -1.71925 1.27902 -0.986571 
v -2.26103 0.781517 -0.506843 
v -1.9871 1.27902 -0.424973 
v -1.95459 0.781517 -1.14938 
v 1.31127 2.02664 0.993779 
v 1.09355 2.27701 0.516746 
v 0.976498 2.27701 0.762173 
v 1.48324 2.02664 0.633211 
v 0.106201 1.5664 -1.4409 
v -0.276246 1.90825 -0.992189 
v 0.115533 1.90825 -1.06446 
v -0.401039 1.5664 -1.34734 
v -1.2691 1.70682 1.33104 
v -0.682508 2.04867 1.37786 
v -0.971106 2.04867 1.10225 
v -0.895446 1.70682 1.68788 
v -2.59919 -3.19372 0.241644 
v -2.27574 -3.56562 -0.470211 
v -2.36932 -3.56562 0.235945 
v -2.49613 -3.19372 -0.536078 
v 0.0750828 1.20252 -1.90097 
v -0.423836 1.62743 -1.47168 
v 0.0834051 1.62743 -1.56525 
v -0.535129 1.20252 -1.78841 
v -1.16661 -3.86225 -1.47152 
v -1.59429 -3.86225 -1.0205 
v -1.34031 -3.53057 -1.69933 
v -1.82963 -3.53057 -1.18331 
v 0.0567779 -3.53436 -2.24879 
v -0.546326 -3.86603 -1.84949 
v -0.64138 -3.53436 -2.12 
v 0.0638857 -3.86603 -1.96205 
v -1.9871 1.27902 -0.424973 
v -2.35461 0.781517 0.199313 
v -2.06889 1.27902 0.19223 
v -2.26103 0.781517 -0.506843 
v -1.53551 1.66001 -0.273032 
v -1.93804 1.2351 0.248313 
v -1.6035 1.66001 0.240021 
v -1.85625 1.2351 -0.36889 
v 0.835449 2.15862 -0.31553 
v 1.34796 1.90825 -0.211834 
v 1.15834 1.90825 -0.563438 
v 0.964518 2.15862 -0.0762031 
v -1.34031 -3.53057 -1.69933 
v -2.01896 -3.15867 -1.31429 
v -1.48005 -3.15867 -1.88261 
v -1.82963 -3.53057 -1.18331 
v 0.0510596 -3.16246 -2.47947 
v -0.64138 -3.53436 -2.12 
v -0.717853 -3.16246 -2.33764 
v 0.0567779 -3.53436 -2.24879 
v -2.76755 -2.79075 0.245817 
v -2.49613 -3.19372 -0.536078 
v -2.59919 -3.19372 0.241644 
v -2.65754 -2.79075 -0.584319 
v 1.14979 1.70682 -1.28979 
v 0.780032 1.28191 -1.83516 
v 0.684569 1.70682 -1.5133 
v 1.33969 1.28191 -1.56627 
v -1.96146 1.25988 0.285315 
v -1.5336 1.68479 0.786076 
v -1.62693 1.68479 0.277023 
v -1.84919 1.25988 0.897708 
v -1.32461 0.762369 -1.68434 
v -1.5786 1.25988 -1.00551 
v -1.15092 1.25988 -1.45653 
v -1.81393 0.762369 -1.16832 
v -1.48005 -3.15867 -1.88261 
v -2.15763 -2.7557 -1.41022 
v -1.5824 -2.7557 -2.01684 
v -2.01896 -3.15867 -1.31429 
v 0.0468714 -2.75949 -2.64843 
v -0.717853 -3.16246 -2.33764 
v -0.773861 -2.75949 -2.49704 
v 0.0510596 -3.16246 -2.47947 
v -2.3649 -3.12134 -0.559141 
v -1.83806 -3.49324 -1.13581 
v -2.14451 -3.49324 -0.493274 
v -2.02739 -3.12134 -1.26679 
v 0.120323 -4.14521 -1.54747 
v 0.631577 -4.14521 -1.47915 
v 0.129654 -4.37311 -1.17103 
v 0.524535 -4.37311 -1.11826 
v -0.881387 -4.11459 -1.12661 
v -1.51244 -3.83132 -0.942325 
v -1.08476 -3.83132 -1.39334 
v -1.2369 -4.11459 -0.7517 
v -0.653349 -4.34249 -0.827524 
v -0.927937 -4.34249 -0.537952 
v -0.881387 -4.11459 -1.12661 
v -1.2369 -4.11459 -0.7517 
v 1.2555 1.99384 -0.616198 
v 1.79899 1.65198 -0.389765 
v 1.55349 1.65198 -0.844991 
v 1.44512 1.99384 -0.264593 
v 1.54648 -4.53048 0.158024 
v 1.14002 -4.69739 0.1681 
v 1.09096 -4.69739 -0.0995256 
v 1.4744 -4.53048 -0.235156 
v -0.839401 1.69449 1.68205 
v -0.374179 1.69449 1.90556 
v -0.626463 2.03634 1.37203 
v -0.267136 2.03634 1.54467 
v -2.87025 -2.36662 0.248363 
v -2.65754 -2.79075 -0.584319 
v -2.76755 -2.79075 0.245817 
v -2.75601 -2.36662 -0.613748 
v -2.55737 -3.19463 0.31291 
v -2.19904 -3.56653 1.00786 
v -2.4159 -3.19463 1.08457 
v -2.3275 -3.56653 0.307211 
v 1.88741 -3.91632 -1.17063 
v 1.24801 -4.19959 -1.32342 
v 1.43791 -3.91632 -1.5999 
v 1.62166 -4.19959 -0.966584 
v 0.209795 2.1286 1.65899 
v 0.726367 1.78675 1.94187 
v 0.601576 2.1286 1.58672 
v 0.219127 1.78675 2.03544 
v -0.566391 2.40879 -0.28078 
v -0.379487 2.15862 -0.477882 
v -0.566391 2.15862 -0.28078 
v -0.683443 2.40879 -0.0353522 
v -0.566391 2.40879 -0.28078 
v -0.683444 2.15862 -0.0353522 
v -0.544424 2.44611 -0.265583 
v -0.657875 2.44611 -0.0277106 
v -0.273302 2.58932 0.087226 
v -0.214045 2.58932 -0.0370178 
v -0.719187 2.40879 0.234376 
v -0.683443 2.40879 -0.0353522 
v -0.657875 2.44611 -0.0277106 
v -0.719187 2.15862 0.234376 
v -0.692519 2.44611 0.233715 
v -0.291395 2.58932 0.223771 
v -0.266559 2.58932 0.359253 
v -0.644965 2.44611 0.493103 
v -0.719187 2.40879 0.234376 
v -0.670123 2.40879 0.502002 
v -0.670123 2.15862 0.502002 
v -0.519868 2.44611 0.725062 
v -0.201219 2.58932 0.480408 
v -0.670123 2.40879 0.502002 
v -0.541054 2.40879 0.741328 
v -0.541054 2.15862 0.741328 
v -0.344614 2.40879 0.928928 
v -0.344614 2.15862 0.928928 
v -0.329475 2.44611 0.906888 
v -0.519868 2.44611 0.725062 
v -0.101775 2.58932 0.575378 
v -0.100032 2.40879 1.04644 
v -0.344614 2.40879 0.928928 
v -0.329475 2.44611 0.906888 
v -0.100032 2.15862 1.04644 
v -0.0924221 2.44611 1.02078 
v 0.0220419 2.58932 0.634865 
v 0.158108 2.58932 0.653048 
v 0.168086 2.44611 1.05559 
v 0.293107 2.58932 0.628146 
v 0.16875 2.40879 1.08236 
v -0.100032 2.40879 1.04644 
v 0.16875 2.15862 1.08236 
v 0.426551 2.44611 1.00792 
v 0.413823 2.58932 0.562596 
v 0.435423 2.40879 1.03317 
v 0.435423 2.15862 1.03317 
v 0.673882 2.40879 0.903681 
v 0.673882 2.15862 0.903681 
v 0.65767 2.44611 0.882418 
v 0.83882 2.44611 0.691382 
v 0.508439 2.58932 0.462816 
v 0.860786 2.40879 0.706578 
v 0.673882 2.40879 0.903681 
v 0.860786 2.15862 0.706578 
v 0.977839 2.40879 0.461151 
v 0.977839 2.15862 0.461151 
v 0.83882 2.44611 0.691382 
v 1.01358 2.40879 0.191423 
v 0.567696 2.58932 0.338573 
v 0.95227 2.44611 0.453509 
v 0.986914 2.44611 0.192084 
v 0.585791 2.58932 0.202027 
v -0.968735 -4.42017 1.04614 
v -0.774915 -4.58709 0.558904 
v -0.645846 -4.58709 0.79823 
v -1.15835 -4.42017 0.694534 
v 0.112001 -3.86194 -1.8832 
v 0.72704 -3.86194 -1.80101 
v 0.120323 -4.14521 -1.54747 
v 0.631577 -4.14521 -1.47915 
v 0.16875 2.15862 1.08236 
v -0.216018 1.90825 1.43749 
v 0.178861 1.90825 1.49026 
v -0.100032 2.15862 1.04644 
v -0.406259 -4.50941 -0.503448 
v -0.927937 -4.34249 -0.537952 
v -0.653349 -4.34249 -0.827524 
v -0.593162 -4.50941 -0.306346 
v -0.778744 0.152676 -2.32816 
v -1.32656 0.710527 -1.77153 
v -0.702271 0.710527 -2.11052 
v -1.46631 0.152676 -1.95481 
v 1.36753 1.90825 0.577616 
v 1.01358 2.15862 0.191423 
v 0.977839 2.15862 0.461151 
v 1.42004 1.90825 0.181347 
v -1.26672 -4.19227 1.27493 
v -1.51223 -4.19227 0.819706 
v -0.968735 -4.42017 1.04614 
v -1.15835 -4.42017 0.694534 
v 0.925124 -4.43784 -0.897458 
v 0.890833 -4.60475 -0.373937 
v 0.694393 -4.60475 -0.561537 
v 1.21372 -4.43784 -0.621847 
v -0.535129 1.20252 -1.78841 
v 0.067975 0.705015 -2.18771 
v -0.630181 0.705015 -2.05893 
v 0.0750828 1.20252 -1.90097 
v -1.40744 1.5664 0.762804 
v -0.863943 1.90825 0.989237 
v -1.05356 1.90825 0.637632 
v -1.16193 1.5664 1.21803 
v -2.52631 -2.71836 -0.607382 
v -2.02739 -3.12134 -1.26679 
v -2.3649 -3.12134 -0.559141 
v -2.16606 -2.71836 -1.36273 
v 0.104894 -3.53027 -2.16994 
v 0.72704 -3.86194 -1.80101 
v 0.112001 -3.86194 -1.8832 
v 0.808574 -3.53027 -2.0759 
v 0.0443166 -2.33537 -2.7515 
v -0.773861 -2.75949 -2.49704 
v -0.808029 -2.33537 -2.59427 
v 0.0468714 -2.75949 -2.64843 
v 2.11439 -3.58465 -1.3449 
v 1.43791 -3.91632 -1.5999 
v 1.60011 -3.58464 -1.83604 
v 1.88741 -3.91632 -1.17063 
v -1.53248 -3.909 1.47897 
v -1.51223 -4.19227 0.819706 
v -1.26672 -4.19227 1.27493 
v -1.82782 -3.909 0.931337 
v 1.54648 -4.53048 0.158024 
v 1.4744 -4.53048 -0.235156 
v 1.92159 -4.30257 0.148725 
v 1.82827 -4.30257 -0.360328 
v 1.13806 -4.20993 -1.20748 
v 1.21372 -4.43784 -0.621847 
v 0.925124 -4.43784 -0.897458 
v 1.51171 -4.20994 -0.850639 
v 0.631836 -4.53048 1.53146 
v 0.735077 -4.69739 1.01715 
v 0.982167 -4.53048 1.34123 
v 0.496617 -4.69739 1.14664 
v 0.673882 2.15862 0.903681 
v 0.570641 1.90825 1.41799 
v 0.920972 1.90825 1.22776 
v 0.435423 2.15862 1.03317 
v 1.15834 1.90825 -0.563438 
v 1.08268 1.5664 -1.14907 
v 0.869739 1.90825 -0.83905 
v 1.45633 1.5664 -0.792231 
v -2.23475 -2.22889 -1.46162 
v -1.57493 -2.65301 -2.00972 
v -2.15016 -2.65301 -1.4031 
v -1.63737 -2.22889 -2.09161 
v 1.19556 1.90825 0.938184 
v 0.673882 2.15862 0.903681 
v 0.920972 1.90825 1.22776 
v 0.860786 2.15862 0.706578 
v 0.0991747 -3.15837 -2.40062 
v 0.808574 -3.53027 -2.0759 
v 0.104894 -3.53027 -2.16994 
v 0.87417 -3.15837 -2.29706 
v -1.53485 1.28191 1.53508 
v -1.08535 1.28191 1.96436 
v -1.2691 1.70682 1.33104 
v -0.895446 1.70682 1.68788 
v -1.46631 0.152676 -1.95481 
v -0.834754 -0.451784 -2.48756 
v -1.56866 -0.451784 -2.08905 
v -0.778744 0.152676 -2.32816 
v -2.62478 -2.29424 -0.636811 
v -2.16606 -2.71836 -1.36273 
v -2.52631 -2.71836 -0.607382 
v -2.25065 -2.29424 -1.42125 
v -2.71623 -2.72943 0.315331 
v -2.4064 -3.1324 1.08282 
v -2.56522 -2.72943 1.139 
v -2.54787 -3.1324 0.311157 
v -1.33284 0.656688 -1.6922 
v -2.01149 0.0988372 -1.30716 
v -1.82216 0.656688 -1.17618 
v -1.47259 0.0988372 -1.87548 
v 0.964518 2.40879 -0.0762031 
v 1.01358 2.15862 0.191423 
v 0.964518 2.15862 -0.0762031 
v 0.835449 2.40879 -0.31553 
v 0.835449 2.15862 -0.31553 
v 0.814263 2.44611 -0.299264 
v 0.93936 2.44611 -0.067304 
v 0.495614 2.58932 -0.0546094 
v 0.560953 2.58932 0.0665458 
v 0.93936 2.44611 -0.067304 
v 0.986914 2.44611 0.192084 
v 0.623871 2.44611 -0.481089 
v 0.814263 2.44611 -0.299264 
v 0.396169 2.58932 -0.149579 
v 0.835449 2.40879 -0.31553 
v 0.639009 2.40879 -0.50313 
v 0.639009 2.15862 -0.50313 
v 0.386817 2.44611 -0.594982 
v 0.272353 2.58932 -0.209067 
v 0.126308 2.44611 -0.629794 
v 0.136286 2.58932 -0.227249 
v 0.125644 2.40879 -0.656558 
v 0.394427 2.40879 -0.62064 
v 0.639009 2.40879 -0.50313 
v 0.394427 2.15862 -0.62064 
v 0.125644 2.15862 -0.656558 
v -0.141027 2.40879 -0.607367 
v 0.125644 2.40879 -0.656558 
v -0.141027 2.15862 -0.607367 
v -0.132156 2.44611 -0.582117 
v 0.126308 2.44611 -0.629794 
v 0.00128727 2.58932 -0.202347 
v -0.363275 2.44611 -0.456619 
v -0.119429 2.58932 -0.136798 
v -0.141027 2.40879 -0.607367 
v -0.544424 2.44611 -0.265583 
v -0.379487 2.40879 -0.477882 
v -0.40104 -4.05554 -1.34734 
v 0.1062 -4.05554 -1.4409 
v -0.276247 -4.28344 -0.992187 
v 0.115532 -4.28344 -1.06446 
v 0.617455 1.5664 -1.37259 
v 0.0978791 1.14149 -1.77663 
v 0.106201 1.5664 -1.4409 
v 0.712919 1.14149 -1.69444 
v 2.11439 -3.58465 -1.3449 
v 1.7306 -3.21274 -2.02602 
v 2.297 -3.21274 -1.4851 
v 1.60011 -3.58464 -1.83604 
v -0.512333 -3.77226 -1.66407 
v 0.1062 -4.05554 -1.4409 
v -0.40104 -4.05554 -1.34734 
v 0.0978783 -3.77226 -1.77663 
v -0.276247 -4.28344 -0.992187 
v 0.125643 -4.45035 -0.656556 
v -0.141028 -4.45035 -0.607365 
v 0.115532 -4.28344 -1.06446 
v -1.75946 -3.57733 1.65324 
v -2.09737 -3.57733 1.02668 
v -1.53248 -3.909 1.47897 
v -1.82782 -3.909 0.931337 
v -1.84919 1.25988 0.897708 
v -2.24719 0.76237 0.292398 
v -2.11874 0.762369 0.99305 
v -1.96146 1.25988 0.285315 
v -1.65835 -1.79406 -2.11913 
v -2.23475 -2.22889 -1.46162 
v -2.26318 -1.79406 -1.48129 
v -1.63737 -2.22889 -2.09161 
v 1.89633 1.26187 -1.18003 
v 1.60902 0.764361 -1.84544 
v 1.44683 1.26187 -1.60931 
v 2.12331 0.764361 -1.3543 
v -0.683859 -3.06869 -2.15222 
v -1.23168 -3.44059 -1.59559 
v -1.37142 -3.06869 -1.77887 
v -0.607386 -3.44059 -1.93458 
v -0.226611 -4.43784 1.51742 
v -0.110625 -4.60475 1.12637 
v 0.158157 -4.60475 1.16229 
v 0.168268 -4.43784 1.57018 
v -0.37652 -4.56847 0.995823 
v -0.247924 -4.40155 1.50438 
v -0.60725 -4.40155 1.33174 
v -0.131938 -4.56847 1.11333 
v 0.0949866 -2.75539 -2.56958 
v 0.87417 -3.15837 -2.29706 
v 0.0991747 -3.15837 -2.40062 
v 0.922212 -2.75539 -2.45904 
v 1.62023 1.68478 1.20753 
v 1.48324 2.02664 0.633211 
v 1.31127 2.02664 0.993779 
v 1.84288 1.68478 0.740696 
v -0.630181 0.705015 -2.05893 
v 0.0622578 0.147164 -2.4184 
v -0.706654 0.147164 -2.27656 
v 0.067975 0.705015 -2.18771 
v -0.607385 0.64398 -1.93458 
v -1.05798 1.14149 -1.36778 
v -0.512332 1.14149 -1.66407 
v -1.23168 0.64398 -1.59559 
v -0.660533 -2.20789 -3.23709 
v -0.7047 -2.21949 -3.19813 
v -0.744069 -2.1323 -3.27234 
v -0.688369 -2.14624 -3.28956 
v -0.653762 -2.17755 -3.27496 
v -0.788237 -2.1439 -3.23339 
v -0.760401 -2.20554 -3.18092 
v -0.795008 -2.17424 -3.19552 
v 0.75663 -4.30257 1.88661 
v 0.982167 -4.53048 1.34123 
v 1.2102 -4.30257 1.64032 
v 0.631836 -4.53048 1.53146 
v -2.84745 -1.04663 1.10516 
v -2.73026 -0.387718 1.10225 
v -2.90188 -1.32593 0.914571 
v -2.78719 -0.717176 1.17106 
v -2.68534 -0.108418 0.909204 
v -2.94219 -1.51256 0.628318 
v -2.65927 0.0782055 0.621304 
v -2.65601 0.143738 0.282386 
v -2.96224 -1.57809 0.289977 
v -2.95898 -1.51256 -0.048941 
v -2.67606 0.0782051 -0.0559542 
v -2.9329 -1.32593 -0.33684 
v -2.71636 -0.108418 -0.342208 
v -2.88798 -1.04663 -0.529889 
v -2.77079 -0.387718 -0.532794 
v -2.83106 -0.717176 -0.598699 
v -1.12565 -4.28344 0.244452 
v -0.670123 -4.45035 0.502001 
v -1.05356 -4.28344 0.637632 
v -0.719187 -4.45035 0.234376 
v -2.81893 -2.30531 0.317876 
v -2.56522 -2.72943 1.139 
v -2.66211 -2.30531 1.17327 
v -2.71623 -2.72943 0.315331 
v -1.47259 0.0988372 -1.87548 
v -2.15016 -0.505623 -1.4031 
v -2.01149 0.0988372 -1.30716 
v -1.57493 -0.505623 -2.00972 
v 1.42867 -4.44365 0.606995 
v 0.921931 -4.61056 0.735956 
v 1.03898 -4.61056 0.490529 
v 1.25671 -4.44365 0.967562 
v 2.297 -3.21274 -1.4851 
v 1.82617 -2.80977 -2.16516 
v 2.43075 -2.80977 -1.58779 
v 1.7306 -3.21274 -2.02602 
v -2.64152 -0.317421 1.30456 
v -2.80019 -0.713556 1.48248 
v -2.72326 -0.268343 1.38949 
v -2.71268 -0.729243 1.39057 
v -2.58537 0.0317049 1.06325 
v -2.78801 -1.14107 1.30819 
v -2.66256 0.109091 1.12862 
v -2.88163 -1.15877 1.39342 
v -2.55278 0.264984 0.703374 
v -2.95518 -1.5362 1.13587 
v -2.62732 0.361284 0.739563 
v -2.85604 -1.49019 1.06996 
v -2.5487 0.3469 0.279726 
v -3.00965 -1.7884 0.749041 
v -2.66466 0.507747 0.282601 
v -2.90643 -1.72347 0.712141 
v -2.65001 0.361284 -0.175651 
v -3.09595 -1.91721 0.293292 
v -2.57376 0.264984 -0.143199 
v -2.93149 -1.80539 0.289215 
v -2.70448 0.109091 -0.56248 
v -2.92741 -1.72347 -0.134433 
v -2.62415 0.0317049 -0.501016 
v -3.03234 -1.7884 -0.166174 
v -2.77803 -0.268343 -0.820029 
v -2.89482 -1.49019 -0.494306 
v -2.69218 -0.317421 -0.739249 
v -2.9971 -1.5362 -0.555226 
v -2.85947 -0.713556 -0.90909 
v -2.83867 -1.14107 -0.735618 
v -2.76751 -0.729243 -0.821631 
v -2.9364 -1.15877 -0.816104 
v 0.510412 -4.28344 -1.01169 
v 0.639007 -4.45035 -0.503128 
v 0.394426 -4.45035 -0.620638 
v 0.869738 -4.28344 -0.839049 
v -2.31422 -3.20543 1.10339 
v -1.75946 -3.57733 1.65324 
v -1.94207 -3.20543 1.79345 
v -2.09737 -3.57733 1.02668 
v -1.63737 -1.14181 -2.09161 
v -2.26318 -1.79406 -1.48129 
v -2.23475 -1.14181 -1.46162 
v -1.65835 -1.79406 -2.11913 
v -1.60194 1.26187 1.60583 
v -1.31463 0.764362 2.27124 
v -1.15243 1.26187 2.0351 
v -1.82891 0.764362 1.7801 
v 0.970307 2.00186 1.31924 
v 0.74477 1.66001 1.86462 
v 1.19835 1.66001 1.61832 
v 0.619977 2.00186 1.50947 
v -0.60725 -4.40155 1.33174 
v -0.247924 -4.40155 1.50438 
v -0.820187 -4.17365 1.64176 
v -0.354966 -4.17365 1.86528 
v -1.57493 -0.505623 -2.00972 
v -2.23475 -1.14181 -1.46162 
v -2.15016 -0.505623 -1.4031 
v -1.63737 -1.14181 -2.09161 
v 1.08268 -4.05554 -1.14907 
v 0.510412 -4.28344 -1.01169 
v 0.617454 -4.05554 -1.37258 
v 0.869738 -4.28344 -0.839049 
v -2.78801 -1.14107 1.30819 
v -2.90188 -1.32593 0.914571 
v -2.85604 -1.49019 1.06996 
v -2.84745 -1.04663 1.10516 
v -2.94219 -1.51256 0.628318 
v -2.71268 -0.729243 1.39057 
v -2.90643 -1.72347 0.712141 
v -2.78719 -0.717176 1.17106 
v -2.96224 -1.57809 0.289977 
v -2.64152 -0.317421 1.30456 
v -2.93149 -1.80539 0.289215 
v -2.73026 -0.387718 1.10225 
v -2.92741 -1.72347 -0.134433 
v -2.58537 0.0317049 1.06325 
v -2.95898 -1.51256 -0.048941 
v -2.68534 -0.108418 0.909204 
v -2.89482 -1.49019 -0.494306 
v -2.55278 0.264984 0.703374 
v -2.9329 -1.32593 -0.33684 
v -2.65927 0.0782055 0.621304 
v -2.83867 -1.14107 -0.735618 
v -2.88798 -1.04663 -0.529889 
v -2.76751 -0.729243 -0.821631 
v -2.5487 0.3469 0.279726 
v -2.83106 -0.717176 -0.598699 
v -2.65601 0.143738 0.282386 
v -2.69218 -0.317421 -0.739249 
v -2.67606 0.0782051 -0.0559542 
v -2.77079 -0.387718 -0.532794 
v -2.57376 0.264984 -0.143199 
v -2.62415 0.0317049 -0.501016 
v -2.71636 -0.108418 -0.342208 
v 0.88743 0.118987 -2.39711 
v 0.108246 -0.485473 -2.66963 
v 0.112435 0.118987 -2.50068 
v 0.935472 -0.485473 -2.55909 
v 2.11459 1.22707 -0.501397 
v 1.55349 1.65198 -0.844991 
v 1.79899 1.65198 -0.389765 
v 1.81925 1.22707 -1.04903 
v -0.226611 -4.43784 1.51742 
v 0.177599 -4.20993 1.94663 
v -0.333654 -4.20993 1.87831 
v 0.168268 -4.43784 1.57018 
v -1.79179 -3.72154 0.254017 
v -1.39614 -3.99648 -0.254407 
v -1.46413 -3.99648 0.258645 
v -1.717 -3.71769 -0.337621 
v -0.706654 0.147164 -2.27656 
v 0.0580682 -0.457296 -2.58735 
v -0.762664 -0.457296 -2.43596 
v 0.0622578 0.147164 -2.4184 
v -1.46413 -3.99648 0.258645 
v -1.0365 -4.22438 -0.146922 
v -1.06002 -4.20692 0.232346 
v -1.39614 -3.99648 -0.254407 
v 2.11427 -3.53436 -1.26025 
v 2.45218 -3.53436 -0.63369 
v 1.8873 -3.86603 -1.08598 
v 2.18264 -3.86603 -0.538347 
v -0.839401 1.69449 1.68205 
v -0.469643 1.26958 2.22742 
v -0.374179 1.69449 1.90556 
v -1.02931 1.26958 1.95853 
v -1.06002 -4.20692 0.232346 
v -0.646812 -4.3913 -0.0304567 
v -0.682555 -4.3913 0.239271 
v -1.0365 -4.22438 -0.146922 
v -1.72303 1.14149 0.874435 
v -1.16193 1.5664 1.21803 
v -1.40744 1.5664 0.762804 
v -1.42769 1.14149 1.42207 
v 0.96478 -1.12166 -2.6579 
v 0.104833 -1.77391 -2.80734 
v 0.105691 -1.12166 -2.7727 
v 0.974629 -1.77391 -2.69111 
v 0.935472 -0.485473 -2.55909 
v 0.105691 -1.12166 -2.7727 
v 0.108246 -0.485473 -2.66963 
v 0.96478 -1.12166 -2.6579 
v 1.88447 -2.38565 -2.25004 
v 2.43075 -2.80977 -1.58779 
v 1.82617 -2.80977 -2.16516 
v 2.51572 -2.39441 -1.6714 
v -0.575345 -4.28344 1.26485 
v -0.541054 -4.45035 0.741327 
v -0.344614 -4.45035 0.928927 
v -0.863942 -4.28344 0.989236 
v -0.826252 -4.17145 -0.476392 
v -1.35786 -3.94355 -0.22331 
v -1.13521 -3.94355 -0.69014 
v -0.998219 -4.17145 -0.115824 
v -1.13521 -3.94355 -0.69014 
v -1.6786 -3.66028 -0.319168 
v -1.41075 -3.66028 -0.880765 
v -1.35786 -3.94355 -0.22331 
v -0.491477 -4.33837 -0.244786 
v -0.998219 -4.17145 -0.115824 
v -0.826252 -4.17145 -0.476392 
v -0.608528 -4.33837 0.00064091 
v 2.30592 0.20651 -1.4945 
v 1.60902 0.764361 -1.84544 
v 2.12331 0.764361 -1.3543 
v 1.73951 0.20651 -2.03542 
v -0.216018 1.90825 1.43749 
v 0.188192 1.5664 1.8667 
v 0.178861 1.90825 1.49026 
v -0.323061 1.5664 1.79838 
v -0.820187 -4.17365 1.64176 
v -0.450431 -3.89037 2.18713 
v -1.01009 -3.89037 1.91824 
v -0.354966 -4.17365 1.86528 
v 1.34796 -4.28344 -0.211833 
v 0.964515 -4.45035 -0.0762023 
v 0.835447 -4.45035 -0.315528 
v 1.15834 -4.28344 -0.563437 
v -1.41075 -3.66028 -0.880765 
v -1.95253 -3.32861 -0.401038 
v -1.64608 -3.32861 -1.04357 
v -1.6786 -3.66028 -0.319168 
v -1.06221 -3.85128 2.02753 
v -0.584086 -3.51961 2.57131 
v -1.22441 -3.51961 2.26367 
v -0.502552 -3.85128 2.29642 
v 1.45633 1.5664 -0.792231 
v 1.27258 1.14149 -1.42555 
v 1.08268 1.5664 -1.14907 
v 1.72208 1.14149 -0.996274 
v 2.66903 -3.16246 -0.710396 
v 2.11427 -3.53436 -1.26025 
v 2.29688 -3.16246 -1.40046 
v 2.45218 -3.53436 -0.63369 
v 1.72717 1.5664 0.685101 
v 1.42004 1.90825 0.181347 
v 1.36753 1.90825 0.577616 
v 1.79516 1.5664 0.172049 
v -0.788282 -4.05554 1.57486 
v -1.16193 -4.05554 1.21803 
v -0.575345 -4.28344 1.26485 
v -0.863942 -4.28344 0.989236 
v -1.82891 0.764362 1.7801 
v -1.44512 0.206511 2.46122 
v -1.31463 0.764362 2.27124 
v -2.01152 0.206511 1.9203 
v -2.5542 -2.0202 1.75086 
v -3.00965 -1.7884 0.749041 
v -3.06662 -2.0202 0.292565 
v -2.95518 -1.5362 1.13587 
v -3.09595 -1.91721 0.293292 
v -2.88163 -1.15877 1.39342 
v -3.03234 -1.7884 -0.166174 
v -2.51748 -0.755546 1.72267 
v -2.80019 -0.713556 1.48248 
v -2.72326 -0.268343 1.38949 
v -2.62708 -2.0202 -1.18933 
v -2.19605 0.576818 1.47588 
v -2.9971 -1.5362 -0.555226 
v -2.66256 0.109091 1.12862 
v -2.9364 -1.15877 -0.816104 
v -2.62732 0.361284 0.739563 
v -2.58902 -0.755546 -1.163 
v -2.60566 0.610127 0.281139 
v -2.85947 -0.713556 -0.90909 
v -2.66466 0.507747 0.282601 
v -2.77803 -0.268343 -0.820029 
v -2.65001 0.361284 -0.175651 
v -2.25575 0.576818 -0.932434 
v -2.70448 0.109091 -0.56248 
v -0.673438 -2.65215 -2.18844 
v -1.30499 -3.05512 -1.65569 
v -1.40734 -2.65215 -1.78993 
v -0.617428 -3.05512 -2.02904 
v -0.119429 -4.83014 -0.136796 
v -0.122677 -4.74145 -0.555135 
v 0.00128744 -4.83014 -0.202345 
v -0.141028 -4.67273 -0.607365 
v -0.379487 -4.45035 -0.477881 
v -0.141028 -4.45035 -0.607365 
v -0.379487 -4.67273 -0.477881 
v -0.345951 -4.74145 -0.433896 
v -0.520953 -4.74145 -0.249344 
v -0.214045 -4.83014 -0.0370166 
v -0.56639 -4.67273 -0.280779 
v -0.379487 -4.67273 -0.477881 
v -0.56639 -4.45035 -0.280779 
v -0.630553 -4.74145 -0.0195446 
v -0.2733 -4.83014 0.0872265 
v -0.291395 -4.83014 0.223771 
v -0.683443 -4.67273 -0.0353517 
v -0.56639 -4.67273 -0.280779 
v -0.683443 -4.45035 -0.0353517 
v -0.719187 -4.45035 0.234376 
v -0.719187 -4.67273 0.234376 
v -0.670123 -4.45035 0.502001 
v -0.670123 -4.67273 0.502001 
v -0.618081 -4.74145 0.483593 
v -0.66402 -4.74145 0.233008 
v -0.266557 -4.83014 0.359252 
v -0.670123 -4.67273 0.502001 
v -0.541054 -4.45035 0.741327 
v -0.541054 -4.67273 0.741327 
v -0.497231 -4.74145 0.70768 
v -0.618081 -4.74145 0.483593 
v -0.201219 -4.83014 0.480407 
v -0.541054 -4.67273 0.741327 
v -0.344614 -4.45035 0.928927 
v -0.344614 -4.67273 0.928927 
v -0.313299 -4.74145 0.883334 
v -0.497231 -4.74145 0.70768 
v -0.101775 -4.83014 0.575376 
v -0.344614 -4.67273 0.928927 
v -0.100033 -4.45035 1.04644 
v -0.100033 -4.67273 1.04644 
v -0.313299 -4.74145 0.883334 
v -0.0842915 -4.74145 0.993362 
v 0.0220407 -4.83014 0.634863 
v 0.167376 -4.74145 1.02699 
v 0.158106 -4.83014 0.653046 
v 0.168748 -4.67273 1.08235 
v -0.100033 -4.67273 1.04644 
v 0.168748 -4.45035 1.08235 
v 0.435421 -4.45035 1.03316 
v 0.435421 -4.67273 1.03316 
v 0.417068 -4.74145 0.980934 
v 0.167376 -4.74145 1.02699 
v 0.293105 -4.83014 0.628144 
v 0.435421 -4.67273 1.03316 
v 0.67388 -4.45035 0.90368 
v 0.673879 -4.67273 0.90368 
v 0.640344 -4.74145 0.859695 
v 0.417068 -4.74145 0.980934 
v 0.41382 -4.83014 0.562595 
v 0.508437 -4.83014 0.462815 
v 0.815346 -4.74145 0.675143 
v 0.860783 -4.67273 0.706577 
v 0.673879 -4.67273 0.90368 
v 0.860783 -4.45035 0.706577 
v 0.0774506 -1.80676 -2.60072 
v -0.774035 -2.24159 -2.40885 
v -0.785518 -1.80676 -2.44153 
v 0.0783105 -2.24159 -2.56608 
v -0.64968 -3.14771 2.79247 
v -1.22441 -3.51961 2.26367 
v -0.584086 -3.51961 2.57131 
v -1.3549 -3.14771 2.45364 
v 2.006 -3.89729 1.45111 
v 2.54778 -3.56562 0.971383 
v 2.24133 -3.56562 1.61392 
v 2.27384 -3.89729 0.889512 
v 1.01358 -4.45035 0.191423 
v 1.42004 -4.28344 0.181347 
v 1.36753 -4.28344 0.577616 
v 0.977835 -4.45035 0.46115 
v -0.978187 -3.77226 1.85135 
v -1.16193 -4.05554 1.21803 
v -0.788282 -4.05554 1.57486 
v -1.42769 -3.77226 1.42207 
v 0.0783105 -2.24159 -2.56608 
v 0.90809 -2.66572 -2.35247 
v 0.080864 -2.66572 -2.46301 
v 0.937398 -2.24159 -2.45128 
v 1.4827 -3.8803 1.91804 
v 1.63484 -4.16358 1.27639 
v 1.91038 -3.8803 1.46702 
v 1.27933 -4.16358 1.6513 
v 1.14901 1.5664 1.52684 
v 1.19556 1.90825 0.938184 
v 0.920972 1.90825 1.22776 
v 1.50452 1.5664 1.15193 
v 2.82786 -2.75949 -0.766576 
v 2.29688 -3.16246 -1.40046 
v 2.43063 -2.75949 -1.50315 
v 2.66903 -3.16246 -0.710396 
v 0.17886 -4.28344 1.49025 
v 0.168748 -4.45035 1.08235 
v 0.435421 -4.45035 1.03316 
v 0.57064 -4.28344 1.41799 
v 2.25382 -3.83482 0.180343 
v 1.85129 -4.1181 0.701688 
v 1.91928 -4.1181 0.188636 
v 2.17203 -3.83482 0.797546 
v 0.656989 -3.71909 -1.57717 
v 1.02675 -4.00236 -1.0318 
v 0.561524 -4.00236 -1.25531 
v 1.21665 -3.71909 -1.30828 
v 1.19556 -4.28344 0.938184 
v 0.67388 -4.45035 0.90368 
v 0.860783 -4.45035 0.706577 
v 0.920969 -4.28344 1.22776 
v 1.62023 1.68478 1.20753 
v 2.16362 1.25987 0.836554 
v 1.84288 1.68478 0.740696 
v 1.89577 1.25987 1.39815 
v -0.707604 -2.22802 -2.28567 
v -1.40734 -2.65215 -1.78993 
v -1.46977 -2.22802 -1.87181 
v -0.673438 -2.65215 -2.18844 
v -0.693159 -2.00387 -3.10794 
v -0.684765 -1.94916 -3.17399 
v -0.664855 -1.99325 -3.13647 
v -0.626248 -2.00544 -3.14557 
v -0.745115 -1.97181 -3.11317 
v -0.602446 -1.97516 -3.19341 
v -0.694588 -2.03108 -3.07671 
v -0.74816 -2.02983 -3.04658 
v -0.692094 -2.08923 -3.01323 
v -0.599953 -2.0333 -3.12993 
v -0.668293 -2.05894 -3.06107 
v -0.54638 -2.03456 -3.16006 
v -0.609776 -2.11523 -3.03265 
v -0.629685 -2.07114 -3.07018 
v -0.549426 -2.09258 -3.09347 
v -0.601381 -2.06051 -3.0987 
v -0.609776 -2.11523 -3.03265 
v -0.629685 -2.07114 -3.07018 
v 2.38413 0.729568 -0.596739 
v 1.81925 1.22707 -1.04903 
v 2.11459 1.22707 -0.501397 
v 2.04622 0.729568 -1.2233 
v -1.99257 0.643981 0.969778 
v -1.42769 1.14149 1.42207 
v -1.72303 1.14149 0.874435 
v -1.65467 0.643981 1.59634 
v 0.0774506 -1.80676 -2.60072 
v 0.937398 -2.24159 -2.45128 
v 0.0783105 -2.24159 -2.56608 
v 0.947248 -1.80676 -2.48449 
v -0.697724 -2.74474 2.95445 
v -1.3549 -3.14771 2.45364 
v -0.64968 -3.14771 2.79247 
v -1.45047 -2.74474 2.59279 
v 0.659641 1.09158 -1.58273 
v 0.0741098 0.58379 -1.93763 
v 0.0812177 1.0813 -1.6509 
v 0.734589 0.58379 -1.84937 
v 1.21665 -3.71909 -1.30828 
v 0.738522 -3.38742 -1.85206 
v 1.37884 -3.38742 -1.54442 
v 0.656989 -3.71909 -1.57717 
v 1.79515 -4.05554 0.172049 
v 1.72717 -4.05554 0.685101 
v 1.42004 -4.28344 0.181347 
v 1.36753 -4.28344 0.577616 
v 2.76817 -3.19372 1.03725 
v 2.24133 -3.56562 1.61392 
v 2.54778 -3.56562 0.971383 
v 2.43066 -3.19372 1.7449 
v 2.14572 -3.54863 1.62983 
v 1.4827 -3.8803 1.91804 
v 1.91038 -3.8803 1.46702 
v 1.6564 -3.54863 2.14585 
v 0.856061 1.2351 2.18135 
v 1.19835 1.66001 1.61832 
v 0.74477 1.66001 1.86462 
v 1.40171 1.2351 1.88506 
v 3.0385 -1.79463 -0.856454 
v 2.59341 -2.22946 -1.60988 
v 2.62083 -1.79463 -1.63093 
v 3.00594 -2.22946 -0.844936 
v 0.856013 0.764431 2.56695 
v 0.863533 0.7121 2.63451 
v 0.882136 0.733485 2.59443 
v 0.800482 0.786809 2.56816 
v 0.811118 0.712795 2.66371 
v 0.748066 0.787505 2.59736 
v 0.755586 0.735174 2.66492 
v 0.729463 0.766119 2.63743 
v -2.36825 -2.66572 1.10266 
v -1.83728 -3.06869 1.73655 
v -1.97102 -2.66572 1.83923 
v -2.20943 -3.06869 1.04648 
v -1.55739 -0.474929 2.61797 
v -2.24355 -1.11111 2.10324 
v -1.61569 -1.11111 2.70285 
v -2.16197 -0.474928 2.0406 
v 0.17886 -4.28344 1.49025 
v 0.695432 -4.05554 1.77313 
v 0.188191 -4.05554 1.8667 
v 0.57064 -4.28344 1.41799 
v 2.92475 -2.33537 -0.800847 
v 2.43063 -2.75949 -1.50315 
v 2.51221 -2.33537 -1.56579 
v 2.82786 -2.75949 -0.766576 
v 2.53954 -3.50315 0.17326 
v 2.17203 -3.83482 0.797546 
v 2.25382 -3.83482 0.180343 
v 2.44596 -3.50315 0.879416 
v 1.79515 -4.05554 0.172049 
v 1.70183 -4.05554 -0.337005 
v 2.12969 -3.77226 0.163756 
v 2.01742 -3.77226 -0.448636 
v -0.719088 -1.79319 -2.31835 
v -1.46977 -2.22802 -1.87181 
v -1.49076 -1.79319 -1.89934 
v -0.707604 -2.22802 -2.28567 
v 1.14901 -4.05554 1.52684 
v 1.19556 -4.28344 0.938184 
v 1.50452 -4.05554 1.15193 
v 0.920969 -4.28344 1.22776 
v 2.4706 -1.79298 -1.59856 
v 1.81532 -2.22781 -2.17712 
v 1.83491 -1.79298 -2.20565 
v 2.44318 -2.22781 -1.57751 
v 0.804118 -3.01552 -2.07322 
v 1.37884 -3.38742 -1.54442 
v 0.738522 -3.38742 -1.85206 
v 1.50933 -3.01552 -1.7344 
v 1.0303 0.719207 2.59868 
v 1.4809 1.21671 2.03188 
v 0.935243 1.21671 2.32817 
v 1.65459 0.719207 2.25969 
v 2.59341 -1.14238 -1.60988 
v 3.0385 -1.79463 -0.856454 
v 2.62083 -1.79463 -1.63093 
v 3.00594 -1.14238 -0.844936 
v 2.3616 -0.504547 -1.51487 
v 1.66145 0.0999136 -1.9531 
v 2.22785 0.0999136 -1.41218 
v 1.75702 -0.504547 -2.09224 
v 2.51182 -0.506194 -1.54723 
v 3.00594 -1.14238 -0.844936 
v 2.59341 -1.14238 -1.60988 
v 2.90905 -0.506194 -0.810665 
v -0.323061 1.5664 1.79838 
v 0.196514 1.14149 2.20243 
v 0.188192 1.5664 1.8667 
v -0.418525 1.14149 2.12024 
v -0.727032 -2.32061 3.05326 
v -1.45047 -2.74474 2.59279 
v -0.697724 -2.74474 2.95445 
v -1.50877 -2.32061 2.67767 
v -1.46977 -1.14095 -1.87181 
v -0.719088 -1.79319 -2.31835 
v -1.49076 -1.79319 -1.89934 
v -0.707606 -1.14095 -2.28567 
v -2.46514 -2.24159 1.13693 
v -1.97102 -2.66572 1.83923 
v -2.05261 -2.24159 1.90187 
v -2.36825 -2.66572 1.10266 
v 0.191741 -3.11119 2.85266 
v -0.517658 -3.48309 2.52794 
v 0.186022 -3.48309 2.62197 
v -0.583254 -3.11119 2.7491 
v -1.40734 -0.50476 -1.78993 
v -0.707606 -1.14095 -2.28567 
v -1.46977 -1.14095 -1.87181 
v -0.673438 -0.50476 -2.18844 
v 2.92958 -2.79075 1.08549 
v 2.43066 -3.19372 1.7449 
v 2.76817 -3.19372 1.03725 
v 2.56933 -2.79075 1.84084 
v 1.81532 -1.14073 -2.17712 
v 2.4706 -1.79298 -1.59856 
v 1.83491 -1.79298 -2.20565 
v 2.44318 -1.14073 -1.57751 
v 0.734589 0.58379 -1.84937 
v 0.0683913 0.0259388 -2.16832 
v 0.0741098 0.58379 -1.93763 
v 0.801721 0.0314978 -2.06819 
v 1.6564 -3.54863 2.14585 
v 2.33505 -3.17673 1.76081 
v 1.79614 -3.17673 2.32913 
v 2.14572 -3.54863 1.62983 
v 2.76941 -3.13125 0.167562 
v 2.44596 -3.50315 0.879416 
v 2.53954 -3.50315 0.17326 
v 2.66635 -3.13125 0.945283 
v 1.75702 -0.504547 -2.09224 
v 2.44318 -1.14073 -1.57751 
v 1.81532 -1.14073 -2.17712 
v 2.3616 -0.504547 -1.51487 
v 0.852161 -2.61255 -2.2352 
v 1.50933 -3.01552 -1.7344 
v 0.804118 -3.01552 -2.07322 
v 1.60491 -2.61255 -1.87354 
v 2.4864 0.699355 -0.580768 
v 2.84473 0.141505 0.114187 
v 2.70326 0.141505 -0.657473 
v 2.61486 0.699355 0.119885 
v -1.05093 -3.38791 1.99316 
v -1.33824 -3.71959 1.32774 
v -0.88874 -3.71959 1.75702 
v -1.56522 -3.38791 1.50201 
v 1.01358 -4.45035 0.191423 
v 1.01358 -4.67273 0.191423 
v 0.964515 -4.45035 -0.0762023 
v 0.977835 -4.67273 0.46115 
v 0.977835 -4.45035 0.46115 
v 0.924946 -4.74145 0.445343 
v 0.964515 -4.67273 -0.0762023 
v 0.835447 -4.45035 -0.315528 
v 0.835447 -4.67273 -0.315528 
v 0.912474 -4.74145 -0.057794 
v 0.791622 -4.74145 -0.281881 
v 0.912474 -4.74145 -0.057794 
v 0.56095 -4.83014 0.0665467 
v 0.958413 -4.74145 0.19279 
v 0.585787 -4.83014 0.202027 
v 0.567693 -4.83014 0.338572 
v 0.495611 -4.83014 -0.0546079 
v 0.815346 -4.74145 0.675143 
v 0.977835 -4.67273 0.46115 
v 0.860783 -4.67273 0.706577 
v 0.607692 -4.74145 -0.457536 
v 0.396166 -4.83014 -0.149577 
v 0.835447 -4.67273 -0.315528 
v 0.272352 -4.83014 -0.209065 
v 0.378683 -4.74145 -0.567564 
v 0.394426 -4.67273 -0.620638 
v 0.639007 -4.67273 -0.503128 
v 0.394426 -4.45035 -0.620638 
v 0.639007 -4.45035 -0.503128 
v 0.394426 -4.67273 -0.620638 
v 0.125643 -4.45035 -0.656556 
v 0.125643 -4.67273 -0.656556 
v 0.378683 -4.74145 -0.567564 
v 0.136285 -4.83014 -0.227247 
v 0.127016 -4.74145 -0.601194 
v 0.806725 -3.77226 2.08987 
v 1.14901 -4.05554 1.52684 
v 1.35238 -3.77226 1.79357 
v 0.695432 -4.05554 1.77313 
v 1.49348 1.22023 1.92832 
v 2.15649 0.722728 1.64011 
v 1.92116 1.22023 1.4773 
v 1.66717 0.722728 2.15613 
v 1.66084 -0.518331 -1.99081 
v 0.937398 -1.15452 -2.45128 
v 0.908091 -0.518331 -2.35247 
v 1.71914 -1.15452 -2.07569 
v -1.19874 0.680898 2.20985 
v -0.624013 0.123047 2.73865 
v -0.558417 0.680897 2.5175 
v -1.32923 0.123047 2.39983 
v -0.736882 -1.88578 3.08647 
v -1.50877 -2.32061 2.67767 
v -0.727032 -2.32061 3.05326 
v -1.52836 -1.88578 2.70619 
v 1.89577 1.25987 1.39815 
v 2.43755 0.762369 0.918424 
v 2.16362 1.25987 0.836554 
v 2.1311 0.762369 1.56096 
v 0.195929 -2.70822 3.02162 
v -0.583254 -3.11119 2.7491 
v 0.191741 -3.11119 2.85266 
v -0.631296 -2.70822 2.91108 
v 0.266222 -2.28456 3.26536 
v 1.0844 -2.70869 3.0109 
v 1.11857 -2.28456 3.10813 
v 0.263667 -2.70869 3.16229 
v 1.78006 1.14149 1.34256 
v 1.14901 1.5664 1.52684 
v 1.35238 1.14149 1.79358 
v 1.50452 1.5664 1.15193 
v -0.978187 1.14149 1.85135 
v -0.500057 0.64398 2.39513 
v -0.418525 1.14149 2.12024 
v -1.14038 0.64398 2.08748 
v 0.881469 -2.18842 -2.33401 
v 1.60491 -2.61255 -1.87354 
v 0.852161 -2.61255 -2.2352 
v 1.66321 -2.18842 -1.95842 
v 1.09354 -0.320625 3.13772 
v 1.01566 -0.38117 3.20299 
v 1.06748 -0.39284 3.17514 
v 1.09974 -0.367756 3.1481 
v 1.0525 -0.279052 3.15009 
v 0.974628 -0.339597 3.21536 
v 1.00068 -0.267383 3.17795 
v 0.968428 -0.292466 3.20498 
v 2.93777 -2.72828 0.163388 
v 2.66635 -3.13125 0.945283 
v 2.76941 -3.13125 0.167562 
v 2.82777 -2.72828 0.993525 
v 3.02805 -2.36662 1.11492 
v 2.56933 -2.79075 1.84084 
v 2.92958 -2.79075 1.08549 
v 2.65392 -2.36662 1.89936 
v 1.79614 -3.17673 2.32913 
v 2.47372 -2.77376 1.85675 
v 1.89849 -2.77376 2.46336 
v 2.33505 -3.17673 1.76081 
v -1.56522 -3.38791 1.50201 
v -1.18142 -3.01601 2.18314 
v -1.74783 -3.01601 1.64222 
v -1.05093 -3.38791 1.99316 
v 1.10677 0.161357 2.81632 
v 1.65459 0.719207 2.25969 
v 1.0303 0.719207 2.59868 
v 1.79433 0.161356 2.44297 
v -2.51748 -0.755546 1.72267 
v -2.5542 -2.0202 1.75086 
v -2.56392 -1.72634 1.93492 
v -2.5365 -2.16117 1.91387 
v -2.5365 -1.0741 1.91387 
v -2.45491 -0.437911 1.85123 
v -2.32117 0.16655 1.74854 
v -2.19605 0.576818 1.47588 
v -2.13856 0.724401 1.60834 
v 2.70326 0.141505 -0.657473 
v 3.01309 -0.462956 0.110013 
v 2.86208 -0.462956 -0.713653 
v 2.84473 0.141505 0.114187 
v -0.309911 -3.95786 1.69914 
v 0.166942 -3.95731 1.75079 
v -0.405374 -3.67459 2.021 
v 0.209665 -3.67459 2.10319 
v 1.52607 -3.44059 2.02139 
v 0.901779 -3.44059 2.36038 
v 1.35238 -3.77226 1.79357 
v 0.806725 -3.77226 2.08987 
v 0.891318 -1.75359 -2.36722 
v 1.66321 -2.18842 -1.95842 
v 0.881469 -2.18842 -2.33401 
v 1.6828 -1.75359 -1.98695 
v -1.32923 0.123047 2.39983 
v -0.672057 -0.481414 2.90063 
v -0.624013 0.123047 2.73865 
v -1.4248 -0.481414 2.53897 
v 0.267081 -1.84973 3.3 
v 1.11857 -2.28456 3.10813 
v 1.13005 -1.84973 3.14081 
v 0.266222 -2.28456 3.26536 
v -2.62708 -2.0202 -1.18933 
v -2.58902 -0.755546 -1.163 
v -2.64591 -1.72634 -1.37268 
v -2.61748 -2.16117 -1.35301 
v -2.61748 -1.0741 -1.35301 
v -2.53289 -0.437911 -1.29449 
v -2.39422 0.16655 -1.19856 
v -2.25575 0.576818 -0.932434 
v -2.20489 0.724401 -1.06757 
v 0.198484 -2.28409 3.12469 
v -0.631296 -2.70822 2.91108 
v 0.195929 -2.70822 3.02162 
v -0.660604 -2.28409 3.00989 
v 0.748177 0.520445 2.58836 
v 0.705244 0.575289 2.53772 
v 0.668105 0.557576 2.58341 
v 0.742798 0.557875 2.54003 
v 0.686902 0.601866 2.51176 
v 0.628996 0.614244 2.52807 
v 0.653781 0.657254 2.45473 
v 0.698527 0.622038 2.47736 
v 0.727919 0.661422 2.40635 
v 0.733297 0.623993 2.45467 
v 0.770851 0.606578 2.45699 
v 0.807991 0.624291 2.41129 
v 0.789193 0.580001 2.48295 
v 0.8471 0.567624 2.46664 
v 0.822315 0.524613 2.53998 
v 0.777569 0.55983 2.51734 
v 0.748177 0.520445 2.58836 
v 0.742798 0.557875 2.54003 
v 2.86208 -0.462956 -0.713653 
v 3.11579 -1.09914 0.107467 
v 2.95897 -1.09914 -0.747924 
v 3.01309 -0.462956 0.110013 
v 2.50382 0.0861291 -0.620685 
v 1.94906 0.64398 -1.17054 
v 2.28697 0.64398 -0.543979 
v 2.13167 0.0861291 -1.31075 
v 1.61708 1.48154 0.67039 
v 2.01576 1.07294 0.1703 
v 1.70613 1.46622 0.177975 
v 1.93782 1.05663 0.766248 
v 2.81365 -2.66572 0.146801 
v 2.50382 -3.06869 -0.620685 
v 2.66265 -2.66572 -0.676865 
v 2.64529 -3.06869 0.150975 
v -1.74783 -3.01601 1.64222 
v -1.27699 -2.61304 2.32228 
v -1.88157 -2.61304 1.74491 
v -1.18142 -3.01601 2.18314 
v -1.4248 -0.481414 2.53897 
v -0.701365 -1.1176 2.99944 
v -0.672057 -0.481414 2.90063 
v -1.4831 -1.1176 2.62385 
v 1.66321 -1.10135 -1.95842 
v 0.891318 -1.75359 -2.36722 
v 0.881468 -1.10135 -2.33401 
v 1.6828 -1.75359 -1.98695 
v -1.83727 0.0861297 1.73655 
v -1.36644 -0.518331 2.41661 
v -1.27087 0.0861297 2.27746 
v -1.97102 -0.518331 1.83923 
v 1.80691 0.164877 2.33941 
v 2.15649 0.722728 1.64011 
v 1.66717 0.722728 2.15613 
v 2.34582 0.164877 1.7711 
v 3.04048 -2.30415 0.160843 
v 2.82777 -2.72828 0.993525 
v 2.93777 -2.72828 0.163388 
v 2.92623 -2.30415 1.02295 
v 2.0479 1.14149 0.780959 
v 2.41542 0.64398 0.156673 
v 2.1297 1.14149 0.163756 
v 2.32184 0.64398 0.862829 
v 1.79433 0.161356 2.44297 
v 1.16278 -0.443104 2.97572 
v 1.89668 -0.443104 2.5772 
v 1.10677 0.161357 2.81632 
v 2.55831 -2.34963 1.91527 
v 1.89849 -2.77376 2.46336 
v 2.47372 -2.77376 1.85675 
v 1.96092 -2.34963 2.54525 
v 0.182859 -3.34462 2.37591 
v -0.405374 -3.67459 2.021 
v 0.209665 -3.67459 2.10319 
v -0.486908 -3.34292 2.29589 
v -1.42474 -1.15452 2.50149 
v -2.08003 -1.80676 1.92293 
v -1.44434 -1.80676 2.53001 
v -2.05261 -1.15452 1.90187 
v 0.199343 -1.84926 3.15933 
v -0.660604 -2.28409 3.00989 
v 0.198484 -2.28409 3.12469 
v -0.670455 -1.84926 3.04309 
v 2.13167 0.0861291 -1.31075 
v 2.66265 -0.518332 -0.676865 
v 2.26541 -0.518331 -1.41343 
v 2.50382 0.0861291 -0.620685 
v -1.3353 -2.18892 2.40716 
v -1.88157 -2.61304 1.74491 
v -1.27699 -2.61304 2.32228 
v -1.96316 -2.18892 1.80755 
v 1.89668 -0.443104 2.5772 
v 1.19695 -1.07929 3.07295 
v 1.95911 -1.07929 2.65909 
v 1.16278 -0.443104 2.97572 
v 2.91635 -2.2416 0.144256 
v 2.66265 -2.66572 -0.676865 
v 2.75953 -2.2416 -0.711136 
v 2.81365 -2.66572 0.146801 
v 3.07499 -1.86932 0.159987 
v 2.92623 -2.30415 1.02295 
v 3.04048 -2.30415 0.160843 
v 2.95933 -1.86932 1.03284 
v 1.10628 -1.13282 3.04113 
v 0.254797 -1.78506 3.233 
v 1.11777 -1.78506 3.07381 
v 0.253938 -1.13282 3.19836 
v 1.07212 -0.496631 2.94389 
v 0.253938 -1.13282 3.19836 
v 1.10628 -1.13282 3.04113 
v 0.269089 -0.475276 3.08527 
v 1.90926 -0.439583 2.47365 
v 2.34582 0.164877 1.7711 
v 1.80691 0.164877 2.33941 
v 2.48449 -0.439583 1.86703 
v 0.213528 -2.66572 2.88881 
v 0.978252 -3.06869 2.57801 
v 1.03426 -2.66572 2.73741 
v 0.20934 -3.06869 2.71985 
v -1.99058 -1.75409 1.8286 
v -1.3353 -2.18892 2.40716 
v -1.35489 -1.75409 2.43569 
v -1.96316 -2.18892 1.80755 
v 1.97819 -1.82023 2.56922 
v 2.55459 -2.25506 1.91172 
v 2.58302 -1.82023 1.93138 
v 1.9572 -2.25506 2.5417 
v 1.02257 -0.435125 2.96068 
v 0.948251 -0.431439 3.00455 
v 0.970296 -0.488153 3.00821 
v 0.972769 -0.406569 2.98226 
v 1.01992 -0.350602 2.93695 
v 0.971524 -0.366927 2.97113 
v 0.945235 -0.335734 2.97768 
v 0.963866 -0.284091 2.95093 
v 0.90931 -0.331254 2.99808 
v 0.887266 -0.27454 2.99441 
v 0.83499 -0.327568 3.04194 
v 0.884793 -0.356124 3.02037 
v 0.837645 -0.412092 3.06568 
v 0.886038 -0.395766 3.0315 
v 0.912326 -0.426959 3.02494 
v 0.893696 -0.478602 3.0517 
v 0.948251 -0.431439 3.00455 
v 0.970296 -0.488153 3.00821 
v 2.95087 -1.80676 0.1434 
v 2.75953 -2.2416 -0.711136 
v 2.7921 -1.80676 -0.722654 
v 2.91635 -2.2416 0.144256 
v -0.401035 1.09649 1.98826 
v 0.221112 0.598986 2.35718 
v 0.176263 1.08726 2.09196 
v -0.482568 0.598986 2.26315 
v -0.181822 -3.89043 -0.11136 
v -0.428913 -3.72352 -0.435436 
v -0.0785826 -3.72352 -0.625666 
v 0.0566364 -3.89043 -0.240844 
v -1.42474 -1.15452 2.50149 
v -0.652854 -1.80676 2.91028 
v -0.643004 -1.15452 2.87707 
v -1.44434 -1.80676 2.53001 
v -1.03401 -2.88067 -1.22907 
v -0.409721 -2.88067 -1.56806 
v -0.86032 -3.21234 -1.00126 
v -0.314667 -3.21234 -1.29755 
v -0.86032 -3.21234 -1.00126 
v -0.203374 -3.49562 -0.980816 
v -0.65695 -3.49562 -0.734522 
v -0.314667 -3.21234 -1.29755 
v -0.65695 -3.49562 -0.734522 
v -0.0785826 -3.72352 -0.625666 
v -0.428913 -3.72352 -0.435436 
v -0.203374 -3.49562 -0.980816 
v 2.67318 -1.66114 2.36074 
v 2.75236 -1.59933 2.30619 
v 2.71343 -1.61914 2.34732 
v 2.65518 -1.70073 2.33859 
v 2.76715 -1.61333 2.26144 
v 2.66997 -1.71472 2.29384 
v 2.74915 -1.65292 2.23928 
v 2.7089 -1.69491 2.25271 
v 2.32184 0.64398 0.862829 
v 2.64529 0.0861291 0.150975 
v 2.41542 0.64398 0.156673 
v 2.5059 0.0933558 0.958345 
v 2.26587 -2.11798 3.06707 
v 2.24951 -2.17615 3.00632 
v 2.28059 -2.14707 3.03049 
v 2.21398 -2.10593 3.09464 
v 2.19084 -2.1882 3.00872 
v 2.15532 -2.11798 3.09704 
v 2.13896 -2.17615 3.03629 
v 2.12424 -2.14707 3.07287 
v 2.46833 -0.49663 1.79231 
v 2.92704 -1.13282 1.06639 
v 2.82858 -0.49663 1.03696 
v 2.55292 -1.13282 1.85083 
v 2.75953 -1.15452 -0.711136 
v 2.95087 -1.80676 0.1434 
v 2.7921 -1.80676 -0.722654 
v 2.91635 -1.15452 0.144255 
v 0.958694 -2.97829 2.47134 
v 1.4643 -3.38795 1.90684 
v 1.60404 -3.01605 2.09012 
v 0.883574 -3.35645 2.26108 
v 0.0797875 -3.6426 -0.794717 
v 0.474666 -3.6426 -0.741949 
v 0.0898988 -3.80952 -0.386818 
v 0.35868 -3.80952 -0.3509 
v -0.956505 -3.52981 0.679624 
v -0.674712 -3.75771 0.161272 
v -0.602631 -3.75771 0.554452 
v -1.04983 -3.52981 0.17057 
v -0.643004 -1.15452 2.87707 
v 0.216942 -1.80676 3.02652 
v 0.216083 -1.15452 2.99188 
v -0.652854 -1.80676 2.91028 
v -1.2721 -3.24653 0.791255 
v -1.04983 -3.52981 0.17057 
v -0.956505 -3.52981 0.679624 
v -1.38437 -3.24653 0.178863 
v -0.482568 0.598986 2.26315 
v 0.22683 0.0411349 2.58787 
v 0.221112 0.598986 2.35718 
v -0.548164 0.041135 2.48431 
v 2.8352 -1.80676 1.01626 
v 2.42798 -2.24159 1.79081 
v 2.80211 -2.2416 1.00637 
v 2.45641 -1.80676 1.81048 
v 1.25186 1.13845 0.272265 
v 0.804665 1.48031 -0.111617 
v 0.876746 1.48031 0.281564 
v 1.15854 1.13845 -0.236789 
v -1.67009 -2.91486 0.185946 
v -1.2721 -3.24653 0.791255 
v -1.54164 -2.91486 0.886598 
v -1.38437 -3.24653 0.178863 
v 0.972485 -2.61307 2.62287 
v 1.60404 -3.01605 2.09012 
v 1.70639 -2.61308 2.22436 
v 0.958694 -2.97829 2.47134 
v 1.07991 -1.80676 2.86733 
v 1.8306 -2.24159 2.42079 
v 1.85158 -1.80676 2.44831 
v 1.06843 -2.24159 2.83465 
v 2.42798 -1.15452 1.79081 
v 2.8352 -1.80676 1.01626 
v 2.80211 -1.15452 1.00637 
v 2.45641 -1.80676 1.81048 
v -0.548164 0.041135 2.48431 
v 0.2017 -0.563326 2.75291 
v 0.22683 0.0411349 2.58787 
v -0.596207 -0.563325 2.64628 
v 1.8306 -1.15452 2.42079 
v 1.07991 -1.80676 2.86733 
v 1.85158 -1.80676 2.44831 
v 1.06843 -1.15452 2.83465 
v 2.40272 0.0513826 0.900143 
v 2.67783 -0.547924 0.128652 
v 2.50947 0.0565363 0.132826 
v 2.59737 -0.557664 0.925878 
v 1.00665 -2.18895 2.7201 
v 1.70639 -2.61308 2.22436 
v 1.76882 -2.18895 2.30624 
v 0.972485 -2.61307 2.62287 
v 0.982623 -3.72363 -0.0134557 
v 1.09099 -3.49573 -0.593853 
v 1.3365 -3.49573 -0.138628 
v 0.793001 -3.72363 -0.36506 
v -0.596207 -0.563325 2.64628 
v 0.233573 -1.19951 2.8599 
v 0.2017 -0.563326 2.75291 
v -0.625514 -1.19951 2.7451 
v 2.56143 -1.50761 2.25467 
v 2.5059 -1.53457 2.3151 
v 2.53431 -1.53823 2.26057 
v 2.56372 -1.46929 2.30251 
v 2.47942 -1.60389 2.26752 
v 2.61902 -1.44628 2.23716 
v 2.52189 -1.57074 2.23826 
v 2.58736 -1.49682 2.22402 
v 2.53144 -1.5861 2.20081 
v 2.63938 -1.47903 2.1573 
v 2.49979 -1.63664 2.18767 
v 2.55738 -1.57531 2.17016 
v 2.55508 -1.61363 2.12231 
v 2.59691 -1.51218 2.18657 
v 2.5845 -1.54469 2.16425 
v 2.61291 -1.54835 2.10973 
v 2.55738 -1.57531 2.17016 
v 2.55508 -1.61363 2.12231 
v 0.992331 0.878992 -0.837942 
v 0.514203 0.381486 -1.38172 
v 0.432669 0.878992 -1.10683 
v 1.15453 0.381486 -1.07408 
v 2.18695 -1.91651 2.99425 
v 2.10153 -1.93946 2.99168 
v 2.13519 -1.96888 2.94959 
v 2.17525 -1.95812 2.9508 
v 2.11253 -1.99487 2.92661 
v 2.20925 -1.96888 2.92952 
v 2.05323 -1.99487 2.94269 
v 2.25946 -1.93947 2.94887 
v 2.07037 -2.05027 2.87596 
v 2.12057 -2.02085 2.89532 
v 2.14288 -2.07322 2.83059 
v 2.15458 -2.03162 2.87404 
v 2.21729 -1.99487 2.89822 
v 2.27659 -1.99487 2.88215 
v 2.2283 -2.05027 2.83316 
v 2.19464 -2.02085 2.87525 
v 2.14288 -2.07322 2.83059 
v 2.15458 -2.03162 2.87404 
v 2.59737 -0.557664 0.925878 
v 2.78054 -1.18411 0.126106 
v 2.67783 -0.547924 0.128652 
v 2.66629 -1.18411 0.988217 
v 2.66629 -1.18411 0.988217 
v 2.81505 -1.83636 0.125251 
v 2.78054 -1.18411 0.126106 
v 2.69939 -1.83636 0.998108 
v 1.3365 -3.49573 -0.138628 
v 1.35675 -3.21246 -0.797896 
v 1.65209 -3.21246 -0.250259 
v 1.09099 -3.49573 -0.593853 
v 1.35245 -3.49573 0.505068 
v 0.820844 -3.72363 0.758151 
v 0.992811 -3.72363 0.397583 
v 1.12981 -3.49573 0.971898 
v 1.5864 0.713544 0.263973 
v 1.15854 1.13845 -0.236789 
v 1.25186 1.13845 0.272265 
v 1.47413 0.713544 -0.34842 
v 1.15453 0.381486 -1.07408 
v 0.579799 -0.176364 -1.60288 
v 0.514203 0.381486 -1.38172 
v 1.28501 -0.176365 -1.26406 
v 0.976498 2.27701 0.762173 
v 0.977839 2.15862 0.461151 
v 0.860786 2.15862 0.706578 
v 1.09355 2.27701 0.516746 
v 0.0912348 -3.60736 1.33783 
v 0.709767 -3.32409 1.561 
v 0.0995556 -3.32409 1.67356 
v 0.598474 -3.60736 1.24427 
v 1.28501 -0.176365 -1.26406 
v 0.627842 -0.780825 -1.76486 
v 0.579799 -0.176364 -1.60288 
v 1.38059 -0.780825 -1.4032 
v 0.0825344 0.836313 1.5807 
v 0.581453 1.26122 1.15141 
v 0.0742123 1.26122 1.24498 
v 0.692746 0.836313 1.46814 
v 1.67319 -3.21246 0.600926 
v 1.12981 -3.49573 0.971898 
v 1.35245 -3.49573 0.505068 
v 1.40534 -3.21246 1.16252 
v 0.106663 -2.99242 1.96029 
v 0.709767 -3.32409 1.561 
v 0.804821 -2.99242 1.83151 
v 0.0995556 -3.32409 1.67356 
v 1.47413 0.713544 -0.34842 
v 1.8657 0.216038 0.221857 
v 1.74367 0.216039 -0.443763 
v 1.5864 0.713544 0.263973 
v -3.06662 -2.0202 0.292565 
v -2.62708 -2.0202 -1.18933 
v -2.99161 -2.16117 -0.568573 
v -2.61748 -2.16117 -1.35301 
v -3.10585 -2.16117 0.293538 
v -2.94903 -2.16117 1.14893 
v -2.5542 -2.0202 1.75086 
v -2.5365 -2.16117 1.91387 
v 0.112382 -2.62052 2.19098 
v 0.804821 -2.99242 1.83151 
v 0.881294 -2.62052 2.04915 
v 0.106663 -2.99242 1.96029 
v 1.35238 1.14149 1.79358 
v 0.806726 1.14149 2.08987 
v 0.935243 1.21671 2.32817 
v 1.4809 1.21671 2.03188 
v 0.692746 0.836313 1.46814 
v 0.0896421 0.338808 1.86744 
v 0.787798 0.338807 1.73866 
v 0.0825344 0.836313 1.5807 
v -0.845351 2.27701 0.257648 
v -0.670123 2.15862 0.502002 
v -0.719187 2.15862 0.234376 
v -0.796287 2.27701 0.525274 
v 1.44512 1.99384 -0.264593 
v 1.2555 1.99384 -0.616198 
v 1.15834 1.90825 -0.563438 
v 1.34796 1.90825 -0.211834 
v -0.151151 2.28671 1.15362 
v -0.344614 2.15862 0.928928 
v -0.395733 2.28671 1.03611 
v -0.100032 2.15862 1.04644 
v 1.70607 -0.976503 1.31457 
v 1.99129 -1.13812 1.52414 
v 1.92868 -1.19993 1.51866 
v 1.76078 -0.907646 1.31014 
v 2.01252 -1.0763 1.5835 
v 1.75883 -0.825161 1.34041 
v 1.7014 -0.777365 1.38762 
v 2.52152 -1.74018 1.92424 
v 2.5294 -1.6601 1.9597 
v 2.45498 -1.79708 1.91347 
v 1.86139 -1.22555 1.57024 
v 1.62678 -0.991413 1.35108 
v 1.56934 -0.943616 1.3983 
v 1.82883 -1.19993 1.64869 
v 2.31339 -1.74114 1.97308 
v 2.36877 -1.79749 1.93369 
v 2.33129 -1.8015 2.10255 
v 2.29334 -1.72669 2.07596 
v 2.39762 -1.82215 2.15757 
v 2.52152 -1.74018 1.92424 
v 2.25514 -1.80793 2.13121 
v 2.2571 -1.73203 2.08667 
v 2.25292 -1.83047 2.21705 
v 2.2201 -1.73827 2.06622 
v 2.45349 -1.77657 2.20879 
v 2.25174 -1.78645 2.29391 
v 2.0648 -1.758 2.21223 
v 2.09812 -1.80945 2.14849 
v 2.16245 -1.80129 2.08801 
v 2.25229 -1.70165 2.31675 
v 2.46614 -1.69143 2.22618 
v 2.47403 -1.60375 1.99908 
v 2.42819 -1.61662 2.19959 
v 1.97997 -1.05068 1.66195 
v 2.38782 -1.60416 2.01931 
v 1.91267 -1.0763 1.71353 
v 1.6221 -0.792274 1.42413 
v 1.56739 -0.861132 1.42856 
v 1.85007 -1.13812 1.70805 
v 1.56934 -0.943616 1.3983 
v 1.82883 -1.19993 1.64869 
v 2.32127 -1.66106 2.00854 
v 2.31339 -1.74114 1.97308 
v 2.36185 -1.59597 2.14457 
v 2.30599 -1.64156 2.09336 
v 2.32127 -1.66106 2.00854 
v 2.29334 -1.72669 2.07596 
v 2.25425 -1.62574 2.27221 
v 2.25647 -1.60321 2.18637 
v 2.25765 -1.64722 2.10951 
v 2.2571 -1.73203 2.08667 
v 2.13968 -1.61403 2.22008 
v 2.08203 -1.67705 2.24187 
v 2.20401 -1.60587 2.1596 
v 2.12028 -1.57975 2.16214 
v 2.03893 -1.58191 2.12712 
v 1.41604 0.422159 1.2174 
v 1.94287 -0.135692 0.640735 
v 1.72249 0.422159 0.574868 
v 1.60537 -0.135692 1.34839 
v -0.423836 1.62743 -1.47168 
v 0.106201 1.5664 -1.4409 
v 0.0834051 1.62743 -1.56525 
v -0.401039 1.5664 -1.34734 
v 0.570641 1.90825 1.41799 
v 0.970307 2.00186 1.31924 
v 0.920972 1.90825 1.22776 
v 0.619977 2.00186 1.50947 
v -0.279753 -1.70288 -2.77366 
v 0.0144952 -2.15803 -3.04555 
v 0.0882935 -2.11271 -3.06297 
v -0.0514779 -2.19103 -3.09449 
v -0.360991 -1.71032 -2.8082 
v -0.209227 -1.65241 -2.7902 
v 0.126681 -2.08161 -3.13658 
v -0.349346 -1.51152 -2.52965 
v -0.436652 -1.49808 -2.53544 
v -0.30884 -1.35661 -2.02686 
v -0.225426 -1.3793 -2.04582 
v 0.0852533 -1.09763 -0.951131 
v 0.163305 -1.1246 -0.982963 
v 0.223055 -1.09165 -1.0394 
v -0.154506 -1.33724 -2.07767 
v 0.229488 -1.01807 -1.08739 
v -0.277213 -1.46658 -2.5538 
v -0.137636 -1.25504 -2.10377 
v -0.184675 -1.18086 -2.10883 
v 0.178859 -0.946974 -1.09883 
v -0.262522 -1.38956 -2.59375 
v 0.100807 -0.92001 -1.067 
v -0.190737 -1.58846 -2.84814 
v -0.313854 -1.32558 -2.62609 
v -0.235092 -1.54849 -2.91354 
v 0.10719 -2.08296 -3.22325 
v 0.0412171 -2.11596 -3.2722 
v -0.31633 -1.55593 -2.94807 
v -0.268089 -1.15817 -2.08988 
v -0.40116 -1.31214 -2.63187 
v -0.386856 -1.6064 -2.93154 
v -0.0325812 -2.16129 -3.25477 
v -0.473293 -1.35709 -2.60772 
v -0.339009 -1.20023 -2.05802 
v 0.041057 -0.952956 -1.01056 
v -0.487984 -1.43411 -2.56778 
v -0.355879 -1.28243 -2.03192 
v 0.0346237 -1.02653 -0.962567 
v 0.0852533 -1.09763 -0.951131 
v -0.30884 -1.35661 -2.02686 
v -0.436652 -1.49808 -2.53544 
v -0.360991 -1.71032 -2.8082 
v -0.405346 -1.67035 -2.87359 
v -0.0514779 -2.19103 -3.09449 
v -0.0709688 -2.19238 -3.18116 
v -2.64591 -1.72634 -1.37268 
v -2.16202 -1.80676 -1.38468 
v -2.61748 -2.16117 -1.35301 
v -2.13359 -2.24159 -1.36501 
v -2.13359 -1.15452 -1.36501 
v -2.61748 -1.0741 -1.35301 
v -2.049 -0.518331 -1.30649 
v -2.53289 -0.437911 -1.29449 
v -2.39422 0.16655 -1.19856 
v -1.91033 0.0861297 -1.21055 
v -2.20489 0.724401 -1.06757 
v -1.721 0.643981 -1.07957 
v -0.659327 2.27701 -0.369534 
v -0.379487 2.15862 -0.477882 
v -0.472424 2.27701 -0.566637 
v -0.566391 2.15862 -0.28078 
v -1.33284 0.656688 -1.6922 
v -1.82216 0.656688 -1.17618 
v -1.721 0.643981 -1.07957 
v -1.23168 0.64398 -1.59559 
v 0.864271 -0.219043 1.95629 
v 0.0998406 -0.821665 2.26273 
v 0.920281 -0.823504 2.11569 
v 0.0953591 -0.219043 2.09813 
v -2.60566 0.610127 0.281139 
v -2.19605 0.576818 1.47588 
v -2.47646 0.724401 0.981773 
v -2.13856 0.724401 1.60834 
v -2.60491 0.724401 0.281121 
v -2.51134 0.724401 -0.425036 
v -2.25575 0.576818 -0.932434 
v -2.20489 0.724401 -1.06757 
v 1.91928 -4.1181 0.188636 
v 1.72717 -4.05554 0.685101 
v 1.79515 -4.05554 0.172049 
v 1.85129 -4.1181 0.701688 
v 1.60537 -0.135692 1.34839 
v 2.10429 -0.740153 0.688977 
v 1.94287 -0.135692 0.640735 
v 1.74404 -0.740153 1.44432 
v 1.49348 1.22023 1.92832 
v 1.78006 1.14149 1.34256 
v 1.35238 1.14149 1.79358 
v 1.92116 1.22023 1.4773 
v -0.217619 -1.2322 -1.77704 
v -0.673438 -0.50476 -2.18844 
v 0.080865 -0.518331 -2.46301 
v 0.199684 2.37898 1.25109 
v 0.466357 2.37898 1.2019 
v 0.435423 2.15862 1.03317 
v 0.16875 2.15862 1.08236 
v -2.12102 0.643981 0.269126 
v -2.47646 0.724401 0.981773 
v -1.99257 0.643981 0.969778 
v -2.13856 0.724401 1.60834 
v -1.65467 0.643981 1.59634 
v -2.60491 0.724401 0.281121 
v -2.51134 0.724401 -0.425036 
v -2.02745 0.643981 -0.437031 
v -2.20489 0.724401 -1.06757 
v -1.721 0.643981 -1.07957 
v -0.682508 2.04867 1.37786 
v -0.863943 1.90825 0.989237 
v -0.971106 2.04867 1.10225 
v -0.575343 1.90825 1.26485 
v 1.27933 -4.16358 1.6513 
v 1.50452 -4.05554 1.15193 
v 1.63484 -4.16358 1.27639 
v 1.14901 -4.05554 1.52684 
v -0.214045 2.58932 -0.0370178 
v 0.147198 5.42029 0.212899 
v -0.119428 2.58932 -0.136798 
v -0.273301 2.58932 0.0872259 
v 0.147198 5.42029 0.212899 
v -0.291396 2.58932 0.223771 
v 0.147198 5.42029 0.212899 
v -0.266558 2.58932 0.359253 
v 0.147198 5.42029 0.212899 
v -0.201219 2.58932 0.480408 
v 0.147198 5.42029 0.212899 
v -0.101774 2.58932 0.575378 
v 0.147198 5.42029 0.212899 
v 0.0220413 2.58932 0.634865 
v 0.147198 5.42029 0.212899 
v 0.158108 2.58932 0.653048 
v 0.147198 5.42029 0.212899 
v 0.293107 2.58932 0.628146 
v 0.147198 5.42029 0.212899 
v 0.413823 2.58932 0.562596 
v 0.147198 5.42029 0.212899 
v 0.50844 2.58932 0.462816 
v 0.147198 5.42029 0.212899 
v 0.567696 2.58932 0.338573 
v 0.147198 5.42029 0.212899 
v 0.585791 2.58932 0.202027 
v 0.147198 5.42029 0.212899 
v -0.719088 -1.79319 -2.31835 
v -0.217619 -1.2322 -1.77704 
v 0.0774511 -1.80676 -2.60072 
v -0.811617 2.31233 -0.096934 
v -0.566391 2.15862 -0.28078 
v -0.694565 2.31233 -0.342361 
v -0.683444 2.15862 -0.0353522 
v -1.57493 -2.65301 -2.00972 
v -2.049 -2.66572 -1.30649 
v -2.15016 -2.65301 -1.4031 
v -1.47377 -2.66572 -1.9131 
v 0.869739 1.90825 -0.83905 
v 0.577527 2.04867 -1.15241 
v 0.510413 1.90825 -1.01169 
v 0.936852 2.04867 -0.979768 
v -0.418526 -3.77226 2.12024 
v -1.06221 -3.85128 2.02753 
v -0.978187 -3.77226 1.85135 
v -0.502552 -3.85128 2.29642 
v -0.978187 1.14149 1.85135 
v -1.60194 1.26187 1.60583 
v -1.15243 1.26187 2.0351 
v -1.42769 1.14149 1.42207 
v -1.07313 1.90825 -0.151818 
v -1.22838 2.00186 0.230722 
v -1.12565 1.90825 0.244451 
v -1.17587 2.00186 -0.165547 
v 1.27258 1.14149 -1.42555 
v 1.72208 1.14149 -0.996274 
v 1.89633 1.26187 -1.18003 
v 1.44683 1.26187 -1.60931 
v 1.24801 -4.19959 -1.32342 
v 1.62166 -4.19959 -0.966584 
v 1.45633 -4.05554 -0.79223 
v 1.08268 -4.05554 -1.14907 
v 2.4864 0.699355 -0.580768 
v 2.41542 0.64398 0.156673 
v 2.61486 0.699355 0.119885 
v 2.28697 0.64398 -0.543979 
v -1.19874 0.680898 2.20985 
v -0.558417 0.680897 2.5175 
v -0.500057 0.64398 2.39513 
v -1.14038 0.64398 2.08748 
v 2.0479 -3.77226 0.780959 
v 2.006 -3.89729 1.45111 
v 1.78006 -3.77226 1.34256 
v 2.27384 -3.89729 0.889512 
v -0.374918 2.09548 -1.17515 
v -0.725248 2.09548 -0.984918 
v -0.626578 1.90825 -0.801958 
v -0.276246 1.90825 -0.992189 
v -0.517658 -3.48309 2.52794 
v 0.203621 -3.44059 2.48916 
v 0.186022 -3.48309 2.62197 
v -0.500058 -3.44059 2.39513 
v 2.39178 -2.98766 -0.600017 
v 2.53325 -2.98766 0.171642 
v 1.56276 -2.87925 -0.0482249 
v 1.16045 2.3939 0.164331 
v 1.11139 2.3939 -0.103295 
v 0.964518 2.15862 -0.0762031 
v 1.01358 2.15862 0.191423 
v 0.0783098 -1.15452 -2.56608 
v 0.0774511 -1.80676 -2.60072 
v -0.217619 -1.2322 -1.77704 
v 0.080865 -0.518331 -2.46301 
v -0.217619 -1.2322 -1.77704 
v -2.08003 -1.80676 1.92293 
v -2.5365 -2.16117 1.91387 
v -2.05261 -2.24159 1.90187 
v -2.56392 -1.72634 1.93492 
v -2.05261 -1.15452 1.90187 
v -2.5365 -1.0741 1.91387 
v -1.97102 -0.518331 1.83923 
v -2.45491 -0.437911 1.85123 
v -2.32117 0.16655 1.74854 
v -1.83728 0.0861297 1.73655 
v -2.13856 0.724401 1.60834 
v -1.65467 0.643981 1.59634 
v -0.541054 -4.45035 0.741327 
v -0.774915 -4.58709 0.558904 
v -0.670123 -4.45035 0.502001 
v -0.645846 -4.58709 0.79823 
v -2.94903 -2.16117 1.14893 
v -3.10585 -2.16117 0.293538 
v -2.62196 -2.24159 0.281543 
v -2.99161 -2.16117 -0.568573 
v -2.46514 -2.24159 1.13693 
v -2.5365 -2.16117 1.91387 
v -2.05261 -2.24159 1.90187 
v -2.50772 -2.24159 -0.580568 
v -2.61748 -2.16117 -1.35301 
v -2.13359 -2.24159 -1.36501 
v 1.8873 -3.86603 -1.08598 
v 2.18264 -3.86603 -0.538347 
v 2.01742 -3.77226 -0.448636 
v 1.72208 -3.77226 -0.996273 
v 0.510412 -4.28344 -1.01169 
v 0.129654 -4.37311 -1.17103 
v 0.524535 -4.37311 -1.11826 
v 0.115532 -4.28344 -1.06446 
v 0.560953 2.58932 0.0665458 
v 0.147198 5.42029 0.212899 
v 0.585791 2.58932 0.202027 
v 0.495614 2.58932 -0.0546094 
v 0.147198 5.42029 0.212899 
v 0.396169 2.58932 -0.149579 
v 0.147198 5.42029 0.212899 
v 0.272353 2.58932 -0.209067 
v 0.147198 5.42029 0.212899 
v 0.136287 2.58932 -0.227249 
v 0.147198 5.42029 0.212899 
v 0.00128786 2.58932 -0.202347 
v 0.147198 5.42029 0.212899 
v 0.147198 5.42029 0.212899 
v 2.22785 0.0999136 -1.41218 
v 1.66145 0.0999136 -1.9531 
v 1.56526 0.0861292 -1.85167 
v 2.13167 0.0861291 -1.31075 
v -0.44755 2.3939 1.03748 
v -0.541054 2.15862 0.741328 
v -0.64399 2.3939 0.849881 
v -0.344614 2.15862 0.928928 
v -0.549426 -2.09258 -3.09347 
v -0.381711 -1.80037 -2.86101 
v -0.391055 -1.86852 -2.80583 
v -0.54638 -2.03456 -3.16006 
v -0.609776 -2.11523 -3.03265 
v -0.602446 -1.97516 -3.19341 
v -0.454875 -1.89675 -2.75129 
v -0.119278 -1.45418 -2.33629 
v -0.132277 -1.52722 -2.28879 
v -0.199338 -1.55979 -2.24107 
v 0.0322435 -1.31741 -1.84134 
v -0.0424141 -1.35955 -1.81988 
v 0.0530255 -1.23457 -1.86193 
v -0.432342 -1.73222 -2.88451 
v -0.16798 -1.38346 -2.35573 
v 0.00773345 -1.15954 -1.86958 
v -0.0770795 -1.13627 -1.85982 
v -0.249834 -1.35646 -2.33574 
v -0.513269 -1.70398 -2.86258 
v -0.684765 -1.94916 -3.17399 
v -0.745115 -1.97181 -3.11317 
v -0.316896 -1.38903 -2.28803 
v -0.151737 -1.17841 -1.83837 
v -0.57709 -1.73222 -2.80804 
v -0.74816 -2.02983 -3.04658 
v -0.172519 -1.26126 -1.81778 
v -0.586433 -1.80037 -2.75286 
v -0.329895 -1.46206 -2.24053 
v -0.127227 -1.33628 -1.81013 
v -0.535802 -1.86852 -2.72936 
v -0.692094 -2.08923 -3.01323 
v -0.609776 -2.11523 -3.03265 
v -0.454875 -1.89675 -2.75129 
v -0.281193 -1.53279 -2.22109 
v -0.199338 -1.55979 -2.24107 
v -0.0424141 -1.35955 -1.81988 
v 0.14072 2.11173 -1.25452 
v 0.510413 1.90825 -1.01169 
v 0.5356 2.11173 -1.20175 
v 0.115533 1.90825 -1.06446 
v 1.68731 -3.04922 -0.351733 
v 2.1269 -3.68056 -0.401779 
v 2.05891 -3.7263 -0.368716 
v 1.69154 -2.96826 -0.385763 
v 1.68532 -3.08273 -0.269639 
v 2.03953 -3.76124 -0.289569 
v 2.20822 -4.09405 -0.451585 
v 2.20369 -3.65082 -0.369368 
v 1.69553 -2.88728 -0.351774 
v 2.30421 -4.0306 -0.567965 
v 2.23334 -4.07062 -0.533409 
v 2.33186 -4.26919 -0.503404 
v 2.28517 -4.24547 -0.431848 
v 2.2443 -3.65449 -0.290493 
v 1.69693 -2.8537 -0.269696 
v 1.69494 -2.88721 -0.187604 
v 2.35926 -4.3728 -0.375316 
v 2.30202 -4.31487 -0.34135 
v 2.29766 -4.35719 -0.18943 
v 2.22492 -3.68944 -0.211345 
v 1.69071 -2.96816 -0.153572 
v 2.15693 -3.73517 -0.178281 
v 1.68672 -3.04914 -0.187562 
v 2.38953 -4.01396 -0.37199 
v 2.41466 -3.99053 -0.453814 
v 2.37931 -3.99742 -0.534985 
v 2.49984 -4.15993 -0.43016 
v 2.48365 -4.20871 -0.502211 
v 2.41408 -4.25397 -0.532558 
v 2.51465 -4.32402 -0.361267 
v 2.44733 -4.3766 -0.383569 
v 2.43999 -4.42973 -0.155345 
v 2.35277 -4.42283 -0.16897 
v 2.2557 -4.24088 -0.0384664 
v 2.29815 -4.27396 0.0319526 
v 2.1924 -4.01026 0.0231616 
v 2.38088 -4.26934 0.0632604 
v 2.50822 -4.37382 -0.15654 
v 2.22446 -4.00907 0.105982 
v 2.04062 -3.61786 -0.00514877 
v 2.30273 -3.98971 0.142617 
v 2.06918 -3.60522 0.0779841 
v 1.64197 -3.03751 0.115312 
v 1.63618 -3.00685 0.198363 
v 2.14001 -3.56706 0.114716 
v 1.64653 -2.92831 0.236597 
v 2.45544 -4.2297 0.0370962 
v 2.38137 -3.96354 0.111584 
v 2.21164 -3.52572 0.0835087 
v 1.66696 -2.84787 0.207596 
v 2.51752 -4.28787 -0.171849 
v 2.47817 -4.17828 -0.0311929 
v 2.41433 -3.94587 0.0310836 
v 2.24212 -3.50541 0.00266477 
v 1.6855 -2.81265 0.12837 
v 1.69129 -2.84331 0.045319 
v 2.21357 -3.51804 -0.0804681 
v 1.68094 -2.92186 0.00708459 
v 2.38227 -3.94707 -0.0517368 
v 2.14273 -3.5562 -0.1172 
v 1.66051 -3.00229 0.0360861 
v 2.43572 -4.14519 -0.101612 
v 1.75054 -1.82123 2.35182 
v 2.35537 -1.82123 1.71398 
v 1.53652 -1.2024 1.5088 
v -2.0836 -3.89729 0.228863 
v -2.00181 -3.89729 -0.38834 
v -1.75351 -3.77226 -0.35516 
v -1.8353 -3.77226 0.262042 
v 2.0479 1.14149 0.780959 
v 2.1297 1.14149 0.163756 
v 2.01576 1.07294 0.1703 
v 1.93782 1.05663 0.766248 
v -0.702271 0.710527 -2.11052 
v -1.32656 0.710527 -1.77153 
v -1.23168 0.64398 -1.59559 
v -0.607385 0.64398 -1.93458 
v -0.546326 -3.86603 -1.84949 
v 0.0978783 -3.77226 -1.77663 
v -0.512333 -3.77226 -1.66407 
v 0.0638857 -3.86603 -1.96205 
v 1.81532 -2.22781 -2.17712 
v 2.44318 -2.22781 -1.57751 
v 2.347 -2.24159 -1.47608 
v 1.71914 -2.24159 -2.07569 
v -0.719088 -1.79319 -2.31835 
v -0.707605 -1.14095 -2.28567 
v -0.217619 -1.2322 -1.77704 
v -0.673438 -0.50476 -2.18844 
v 0.0953597 -0.219043 2.09813 
v 0.864271 -0.219043 1.95629 
v 0.31863 -0.259562 1.14801 
v -1.75351 1.14149 -0.355161 
v -2.06889 1.27902 0.19223 
v -1.8353 1.14149 0.262043 
v -1.9871 1.27902 -0.424973 
v -1.71925 1.27902 -0.986571 
v -1.9871 1.27902 -0.424973 
v -1.75351 1.14149 -0.355161 
v -1.48567 1.14149 -0.916758 
v 0.434718 2.30567 -0.70512 
v 0.639009 2.15862 -0.50313 
v 0.6793 2.30567 -0.58761 
v 0.394427 2.15862 -0.62064 
v 0.860048 0.0861292 -2.19049 
v 0.112435 0.118987 -2.50068 
v 0.0850541 0.0861294 -2.29405 
v 0.88743 0.118987 -2.39711 
v 0.127434 -2.32652 -3.12066 
v 0.188328 -2.28026 -3.2112 
v 0.178408 -2.29588 -3.12705 
v 0.203626 -2.27671 -3.16455 
v 0.141462 -2.30444 -3.23965 
v 0.0805679 -2.35071 -3.14912 
v 0.0904887 -2.33509 -3.23326 
v 0.0652707 -2.35425 -3.19576 
v -0.344614 -4.45035 0.928927 
v -0.100033 -4.45035 1.04644 
v -0.131938 -4.56847 1.11333 
v -0.37652 -4.56847 0.995823 
v 2.59341 -2.22946 -1.60988 
v 3.00594 -2.22946 -0.844936 
v 2.75953 -2.2416 -0.711136 
v 2.347 -2.24159 -1.47608 
v 2.34339 -0.518331 1.73228 
v 1.66712 -0.532798 2.24241 
v 1.53652 -1.2024 1.5088 
v -1.48567 1.14149 -0.916758 
v -1.721 0.643981 -1.07957 
v -1.95459 0.781517 -1.14938 
v -1.71925 1.27902 -0.986571 
v -2.14451 -3.49324 -0.493274 
v -1.83806 -3.49324 -1.13581 
v -1.721 -3.44059 -1.07957 
v -2.02745 -3.44059 -0.437031 
v 0.105379 2.33508 -0.767103 
v -0.161294 2.33508 -0.717912 
v -0.141027 2.15862 -0.607367 
v 0.125644 2.15862 -0.656558 
v 0.67388 -4.45035 0.90368 
v 0.496617 -4.69739 1.14664 
v 0.435421 -4.45035 1.03316 
v 0.735077 -4.69739 1.01715 
v 2.53325 -2.98766 0.171642 
v 2.30337 -3.35956 0.177341 
v 1.56276 -2.87925 -0.0482249 
v 2.12969 -3.77226 0.163756 
v 0.263667 -2.70869 3.16229 
v 1.03426 -2.66572 2.73741 
v 1.0844 -2.70869 3.0109 
v 0.213528 -2.66572 2.88881 
v 1.66712 -0.532798 2.24241 
v 1.72956 -1.16898 2.3243 
v 1.53652 -1.2024 1.5088 
v 1.75054 -1.82123 2.35182 
v 0.947248 -1.80676 -2.48449 
v 0.104833 -1.77391 -2.80734 
v 0.974629 -1.77391 -2.69111 
v 0.0774506 -1.80676 -2.60072 
v -1.16661 -3.86225 -1.47152 
v -1.48567 -3.77226 -0.916758 
v -1.59429 -3.86225 -1.0205 
v -1.05798 -3.77226 -1.36778 
v 0.90809 -2.66572 -2.35247 
v 0.0949866 -2.75539 -2.56958 
v 0.080864 -2.66572 -2.46301 
v 0.922212 -2.75539 -2.45904 
v 0.168748 -4.45035 1.08235 
v 0.158157 -4.60475 1.16229 
v -0.100033 -4.45035 1.04644 
v -0.110625 -4.60475 1.12637 
v 0.0215899 -2.14686 -3.10572 
v 0.0882935 -2.11271 -3.06297 
v 0.0144952 -2.15803 -3.04555 
v -0.0514779 -2.19103 -3.09449 
v -0.00935151 -2.16234 -3.12868 
v 0.0562011 -2.1256 -3.11389 
v 0.126681 -2.08161 -3.13658 
v 0.0742051 -2.11102 -3.14842 
v 0.0650638 -2.11165 -3.18906 
v 0.10719 -2.08296 -3.22325 
v 0.0341224 -2.12713 -3.21202 
v 0.0412171 -2.11596 -3.2722 
v -0.0325812 -2.16129 -3.25477 
v -0.000488989 -2.14839 -3.20385 
v -0.0709688 -2.19238 -3.18116 
v -0.0184927 -2.16297 -3.16932 
v -0.00935151 -2.16234 -3.12868 
v -0.0514779 -2.19103 -3.09449 
v -1.83728 -3.06869 1.73655 
v -2.20943 -3.06869 1.04648 
v -2.31422 -3.20543 1.10339 
v -1.94207 -3.20543 1.79345 
v 0.964515 -4.45035 -0.0762023 
v 1.14002 -4.69739 0.1681 
v 1.01358 -4.45035 0.191423 
v 1.09096 -4.69739 -0.0995256 
v -2.54787 -3.1324 0.311157 
v -2.20943 -3.06869 1.04648 
v -2.4064 -3.1324 1.08282 
v -2.3509 -3.06869 0.274824 
v 1.66145 0.0999136 -1.9531 
v 1.66084 -0.518331 -1.99081 
v 1.56526 0.0861292 -1.85167 
v 1.75702 -0.504547 -2.09224 
v 2.37442 -1.80676 -1.49713 
v 2.59341 -2.22946 -1.60988 
v 2.347 -2.24159 -1.47608 
v 2.62083 -1.79463 -1.63093 
v 2.51182 -0.506194 -1.54723 
v 2.66265 -0.518332 -0.676865 
v 2.90905 -0.506194 -0.810665 
v 2.26541 -0.518331 -1.41343 
v 1.8873 -3.86603 -1.08598 
v 1.94906 -3.44059 -1.17054 
v 2.11427 -3.53436 -1.26025 
v 1.72208 -3.77226 -0.996273 
v -2.24355 -1.11111 2.10324 
v -2.16197 -0.474928 2.0406 
v -1.97102 -0.518331 1.83923 
v -2.05261 -1.15452 1.90187 
v 2.51182 -0.506194 -1.54723 
v 2.347 -1.15452 -1.47608 
v 2.26541 -0.518331 -1.41343 
v 2.59341 -1.14238 -1.60988 
v 3.07499 -1.86932 0.159987 
v 2.8352 -1.80676 1.01626 
v 2.95933 -1.86932 1.03284 
v 2.95087 -1.80676 0.1434 
v 2.347 -1.15452 -1.47608 
v 2.62083 -1.79463 -1.63093 
v 2.37442 -1.80676 -1.49713 
v 2.59341 -1.14238 -1.60988 
v -1.42769 1.14149 1.42207 
v -1.65467 0.643981 1.59634 
v -1.82891 0.764362 1.7801 
v -1.60194 1.26187 1.60583 
v 1.27258 1.14149 -1.42555 
v 1.60902 0.764361 -1.84544 
v 1.43478 0.64398 -1.66169 
v 1.44683 1.26187 -1.60931 
v 2.29688 -3.16246 -1.40046 
v 2.11427 -3.53436 -1.26025 
v 1.94906 -3.44059 -1.17054 
v 2.13167 -3.06869 -1.31075 
v 1.53652 -1.2024 1.5088 
v 2.32694 -1.16898 1.69431 
v 2.34339 -0.518331 1.73228 
v 2.35537 -1.82123 1.71398 
v -1.27087 0.0861297 2.27746 
v -1.19874 0.680898 2.20985 
v -1.14038 0.64398 2.08748 
v -1.32923 0.123047 2.39983 
v 1.45633 1.5664 -0.792231 
v 1.15834 1.90825 -0.563438 
v 1.2555 1.99384 -0.616198 
v 1.55349 1.65198 -0.844991 
v 2.51221 -2.33537 -1.56579 
v 2.43063 -2.75949 -1.50315 
v 2.26541 -2.66572 -1.41343 
v 2.347 -2.24159 -1.47608 
v -1.65467 0.643981 1.59634 
v -1.83727 0.0861297 1.73655 
v -2.01152 0.206511 1.9203 
v -1.82891 0.764362 1.7801 
v 2.43063 -2.75949 -1.50315 
v 2.29688 -3.16246 -1.40046 
v 2.13167 -3.06869 -1.31075 
v 2.26541 -2.66572 -1.41343 
v 1.43478 0.64398 -1.66169 
v 1.73951 0.20651 -2.03542 
v 1.56526 0.0861292 -1.85167 
v 1.60902 0.764361 -1.84544 
v -1.4248 -0.481414 2.53897 
v -1.32923 0.123047 2.39983 
v -1.27087 0.0861297 2.27746 
v -1.36644 -0.518331 2.41661 
v -1.4831 -1.1176 2.62385 
v -1.4248 -0.481414 2.53897 
v -1.36644 -0.518331 2.41661 
v -1.42474 -1.15452 2.50149 
v -0.0459811 -0.913371 3.24427 
v -0.0904297 -1.18432 3.1968 
v -0.0174105 -1.18709 3.14664 
v 0.104885 -0.609153 3.20488 
v 0.0447853 -0.566915 3.25415 
v -0.175572 -1.16504 3.18219 
v -0.13119 -0.894422 3.2296 
v -0.222957 -1.14054 3.11134 
v -0.0343267 -0.530689 3.23844 
v -0.179993 -0.876998 3.15759 
v -0.163822 -0.871304 3.07042 
v -0.204848 -1.12517 3.02577 
v -0.0861066 -0.521701 3.16694 
v -0.131829 -1.12794 2.97561 
v -0.0802402 -0.545205 3.08153 
v 0.087685 -0.323051 3.03864 
v 0.148121 -0.321468 3.10356 
v 0.212858 -0.375248 3.1302 
v 0.231014 -0.274542 2.87216 
v 0.304231 -0.263406 2.92084 
v 0.375134 -0.312579 2.93965 
v 0.358225 -0.167061 2.76349 
v 0.438329 -0.203658 2.75578 
v 0.278071 0.00298355 2.0309 
v 0.0669447 -0.379047 2.97346 
v 0.275937 -0.190594 2.74094 
v 0.198363 -0.339439 2.82212 
v 0.0980679 -0.456669 2.94623 
v 0.196634 -0.0304126 2.03939 
v 0.160126 0.0579742 1.24442 
v 0.0782192 0.0247117 1.24645 
v 0.044009 -0.0562221 1.2473 
v 0.239659 -0.26045 2.70136 
v 0.161762 -0.110973 2.03531 
v 0.270664 -0.335719 2.66792 
v 0.193906 -0.191515 2.02105 
v 0.0775591 -0.137427 1.24647 
v 0.159193 -0.171344 1.24444 
v 0.274214 -0.224869 2.00496 
v 0.350768 -0.372315 2.66021 
v 0.29633 -0.469268 2.81885 
v 0.225427 -0.420096 2.80004 
v 0.162805 -0.510449 2.97287 
v 0.0589712 -0.623669 3.04797 
v -0.0201407 -0.587443 3.03227 
v -0.0921259 -0.88068 3.01917 
v -0.0069169 -0.899629 3.03383 
v -0.0466864 -1.14722 2.99022 
v 2.4864 0.699355 -0.580768 
v 2.50382 0.0861291 -0.620685 
v 2.28697 0.64398 -0.543979 
v 2.70326 0.141505 -0.657473 
v -2.54787 -3.1324 0.311157 
v -2.71623 -2.72943 0.315331 
v -2.51926 -2.66572 0.278997 
v -2.3509 -3.06869 0.274824 
v 1.45633 1.5664 -0.792231 
v 1.81925 1.22707 -1.04903 
v 1.72208 1.14149 -0.996274 
v 1.55349 1.65198 -0.844991 
v -2.81893 -2.30531 0.317876 
v -2.51926 -2.66572 0.278997 
v -2.71623 -2.72943 0.315331 
v -2.62196 -2.24159 0.281543 
v -1.2691 1.70682 1.33104 
v -0.863943 1.90825 0.989237 
v -1.16193 1.5664 1.21803 
v -0.971106 2.04867 1.10225 
v -0.517658 -3.48309 2.52794 
v -0.583254 -3.11119 2.7491 
v -0.565654 -3.06869 2.61629 
v -0.500058 -3.44059 2.39513 
v 2.66265 -0.518332 -0.676865 
v 2.95897 -1.09914 -0.747924 
v 2.75953 -1.15452 -0.711136 
v 2.86208 -0.462956 -0.713653 
v 2.50382 0.0861291 -0.620685 
v 2.86208 -0.462956 -0.713653 
v 2.66265 -0.518332 -0.676865 
v 2.70326 0.141505 -0.657473 
v 1.72208 1.14149 -0.996274 
v 2.04622 0.729568 -1.2233 
v 1.94906 0.64398 -1.17054 
v 1.81925 1.22707 -1.04903 
v -1.53485 1.28191 1.53508 
v -1.16193 1.5664 1.21803 
v -1.42769 1.14149 1.42207 
v -1.2691 1.70682 1.33104 
v -0.583254 -3.11119 2.7491 
v -0.631296 -2.70822 2.91108 
v -0.613697 -2.66572 2.77826 
v -0.565654 -3.06869 2.61629 
v -0.575343 1.90825 1.26485 
v -0.395733 2.28671 1.03611 
v -0.344614 2.15862 0.928928 
v -0.626463 2.03634 1.37203 
v 1.71914 -2.24159 -2.07569 
v 2.347 -2.24159 -1.47608 
v 2.51572 -2.39441 -1.6714 
v 1.88447 -2.38565 -2.25004 
v 0.112435 0.118987 -2.50068 
v 0.0808644 -0.518331 -2.46301 
v 0.0850541 0.0861294 -2.29405 
v 0.108246 -0.485473 -2.66963 
v 0.977835 -4.45035 0.46115 
v 1.03898 -4.61056 0.490529 
v 0.860783 -4.45035 0.706577 
v 0.921931 -4.61056 0.735956 
v -0.670455 -1.84926 3.04309 
v -0.643004 -2.24159 2.87707 
v -0.660604 -2.28409 3.00989 
v -0.652854 -1.80676 2.91028 
v -0.660604 -2.28409 3.00989 
v -0.613697 -2.66572 2.77826 
v -0.631296 -2.70822 2.91108 
v -0.643004 -2.24159 2.87707 
v 0.0783094 -1.15452 -2.56608 
v 0.104833 -1.77391 -2.80734 
v 0.0774506 -1.80676 -2.60072 
v 0.105691 -1.12166 -2.7727 
v -1.48567 -3.77226 -0.916758 
v -1.05798 -3.77226 -1.36778 
v -1.08476 -3.83132 -1.39334 
v -1.51244 -3.83132 -0.942325 
v -1.12565 1.90825 0.244451 
v -0.845351 2.27701 0.257648 
v -0.719187 2.15862 0.234376 
v -1.25181 2.02664 0.267724 
v 0.0808644 -0.518331 -2.46301 
v 0.105691 -1.12166 -2.7727 
v 0.0783094 -1.15452 -2.56608 
v 0.108246 -0.485473 -2.66963 
v -2.55737 -3.19463 0.31291 
v -2.12102 -3.44059 0.269125 
v -2.3275 -3.56653 0.307211 
v -2.3509 -3.06869 0.274824 
v 0.617455 1.5664 -1.37259 
v 0.510413 1.90825 -1.01169 
v 0.577527 2.04867 -1.15241 
v 0.684569 1.70682 -1.5133 
v 0.254797 -1.78506 3.233 
v 1.07991 -1.80676 2.86733 
v 1.11777 -1.78506 3.07381 
v 0.216942 -1.80676 3.02652 
v -0.839401 1.69449 1.68205 
v -0.575343 1.90825 1.26485 
v -0.788283 1.5664 1.57487 
v -0.626463 2.03634 1.37203 
v 1.8306 -2.24159 2.42079 
v 2.55459 -2.25506 1.91172 
v 1.9572 -2.25506 2.5417 
v 2.42798 -2.24159 1.79081 
v 0.617455 1.5664 -1.37259 
v 0.780032 1.28191 -1.83516 
v 0.712919 1.14149 -1.69444 
v 0.684569 1.70682 -1.5133 
v -0.774915 -4.58709 0.558904 
v -1.05356 -4.28344 0.637632 
v -0.670123 -4.45035 0.502001 
v -1.15835 -4.42017 0.694534 
v -1.50076 1.5664 0.25375 
v -1.25181 2.02664 0.267724 
v -1.12565 1.90825 0.244451 
v -1.62693 1.68479 0.277023 
v -1.02931 1.26958 1.95853 
v -0.788283 1.5664 1.57487 
v -0.978187 1.14149 1.85135 
v -0.839401 1.69449 1.68205 
v -2.00181 -3.89729 -0.38834 
v -2.27574 -3.56562 -0.470211 
v -2.02745 -3.44059 -0.437031 
v -1.75351 -3.77226 -0.35516 
v 3.07499 -1.86932 0.159987 
v 3.04048 -2.30415 0.160843 
v 2.91635 -2.2416 0.144256 
v 2.95087 -1.80676 0.1434 
v 0.269089 -0.475276 3.08527 
v 1.07212 -0.496631 2.94389 
v 1.03426 -0.518331 2.73741 
v 0.231235 -0.496976 2.87879 
v -2.31422 -3.20543 1.10339 
v -1.99257 -3.44059 0.969777 
v -2.09737 -3.57733 1.02668 
v -2.20943 -3.06869 1.04648 
v -1.15835 -4.42017 0.694534 
v -1.40744 -4.05554 0.762804 
v -1.05356 -4.28344 0.637632 
v -1.51223 -4.19227 0.819706 
v 3.04048 -2.30415 0.160843 
v 2.93777 -2.72828 0.163388 
v 2.81365 -2.66572 0.146801 
v 2.91635 -2.2416 0.144256 
v -2.09737 -3.57733 1.02668 
v -1.72303 -3.77226 0.874435 
v -1.82782 -3.909 0.931337 
v -1.99257 -3.44059 0.969777 
v -1.82782 -3.909 0.931337 
v -1.40744 -4.05554 0.762804 
v -1.51223 -4.19227 0.819706 
v -1.72303 -3.77226 0.874435 
v -1.96146 1.25988 0.285315 
v -1.50076 1.5664 0.25375 
v -1.8353 1.14149 0.262043 
v -1.62693 1.68479 0.277023 
v -2.75601 -2.36662 -0.613748 
v -2.40925 -2.66572 -0.551139 
v -2.65754 -2.79075 -0.584319 
v -2.50771 -2.24159 -0.580568 
v -2.65754 -2.79075 -0.584319 
v -2.24783 -3.06869 -0.502898 
v -2.49613 -3.19372 -0.536078 
v -2.40925 -2.66572 -0.551139 
v 0.129654 -4.37311 -1.17103 
v 0.1062 -4.05554 -1.4409 
v 0.120323 -4.14521 -1.54747 
v 0.115532 -4.28344 -1.06446 
v -1.8353 1.14149 0.262043 
v -2.12102 0.643981 0.269126 
v -2.24719 0.76237 0.292398 
v -1.96146 1.25988 0.285315 
v -0.966878 2.14353 1.09779 
v -0.541054 2.15862 0.741328 
v -0.863943 1.90825 0.989237 
v -0.64399 2.3939 0.849881 
v 0.263667 -2.70869 3.16229 
v 0.266222 -2.28456 3.26536 
v 0.216083 -2.24159 2.99188 
v 0.213528 -2.66572 2.88881 
v 0.639007 -4.45035 -0.503128 
v 0.694393 -4.60475 -0.561537 
v 0.835447 -4.45035 -0.315528 
v 0.890833 -4.60475 -0.373937 
v -1.52836 -1.88578 2.70619 
v -0.736882 -1.88578 3.08647 
v -0.652854 -1.80676 2.91028 
v -1.44434 -1.80676 2.53001 
v 0.0949866 -2.75539 -2.56958 
v 0.0991747 -3.15837 -2.40062 
v 0.0850522 -3.06869 -2.29405 
v 0.080864 -2.66572 -2.46301 
v 0.267081 -1.84973 3.3 
v 0.216083 -2.24159 2.99188 
v 0.266222 -2.28456 3.26536 
v 0.216942 -1.80676 3.02652 
v -0.379487 -4.45035 -0.477881 
v -0.56639 -4.45035 -0.280779 
v -0.593162 -4.50941 -0.306346 
v -0.406259 -4.50941 -0.503448 
v 0.120323 -4.14521 -1.54747 
v 0.0978783 -3.77226 -1.77663 
v 0.112001 -3.86194 -1.8832 
v 0.1062 -4.05554 -1.4409 
v -0.512332 1.14149 -1.66407 
v -0.401039 1.5664 -1.34734 
v -0.423836 1.62743 -1.47168 
v -0.535129 1.20252 -1.78841 
v 0.269089 -0.475276 3.08527 
v 0.216083 -1.15452 2.99188 
v 0.253938 -1.13282 3.19836 
v 0.231235 -0.496976 2.87879 
v 0.0991747 -3.15837 -2.40062 
v 0.104894 -3.53027 -2.16994 
v 0.0907719 -3.44059 -2.06336 
v 0.0850522 -3.06869 -2.29405 
v 0.104894 -3.53027 -2.16994 
v 0.112001 -3.86194 -1.8832 
v 0.0978783 -3.77226 -1.77663 
v 0.0907719 -3.44059 -2.06336 
v -1.8353 1.14149 0.262043 
v -2.35461 0.781517 0.199313 
v -2.12102 0.643981 0.269126 
v -2.06889 1.27902 0.19223 
v -0.546326 -3.86603 -1.84949 
v -0.607386 -3.44059 -1.93458 
v -0.64138 -3.53436 -2.12 
v -0.512333 -3.77226 -1.66407 
v -0.774035 -2.24159 -2.40885 
v 0.0443166 -2.33537 -2.7515 
v -0.808029 -2.33537 -2.59427 
v 0.0783105 -2.24159 -2.56608 
v 1.49483 2.14353 -0.238925 
v 0.964518 2.15862 -0.0762031 
v 1.11139 2.3939 -0.103295 
v 1.34796 1.90825 -0.211834 
v -0.163576 -1.14882 3.09799 
v -0.227869 -1.34529 3.05876 
v -0.141353 -1.16031 3.13122 
v -0.155083 -1.14161 3.05786 
v -0.197261 -1.35895 3.09466 
v -0.212631 -1.33802 3.01254 
v -0.138723 -1.371 3.09922 
v -0.101421 -1.16935 3.13807 
v -0.160457 -1.3414 2.9831 
v -0.120837 -1.14291 3.03434 
v -0.0809056 -1.15195 3.04119 
v -0.0865485 -1.37439 3.06978 
v -0.101918 -1.35346 2.98766 
v -0.0671751 -1.17065 3.11455 
v -0.058682 -1.16344 3.07442 
v -0.0713107 -1.36712 3.02357 
v -0.37652 -4.56847 0.995823 
v -0.575345 -4.28344 1.26485 
v -0.344614 -4.45035 0.928927 
v -0.60725 -4.40155 1.33174 
v 0.115533 1.90825 -1.06446 
v 0.131388 1.76987 -1.63097 
v 0.106201 1.5664 -1.4409 
v 0.14072 2.11173 -1.25452 
v -0.820187 -4.17365 1.64176 
v -0.575345 -4.28344 1.26485 
v -0.60725 -4.40155 1.33174 
v -0.788282 -4.05554 1.57486 
v -2.50771 -2.24159 -0.580568 
v -2.87025 -2.36662 0.248363 
v -2.62196 -2.24159 0.281543 
v -2.75601 -2.36662 -0.613748 
v -1.43277 1.5664 -0.259303 
v -1.17587 2.00186 -0.165547 
v -1.07313 1.90825 -0.151818 
v -1.53551 1.66001 -0.273032 
v -0.535129 1.20252 -1.78841 
v -0.607385 0.64398 -1.93458 
v -0.512332 1.14149 -1.66407 
v -0.630181 0.705015 -2.05893 
v 2.27384 -3.89729 0.889512 
v 2.32184 -3.44059 0.862829 
v 2.54778 -3.56562 0.971383 
v 2.0479 -3.77226 0.780959 
v 0.550705 2.0553 -1.09617 
v 0.394427 2.15862 -0.62064 
v 0.434718 2.30567 -0.70512 
v 0.510413 1.90825 -1.01169 
v 1.79516 1.5664 0.172049 
v 1.70613 1.46622 0.177975 
v 1.25186 1.13845 0.272265 
v -1.01009 -3.89037 1.91824 
v -0.788282 -4.05554 1.57486 
v -0.820187 -4.17365 1.64176 
v -0.978187 -3.77226 1.85135 
v 1.09355 2.27701 0.516746 
v 1.48324 2.02664 0.633211 
v 1.36753 1.90825 0.577616 
v 0.977839 2.15862 0.461151 
v -0.607385 0.64398 -1.93458 
v -0.706654 0.147164 -2.27656 
v -0.683858 0.0861296 -2.15222 
v -0.630181 0.705015 -2.05893 
v -1.85625 1.2351 -0.36889 
v -1.43277 1.5664 -0.259303 
v -1.75351 1.14149 -0.355161 
v -1.53551 1.66001 -0.273032 
v -0.683858 0.0861296 -2.15222 
v -0.762664 -0.457296 -2.43596 
v -0.739868 -0.518331 -2.31162 
v -0.706654 0.147164 -2.27656 
v 2.54778 -3.56562 0.971383 
v 2.54223 -3.06869 0.928696 
v 2.76817 -3.19372 1.03725 
v 2.32184 -3.44059 0.862829 
v 2.70364 -0.518332 0.976938 
v 2.92704 -1.13282 1.06639 
v 2.80211 -1.15452 1.00637 
v 2.82858 -0.49663 1.03696 
v -1.83806 -3.49324 -1.13581 
v -2.02739 -3.12134 -1.26679 
v -1.91033 -3.06869 -1.21055 
v -1.721 -3.44059 -1.07957 
v 0.925124 -4.43784 -0.897458 
v 0.694393 -4.60475 -0.561537 
v 0.639007 -4.45035 -0.503128 
v 0.869738 -4.28344 -0.839049 
v 1.13806 -4.20993 -1.20748 
v 0.925124 -4.43784 -0.897458 
v 0.869738 -4.28344 -0.839049 
v 1.08268 -4.05554 -1.14907 
v 2.92958 -2.79075 1.08549 
v 2.76817 -3.19372 1.03725 
v 2.54223 -3.06869 0.928696 
v 2.70364 -2.66572 0.976938 
v 3.02805 -2.36662 1.11492 
v 2.92958 -2.79075 1.08549 
v 2.70364 -2.66572 0.976938 
v 2.80211 -2.2416 1.00637 
v -2.16606 -2.71836 -1.36273 
v -1.91033 -3.06869 -1.21055 
v -2.02739 -3.12134 -1.26679 
v -2.049 -2.66572 -1.30649 
v -2.25065 -2.29424 -1.42125 
v -2.049 -2.66572 -1.30649 
v -2.16606 -2.71836 -1.36273 
v -2.13359 -2.24159 -1.36501 
v 0.90178 0.64398 2.36038 
v 0.935243 1.21671 2.32817 
v 0.806726 1.14149 2.08987 
v 1.0303 0.719207 2.59868 
v 1.34796 -4.28344 -0.211833 
v 1.09096 -4.69739 -0.0995256 
v 0.964515 -4.45035 -0.0762023 
v 1.4744 -4.53048 -0.235156 
v 0.178861 1.90825 1.49026 
v 0.199684 2.37898 1.25109 
v 0.16875 2.15862 1.08236 
v 0.209795 2.1286 1.65899 
v 1.4744 -4.53048 -0.235156 
v 1.34796 -4.28344 -0.211833 
v 1.82827 -4.30257 -0.360328 
v 1.70183 -4.05554 -0.337005 
v 0.864271 -0.219043 1.95629 
v 0.787799 0.338807 1.73866 
v 0.31863 -0.259562 1.14801 
v 0.978251 0.0861292 2.57802 
v 1.0303 0.719207 2.59868 
v 0.90178 0.64398 2.36038 
v 1.10677 0.161357 2.81632 
v -2.19904 -3.56653 1.00786 
v -2.3275 -3.56653 0.307211 
v -2.12102 -3.44059 0.269125 
v -1.99257 -3.44059 0.969777 
v 1.96092 -2.34963 2.54525 
v 2.42798 -2.24159 1.79081 
v 1.8306 -2.24159 2.42079 
v 2.55831 -2.34963 1.91527 
v 0.219127 1.78675 2.03544 
v 0.178861 1.90825 1.49026 
v 0.188192 1.5664 1.8667 
v 0.209795 2.1286 1.65899 
v 1.72717 1.5664 0.685101 
v 2.16362 1.25987 0.836554 
v 2.0479 1.14149 0.780959 
v 1.84288 1.68478 0.740696 
v 2.70364 -0.518332 0.976938 
v 2.46833 -0.49663 1.79231 
v 2.82858 -0.49663 1.03696 
v 2.34339 -0.518331 1.73228 
v -0.110625 -4.60475 1.12637 
v -0.216019 -4.28344 1.43749 
v -0.100033 -4.45035 1.04644 
v -0.226611 -4.43784 1.51742 
v -0.216019 -4.28344 1.43749 
v -0.333654 -4.20993 1.87831 
v -0.323061 -4.05554 1.79838 
v -0.226611 -4.43784 1.51742 
v 0.978251 0.0861292 2.57802 
v 1.03426 -0.518331 2.73741 
v 1.16278 -0.443104 2.97572 
v 1.10677 0.161357 2.81632 
v 1.03426 -0.518331 2.73741 
v 1.06843 -1.15452 2.83465 
v 1.19695 -1.07929 3.07295 
v 1.16278 -0.443104 2.97572 
v -1.23168 0.64398 -1.59559 
v -1.46631 0.152676 -1.95481 
v -1.37142 0.0861297 -1.77887 
v -1.32656 0.710527 -1.77153 
v -1.33284 0.656688 -1.6922 
v -1.37142 0.0861297 -1.77887 
v -1.47259 0.0988372 -1.87548 
v -1.23168 0.64398 -1.59559 
v 1.63484 -4.16358 1.27639 
v 1.78006 -3.77226 1.34256 
v 1.91038 -3.8803 1.46702 
v 1.50452 -4.05554 1.15193 
v -1.37142 0.0861297 -1.77887 
v -1.56866 -0.451784 -2.08905 
v -1.47377 -0.518331 -1.91311 
v -1.46631 0.152676 -1.95481 
v -0.739868 -0.518331 -2.31162 
v 0.0580682 -0.457296 -2.58735 
v 0.0808644 -0.518331 -2.46301 
v -0.762664 -0.457296 -2.43596 
v 0.695433 1.5664 1.77314 
v 0.619977 2.00186 1.50947 
v 0.570641 1.90825 1.41799 
v 0.74477 1.66001 1.86462 
v -0.901166 1.90825 -0.512386 
v -0.694565 2.31233 -0.342361 
v -0.566391 2.15862 -0.28078 
v -1.02934 2.06196 -0.573967 
v 1.27258 -3.77226 -1.42555 
v 1.37884 -3.38742 -1.54442 
v 1.43477 -3.44059 -1.66169 
v 1.21665 -3.71909 -1.30828 
v 1.7306 -3.21274 -2.02602 
v 1.60011 -3.58464 -1.83604 
v 1.56526 -3.06869 -1.85167 
v 1.24801 -4.19959 -1.32342 
v 1.08268 -4.05554 -1.14907 
v 1.43791 -3.91632 -1.5999 
v 1.66083 -2.66572 -1.99081 
v 1.50933 -3.01552 -1.7344 
v 1.60491 -2.61255 -1.87354 
v 1.88447 -2.38565 -2.25004 
v 1.82617 -2.80977 -2.16516 
v 1.71914 -2.24159 -2.07569 
v 1.73873 -1.80676 -2.10422 
v 1.66321 -2.18842 -1.95842 
v 1.6828 -1.75359 -1.98695 
v 1.71914 -1.15452 -2.07569 
v 1.83491 -1.79298 -2.20565 
v 1.81532 -1.14073 -2.17712 
v 1.78006 1.14149 1.34256 
v 2.15649 0.722728 1.64011 
v 2.01539 0.64398 1.50537 
v 1.92116 1.22023 1.4773 
v 0.2017 -0.563326 2.75291 
v 0.233573 -1.19951 2.8599 
v 0.216083 -1.15452 2.99188 
v 0.231235 -0.496976 2.87879 
v 0.216942 -1.80676 3.02652 
v 0.254797 -1.78506 3.233 
v 0.253938 -1.13282 3.19836 
v -1.06221 -3.85128 2.02753 
v -1.22441 -3.51961 2.26367 
v -1.14038 -3.44059 2.08748 
v -0.978187 -3.77226 1.85135 
v -1.27087 -3.06869 2.27746 
v -1.05093 -3.38791 1.99316 
v -1.18142 -3.01601 2.18314 
v -1.45047 -2.74474 2.59279 
v -1.3549 -3.14771 2.45364 
v -1.36644 -2.66572 2.41661 
v -1.42474 -2.24159 2.50149 
v -1.27699 -2.61304 2.32228 
v -1.3353 -2.18892 2.40716 
v -1.52836 -1.88578 2.70619 
v -1.50877 -2.32061 2.67767 
v -1.44434 -1.80676 2.53001 
v -1.55739 -0.474929 2.61797 
v -1.97102 -0.518331 1.83923 
v -2.16197 -0.474928 2.0406 
v -1.36644 -0.518331 2.41661 
v 2.58302 -1.82023 1.93138 
v 2.42798 -2.24159 1.79081 
v 2.45641 -1.80676 1.81048 
v 2.55459 -2.25506 1.91172 
v 0.856061 1.2351 2.18135 
v 0.695433 1.5664 1.77314 
v 0.806726 1.14149 2.08987 
v 0.74477 1.66001 1.86462 
v 2.14572 -3.54863 1.62983 
v 1.91038 -3.8803 1.46702 
v 1.78006 -3.77226 1.34256 
v 2.01539 -3.44059 1.50537 
v -1.3383 1.72011 -0.787715 
v -0.901166 1.90825 -0.512386 
v -1.21013 1.5664 -0.726133 
v -1.02934 2.06196 -0.573967 
v 2.01539 0.64398 1.50537 
v 2.34582 0.164877 1.7711 
v 2.20472 0.0861291 1.63635 
v 2.15649 0.722728 1.64011 
v -1.42474 -1.15452 2.50149 
v -0.643004 -1.15452 2.87707 
v -0.701365 -1.1176 2.99944 
v -1.4831 -1.1176 2.62385 
v 2.33505 -3.17673 1.76081 
v 2.14572 -3.54863 1.62983 
v 2.01539 -3.44059 1.50537 
v 2.20472 -3.06869 1.63635 
v -2.15016 -2.65301 -1.4031 
v -2.13359 -2.24159 -1.36501 
v -2.23475 -2.22889 -1.46162 
v -2.049 -2.66572 -1.30649 
v -1.61384 1.29519 -0.97834 
v -1.21013 1.5664 -0.726133 
v -1.48567 1.14149 -0.916758 
v -1.3383 1.72011 -0.787715 
v -2.15763 -2.7557 -1.41022 
v -1.47377 -2.66572 -1.9131 
v -1.5824 -2.7557 -2.01684 
v -2.049 -2.66572 -1.30649 
v 2.20472 0.0861291 1.63635 
v 2.48449 -0.439583 1.86703 
v 2.34339 -0.518331 1.73228 
v 2.34582 0.164877 1.7711 
v 2.91635 -1.15452 0.144255 
v 2.75953 -1.15452 -0.711136 
v 2.95897 -1.09914 -0.747924 
v 3.11579 -1.09914 0.107467 
v 2.55831 -2.34963 1.91527 
v 2.47372 -2.77376 1.85675 
v 2.34339 -2.66572 1.73228 
v 2.42798 -2.24159 1.79081 
v 2.30337 -3.35956 0.177341 
v 2.64529 -3.06869 0.150975 
v 2.41542 -3.44059 0.156673 
v 2.53325 -2.98766 0.171642 
v 2.25382 -3.83482 0.180343 
v 2.12969 -3.77226 0.163756 
v 2.53954 -3.50315 0.17326 
v 2.93777 -2.72828 0.163388 
v 2.81365 -2.66572 0.146801 
v 2.76941 -3.13125 0.167562 
v 2.41542 -3.44059 0.156673 
v 2.12969 -3.77226 0.163756 
v 2.64529 -3.06869 0.150975 
v 2.53954 -3.50315 0.17326 
v 2.76941 -3.13125 0.167562 
v 1.91928 -4.1181 0.188636 
v 2.25382 -3.83482 0.180343 
v 1.79515 -4.05554 0.172049 
v 1.08268 -4.05554 -1.14907 
v 1.21665 -3.71909 -1.30828 
v 1.27258 -3.77226 -1.42555 
v 1.02675 -4.00236 -1.0318 
v 1.60011 -3.58464 -1.83604 
v 1.43791 -3.91632 -1.5999 
v 1.43477 -3.44059 -1.66169 
v 1.50933 -3.01552 -1.7344 
v 1.37884 -3.38742 -1.54442 
v 1.56526 -3.06869 -1.85167 
v 1.82617 -2.80977 -2.16516 
v 1.7306 -3.21274 -2.02602 
v 1.66083 -2.66572 -1.99081 
v 2.47372 -2.77376 1.85675 
v 2.33505 -3.17673 1.76081 
v 2.20472 -3.06869 1.63635 
v 2.34339 -2.66572 1.73228 
v -1.82216 0.656688 -1.17618 
v -1.91033 0.0861297 -1.21055 
v -1.721 0.643981 -1.07957 
v -2.01149 0.0988372 -1.30716 
v -0.626578 1.90825 -0.801958 
v -0.953287 1.75363 -1.284 
v -0.854615 1.5664 -1.10104 
v -0.725248 2.09548 -0.984918 
v 2.92475 -2.33537 -0.800847 
v 2.51221 -2.33537 -1.56579 
v 2.347 -2.24159 -1.47608 
v 2.75953 -2.2416 -0.711136 
v -0.296513 2.08471 -1.10273 
v -0.141027 2.15862 -0.607367 
v -0.161294 2.33508 -0.717912 
v -0.276246 1.90825 -0.992189 
v 1.35238 -3.77226 1.79357 
v 1.27933 -4.16358 1.6513 
v 1.4827 -3.8803 1.91804 
v 1.14901 -4.05554 1.52684 
v -1.34031 -3.53057 -1.69933 
v -1.05798 -3.77226 -1.36778 
v -1.16661 -3.86225 -1.47152 
v -1.23168 -3.44059 -1.59559 
v 1.35238 1.14149 1.79358 
v 1.52607 0.64398 2.02139 
v 1.66717 0.722728 2.15613 
v 1.49348 1.22023 1.92832 
v -0.854615 1.5664 -1.10104 
v -1.15666 1.32872 -1.55074 
v -1.05798 1.14149 -1.36778 
v -0.953287 1.75363 -1.284 
v -1.5824 -2.7557 -2.01684 
v -1.37142 -3.06869 -1.77887 
v -1.48005 -3.15867 -1.88261 
v -1.47377 -2.66572 -1.9131 
v -2.16202 -1.80676 -1.38468 
v -2.23475 -2.22889 -1.46162 
v -2.13359 -2.24159 -1.36501 
v -2.26318 -1.79406 -1.48129 
v 1.06843 -1.15452 2.83465 
v 1.8306 -1.15452 2.42079 
v 1.19695 -1.07929 3.07295 
v 1.95911 -1.07929 2.65909 
v -2.01149 0.0988372 -1.30716 
v -2.049 -0.518331 -1.30649 
v -1.91033 0.0861297 -1.21055 
v -2.15016 -0.505623 -1.4031 
v -0.719514 2.02664 -0.890712 
v -0.379487 2.15862 -0.477882 
v -0.626578 1.90825 -0.801958 
v -0.472424 2.27701 -0.566637 
v 1.97819 -1.82023 2.56922 
v 1.8306 -2.24159 2.42079 
v 1.9572 -2.25506 2.5417 
v 1.85158 -1.80676 2.44831 
v -2.13359 -1.15452 -1.36501 
v -2.26318 -1.79406 -1.48129 
v -2.16202 -1.80676 -1.38468 
v -2.23475 -1.14181 -1.46162 
v -2.049 -0.518331 -1.30649 
v -2.23475 -1.14181 -1.46162 
v -2.13359 -1.15452 -1.36501 
v -2.15016 -0.505623 -1.4031 
v 1.56276 -2.87925 -0.0482249 
v 2.17492 -3.35956 -0.523312 
v 2.39178 -2.98766 -0.600017 
v 2.01742 -3.77226 -0.448636 
v 1.4809 1.21671 2.03188 
v 1.52607 0.64398 2.02139 
v 1.35238 1.14149 1.79358 
v 1.65459 0.719207 2.25969 
v 1.52607 0.64398 2.02139 
v 1.66581 0.0861292 2.20467 
v 1.80691 0.164877 2.33941 
v 1.66717 0.722728 2.15613 
v 1.90926 -0.439583 2.47365 
v 1.80691 0.164877 2.33941 
v 1.66581 0.0861292 2.20467 
v 1.76816 -0.518331 2.3389 
v -0.670455 -1.84926 3.04309 
v 0.199343 -1.84926 3.15933 
v 0.216942 -1.80676 3.02652 
v -0.652854 -1.80676 2.91028 
v -0.947552 1.68478 -1.1898 
v -0.626578 1.90825 -0.801958 
v -0.854615 1.5664 -1.10104 
v -0.719514 2.02664 -0.890712 
v -2.02745 -3.44059 -0.437031 
v -1.6786 -3.66028 -0.319168 
v -1.75351 -3.77226 -0.35516 
v -1.95253 -3.32861 -0.401038 
v -2.27574 -3.56562 -0.470211 
v -2.24783 -3.06869 -0.502898 
v -2.49613 -3.19372 -0.536078 
v -1.82963 -3.53057 -1.18331 
v -1.59429 -3.86225 -1.0205 
v -1.48567 -3.77226 -0.916758 
v -1.721 -3.44059 -1.07957 
v -1.15092 1.25988 -1.45653 
v -0.854615 1.5664 -1.10104 
v -1.05798 1.14149 -1.36778 
v -0.947552 1.68478 -1.1898 
v -2.25065 -2.29424 -1.42125 
v -2.62478 -2.29424 -0.636811 
v -2.50771 -2.24159 -0.580568 
v -2.13359 -2.24159 -1.36501 
v -1.06002 -4.20692 0.232346 
v -0.682555 -4.3913 0.239271 
v -0.719187 -4.45035 0.234376 
v -1.12565 -4.28344 0.244452 
v 1.65459 0.719207 2.25969 
v 1.66581 0.0861292 2.20467 
v 1.52607 0.64398 2.02139 
v 1.79433 0.161356 2.44297 
v -1.05798 1.14149 -1.36778 
v -1.23168 0.64398 -1.59559 
v -1.32461 0.762369 -1.68434 
v -1.15092 1.25988 -1.45653 
v 1.42867 -4.44365 0.606995 
v 1.03898 -4.61056 0.490529 
v 0.977835 -4.45035 0.46115 
v 1.36753 -4.28344 0.577616 
v -2.15763 -2.7557 -1.41022 
v -2.01896 -3.15867 -1.31429 
v -1.91033 -3.06869 -1.21055 
v -2.049 -2.66572 -1.30649 
v -0.994102 2.02664 -0.60114 
v -0.566391 2.15862 -0.28078 
v -0.659327 2.27701 -0.369534 
v -0.901166 1.90825 -0.512386 
v 2.28697 0.64398 -0.543979 
v 1.8657 0.216038 0.221857 
v 2.41542 0.64398 0.156673 
v 1.74367 0.216039 -0.443763 
v 2.12969 -3.77226 0.163756 
v 2.01742 -3.77226 -0.448636 
v 1.56276 -2.87925 -0.0482249 
v 0.496617 -4.69739 1.14664 
v 0.57064 -4.28344 1.41799 
v 0.435421 -4.45035 1.03316 
v 0.631836 -4.53048 1.53146 
v -0.683858 0.0861296 -2.15222 
v -0.702271 0.710527 -2.11052 
v -0.607385 0.64398 -1.93458 
v -0.778744 0.152676 -2.32816 
v 0.57064 -4.28344 1.41799 
v 0.75663 -4.30257 1.88661 
v 0.695432 -4.05554 1.77313 
v 0.631836 -4.53048 1.53146 
v -0.683858 0.0861296 -2.15222 
v -0.739868 -0.518331 -2.31162 
v -0.834754 -0.451784 -2.48756 
v -0.778744 0.152676 -2.32816 
v 0.920972 1.90825 1.22776 
v 1.19835 1.66001 1.61832 
v 1.14901 1.5664 1.52684 
v 0.970307 2.00186 1.31924 
v 1.71914 -2.24159 -2.07569 
v 1.60491 -2.61255 -1.87354 
v 1.66321 -2.18842 -1.95842 
v 1.73873 -1.80676 -2.10422 
v 1.81532 -2.22781 -2.17712 
v 1.83491 -1.79298 -2.20565 
v 1.71914 -1.15452 -2.07569 
v 1.6828 -1.75359 -1.98695 
v 1.66321 -1.10135 -1.95842 
v 1.66084 -0.518331 -1.99081 
v 1.81532 -1.14073 -2.17712 
v 1.75702 -0.504547 -2.09224 
v 2.42798 -2.24159 1.79081 
v 3.02805 -2.36662 1.11492 
v 2.80211 -2.2416 1.00637 
v 2.65392 -2.36662 1.89936 
v -0.901166 1.90825 -0.512386 
v -1.30306 1.68479 -0.814888 
v -1.21013 1.5664 -0.726133 
v -0.994102 2.02664 -0.60114 
v 2.006 -3.89729 1.45111 
v 2.24133 -3.56562 1.61392 
v 2.01539 -3.44059 1.50537 
v 1.78006 -3.77226 1.34256 
v -0.978187 -3.77226 1.85135 
v -1.14038 -3.44059 2.08748 
v -1.05093 -3.38791 1.99316 
v -0.88874 -3.71959 1.75702 
v -1.22441 -3.51961 2.26367 
v -1.27087 -3.06869 2.27746 
v -1.3549 -3.14771 2.45364 
v -1.36644 -2.66572 2.41661 
v -1.18142 -3.01601 2.18314 
v -1.27699 -2.61304 2.32228 
v -1.50877 -2.32061 2.67767 
v -1.45047 -2.74474 2.59279 
v -1.42474 -2.24159 2.50149 
v -1.44434 -1.80676 2.53001 
v -1.3353 -2.18892 2.40716 
v -1.35489 -1.75409 2.43569 
v 1.19556 1.90825 0.938184 
v 0.976498 2.27701 0.762173 
v 0.860786 2.15862 0.706578 
v 1.31127 2.02664 0.993779 
v -1.21013 1.5664 -0.726133 
v -1.5786 1.25988 -1.00551 
v -1.48567 1.14149 -0.916758 
v -1.30306 1.68479 -0.814888 
v 1.14901 1.5664 1.52684 
v 1.40171 1.2351 1.88506 
v 1.35238 1.14149 1.79358 
v 1.19835 1.66001 1.61832 
v 2.43066 -3.19372 1.7449 
v 2.01539 -3.44059 1.50537 
v 2.24133 -3.56562 1.61392 
v 2.20472 -3.06869 1.63635 
v 1.36753 1.90825 0.577616 
v 1.84288 1.68478 0.740696 
v 1.72717 1.5664 0.685101 
v 1.48324 2.02664 0.633211 
v 2.0479 1.14149 0.780959 
v 1.61708 1.48154 0.67039 
v 1.93782 1.05663 0.766248 
v 2.43755 0.762369 0.918424 
v 2.32184 0.64398 0.862829 
v 2.16362 1.25987 0.836554 
v -1.48567 1.14149 -0.916758 
v -1.81393 0.762369 -1.16832 
v -1.721 0.643981 -1.07957 
v -1.5786 1.25988 -1.00551 
v -2.14451 -3.49324 -0.493274 
v -2.24783 -3.06869 -0.502898 
v -2.3649 -3.12134 -0.559141 
v -2.02745 -3.44059 -0.437031 
v 2.55292 -1.13282 1.85083 
v 2.46833 -0.49663 1.79231 
v 2.34339 -0.518331 1.73228 
v 2.42798 -1.15452 1.79081 
v 2.56933 -2.79075 1.84084 
v 2.20472 -3.06869 1.63635 
v 2.43066 -3.19372 1.7449 
v 2.34339 -2.66572 1.73228 
v 2.65392 -2.36662 1.89936 
v 2.34339 -2.66572 1.73228 
v 2.56933 -2.79075 1.84084 
v 2.42798 -2.24159 1.79081 
v -2.62478 -2.29424 -0.636811 
v -2.52631 -2.71836 -0.607382 
v -2.40925 -2.66572 -0.551139 
v -2.50771 -2.24159 -0.580568 
v -2.52631 -2.71836 -0.607382 
v -2.3649 -3.12134 -0.559141 
v -2.24783 -3.06869 -0.502898 
v -2.40925 -2.66572 -0.551139 
v -0.978187 -3.77226 1.85135 
v -0.450431 -3.89037 2.18713 
v -0.418526 -3.77226 2.12024 
v -1.01009 -3.89037 1.91824 
v -0.401039 1.5664 -1.34734 
v -0.374918 2.09548 -1.17515 
v -0.276246 1.90825 -0.992189 
v -0.49971 1.75363 -1.5303 
v 1.62023 1.68478 1.20753 
v 1.19556 1.90825 0.938184 
v 1.50452 1.5664 1.15193 
v 1.31127 2.02664 0.993779 
v 1.85129 -4.1181 0.701688 
v 2.17203 -3.83482 0.797546 
v 2.0479 -3.77226 0.780959 
v 1.72717 -4.05554 0.685101 
v -0.611003 1.32872 -1.84703 
v -0.401039 1.5664 -1.34734 
v -0.512332 1.14149 -1.66407 
v -0.49971 1.75363 -1.5303 
v 1.06843 -1.15452 2.83465 
v 1.11777 -1.78506 3.07381 
v 1.07991 -1.80676 2.86733 
v 1.10628 -1.13282 3.04113 
v 1.07212 -0.496631 2.94389 
v 1.06843 -1.15452 2.83465 
v 1.03426 -0.518331 2.73741 
v 1.10628 -1.13282 3.04113 
v -1.08476 -3.83132 -1.39334 
v -0.854616 -4.05554 -1.10104 
v -0.881387 -4.11459 -1.12661 
v -1.05798 -3.77226 -1.36778 
v 0.0638857 -3.86603 -1.96205 
v 0.0567779 -3.53436 -2.24879 
v 0.0907719 -3.44059 -2.06336 
v 0.0978783 -3.77226 -1.77663 
v 1.89577 1.25987 1.39815 
v 1.50452 1.5664 1.15193 
v 1.78006 1.14149 1.34256 
v 1.62023 1.68478 1.20753 
v -0.881387 -4.11459 -1.12661 
v -0.626578 -4.28344 -0.801957 
v -0.653349 -4.34249 -0.827524 
v -0.854616 -4.05554 -1.10104 
v -0.379487 -4.45035 -0.477881 
v -0.653349 -4.34249 -0.827524 
v -0.626578 -4.28344 -0.801957 
v -0.406259 -4.50941 -0.503448 
v 0.801721 0.0314978 -2.06819 
v 0.0850541 0.0861294 -2.29405 
v 0.0683913 0.0259388 -2.16832 
v 0.860048 0.0861292 -2.19049 
v -1.32461 0.762369 -1.68434 
v -1.721 0.643981 -1.07957 
v -1.81393 0.762369 -1.16832 
v -1.23168 0.64398 -1.59559 
v 1.08268 -4.05554 -1.14907 
v 1.45633 -4.05554 -0.79223 
v 1.51171 -4.20994 -0.850639 
v 1.13806 -4.20993 -1.20748 
v 1.78006 1.14149 1.34256 
v 2.01539 0.64398 1.50537 
v 2.1311 0.762369 1.56096 
v 1.89577 1.25987 1.39815 
v 0.0567779 -3.53436 -2.24879 
v 0.0510596 -3.16246 -2.47947 
v 0.0850522 -3.06869 -2.29405 
v 0.0907719 -3.44059 -2.06336 
v 0.0443166 -2.33537 -2.7515 
v 0.080864 -2.66572 -2.46301 
v 0.0468714 -2.75949 -2.64843 
v 0.0783105 -2.24159 -2.56608 
v 0.0468714 -2.75949 -2.64843 
v 0.0850522 -3.06869 -2.29405 
v 0.0510596 -3.16246 -2.47947 
v 0.080864 -2.66572 -2.46301 
v 2.17203 -3.83482 0.797546 
v 2.44596 -3.50315 0.879416 
v 2.32184 -3.44059 0.862829 
v 2.0479 -3.77226 0.780959 
v -0.811617 2.31233 -0.096934 
v -1.20131 2.06196 -0.213399 
v -1.07313 1.90825 -0.151818 
v -0.683444 2.15862 -0.0353522 
v 0.0896418 0.338808 1.86744 
v 0.0953597 -0.219043 2.09813 
v 0.31863 -0.259562 1.14801 
v 2.44596 -3.50315 0.879416 
v 2.66635 -3.13125 0.945283 
v 2.54223 -3.06869 0.928696 
v 2.32184 -3.44059 0.862829 
v 0.186022 -3.48309 2.62197 
v 0.20934 -3.06869 2.71985 
v 0.191741 -3.11119 2.85266 
v 0.203621 -3.44059 2.48916 
v 2.95933 -1.86932 1.03284 
v 2.80211 -2.2416 1.00637 
v 2.92623 -2.30415 1.02295 
v 2.8352 -1.80676 1.01626 
v -2.0836 -3.89729 0.228863 
v -2.12102 -3.44059 0.269125 
v -2.36932 -3.56562 0.235945 
v -1.8353 -3.77226 0.262042 
v 2.82777 -2.72828 0.993525 
v 2.54223 -3.06869 0.928696 
v 2.66635 -3.13125 0.945283 
v 2.70364 -2.66572 0.976938 
v 2.92623 -2.30415 1.02295 
v 2.70364 -2.66572 0.976938 
v 2.82777 -2.72828 0.993525 
v 2.80211 -2.2416 1.00637 
v -2.36932 -3.56562 0.235945 
v -2.3509 -3.06869 0.274824 
v -2.59919 -3.19372 0.241644 
v -2.12102 -3.44059 0.269125 
v -1.07313 1.90825 -0.151818 
v -1.56095 1.72011 -0.320884 
v -1.43277 1.5664 -0.259303 
v -1.20131 2.06196 -0.213399 
v 0.735077 -4.69739 1.01715 
v 0.67388 -4.45035 0.90368 
v 0.982167 -4.53048 1.34123 
v 0.920969 -4.28344 1.22776 
v 0.601576 2.1286 1.58672 
v 0.570641 1.90825 1.41799 
v 0.466357 2.37898 1.2019 
v 0.435423 2.15862 1.03317 
v -2.87025 -2.36662 0.248363 
v -2.76755 -2.79075 0.245817 
v -2.51926 -2.66572 0.278997 
v -2.62196 -2.24159 0.281543 
v 0.191741 -3.11119 2.85266 
v 0.213528 -2.66572 2.88881 
v 0.195929 -2.70822 3.02162 
v 0.20934 -3.06869 2.71985 
v 0.982167 -4.53048 1.34123 
v 0.920969 -4.28344 1.22776 
v 1.2102 -4.30257 1.64032 
v 1.14901 -4.05554 1.52684 
v -0.683859 -3.06869 -2.15222 
v -0.673438 -2.65215 -2.18844 
v -0.739868 -2.66572 -2.31162 
v -0.617428 -3.05512 -2.02904 
v -0.808029 -2.33537 -2.59427 
v -0.773861 -2.75949 -2.49704 
v -0.774035 -2.24159 -2.40885 
v -0.785518 -1.80676 -2.44153 
v -0.707604 -2.22802 -2.28567 
v -0.719088 -1.79319 -2.31835 
v -0.64138 -3.53436 -2.12 
v -0.607386 -3.44059 -1.93458 
v -0.717853 -3.16246 -2.33764 
v -2.76755 -2.79075 0.245817 
v -2.59919 -3.19372 0.241644 
v -2.3509 -3.06869 0.274824 
v -2.51926 -2.66572 0.278997 
v -0.773861 -2.75949 -2.49704 
v -0.717853 -3.16246 -2.33764 
v -0.683859 -3.06869 -2.15222 
v -0.739868 -2.66572 -2.31162 
v -0.707604 -2.22802 -2.28567 
v -0.774035 -2.24159 -2.40885 
v -0.673438 -2.65215 -2.18844 
v 1.96092 -2.34963 2.54525 
v 1.76816 -2.66572 2.3389 
v 1.89849 -2.77376 2.46336 
v 1.8306 -2.24159 2.42079 
v 1.60404 -3.01605 2.09012 
v 1.70639 -2.61308 2.22436 
v 1.66581 -3.06869 2.20467 
v 1.52607 -3.44059 2.02139 
v 1.79614 -3.17673 2.32913 
v 1.6564 -3.54863 2.14585 
v -1.43277 1.5664 -0.259303 
v -1.88168 1.29519 -0.416743 
v -1.75351 1.14149 -0.355161 
v -1.56095 1.72011 -0.320884 
v -1.42474 -1.15452 2.50149 
v -2.24355 -1.11111 2.10324 
v -2.05261 -1.15452 1.90187 
v -1.61569 -1.11111 2.70285 
v 0.908091 -0.518331 -2.35247 
v 0.88743 0.118987 -2.39711 
v 0.860048 0.0861292 -2.19049 
v 0.935472 -0.485473 -2.55909 
v 0.199343 -1.84926 3.15933 
v 0.198484 -2.28409 3.12469 
v 0.216083 -2.24159 2.99188 
v 0.216942 -1.80676 3.02652 
v 0.198484 -2.28409 3.12469 
v 0.195929 -2.70822 3.02162 
v 0.213528 -2.66572 2.88881 
v 0.216083 -2.24159 2.99188 
v 0.570641 1.90825 1.41799 
v 0.726367 1.78675 1.94187 
v 0.695433 1.5664 1.77314 
v 0.601576 2.1286 1.58672 
v 2.59737 -0.557664 0.925878 
v 2.80211 -1.15452 1.00637 
v 2.66629 -1.18411 0.988217 
v 2.70364 -0.518332 0.976938 
v -2.4064 -3.1324 1.08282 
v -2.36825 -2.66572 1.10266 
v -2.56522 -2.72943 1.139 
v -2.20943 -3.06869 1.04648 
v -1.22838 2.00186 0.230722 
v -1.6035 1.66001 0.240021 
v -1.50076 1.5664 0.25375 
v -1.12565 1.90825 0.244451 
v -2.36825 -2.66572 1.10266 
v -2.66211 -2.30531 1.17327 
v -2.56522 -2.72943 1.139 
v -2.46514 -2.24159 1.13693 
v -2.11874 0.762369 0.99305 
v -2.24719 0.76237 0.292398 
v -2.12102 0.643981 0.269126 
v -1.99257 0.643981 0.969778 
v 2.80211 -1.15452 1.00637 
v 2.55292 -1.13282 1.85083 
v 2.42798 -1.15452 1.79081 
v 2.92704 -1.13282 1.06639 
v 2.51572 -2.39441 -1.6714 
v 2.26541 -2.66572 -1.41343 
v 2.43075 -2.80977 -1.58779 
v 2.347 -2.24159 -1.47608 
v 1.03426 -2.66572 2.73741 
v 0.978252 -3.06869 2.57801 
v 0.958694 -2.97829 2.47134 
v 0.972485 -2.61307 2.62287 
v 1.06843 -2.24159 2.83465 
v 1.0844 -2.70869 3.0109 
v 1.11857 -2.28456 3.10813 
v 0.182859 -3.34462 2.37591 
v -0.500058 -3.44059 2.39513 
v -0.486908 -3.34292 2.29589 
v 0.203621 -3.44059 2.48916 
v -1.50076 1.5664 0.25375 
v -1.93804 1.2351 0.248313 
v -1.8353 1.14149 0.262043 
v -1.6035 1.66001 0.240021 
v 0.524535 -4.37311 -1.11826 
v 0.617454 -4.05554 -1.37258 
v 0.510412 -4.28344 -1.01169 
v 0.631577 -4.14521 -1.47915 
v -0.736882 -1.88578 3.08647 
v -0.643004 -2.24159 2.87707 
v -0.652854 -1.80676 2.91028 
v -0.727032 -2.32061 3.05326 
v -0.697724 -2.74474 2.95445 
v -0.64968 -3.14771 2.79247 
v -0.565654 -3.06869 2.61629 
v -0.613697 -2.66572 2.77826 
v 3.00594 -2.22946 -0.844936 
v 3.0385 -1.79463 -0.856454 
v 2.7921 -1.80676 -0.722654 
v 2.75953 -2.2416 -0.711136 
v -0.727032 -2.32061 3.05326 
v -0.697724 -2.74474 2.95445 
v -0.613697 -2.66572 2.77826 
v -0.643004 -2.24159 2.87707 
v 2.44318 -2.22781 -1.57751 
v 2.4706 -1.79298 -1.59856 
v 2.37442 -1.80676 -1.49713 
v 2.347 -2.24159 -1.47608 
v -0.796287 2.27701 0.525274 
v -1.17973 2.02664 0.660904 
v -1.05356 1.90825 0.637632 
v -0.670123 2.15862 0.502002 
v 2.90905 -0.506194 -0.810665 
v 2.75953 -1.15452 -0.711136 
v 3.00594 -1.14238 -0.844936 
v 2.66265 -0.518332 -0.676865 
v 0.631577 -4.14521 -1.47915 
v 0.72704 -3.86194 -1.80101 
v 0.712919 -3.77226 -1.69444 
v 0.617454 -4.05554 -1.37258 
v 0.922212 -2.75539 -2.45904 
v 0.860047 -3.06869 -2.19049 
v 0.87417 -3.15837 -2.29706 
v 0.90809 -2.66572 -2.35247 
v -1.47377 -0.518331 -1.91311 
v -0.834754 -0.451784 -2.48756 
v -0.739868 -0.518331 -2.31162 
v -1.56866 -0.451784 -2.08905 
v -2.4159 -3.19463 1.08457 
v -2.19904 -3.56653 1.00786 
v -1.99257 -3.44059 0.969777 
v -2.20943 -3.06869 1.04648 
v 2.22785 0.0999136 -1.41218 
v 2.26541 -0.518331 -1.41343 
v 2.3616 -0.504547 -1.51487 
v 2.13167 0.0861291 -1.31075 
v 3.00594 -1.14238 -0.844936 
v 2.7921 -1.80676 -0.722654 
v 3.0385 -1.79463 -0.856454 
v 2.75953 -1.15452 -0.711136 
v 1.72208 -3.77226 -0.996273 
v 1.62166 -4.19959 -0.966584 
v 1.88741 -3.91632 -1.17063 
v 1.45633 -4.05554 -0.79223 
v 0.860783 -4.45035 0.706577 
v 1.25671 -4.44365 0.967562 
v 1.19556 -4.28344 0.938184 
v 0.921931 -4.61056 0.735956 
v 0.808574 -3.53027 -2.0759 
v 0.712919 -3.77226 -1.69444 
v 0.72704 -3.86194 -1.80101 
v 0.794451 -3.44059 -1.96933 
v 0.87417 -3.15837 -2.29706 
v 0.794451 -3.44059 -1.96933 
v 0.808574 -3.53027 -2.0759 
v 0.860047 -3.06869 -2.19049 
v 2.44318 -1.14073 -1.57751 
v 2.3616 -0.504547 -1.51487 
v 2.26541 -0.518331 -1.41343 
v 2.347 -1.15452 -1.47608 
v 2.4706 -1.79298 -1.59856 
v 2.44318 -1.14073 -1.57751 
v 2.347 -1.15452 -1.47608 
v 2.37442 -1.80676 -1.49713 
v 1.74404 -0.740153 1.44432 
v 2.34339 -0.518331 1.73228 
v 2.10429 -0.740153 0.688977 
v 2.70364 -0.518332 0.976938 
v 1.70183 1.5664 -0.337006 
v 1.44512 1.99384 -0.264593 
v 1.34796 1.90825 -0.211834 
v 1.79899 1.65198 -0.389765 
v -1.36644 -0.518331 2.41661 
v -1.61569 -1.11111 2.70285 
v -1.42474 -1.15452 2.50149 
v -1.55739 -0.474929 2.61797 
v 1.40534 -3.21246 1.16252 
v 1.67319 -3.21246 0.600926 
v 2.0479 -3.77226 0.780959 
v 1.78006 -3.77226 1.34256 
v 0.115533 1.90825 -1.06446 
v 0.105379 2.33508 -0.767103 
v 0.125644 2.15862 -0.656558 
v 0.0952673 2.08471 -1.175 
v 2.92475 -2.33537 -0.800847 
v 2.66265 -2.66572 -0.676865 
v 2.82786 -2.75949 -0.766576 
v 2.75953 -2.2416 -0.711136 
v -0.978187 1.14149 1.85135 
v -1.31463 0.764362 2.27124 
v -1.14038 0.64398 2.08748 
v -1.15243 1.26187 2.0351 
v 1.72208 1.14149 -0.996274 
v 1.94906 0.64398 -1.17054 
v 2.12331 0.764361 -1.3543 
v 1.89633 1.26187 -1.18003 
v 0.35868 -3.80952 -0.3509 
v 0.510412 -4.28344 -1.01169 
v 0.394426 -4.45035 -0.620638 
v 0.474666 -3.6426 -0.741949 
v 2.11439 -3.58465 -1.3449 
v 1.72208 -3.77226 -0.996273 
v 1.88741 -3.91632 -1.17063 
v 1.94906 -3.44059 -1.17054 
v 1.66712 -0.532798 2.24241 
v 1.8306 -1.15452 2.42079 
v 1.72956 -1.16898 2.3243 
v 1.76816 -0.518331 2.3389 
v 1.66581 0.0861292 2.20467 
v 1.89668 -0.443104 2.5772 
v 1.79433 0.161356 2.44297 
v 1.72956 -1.16898 2.3243 
v 1.85158 -1.80676 2.44831 
v 1.75054 -1.82123 2.35182 
v 1.8306 -1.15452 2.42079 
v 1.76816 -0.518331 2.3389 
v 1.95911 -1.07929 2.65909 
v 1.89668 -0.443104 2.5772 
v -0.151151 2.28671 1.15362 
v -0.267136 2.03634 1.54467 
v -0.216018 1.90825 1.43749 
v -0.100032 2.15862 1.04644 
v -1.40744 1.5664 0.762804 
v -1.05356 1.90825 0.637632 
v -1.17973 2.02664 0.660904 
v -1.5336 1.68479 0.786076 
v 0.642643 1.76987 -1.56265 
v 0.510413 1.90825 -1.01169 
v 0.617455 1.5664 -1.37259 
v 0.5356 2.11173 -1.20175 
v -2.62196 -2.24159 0.281543 
v -2.66211 -2.30531 1.17327 
v -2.46514 -2.24159 1.13693 
v -2.81893 -2.30531 0.317876 
v 1.89849 -2.77376 2.46336 
v 1.66581 -3.06869 2.20467 
v 1.79614 -3.17673 2.32913 
v 1.76816 -2.66572 2.3389 
v 1.8306 -2.24159 2.42079 
v 1.70639 -2.61308 2.22436 
v 1.76882 -2.18895 2.30624 
v 1.60404 -3.01605 2.09012 
v 1.52607 -3.44059 2.02139 
v 1.4643 -3.38795 1.90684 
v 1.35238 -3.77226 1.79357 
v 1.6564 -3.54863 2.14585 
v 1.4827 -3.8803 1.91804 
v -1.14038 0.64398 2.08748 
v -1.44512 0.206511 2.46122 
v -1.27087 0.0861297 2.27746 
v -1.31463 0.764362 2.27124 
v 1.94906 0.64398 -1.17054 
v 2.13167 0.0861291 -1.31075 
v 2.30592 0.20651 -1.4945 
v 2.12331 0.764361 -1.3543 
v 2.297 -3.21274 -1.4851 
v 1.94906 -3.44059 -1.17054 
v 2.11439 -3.58465 -1.3449 
v 2.13167 -3.06869 -1.31075 
v 2.43075 -2.80977 -1.58779 
v 2.13167 -3.06869 -1.31075 
v 2.297 -3.21274 -1.4851 
v 2.26541 -2.66572 -1.41343 
v 2.11459 1.22707 -0.501397 
v 1.70183 1.5664 -0.337006 
v 2.01742 1.14149 -0.448637 
v 1.79899 1.65198 -0.389765 
v 1.14979 1.70682 -1.28979 
v 0.869739 1.90825 -0.83905 
v 1.08268 1.5664 -1.14907 
v 0.936852 2.04867 -0.979768 
v 1.70183 -4.05554 -0.337005 
v 1.79515 -4.05554 0.172049 
v 1.92159 -4.30257 0.148725 
v 1.82827 -4.30257 -0.360328 
v -1.40744 1.5664 0.762804 
v -1.84919 1.25988 0.897708 
v -1.72303 1.14149 0.874435 
v -1.5336 1.68479 0.786076 
v -0.575343 1.90825 1.26485 
v -0.895446 1.70682 1.68788 
v -0.788283 1.5664 1.57487 
v -0.682508 2.04867 1.37786 
v -0.216018 1.90825 1.43749 
v -0.374179 1.69449 1.90556 
v -0.323061 1.5664 1.79838 
v -0.267136 2.03634 1.54467 
v -1.72303 1.14149 0.874435 
v -2.11874 0.762369 0.99305 
v -1.99257 0.643981 0.969778 
v -1.84919 1.25988 0.897708 
v 2.01742 1.14149 -0.448637 
v 2.28697 0.64398 -0.543979 
v 2.38413 0.729568 -0.596739 
v 2.11459 1.22707 -0.501397 
v 1.33969 1.28191 -1.56627 
v 1.08268 1.5664 -1.14907 
v 1.27258 1.14149 -1.42555 
v 1.14979 1.70682 -1.28979 
v 1.76816 -0.518331 2.3389 
v 2.48449 -0.439583 1.86703 
v 1.90926 -0.439583 2.47365 
v 2.34339 -0.518331 1.73228 
v -1.57493 -2.65301 -2.00972 
v -1.63737 -2.22889 -2.09161 
v -1.5362 -2.24159 -1.99499 
v -1.47377 -2.66572 -1.9131 
v -1.55719 -1.80676 -2.02251 
v -1.46977 -2.22802 -1.87181 
v -1.49076 -1.79319 -1.89934 
v -1.40734 -2.65215 -1.78993 
v -1.37142 -3.06869 -1.77887 
v -1.30499 -3.05512 -1.65569 
v -1.23168 -3.44059 -1.59559 
v -1.48005 -3.15867 -1.88261 
v -1.34031 -3.53057 -1.69933 
v -1.5362 -1.15452 -1.99499 
v -1.65835 -1.79406 -2.11913 
v -1.63737 -1.14181 -2.09161 
v -1.47377 -0.518331 -1.91311 
v -1.46977 -1.14095 -1.87181 
v -1.40734 -0.50476 -1.78993 
v -1.47259 0.0988372 -1.87548 
v -1.57493 -0.505623 -2.00972 
v -1.37142 0.0861297 -1.77887 
v -0.323061 1.5664 1.79838 
v -0.469643 1.26958 2.22742 
v -0.418525 1.14149 2.12024 
v -0.374179 1.69449 1.90556 
v -0.788283 1.5664 1.57487 
v -1.08535 1.28191 1.96436 
v -0.978187 1.14149 1.85135 
v -0.895446 1.70682 1.68788 
v 2.53325 -2.98766 0.171642 
v 2.39178 -2.98766 -0.600017 
v 2.50382 -3.06869 -0.620685 
v 2.64529 -3.06869 0.150975 
v 1.3365 -3.49573 -0.138628 
v 2.01742 -3.77226 -0.448636 
v 1.70183 -4.05554 -0.337005 
v 1.65209 -3.21246 -0.250259 
v 1.34796 -4.28344 -0.211833 
v 0.982623 -3.72363 -0.0134557 
v 1.56691 2.14353 0.154255 
v 1.01358 2.15862 0.191423 
v 1.42004 1.90825 0.181347 
v 1.16045 2.3939 0.164331 
v -2.01896 -3.15867 -1.31429 
v -1.82963 -3.53057 -1.18331 
v -1.721 -3.44059 -1.07957 
v -1.91033 -3.06869 -1.21055 
v -1.41075 -3.66028 -0.880765 
v -1.64608 -3.32861 -1.04357 
v -1.48567 -3.77226 -0.916758 
v -0.323061 -4.05554 1.79838 
v 0.177599 -4.20993 1.94663 
v 0.188191 -4.05554 1.8667 
v -0.333654 -4.20993 1.87831 
v -0.645846 -4.58709 0.79823 
v -0.863942 -4.28344 0.989236 
v -0.968735 -4.42017 1.04614 
v -0.541054 -4.45035 0.741327 
v 0.158157 -4.60475 1.16229 
v 0.17886 -4.28344 1.49025 
v 0.168268 -4.43784 1.57018 
v 0.168748 -4.45035 1.08235 
v 0.177599 -4.20993 1.94663 
v 0.168268 -4.43784 1.57018 
v 0.17886 -4.28344 1.49025 
v 0.188191 -4.05554 1.8667 
v 0.972485 -2.61307 2.62287 
v 1.00665 -2.18895 2.7201 
v 1.06843 -2.24159 2.83465 
v 1.03426 -2.66572 2.73741 
v 1.13005 -1.84973 3.14081 
v 1.11857 -2.28456 3.10813 
v 1.07991 -1.80676 2.86733 
v -0.968735 -4.42017 1.04614 
v -1.16193 -4.05554 1.21803 
v -1.26672 -4.19227 1.27493 
v -0.863942 -4.28344 0.989236 
v 1.5864 0.713544 0.263973 
v 2.41542 0.64398 0.156673 
v 1.8657 0.216038 0.221857 
v 2.1297 1.14149 0.163756 
v -1.99257 -3.44059 0.969777 
v -1.2721 -3.24653 0.791255 
v -1.72303 -3.77226 0.874435 
v -1.54164 -2.91486 0.886598 
v -0.956505 -3.52981 0.679624 
v -1.40744 -4.05554 0.762804 
v -1.05356 -4.28344 0.637632 
v -0.602631 -3.75771 0.554452 
v -0.131938 -4.56847 1.11333 
v -0.216019 -4.28344 1.43749 
v -0.247924 -4.40155 1.50438 
v -0.100033 -4.45035 1.04644 
v 0.267081 -1.84973 3.3 
v 1.13005 -1.84973 3.14081 
v 1.07991 -1.80676 2.86733 
v 0.216942 -1.80676 3.02652 
v 0.91003 2.0553 -0.92353 
v 0.639009 2.15862 -0.50313 
v 0.869739 1.90825 -0.83905 
v 0.6793 2.30567 -0.58761 
v 1.14002 -4.69739 0.1681 
v 1.42004 -4.28344 0.181347 
v 1.01358 -4.45035 0.191423 
v 1.54648 -4.53048 0.158024 
v -1.63737 -2.22889 -2.09161 
v -1.65835 -1.79406 -2.11913 
v -1.55719 -1.80676 -2.02251 
v -1.5362 -2.24159 -1.99499 
v -1.46977 -2.22802 -1.87181 
v -1.47377 -2.66572 -1.9131 
v -1.40734 -2.65215 -1.78993 
v -1.5362 -1.15452 -1.99499 
v -1.49076 -1.79319 -1.89934 
v -1.46977 -1.14095 -1.87181 
v -1.47377 -0.518331 -1.91311 
v -1.63737 -1.14181 -2.09161 
v -1.57493 -0.505623 -2.00972 
v -0.344614 2.15862 0.928928 
v -0.67828 2.14353 1.3734 
v -0.575343 1.90825 1.26485 
v -0.44755 2.3939 1.03748 
v 1.42004 -4.28344 0.181347 
v 1.92159 -4.30257 0.148725 
v 1.79515 -4.05554 0.172049 
v 1.54648 -4.53048 0.158024 
v -1.61384 1.29519 -0.97834 
v -1.75351 1.14149 -0.355161 
v -1.88168 1.29519 -0.416743 
v -1.48567 1.14149 -0.916758 
v 2.64529 0.0861291 0.150975 
v 2.61486 0.699355 0.119885 
v 2.41542 0.64398 0.156673 
v 2.84473 0.141505 0.114187 
v 2.67783 -0.547924 0.128652 
v 2.50947 0.0565363 0.132826 
v 2.81365 -0.518332 0.146802 
v 3.11579 -1.09914 0.107467 
v 3.01309 -0.462956 0.110013 
v 2.91635 -1.15452 0.144255 
v 0.695432 -4.05554 1.77313 
v 0.75663 -4.30257 1.88661 
v 1.14901 -4.05554 1.52684 
v 1.2102 -4.30257 1.64032 
v 0.0907712 0.64398 -2.06336 
v 0.0850541 0.0861294 -2.29405 
v 0.0622578 0.147164 -2.4184 
v 0.067975 0.705015 -2.18771 
v 0.0978791 1.14149 -1.77663 
v 0.0741098 0.58379 -1.93763 
v 0.0812177 1.0813 -1.6509 
v 0.0834051 1.62743 -1.56525 
v 0.106201 1.5664 -1.4409 
v 0.0750828 1.20252 -1.90097 
v -2.55737 -3.19463 0.31291 
v -2.20943 -3.06869 1.04648 
v -2.3509 -3.06869 0.274824 
v -2.4159 -3.19463 1.08457 
v 0.0907712 0.64398 -2.06336 
v 0.0750828 1.20252 -1.90097 
v 0.0978791 1.14149 -1.77663 
v 0.067975 0.705015 -2.18771 
v 0.0741098 0.58379 -1.93763 
v 0.0850541 0.0861294 -2.29405 
v 0.0683913 0.0259388 -2.16832 
v 0.0580682 -0.457296 -2.58735 
v 0.0622578 0.147164 -2.4184 
v 0.0808644 -0.518331 -2.46301 
v 1.35675 -3.21246 -0.797896 
v 2.01742 -3.77226 -0.448636 
v 1.65209 -3.21246 -0.250259 
v 1.72208 -3.77226 -0.996273 
v -0.785518 -1.80676 -2.44153 
v -0.719088 -1.79319 -2.31835 
v 0.0774506 -1.80676 -2.60072 
v 1.28501 -0.176365 -1.26406 
v 1.66084 -0.518331 -1.99081 
v 1.38059 -0.780825 -1.4032 
v 1.56526 0.0861292 -1.85167 
v -0.826252 -4.17145 -0.476392 
v -1.21013 -4.05554 -0.726132 
v -0.901165 -4.28344 -0.512385 
v -1.13521 -3.94355 -0.69014 
v -0.56639 -4.45035 -0.280779 
v -0.927937 -4.34249 -0.537952 
v -0.593162 -4.50941 -0.306346 
v -1.48567 -3.77226 -0.916758 
v -1.51244 -3.83132 -0.942325 
v -1.2369 -4.11459 -0.7517 
v 2.18264 -3.86603 -0.538347 
v 2.45218 -3.53436 -0.63369 
v 2.28697 -3.44059 -0.543979 
v 2.01742 -3.77226 -0.448636 
v 2.50382 -3.06869 -0.620685 
v 2.17492 -3.35956 -0.523312 
v 2.39178 -2.98766 -0.600017 
v 2.82786 -2.75949 -0.766576 
v 2.66903 -3.16246 -0.710396 
v 2.66265 -2.66572 -0.676865 
v 2.45218 -3.53436 -0.63369 
v 2.66903 -3.16246 -0.710396 
v 2.50382 -3.06869 -0.620685 
v 2.28697 -3.44059 -0.543979 
v 2.01742 -3.77226 -0.448636 
v 2.17492 -3.35956 -0.523312 
v 0.974629 -1.77391 -2.69111 
v 0.96478 -1.12166 -2.6579 
v 0.937398 -1.15452 -2.45128 
v 0.947248 -1.80676 -2.48449 
v 0.881469 -2.18842 -2.33401 
v 0.891318 -1.75359 -2.36722 
v 0.937398 -2.24159 -2.45128 
v 1.51171 -4.20994 -0.850639 
v 1.15834 -4.28344 -0.563437 
v 1.21372 -4.43784 -0.621847 
v 1.45633 -4.05554 -0.79223 
v 0.835447 -4.45035 -0.315528 
v 1.21372 -4.43784 -0.621847 
v 1.15834 -4.28344 -0.563437 
v 0.890833 -4.60475 -0.373937 
v 1.15453 0.381486 -1.07408 
v 0.992331 0.878992 -0.837942 
v 1.27258 1.14149 -1.42555 
v 1.43478 0.64398 -1.66169 
v 1.56526 0.0861292 -1.85167 
v 1.28501 -0.176365 -1.26406 
v 0.20934 -3.06869 2.71985 
v 0.881294 -2.62052 2.04915 
v 0.978252 -3.06869 2.57801 
v 0.112382 -2.62052 2.19098 
v 1.00665 -2.18895 2.7201 
v 1.8306 -2.24159 2.42079 
v 1.06843 -2.24159 2.83465 
v 1.76882 -2.18895 2.30624 
v -0.502552 -3.85128 2.29642 
v -0.500058 -3.44059 2.39513 
v -0.584086 -3.51961 2.57131 
v -0.418526 -3.77226 2.12024 
v -0.323061 -4.05554 1.79838 
v -0.405374 -3.67459 2.021 
v -0.309911 -3.95786 1.69914 
v -0.216019 -4.28344 1.43749 
v -0.354966 -4.17365 1.86528 
v -0.247924 -4.40155 1.50438 
v -0.584086 -3.51961 2.57131 
v -0.565654 -3.06869 2.61629 
v -0.64968 -3.14771 2.79247 
v -0.500058 -3.44059 2.39513 
v -0.405374 -3.67459 2.021 
v -0.486908 -3.34292 2.29589 
v -0.418526 -3.77226 2.12024 
v -0.323061 -4.05554 1.79838 
v -0.450431 -3.89037 2.18713 
v -0.354966 -4.17365 1.86528 
v 1.42004 1.90825 0.181347 
v 1.25186 1.13845 0.272265 
v 0.876746 1.48031 0.281564 
v 1.79516 1.5664 0.172049 
v -0.558417 0.680897 2.5175 
v -0.565654 0.0861296 2.61629 
v -0.500057 0.64398 2.39513 
v -0.624013 0.123047 2.73865 
v -0.613697 -0.518331 2.77826 
v -0.548164 0.041135 2.48431 
v -0.596207 -0.563325 2.64628 
v -0.701365 -1.1176 2.99944 
v -0.643004 -1.15452 2.87707 
v -0.672057 -0.481414 2.90063 
v 1.25186 1.13845 0.272265 
v 2.01576 1.07294 0.1703 
v 1.5864 0.713544 0.263973 
v 1.70613 1.46622 0.177975 
v -0.141028 -4.45035 -0.607365 
v -0.0785826 -3.72352 -0.625666 
v -0.276247 -4.28344 -0.992187 
v 0.0566364 -3.89043 -0.240844 
v -0.203374 -3.49562 -0.980816 
v -0.40104 -4.05554 -1.34734 
v -0.512333 -3.77226 -1.66407 
v -0.314667 -3.21234 -1.29755 
v -0.607386 -3.44059 -1.93458 
v -0.409721 -2.88067 -1.56806 
v 0.771003 -0.14178 1.38136 
v 0.755879 -0.109681 1.81522 
v 0.721986 -0.190748 1.81465 
v 0.736941 -0.222776 1.3822 
v 0.655095 -0.256186 1.38423 
v 0.640227 -0.224335 1.81211 
v 0.63821 -0.233765 1.98651 
v 0.718691 -0.20199 2.00487 
v 0.737304 -0.060636 1.38219 
v 0.527875 -0.421587 2.37782 
v 0.722028 -0.028612 1.8135 
v 0.655609 -0.0268662 1.38422 
v 0.75073 -0.123553 2.02839 
v 0.606293 -0.393206 2.40743 
v 0.715537 -0.0443896 2.04331 
v 0.634911 -0.320729 2.44848 
v 0.596939 -0.246602 2.47692 
v 0.633749 -0.0108649 2.04088 
v 0.640286 0.004979 1.81049 
v 0.573763 -0.0602761 1.38625 
v 0.514644 -0.21424 2.47611 
v 0.553267 -0.0426394 2.02252 
v 0.573164 -0.31478 2.61876 
v 0.436225 -0.242621 2.4465 
v 0.558528 -0.0286084 1.80796 
v 0.524635 -0.109676 1.80738 
v 0.521228 -0.121077 1.99899 
v 0.539701 -0.141271 1.38709 
v 0.558486 -0.190744 1.8091 
v 0.5734 -0.222416 1.38626 
v 0.640227 -0.224335 1.81211 
v 0.655095 -0.256186 1.38423 
v 0.556422 -0.20024 1.98407 
v 0.63821 -0.233765 1.98651 
v 0.527875 -0.421587 2.37782 
v 0.407608 -0.315098 2.40545 
v 0.44558 -0.389225 2.37701 
v 0.508293 -0.513325 2.58185 
v 0.428218 -0.493438 2.61396 
v 0.390589 -0.421233 2.64748 
v 0.581861 -0.513573 2.80855 
v 0.642659 -0.528565 2.74578 
v 0.893696 -0.478602 3.0517 
v 0.970296 -0.488153 3.00821 
v 0.837645 -0.412092 3.06568 
v 0.546103 -0.441843 2.84505 
v 0.556344 -0.355382 2.83387 
v 0.83499 -0.327568 3.04194 
v 0.417469 -0.338996 2.66276 
v 0.606569 -0.30483 2.78158 
v 0.887266 -0.27454 2.99441 
v 0.49309 -0.294893 2.65087 
v 0.667367 -0.319823 2.71881 
v 0.963866 -0.284091 2.95093 
v 0.703125 -0.391552 2.68232 
v 1.01992 -0.350602 2.93695 
v 1.02257 -0.435125 2.96068 
v 0.610793 -0.386984 2.58525 
v 0.583913 -0.469221 2.56996 
v 0.508293 -0.513325 2.58185 
v 0.642659 -0.528565 2.74578 
v 0.692884 -0.478014 2.69349 
v 0.970296 -0.488153 3.00821 
v 1.12981 -3.49573 0.971898 
v 1.78006 -3.77226 1.34256 
v 1.50452 -4.05554 1.15193 
v 1.40534 -3.21246 1.16252 
v 0.820844 -3.72363 0.758151 
v 1.19556 -4.28344 0.938184 
v 2.32184 0.64398 0.862829 
v 2.1311 0.762369 1.56096 
v 2.01539 0.64398 1.50537 
v 2.43755 0.762369 0.918424 
v 2.91635 -1.15452 0.144255 
v 2.67783 -0.547924 0.128652 
v 2.78054 -1.18411 0.126106 
v 2.81365 -0.518332 0.146802 
v 2.64529 0.0861291 0.150975 
v 3.01309 -0.462956 0.110013 
v 2.84473 0.141505 0.114187 
v 0.96478 -1.12166 -2.6579 
v 0.935472 -0.485473 -2.55909 
v 0.908091 -0.518331 -2.35247 
v 0.937398 -1.15452 -2.45128 
v 0.891318 -1.75359 -2.36722 
v 0.947248 -1.80676 -2.48449 
v 0.881468 -1.10135 -2.33401 
v 0.35868 -3.80952 -0.3509 
v 0.125643 -4.45035 -0.656556 
v 0.0898988 -3.80952 -0.386818 
v 0.394426 -4.45035 -0.620638 
v 0.958694 -2.97829 2.47134 
v 0.804821 -2.99242 1.83151 
v 0.883574 -3.35645 2.26108 
v 0.881294 -2.62052 2.04915 
v 2.66629 -1.18411 0.988217 
v 2.8352 -1.80676 1.01626 
v 2.69939 -1.83636 0.998108 
v 2.80211 -1.15452 1.00637 
v 0.901779 -3.44059 2.36038 
v 0.709767 -3.32409 1.561 
v 0.806725 -3.77226 2.08987 
v 0.804821 -2.99242 1.83151 
v 0.695432 -4.05554 1.77313 
v 0.598474 -3.60736 1.24427 
v 1.85158 -1.80676 2.44831 
v 2.58302 -1.82023 1.93138 
v 2.45641 -1.80676 1.81048 
v 1.97819 -1.82023 2.56922 
v 1.38059 -0.780825 -1.4032 
v 0.908091 -0.518331 -2.35247 
v 0.627842 -0.780825 -1.76486 
v 1.66084 -0.518331 -1.99081 
v 0.0797875 -3.6426 -0.794717 
v 0.115532 -4.28344 -1.06446 
v 0.474666 -3.6426 -0.741949 
v 0.510412 -4.28344 -1.01169 
v 0.864271 -0.219043 1.95629 
v 0.920281 -0.823504 2.11569 
v 1.03426 -0.518331 2.73741 
v 0.978251 0.0861292 2.57802 
v 0.787798 0.338807 1.73866 
v 0.90178 0.64398 2.36038 
v 0.806726 1.14149 2.08987 
v 0.692746 0.836313 1.46814 
v 1.19556 -4.28344 0.938184 
v 1.42867 -4.44365 0.606995 
v 1.36753 -4.28344 0.577616 
v 1.25671 -4.44365 0.967562 
v 2.11452 -1.44866 1.31921 
v 1.91084 -1.39029 1.95684 
v 1.87672 -1.4711 1.95151 
v 2.07539 -1.52614 1.33329 
v 1.99289 -1.55697 1.3251 
v 1.79521 -1.50409 1.94216 
v 1.809 -1.52011 2.13555 
v 1.88737 -1.48226 2.12006 
v 1.98397 -1.68823 2.3228 
v 1.87755 -1.309 1.95503 
v 2.08732 -1.3699 1.2911 
v 2.00977 -1.33598 1.26543 
v 1.79638 -1.27482 1.94714 
v 1.92727 -1.3668 1.25725 
v 1.92306 -1.40388 2.13781 
v 1.89514 -1.3309 2.17842 
v 2.10493 -1.58029 2.33941 
v 2.08686 -1.51913 2.40049 
v 2.27659 -1.99487 2.88215 
v 2.0623 -1.65033 2.30724 
v 2.14288 -2.07322 2.83059 
v 2.2283 -2.05027 2.83316 
v 2.25946 -1.93947 2.94887 
v 2.0187 -1.50266 2.45469 
v 2.18695 -1.91651 2.99425 
v 2.10153 -1.93946 2.99168 
v 1.81999 -1.30605 2.21808 
v 1.94037 -1.54056 2.47025 
v 1.74162 -1.3439 2.23356 
v 1.71487 -1.30781 1.93779 
v 1.70593 -1.42227 2.21581 
v 1.89774 -1.61061 2.43807 
v 2.05323 -1.99487 2.94269 
v 2.07037 -2.05027 2.87596 
v 1.68075 -1.38862 1.93246 
v 1.88815 -1.44428 1.27133 
v 1.91534 -1.52305 1.29943 
v 1.73385 -1.49526 2.17521 
v 1.71404 -1.46991 1.93427 
v 1.79521 -1.50409 1.94216 
v 1.99289 -1.55697 1.3251 
v 1.809 -1.52011 2.13555 
v 1.91581 -1.67177 2.37699 
v 1.98397 -1.68823 2.3228 
v 2.14288 -2.07322 2.83059 
v 0.231235 -0.496976 2.87879 
v 0.920281 -0.823504 2.11569 
v 0.0998406 -0.821665 2.26273 
v 1.03426 -0.518331 2.73741 
v 2.30592 0.20651 -1.4945 
v 1.56526 0.0861292 -1.85167 
v 1.73951 0.20651 -2.03542 
v 2.13167 0.0861291 -1.31075 
v -1.13521 -3.94355 -0.69014 
v -1.48567 -3.77226 -0.916758 
v -1.21013 -4.05554 -0.726132 
v -1.41075 -3.66028 -0.880765 
v -0.901165 -4.28344 -0.512385 
v -1.2369 -4.11459 -0.7517 
v -0.927937 -4.34249 -0.537952 
v -0.56639 -4.45035 -0.280779 
v -0.826252 -4.17145 -0.476392 
v -0.491477 -4.33837 -0.244786 
v 2.38413 0.729568 -0.596739 
v 1.94906 0.64398 -1.17054 
v 2.04622 0.729568 -1.2233 
v 2.28697 0.64398 -0.543979 
v 0.692746 0.836313 1.46814 
v 0.695433 1.5664 1.77314 
v 0.581453 1.26122 1.15141 
v 0.806726 1.14149 2.08987 
v 1.41604 0.422159 1.2174 
v 2.20472 0.0861291 1.63635 
v 1.60537 -0.135692 1.34839 
v 2.01539 0.64398 1.50537 
v 2.34339 -0.518331 1.73228 
v 1.74404 -0.740153 1.44432 
v -1.44512 0.206511 2.46122 
v -1.83727 0.0861297 1.73655 
v -1.27087 0.0861297 2.27746 
v -2.01152 0.206511 1.9203 
v -1.717 -3.71769 -0.337621 
v -1.79179 -3.72154 0.254017 
v -1.8353 -3.77226 0.262042 
v -1.75351 -3.77226 -0.35516 
v -1.05798 -3.77226 -1.36778 
v -0.65695 -3.49562 -0.734522 
v -0.854616 -4.05554 -1.10104 
v -0.86032 -3.21234 -1.00126 
v -0.428913 -3.72352 -0.435436 
v -0.626578 -4.28344 -0.801957 
v -0.379487 -4.45035 -0.477881 
v -0.181822 -3.89043 -0.11136 
v 0.231235 -0.496976 2.87879 
v 0.0998406 -0.821665 2.26273 
v 0.2017 -0.563326 2.75291 
v -1.23168 -3.44059 -1.59559 
v -0.86032 -3.21234 -1.00126 
v -1.05798 -3.77226 -1.36778 
v -1.03401 -2.88067 -1.22907 
v -1.15666 1.32872 -1.55074 
v -0.512332 1.14149 -1.66407 
v -1.05798 1.14149 -1.36778 
v -0.611003 1.32872 -1.84703 
v -1.94207 -3.20543 1.79345 
v -1.75946 -3.57733 1.65324 
v -1.65467 -3.44059 1.59634 
v -1.83728 -3.06869 1.73655 
v -1.97102 -2.66572 1.83923 
v -1.74783 -3.01601 1.64222 
v -1.88157 -2.61304 1.74491 
v -1.42769 -3.77226 1.42207 
v -1.56522 -3.38791 1.50201 
v -1.33824 -3.71959 1.32774 
v -1.16193 -4.05554 1.21803 
v -1.53248 -3.909 1.47897 
v -1.26672 -4.19227 1.27493 
v -1.75946 -3.57733 1.65324 
v -1.53248 -3.909 1.47897 
v -1.42769 -3.77226 1.42207 
v -1.65467 -3.44059 1.59634 
v -1.83728 -3.06869 1.73655 
v -1.56522 -3.38791 1.50201 
v -1.74783 -3.01601 1.64222 
v 0.390523 -0.110913 2.00055 
v 0.2411 -0.138081 1.24241 
v 0.27531 -0.0571476 1.24157 
v 0.24176 0.0240571 1.2424 
v 0.274214 -0.224869 2.00496 
v 0.159193 -0.171344 1.24444 
v 0.355651 -0.191473 1.99647 
v 0.350768 -0.372315 2.66021 
v 0.433056 -0.348783 2.68276 
v 0.29633 -0.469268 2.81885 
v 0.358379 -0.0303702 2.01481 
v 0.469334 -0.278926 2.72234 
v 0.369547 -0.458132 2.86753 
v 0.223241 -0.508867 3.03779 
v 0.162805 -0.510449 2.97287 
v 0.402197 -0.393235 2.91757 
v 0.110751 -0.632656 3.11948 
v 0.0589712 -0.623669 3.04797 
v 0.243981 -0.452871 3.10296 
v -0.0069169 -0.899629 3.03383 
v 0.0418859 -0.917053 3.10585 
v -0.0466864 -1.14722 2.99022 
v 0.000698447 -1.17172 3.06107 
v 0.0257151 -0.922747 3.19302 
v -0.418525 1.14149 2.12024 
v -1.02931 1.26958 1.95853 
v -0.978187 1.14149 1.85135 
v -0.469643 1.26958 2.22742 
v -1.717 -3.71769 -0.337621 
v -1.35786 -3.94355 -0.22331 
v -1.39614 -3.99648 -0.254407 
v -1.6786 -3.66028 -0.319168 
v -1.85625 1.2351 -0.36889 
v -1.8353 1.14149 0.262043 
v -1.93804 1.2351 0.248313 
v -1.75351 1.14149 -0.355161 
v 0.787799 0.338807 1.73866 
v 0.0896418 0.338808 1.86744 
v 0.31863 -0.259562 1.14801 
v 0.0898988 -3.80952 -0.386818 
v 0.125643 -4.45035 -0.656556 
v 0.0797875 -3.6426 -0.794717 
v 0.115532 -4.28344 -1.06446 
v -0.565654 0.0861296 2.61629 
v -0.672057 -0.481414 2.90063 
v -0.613697 -0.518331 2.77826 
v -0.624013 0.123047 2.73865 
v -0.643004 -1.15452 2.87707 
v -0.596207 -0.563325 2.64628 
v -0.625514 -1.19951 2.7451 
v -0.548164 0.041135 2.48431 
v -0.500057 0.64398 2.39513 
v -0.482568 0.598986 2.26315 
v 2.0479 -3.77226 0.780959 
v 1.35245 -3.49573 0.505068 
v 1.72717 -4.05554 0.685101 
v 1.67319 -3.21246 0.600926 
v 1.36753 -4.28344 0.577616 
v 0.992811 -3.72363 0.397583 
v 2.45641 -1.80676 1.81048 
v 2.32694 -1.16898 1.69431 
v 2.35537 -1.82123 1.71398 
v 2.42798 -1.15452 1.79081 
v 2.42798 -1.15452 1.79081 
v 2.34339 -0.518331 1.73228 
v 2.32694 -1.16898 1.69431 
v 0.0952673 2.08471 -1.175 
v -0.276246 1.90825 -0.992189 
v -0.296513 2.08471 -1.10273 
v 0.115533 1.90825 -1.06446 
v -1.54164 -2.91486 0.886598 
v -2.12102 -3.44059 0.269125 
v -1.67009 -2.91486 0.185946 
v -1.99257 -3.44059 0.969777 
v 1.33969 1.28191 -1.56627 
v 0.712919 1.14149 -1.69444 
v 0.780032 1.28191 -1.83516 
v 1.27258 1.14149 -1.42555 
v -0.212631 -1.33802 3.01254 
v -0.138723 -1.371 3.09922 
v -0.197261 -1.35895 3.09466 
v -0.227869 -1.34529 3.05876 
v -0.160457 -1.3414 2.9831 
v -0.0865485 -1.37439 3.06978 
v -0.101918 -1.35346 2.98766 
v -0.0713107 -1.36712 3.02357 
v -1.95459 0.781517 -1.14938 
v -2.02744 0.643981 -0.437031 
v -2.26103 0.781517 -0.506843 
v -1.721 0.643981 -1.07957 
v -2.35461 0.781517 0.199313 
v -2.26103 0.781517 -0.506843 
v -2.02744 0.643981 -0.437031 
v -2.12102 0.643981 0.269126 
v 0.203621 -3.44059 2.48916 
v 0.106663 -2.99242 1.96029 
v 0.20934 -3.06869 2.71985 
v 0.112382 -2.62052 2.19098 
v 0.519063 -0.119734 1.51499 
v 0.568778 -0.36899 1.06537 
v 0.606368 -0.290496 1.05292 
v 0.485589 -0.398043 1.0731 
v 0.435967 -0.149305 1.52163 
v 0.557192 -0.0485036 1.47994 
v 0.576315 -0.20853 1.04305 
v 0.497115 -0.0229183 1.7185 
v 0.413798 -0.0465713 1.73665 
v 0.822315 0.524613 2.53998 
v 0.748177 0.520445 2.58836 
v 0.8471 0.567624 2.46664 
v 0.535296 0.0469118 1.68072 
v 0.807991 0.624291 2.41129 
v 0.505952 0.122024 1.64545 
v 0.727919 0.661422 2.40635 
v 0.527995 0.0226679 1.437 
v 0.426295 0.158424 1.63334 
v 0.448599 0.0520984 1.41133 
v 0.496248 -0.171099 1.04152 
v 0.413059 -0.200151 1.04925 
v 0.365502 0.0225268 1.41797 
v 0.342978 0.134771 1.6515 
v 0.653781 0.657254 2.45473 
v 0.327373 -0.0487033 1.45302 
v 0.375469 -0.278646 1.0617 
v 0.304797 0.0649412 1.68928 
v 0.628996 0.614244 2.52807 
v 0.356571 -0.119875 1.49596 
v 0.405522 -0.360612 1.07158 
v 0.485589 -0.398043 1.0731 
v 0.435967 -0.149305 1.52163 
v 0.334141 -0.0101704 1.72455 
v 0.668105 0.557576 2.58341 
v 0.413798 -0.0465713 1.73665 
v 0.748177 0.520445 2.58836 
v 0.216083 -1.15452 2.99188 
v -0.625514 -1.19951 2.7451 
v -0.643004 -1.15452 2.87707 
v 0.233573 -1.19951 2.8599 
v 1.72249 0.422159 0.574868 
v 1.94287 -0.135692 0.640735 
v 2.5059 0.0933558 0.958345 
v 2.32184 0.64398 0.862829 
v -1.38437 -3.24653 0.178863 
v -2.12102 -3.44059 0.269125 
v -1.8353 -3.77226 0.262042 
v -1.67009 -2.91486 0.185946 
v -0.978187 1.14149 1.85135 
v -1.53485 1.28191 1.53508 
v -1.42769 1.14149 1.42207 
v -1.08535 1.28191 1.96436 
v 0.550705 2.0553 -1.09617 
v 0.91003 2.0553 -0.92353 
v 0.869739 1.90825 -0.83905 
v 0.510413 1.90825 -1.01169 
v 2.59737 -0.557664 0.925878 
v 1.94287 -0.135692 0.640735 
v 2.10429 -0.740153 0.688977 
v 2.40272 0.0513826 0.900143 
v -1.06002 -4.20692 0.232346 
v -0.674712 -3.75771 0.161272 
v -1.04983 -3.52981 0.17057 
v -1.46413 -3.99648 0.258645 
v -1.38437 -3.24653 0.178863 
v -1.79179 -3.72154 0.254017 
v 1.72208 -3.77226 -0.996273 
v 1.09099 -3.49573 -0.593853 
v 1.45633 -4.05554 -0.79223 
v 1.35675 -3.21246 -0.797896 
v 0.793001 -3.72363 -0.36506 
v 1.15834 -4.28344 -0.563437 
v 0.0995556 -3.32409 1.67356 
v 0.182859 -3.34462 2.37591 
v 0.209665 -3.67459 2.10319 
v 0.106663 -2.99242 1.96029 
v 0.166942 -3.95731 1.75079 
v 0.0912348 -3.60736 1.33783 
v 0.0825344 0.836313 1.5807 
v 0.0742123 1.26122 1.24498 
v 0.188192 1.5664 1.8667 
v 0.196514 1.14149 2.20243 
v 2.01576 1.07294 0.1703 
v 2.1297 1.14149 0.163756 
v 1.5864 0.713544 0.263973 
v 2.34339 -0.518331 1.73228 
v 1.76816 -0.518331 2.3389 
v 1.66712 -0.532798 2.24241 
v 2.95087 -1.80676 0.1434 
v 2.78054 -1.18411 0.126106 
v 2.81505 -1.83636 0.125251 
v 2.91635 -1.15452 0.144255 
v -1.35489 -1.75409 2.43569 
v -2.08003 -1.80676 1.92293 
v -1.99058 -1.75409 1.8286 
v -1.44434 -1.80676 2.53001 
v 1.75054 -1.82123 2.35182 
v 2.45641 -1.80676 1.81048 
v 2.35537 -1.82123 1.71398 
v 1.85158 -1.80676 2.44831 
v -1.0365 -4.22438 -0.146922 
v -1.35786 -3.94355 -0.22331 
v -0.998219 -4.17145 -0.115824 
v -1.39614 -3.99648 -0.254407 
v 0.0896421 0.338808 1.86744 
v 0.22683 0.0411349 2.58787 
v 0.0953591 -0.219043 2.09813 
v 0.2017 -0.563326 2.75291 
v 0.0998406 -0.821665 2.26273 
v 0.221112 0.598986 2.35718 
v 0.176263 1.08726 2.09196 
v 0.0825344 0.836313 1.5807 
v -0.646812 -4.3913 -0.0304567 
v -0.719187 -4.45035 0.234376 
v -0.682555 -4.3913 0.239271 
v -0.683443 -4.45035 -0.0353517 
v 1.15854 1.13845 -0.236789 
v 1.34796 1.90825 -0.211834 
v 0.804665 1.48031 -0.111617 
v 1.70183 1.5664 -0.337006 
v 2.01742 1.14149 -0.448637 
v 1.47413 0.713544 -0.34842 
v 2.28697 0.64398 -0.543979 
v 1.74367 0.216039 -0.443763 
v 0.131388 1.76987 -1.63097 
v 0.642643 1.76987 -1.56265 
v 0.617455 1.5664 -1.37259 
v 0.106201 1.5664 -1.4409 
v -0.646812 -4.3913 -0.0304567 
v -0.998219 -4.17145 -0.115824 
v -0.608528 -4.33837 0.00064091 
v -1.0365 -4.22438 -0.146922 
v -0.0904297 -1.18432 3.1968 
v -0.141353 -1.16031 3.13122 
v -0.101421 -1.16935 3.13807 
v -0.175572 -1.16504 3.18219 
v -0.0174105 -1.18709 3.14664 
v -0.222957 -1.14054 3.11134 
v -0.0671751 -1.17065 3.11455 
v -0.163576 -1.14882 3.09799 
v -0.058682 -1.16344 3.07442 
v 0.000698447 -1.17172 3.06107 
v -0.0809056 -1.15195 3.04119 
v -0.0466864 -1.14722 2.99022 
v -0.204848 -1.12517 3.02577 
v -0.155083 -1.14161 3.05786 
v -0.120837 -1.14291 3.03434 
v -0.131829 -1.12794 2.97561 
v -0.0809056 -1.15195 3.04119 
v -0.0466864 -1.14722 2.99022 
v -0.482568 0.598986 2.26315 
v -0.401035 1.09649 1.98826 
v -0.418525 1.14149 2.12024 
v -0.500057 0.64398 2.39513 
v 0.579799 -0.176364 -1.60288 
v 0.627842 -0.780825 -1.76486 
v 0.908091 -0.518331 -2.35247 
v 0.860048 0.0861292 -2.19049 
v 0.514203 0.381486 -1.38172 
v 0.659641 1.09158 -1.58273 
v 0.432669 0.878992 -1.10683 
v 0.734589 0.58379 -1.84937 
v 0.801721 0.0314978 -2.06819 
v 0.579799 -0.176364 -1.60288 
v 0.937398 -2.24159 -2.45128 
v 0.852161 -2.61255 -2.2352 
v 0.90809 -2.66572 -2.35247 
v 0.881469 -2.18842 -2.33401 
v 0.90809 -2.66572 -2.35247 
v 0.804118 -3.01552 -2.07322 
v 0.860047 -3.06869 -2.19049 
v 0.852161 -2.61255 -2.2352 
v -0.67828 2.14353 1.3734 
v -0.966878 2.14353 1.09779 
v -0.863943 1.90825 0.989237 
v -0.575343 1.90825 1.26485 
v 0.794451 -3.44059 -1.96933 
v 0.860047 -3.06869 -2.19049 
v 0.804118 -3.01552 -2.07322 
v 0.738522 -3.38742 -1.85206 
v 0.883574 -3.35645 2.26108 
v 1.52607 -3.44059 2.02139 
v 1.4643 -3.38795 1.90684 
v 0.901779 -3.44059 2.36038 
v -1.88157 -2.61304 1.74491 
v -1.96316 -2.18892 1.80755 
v -2.05261 -2.24159 1.90187 
v -1.97102 -2.66572 1.83923 
v 0.219127 1.78675 2.03544 
v 0.695433 1.5664 1.77314 
v 0.726367 1.78675 1.94187 
v 0.188192 1.5664 1.8667 
v -1.96316 -2.18892 1.80755 
v -1.99058 -1.75409 1.8286 
v -2.08003 -1.80676 1.92293 
v -2.05261 -2.24159 1.90187 
v 0.712919 -3.77226 -1.69444 
v 0.794451 -3.44059 -1.96933 
v 0.738522 -3.38742 -1.85206 
v 0.656989 -3.71909 -1.57717 
v 0.982623 -3.72363 -0.0134557 
v 1.34796 -4.28344 -0.211833 
v 0.793001 -3.72363 -0.36506 
v 1.15834 -4.28344 -0.563437 
v 1.40171 1.2351 1.88506 
v 0.856061 1.2351 2.18135 
v 0.806726 1.14149 2.08987 
v 1.35238 1.14149 1.79358 
v 0.656989 -3.71909 -1.57717 
v 0.561524 -4.00236 -1.25531 
v 0.617454 -4.05554 -1.37258 
v 0.712919 -3.77226 -1.69444 
v -0.602631 -3.75771 0.554452 
v -0.674712 -3.75771 0.161272 
v -1.12565 -4.28344 0.244452 
v -1.05356 -4.28344 0.637632 
v 2.64529 0.0861291 0.150975 
v 2.40272 0.0513826 0.900143 
v 2.50947 0.0565363 0.132826 
v 2.5059 0.0933558 0.958345 
v -1.64608 -3.32861 -1.04357 
v -1.95253 -3.32861 -0.401038 
v -2.02745 -3.44059 -0.437031 
v -1.721 -3.44059 -1.07957 
v -1.03401 -2.88067 -1.22907 
v -0.607386 -3.44059 -1.93458 
v -0.409721 -2.88067 -1.56806 
v -1.23168 -3.44059 -1.59559 
v 1.56691 2.14353 0.154255 
v 1.34796 1.90825 -0.211834 
v 1.49483 2.14353 -0.238925 
v 1.42004 1.90825 0.181347 
v 0.0566364 -3.89043 -0.240844 
v -0.141028 -4.45035 -0.607365 
v -0.181822 -3.89043 -0.11136 
v -0.379487 -4.45035 -0.477881 
v 2.304 -3.96642 -0.0883722 
v 2.0711 -3.59755 -0.0859914 
v 1.64197 -3.03751 0.115312 
v 2.04062 -3.61786 -0.00514877 
v 2.22536 -3.9926 -0.0573384 
v 2.1924 -4.01026 0.0231616 
v 2.35298 -4.14982 -0.13292 
v 2.27842 -4.18945 -0.106755 
v 2.2557 -4.24088 -0.0384664 
v 2.37519 -4.21533 -0.205933 
v 2.30695 -4.27124 -0.204739 
v 2.29766 -4.35719 -0.18943 
v 2.30202 -4.31487 -0.34135 
v 2.30917 -4.23672 -0.301565 
v 2.30136 -4.19668 -0.359796 
v 2.28517 -4.24547 -0.431848 
v 2.37648 -4.18414 -0.27926 
v 2.20822 -4.09405 -0.451585 
v 2.24356 -4.08716 -0.370414 
v 2.37093 -4.15142 -0.32945 
v 2.03953 -3.76124 -0.289569 
v 2.08014 -3.76491 -0.210692 
v 1.68532 -3.08273 -0.269639 
v 2.31866 -4.05399 -0.337435 
v 2.45314 -4.1362 -0.358604 
v 2.46455 -4.18794 -0.287514 
v 2.52179 -4.24588 -0.321479 
v 2.4624 -4.22223 -0.192308 
v -0.491477 -4.33837 -0.244786 
v -0.683443 -4.45035 -0.0353517 
v -0.608528 -4.33837 0.00064091 
v -0.56639 -4.45035 -0.280779 
v 2.69939 -1.83636 0.998108 
v 2.95087 -1.80676 0.1434 
v 2.81505 -1.83636 0.125251 
v 2.8352 -1.80676 1.01626 
v -0.0184927 -2.16297 -3.16932 
v 0.0805679 -2.35071 -3.14912 
v -0.00935151 -2.16234 -3.12868 
v 0.0215899 -2.14686 -3.10572 
v 0.0652707 -2.35425 -3.19576 
v 0.127434 -2.32652 -3.12066 
v 0.0904887 -2.33509 -3.23326 
v 0.0562011 -2.1256 -3.11389 
v -0.000488989 -2.14839 -3.20385 
v 0.178408 -2.29588 -3.12705 
v 0.141462 -2.30444 -3.23965 
v 0.203626 -2.27671 -3.16455 
v 0.0341224 -2.12713 -3.21202 
v 0.0742051 -2.11102 -3.14842 
v 0.0650638 -2.11165 -3.18906 
v 0.188328 -2.28026 -3.2112 
v 0.820844 -3.72363 0.758151 
v 1.36753 -4.28344 0.577616 
v 0.992811 -3.72363 0.397583 
v 1.19556 -4.28344 0.938184 
v 0.166942 -3.95731 1.75079 
v -0.323061 -4.05554 1.79838 
v 0.188191 -4.05554 1.8667 
v -0.309911 -3.95786 1.69914 
v -1.40734 -0.50476 -1.78993 
v -0.739868 -0.518331 -2.31162 
v -0.673438 -0.50476 -2.18844 
v -1.47377 -0.518331 -1.91311 
v -0.673438 -0.50476 -2.18844 
v -0.739868 -0.518331 -2.31162 
v 0.0808644 -0.518331 -2.46301 
v 0.695432 -4.05554 1.77313 
v 0.0912348 -3.60736 1.33783 
v 0.188191 -4.05554 1.8667 
v 0.598474 -3.60736 1.24427 
v 1.70613 1.46622 0.177975 
v 1.72717 1.5664 0.685101 
v 1.61708 1.48154 0.67039 
v 1.79516 1.5664 0.172049 
v 0.937398 -1.15452 -2.45128 
v 1.71914 -1.15452 -2.07569 
v 1.66321 -1.10135 -1.95842 
v 0.881468 -1.10135 -2.33401 
v 1.72249 0.422159 0.574868 
v 2.32184 0.64398 0.862829 
v 1.41604 0.422159 1.2174 
v 2.01539 0.64398 1.50537 
v -0.683859 -3.06869 -2.15222 
v -1.37142 -3.06869 -1.77887 
v -1.30499 -3.05512 -1.65569 
v -0.617428 -3.05512 -2.02904 
v 0.659641 1.09158 -1.58273 
v 0.0812177 1.0813 -1.6509 
v 0.0978791 1.14149 -1.77663 
v 0.712919 1.14149 -1.69444 
v -0.88874 -3.71959 1.75702 
v -1.33824 -3.71959 1.32774 
v -1.42769 -3.77226 1.42207 
v -0.978187 -3.77226 1.85135 
v 1.27258 1.14149 -1.42555 
v 0.992331 0.878992 -0.837942 
v 0.712919 1.14149 -1.69444 
v 0.432669 0.878992 -1.10683 
v 0.176263 1.08726 2.09196 
v -0.418525 1.14149 2.12024 
v -0.401035 1.09649 1.98826 
v 0.196514 1.14149 2.20243 
v 0.561524 -4.00236 -1.25531 
v 1.02675 -4.00236 -1.0318 
v 1.08268 -4.05554 -1.14907 
v 0.617454 -4.05554 -1.37258 
v 0.804665 1.48031 -0.111617 
v 1.42004 1.90825 0.181347 
v 0.876746 1.48031 0.281564 
v 1.34796 1.90825 -0.211834 
v 0.0742123 1.26122 1.24498 
v 0.695433 1.5664 1.77314 
v 0.188192 1.5664 1.8667 
v 0.581453 1.26122 1.15141 
v 2.19966 -1.61025 2.13777 
v 2.23733 -1.65732 2.09586 
v 2.2201 -1.73827 2.06622 
v 2.23058 -1.65555 2.06829 
v 2.19491 -1.6891 1.99439 
v 2.25037 -1.61431 1.99441 
v 2.2562 -1.62972 2.08169 
v 2.19966 -1.61025 2.13777 
v 2.30949 -1.58104 2.00739 
v 2.21829 -1.59588 2.1543 
v 2.15886 -1.53265 2.16973 
v 2.11272 -1.47705 2.11892 
v 2.23833 -1.48758 2.18615 
v 2.2693 -1.56732 2.16592 
v 2.29877 -1.60605 2.09188 
v 2.43846 -1.60314 2.14621 
v 2.48793 -1.57715 2.07739 
v 2.40613 -1.56426 2.21896 
v 2.49979 -1.63664 2.18767 
v 2.55508 -1.61363 2.12231 
v 2.47942 -1.60389 2.26752 
v 2.5059 -1.53457 2.3151 
v 2.40988 -1.4833 2.25302 
v 2.44752 -1.40768 2.22844 
v 2.22401 -1.41352 2.1407 
v 2.56372 -1.46929 2.30251 
v 2.23473 -1.38852 2.05621 
v 2.49699 -1.38168 2.15962 
v 2.61902 -1.44628 2.23716 
v 2.63938 -1.47903 2.1573 
v 2.10689 -1.46164 2.03164 
v 2.14481 -1.49547 1.95902 
v 2.00326 -1.61546 2.05323 
v 2.03418 -1.66076 1.98375 
v 2.11356 -1.69127 1.95937 
v 2.19491 -1.6891 1.99439 
v 2.20424 -1.55871 1.94359 
v 2.25037 -1.61431 1.99441 
v 2.30949 -1.58104 2.00739 
v 2.26421 -1.42724 1.98218 
v 2.29517 -1.50698 1.96194 
v 2.48793 -1.57715 2.07739 
v 2.52932 -1.42056 2.08687 
v 2.52557 -1.50152 2.05281 
v 2.55508 -1.61363 2.12231 
v 2.61291 -1.54835 2.10973 
v 2.19464 -2.02085 2.87525 
v 2.19084 -2.1882 3.00872 
v 2.15458 -2.03162 2.87404 
v 2.24951 -2.17615 3.00632 
v 2.13896 -2.17615 3.03629 
v 2.28059 -2.14707 3.03049 
v 2.12057 -2.02085 2.89532 
v 2.21729 -1.99487 2.89822 
v 2.20925 -1.96888 2.92952 
v 2.26587 -2.11798 3.06707 
v 2.11253 -1.99487 2.92661 
v 2.17525 -1.95812 2.9508 
v 2.12424 -2.14707 3.07287 
v 2.21398 -2.10593 3.09464 
v 2.15532 -2.11798 3.09704 
v 2.13519 -1.96888 2.94959 
v 2.76715 -1.61333 2.26144 
v 2.58736 -1.49682 2.22402 
v 2.75236 -1.59933 2.30619 
v 2.71343 -1.61914 2.34732 
v 2.59691 -1.51218 2.18657 
v 2.56143 -1.50761 2.25467 
v 2.5845 -1.54469 2.16425 
v 2.67318 -1.66114 2.36074 
v 2.74915 -1.65292 2.23928 
v 2.53431 -1.53823 2.26057 
v 2.7089 -1.69491 2.25271 
v 2.52189 -1.57074 2.23826 
v 2.55738 -1.57531 2.17016 
v 2.65518 -1.70073 2.33859 
v 2.66997 -1.71472 2.29384 
v 2.53144 -1.5861 2.20081 
v 1.06748 -0.39284 3.17514 
v 0.948251 -0.431439 3.00455 
v 1.09974 -0.367756 3.1481 
v 1.01566 -0.38117 3.20299 
v 0.972769 -0.406569 2.98226 
v 0.912326 -0.426959 3.02494 
v 0.971524 -0.366927 2.97113 
v 1.09354 -0.320625 3.13772 
v 1.0525 -0.279052 3.15009 
v 0.974628 -0.339597 3.21536 
v 0.945235 -0.335734 2.97768 
v 0.886038 -0.395766 3.0315 
v 1.00068 -0.267383 3.17795 
v 0.90931 -0.331254 2.99808 
v 0.884793 -0.356124 3.02037 
v 0.968428 -0.292466 3.20498 
v 0.698527 0.622038 2.47736 
v 0.748066 0.787505 2.59736 
v 0.733297 0.623993 2.45467 
v 0.686902 0.601866 2.51176 
v 0.800482 0.786809 2.56816 
v 0.729463 0.766119 2.63743 
v 0.770851 0.606578 2.45699 
v 0.755586 0.735174 2.66492 
v 0.856013 0.764431 2.56695 
v 0.705244 0.575289 2.53772 
v 0.882136 0.733485 2.59443 
v 0.811118 0.712795 2.66371 
v 0.789193 0.580001 2.48295 
v 0.742798 0.557875 2.54003 
v 0.777569 0.55983 2.51734 
v 0.863533 0.7121 2.63451 
v -0.660533 -2.20789 -3.23709 
v -0.599953 -2.0333 -3.12993 
v -0.601381 -2.06051 -3.0987 
v -0.653762 -2.17755 -3.27496 
v -0.7047 -2.21949 -3.19813 
v -0.688369 -2.14624 -3.28956 
v -0.629685 -2.07114 -3.07018 
v -0.626248 -2.00544 -3.14557 
v -0.668293 -2.05894 -3.06107 
v -0.760401 -2.20554 -3.18092 
v -0.664855 -1.99325 -3.13647 
v -0.744069 -2.1323 -3.27234 
v -0.788237 -2.1439 -3.23339 
v -0.795008 -2.17424 -3.19552 
v -0.693159 -2.00387 -3.10794 
v -0.694588 -2.03108 -3.07671 

vn -0.480315 0.850394 -0.228346 
vn -0.551181 0.787402 -0.259843 
vn -0.480315 0.850394 -0.228346 
vn -0.551181 0.787402 -0.259843 
vn -0.0944882 0.850394 -0.519685 
vn -0.0944882 0.850394 -0.519685 
vn -0.0944882 0.850394 -0.519685 
vn -0.0944882 0.850394 -0.519685 
vn -0.440945 0.787402 -0.417323 
vn -0.440945 0.787402 -0.417323 
vn -0.385827 0.850394 -0.362205 
vn -0.385827 0.850394 -0.362205 
vn -0.354331 0.677165 -0.645669 
vn -0.354331 0.677165 -0.645669 
vn -0.322835 0.732283 -0.598425 
vn -0.322835 0.732283 -0.598425 
vn -0.362205 0.850394 0.385827 
vn -0.362205 0.850394 0.385827 
vn -0.362205 0.850394 0.385827 
vn -0.362205 0.850394 0.385827 
vn -0.598425 0.787402 0.110236 
vn -0.519685 0.850394 0.0944882 
vn -0.598425 0.787402 0.110236 
vn -0.519685 0.850394 0.0944882 
vn 0.228346 0.850394 -0.472441 
vn 0.228346 0.850394 -0.472441 
vn 0.228346 0.850394 -0.472441 
vn 0.228346 0.850394 -0.472441 
vn 0.0866142 0.740157 -0.669291 
vn 0.0866142 0.740157 -0.669291 
vn 0.0866142 0.740157 -0.669291 
vn 0.0866142 0.740157 -0.669291 
vn -0.551181 0.787402 -0.259843 
vn -0.669291 0.669291 -0.314961 
vn -0.669291 0.669291 -0.314961 
vn -0.551181 0.787402 -0.259843 
vn -0.440945 0.787402 -0.417323 
vn -0.535433 0.677165 -0.511811 
vn -0.535433 0.677165 -0.511811 
vn -0.440945 0.787402 -0.417323 
vn 0.519685 0.850394 -0.0944882 
vn 0.519685 0.850394 -0.0944882 
vn 0.519685 0.850394 -0.0944882 
vn 0.519685 0.850394 -0.0944882 
vn -0.251969 0.850394 -0.464567 
vn -0.251969 0.850394 -0.464567 
vn -0.251969 0.850394 -0.464567 
vn -0.251969 0.850394 -0.464567 
vn -0.80315 -0.598425 0.015748 
vn 0 -1 0 
vn -0.755906 -0.598425 0.267717 
vn -0.771654 -0.598425 -0.228346 
vn 0 -1 0 
vn 0 -1 0 
vn -0.637795 -0.598425 0.488189 
vn -0.661417 -0.598425 -0.456693 
vn 0 -1 0 
vn -0.488189 -0.598425 -0.637795 
vn 0 -1 0 
vn 0 -1 0 
vn -0.456693 -0.598425 0.661417 
vn -0.267717 -0.598425 -0.755906 
vn 0 -1 0 
vn -0.023622 -0.598425 -0.80315 
vn 0 -1 0 
vn 0 -1 0 
vn -0.228346 -0.598425 0.771654 
vn 0.228346 -0.598425 -0.771654 
vn 0 -1 0 
vn 0.456693 -0.598425 -0.661417 
vn 0 -1 0 
vn 0 -1 0 
vn 0.015748 -0.598425 0.80315 
vn 0.637795 -0.598425 -0.488189 
vn 0 -1 0 
vn 0.755906 -0.598425 -0.267717 
vn 0 -1 0 
vn 0.80315 -0.598425 -0.023622 
vn 0 -1 0 
vn 0 -1 0 
vn 0.267717 -0.598425 0.755906 
vn 0 -1 0 
vn 0.488189 -0.598425 0.637795 
vn 0 -1 0 
vn 0.661417 -0.598425 0.456693 
vn 0 -1 0 
vn 0.771654 -0.598425 0.228346 
vn 0 -1 0 
vn 0.80315 -0.598425 -0.023622 
vn -0.377953 0.614173 -0.692913 
vn -0.354331 0.677165 -0.645669 
vn -0.354331 0.677165 -0.645669 
vn -0.377953 0.614173 -0.692913 
vn -0.527559 0.850394 -0.0708661 
vn -0.527559 0.850394 -0.0708661 
vn -0.527559 0.850394 -0.0708661 
vn -0.527559 0.850394 -0.0708661 
vn 0.0944882 0.850394 0.519685 
vn 0.110236 0.795276 0.598425 
vn 0.110236 0.795276 0.598425 
vn 0.0944882 0.850394 0.519685 
vn 0.0708661 0.850394 -0.519685 
vn 0.0708661 0.850394 -0.519685 
vn 0.0708661 0.850394 -0.519685 
vn 0.0708661 0.850394 -0.519685 
vn -0.669291 0.732283 -0.0866142 
vn -0.732283 0.669291 -0.0944882 
vn -0.669291 0.732283 -0.0866142 
vn -0.732283 0.669291 -0.0944882 
vn 0.322835 0.677165 -0.669291 
vn 0.291339 0.732283 -0.606299 
vn 0.291339 0.732283 -0.606299 
vn 0.322835 0.677165 -0.669291 
vn -0.267717 0.795276 0.551181 
vn -0.228346 0.850394 0.472441 
vn -0.228346 0.850394 0.472441 
vn -0.267717 0.795276 0.551181 
vn -0.724409 0.669291 0.133858 
vn -0.598425 0.787402 0.110236 
vn -0.724409 0.669291 0.133858 
vn -0.598425 0.787402 0.110236 
vn -0.669291 0.669291 -0.314961 
vn -0.716535 0.614173 -0.338583 
vn -0.669291 0.669291 -0.314961 
vn -0.716535 0.614173 -0.338583 
vn -0.535433 0.677165 -0.511811 
vn -0.535433 0.677165 -0.511811 
vn -0.606299 0.551181 -0.574803 
vn -0.606299 0.551181 -0.574803 
vn -0.464567 0.850394 0.251969 
vn -0.535433 0.787402 0.291339 
vn -0.535433 0.787402 0.291339 
vn -0.464567 0.850394 0.251969 
vn 0.417323 0.850394 -0.314961 
vn 0.425197 0.787402 -0.440945 
vn 0.362205 0.850394 -0.385827 
vn 0.440945 0.811024 -0.385827 
vn -0.80315 -0.582677 -0.110236 
vn -0.755906 -0.645669 -0.102362 
vn -0.755906 -0.645669 -0.102362 
vn -0.80315 -0.582677 -0.110236 
vn -0.787402 0.496063 -0.377953 
vn -0.834646 0.496063 -0.244094 
vn -0.834646 0.496063 -0.244094 
vn -0.787402 0.496063 -0.377953 
vn 0.551181 0.787402 0.259843 
vn 0.480315 0.850394 0.228346 
vn 0.480315 0.850394 0.228346 
vn 0.551181 0.787402 0.259843 
vn -0.125984 0.740157 -0.661417 
vn -0.125984 0.740157 -0.661417 
vn -0.125984 0.740157 -0.661417 
vn -0.125984 0.740157 -0.661417 
vn -0.511811 0.677165 0.535433 
vn -0.464567 0.732283 0.488189 
vn -0.464567 0.732283 0.488189 
vn -0.511811 0.677165 0.535433 
vn -0.88189 -0.448819 -0.11811 
vn -0.80315 -0.582677 -0.110236 
vn -0.80315 -0.582677 -0.110236 
vn -0.88189 -0.448819 -0.11811 
vn -0.149606 0.551181 -0.818898 
vn -0.141732 0.614173 -0.771654 
vn -0.141732 0.614173 -0.771654 
vn -0.149606 0.551181 -0.818898 
vn -0.551181 -0.645669 -0.527559 
vn -0.551181 -0.645669 -0.527559 
vn -0.590551 -0.582677 -0.559055 
vn -0.590551 -0.582677 -0.559055 
vn -0.149606 -0.582677 -0.795276 
vn -0.141732 -0.645669 -0.748031 
vn -0.149606 -0.582677 -0.795276 
vn -0.141732 -0.645669 -0.748031 
vn -0.834646 0.496063 -0.244094 
vn -0.866142 0.496063 -0.110236 
vn -0.866142 0.496063 -0.110236 
vn -0.834646 0.496063 -0.244094 
vn -0.732283 0.669291 -0.0944882 
vn -0.779528 0.614173 -0.102362 
vn -0.732283 0.669291 -0.0944882 
vn -0.779528 0.614173 -0.102362 
vn 0.417323 0.850394 -0.314961 
vn 0.464567 0.850394 -0.251969 
vn 0.440945 0.811024 -0.385827 
vn 0.464567 0.850394 -0.251969 
vn -0.590551 -0.582677 -0.559055 
vn -0.645669 -0.448819 -0.614173 
vn -0.645669 -0.448819 -0.614173 
vn -0.590551 -0.582677 -0.559055 
vn -0.165354 -0.448819 -0.874016 
vn -0.149606 -0.582677 -0.795276 
vn -0.165354 -0.448819 -0.874016 
vn -0.149606 -0.582677 -0.795276 
vn -0.944882 -0.307087 -0.125984 
vn -0.88189 -0.448819 -0.11811 
vn -0.88189 -0.448819 -0.11811 
vn -0.944882 -0.307087 -0.125984 
vn 0.322835 0.677165 -0.669291 
vn 0.338583 0.614173 -0.708661 
vn 0.322835 0.677165 -0.669291 
vn 0.338583 0.614173 -0.708661 
vn -0.818898 0.551181 0.149606 
vn -0.724409 0.669291 0.133858 
vn -0.724409 0.669291 0.133858 
vn -0.818898 0.551181 0.149606 
vn -0.629921 0.496063 -0.598425 
vn -0.606299 0.551181 -0.574803 
vn -0.606299 0.551181 -0.574803 
vn -0.629921 0.496063 -0.598425 
vn -0.645669 -0.448819 -0.614173 
vn -0.669291 -0.385827 -0.637795 
vn -0.669291 -0.385827 -0.637795 
vn -0.645669 -0.448819 -0.614173 
vn -0.173228 -0.307087 -0.937008 
vn -0.165354 -0.448819 -0.874016 
vn -0.173228 -0.307087 -0.937008 
vn -0.165354 -0.448819 -0.874016 
vn -0.80315 -0.448819 -0.385827 
vn -0.771654 -0.519685 -0.370079 
vn -0.771654 -0.519685 -0.370079 
vn -0.80315 -0.448819 -0.385827 
vn 0.0787402 -0.80315 -0.590551 
vn 0.0787402 -0.80315 -0.590551 
vn 0.0708661 -0.850394 -0.519685 
vn 0.0708661 -0.850394 -0.519685 
vn -0.433071 -0.80315 -0.409449 
vn -0.472441 -0.76378 -0.448819 
vn -0.472441 -0.76378 -0.448819 
vn -0.433071 -0.80315 -0.409449 
vn -0.330709 -0.889764 -0.314961 
vn -0.330709 -0.889764 -0.314961 
vn -0.433071 -0.80315 -0.409449 
vn -0.433071 -0.80315 -0.409449 
vn 0.598425 0.732283 -0.322835 
vn 0.653543 0.669291 -0.354331 
vn 0.653543 0.669291 -0.354331 
vn 0.598425 0.732283 -0.322835 
vn 0.456693 -0.889764 -0.0866142 
vn 0.377953 -0.92126 -0.0708661 
vn 0.377953 -0.92126 -0.0708661 
vn 0.456693 -0.889764 -0.0866142 
vn -0.322835 0.677165 0.669291 
vn -0.322835 0.677165 0.669291 
vn -0.267717 0.795276 0.551181 
vn -0.267717 0.795276 0.551181 
vn -0.96063 -0.23622 -0.125984 
vn -0.944882 -0.307087 -0.125984 
vn -0.944882 -0.307087 -0.125984 
vn -0.96063 -0.23622 -0.125984 
vn -0.84252 -0.519685 0.149606 
vn -0.84252 -0.519685 0.149606 
vn -0.84252 -0.519685 0.149606 
vn -0.84252 -0.519685 0.149606 
vn 0.488189 -0.700787 -0.511811 
vn 0.448819 -0.76378 -0.472441 
vn 0.488189 -0.700787 -0.511811 
vn 0.448819 -0.76378 -0.472441 
vn 0.110236 0.795276 0.598425 
vn 0.125984 0.740157 0.661417 
vn 0.110236 0.795276 0.598425 
vn 0.125984 0.740157 0.661417 
vn -0.787402 0.299213 -0.543307 
vn -0.606299 0 -0.795276 
vn -0.826772 0 -0.566929 
vn -0.913386 0.299213 -0.275591 
vn -0.787402 0.299213 -0.543307 
vn -0.96063 0 -0.283465 
vn -0.511811 0.787402 -0.354331 
vn -0.590551 0.787402 -0.173228 
vn -0.322835 0.944882 -0.0944882 
vn -0.275591 0.944882 -0.188976 
vn -0.952756 0.299213 0.023622 
vn -0.913386 0.299213 -0.275591 
vn -0.590551 0.787402 -0.173228 
vn -1 0 0.023622 
vn -0.622047 0.787402 0.015748 
vn -0.338583 0.944882 0.00787402 
vn -0.314961 0.944882 0.110236 
vn -0.582677 0.787402 0.204724 
vn -0.952756 0.299213 0.023622 
vn -0.897638 0.299213 0.314961 
vn -0.944882 0 0.330709 
vn -0.496063 0.787402 0.377953 
vn -0.267717 0.944882 0.204724 
vn -0.897638 0.299213 0.314961 
vn -0.755906 0.299213 0.574803 
vn -0.795276 0 0.606299 
vn -0.543307 0.299213 0.787402 
vn -0.566929 0 0.818898 
vn -0.354331 0.787402 0.511811 
vn -0.496063 0.787402 0.377953 
vn -0.188976 0.944882 0.275591 
vn -0.275591 0.299213 0.913386 
vn -0.543307 0.299213 0.787402 
vn -0.354331 0.787402 0.511811 
vn -0.283465 0 0.96063 
vn -0.181102 0.787402 0.590551 
vn -0.0944882 0.944882 0.322835 
vn 0.00787402 0.944882 0.338583 
vn 0.015748 0.787402 0.622047 
vn 0.110236 0.944882 0.314961 
vn 0.023622 0.299213 0.952756 
vn -0.275591 0.299213 0.913386 
vn 0.023622 0 1 
vn 0.204724 0.787402 0.582677 
vn 0.204724 0.944882 0.267717 
vn 0.314961 0.299213 0.897638 
vn 0.330709 0 0.944882 
vn 0.582677 0.299213 0.755906 
vn 0.606299 0 0.795276 
vn 0.377953 0.787402 0.488189 
vn 0.511811 0.787402 0.354331 
vn 0.275591 0.944882 0.188976 
vn 0.787402 0.299213 0.543307 
vn 0.582677 0.299213 0.755906 
vn 0.826772 0 0.566929 
vn 0.913386 0.299213 0.275591 
vn 0.96063 0 0.283465 
vn 0.511811 0.787402 0.354331 
vn 0.952756 0.299213 -0.023622 
vn 0.322835 0.944882 0.0944882 
vn 0.590551 0.787402 0.173228 
vn 0.622047 0.787402 -0.015748 
vn 0.338583 0.944882 -0.00787402 
vn -0.409449 -0.889764 0.220472 
vn -0.338583 -0.92126 0.181102 
vn -0.338583 -0.92126 0.181102 
vn -0.409449 -0.889764 0.220472 
vn 0.0944882 -0.700787 -0.708661 
vn 0.0944882 -0.700787 -0.708661 
vn 0.0787402 -0.80315 -0.590551 
vn 0.0787402 -0.80315 -0.590551 
vn -0.0708661 0.850394 0.519685 
vn -0.0787402 0.795276 0.606299 
vn -0.0787402 0.795276 0.606299 
vn -0.0708661 0.850394 0.519685 
vn -0.275591 -0.92126 -0.259843 
vn -0.330709 -0.889764 -0.314961 
vn -0.330709 -0.889764 -0.314961 
vn -0.275591 -0.92126 -0.259843 
vn -0.448819 0.322835 -0.834646 
vn -0.440945 0.377953 -0.811024 
vn -0.440945 0.377953 -0.811024 
vn -0.448819 0.322835 -0.834646 
vn 0.606299 0.787402 0.0787402 
vn 0.527559 0.850394 0.0708661 
vn 0.527559 0.850394 0.0708661 
vn 0.606299 0.787402 0.0787402 
vn -0.519685 -0.80315 0.283465 
vn -0.519685 -0.80315 0.283465 
vn -0.409449 -0.889764 0.220472 
vn -0.409449 -0.889764 0.220472 
vn 0.314961 -0.889764 -0.330709 
vn 0.267717 -0.92126 -0.275591 
vn 0.267717 -0.92126 -0.275591 
vn 0.314961 -0.889764 -0.330709 
vn -0.149606 0.551181 -0.818898 
vn -0.165354 0.433071 -0.88189 
vn -0.165354 0.433071 -0.88189 
vn -0.149606 0.551181 -0.818898 
vn -0.653543 0.669291 0.354331 
vn -0.535433 0.787402 0.291339 
vn -0.535433 0.787402 0.291339 
vn -0.653543 0.669291 0.354331 
vn -0.858268 -0.307087 -0.409449 
vn -0.80315 -0.448819 -0.385827 
vn -0.80315 -0.448819 -0.385827 
vn -0.858268 -0.307087 -0.409449 
vn 0.110236 -0.582677 -0.80315 
vn 0.0944882 -0.700787 -0.708661 
vn 0.0944882 -0.700787 -0.708661 
vn 0.110236 -0.582677 -0.80315 
vn -0.173228 -0.23622 -0.952756 
vn -0.173228 -0.307087 -0.937008 
vn -0.173228 -0.23622 -0.952756 
vn -0.173228 -0.307087 -0.937008 
vn 0.559055 -0.582677 -0.590551 
vn 0.488189 -0.700787 -0.511811 
vn 0.559055 -0.582677 -0.590551 
vn 0.488189 -0.700787 -0.511811 
vn -0.629921 -0.700787 0.338583 
vn -0.519685 -0.80315 0.283465 
vn -0.519685 -0.80315 0.283465 
vn -0.629921 -0.700787 0.338583 
vn 0.456693 -0.889764 -0.0866142 
vn 0.456693 -0.889764 -0.0866142 
vn 0.511811 -0.850394 -0.0944882 
vn 0.511811 -0.850394 -0.0944882 
vn 0.362205 -0.850394 -0.377953 
vn 0.314961 -0.889764 -0.330709 
vn 0.314961 -0.889764 -0.330709 
vn 0.362205 -0.850394 -0.377953 
vn 0.220472 -0.889764 0.401575 
vn 0.181102 -0.92126 0.338583 
vn 0.220472 -0.889764 0.401575 
vn 0.181102 -0.92126 0.338583 
vn 0.314961 0.850394 0.417323 
vn 0.251969 0.850394 0.464567 
vn 0.385827 0.811024 0.433071 
vn 0.251969 0.850394 0.464567 
vn 0.440945 0.811024 -0.385827 
vn 0.511811 0.677165 -0.535433 
vn 0.425197 0.787402 -0.440945 
vn 0.511811 0.677165 -0.535433 
vn -0.716535 -0.15748 -0.677165 
vn -0.708661 -0.23622 -0.669291 
vn -0.708661 -0.23622 -0.669291 
vn -0.716535 -0.15748 -0.677165 
vn 0.440945 0.787402 0.417323 
vn 0.314961 0.850394 0.417323 
vn 0.385827 0.811024 0.433071 
vn 0.385827 0.850394 0.362205 
vn 0.11811 -0.448819 -0.88189 
vn 0.110236 -0.582677 -0.80315 
vn 0.110236 -0.582677 -0.80315 
vn 0.11811 -0.448819 -0.88189 
vn -0.543307 0.614173 0.566929 
vn -0.543307 0.614173 0.566929 
vn -0.511811 0.677165 0.535433 
vn -0.511811 0.677165 0.535433 
vn -0.448819 0.322835 -0.834646 
vn -0.456693 0.267717 -0.850394 
vn -0.456693 0.267717 -0.850394 
vn -0.448819 0.322835 -0.834646 
vn -0.874016 -0.23622 -0.417323 
vn -0.858268 -0.307087 -0.409449 
vn -0.858268 -0.307087 -0.409449 
vn -0.874016 -0.23622 -0.417323 
vn -0.937008 -0.307087 0.173228 
vn -0.905512 -0.377953 0.165354 
vn -0.937008 -0.307087 0.173228 
vn -0.905512 -0.377953 0.165354 
vn -0.669291 0.377953 -0.637795 
vn -0.685039 0.322835 -0.653543 
vn -0.669291 0.377953 -0.637795 
vn -0.685039 0.322835 -0.653543 
vn 0.897638 0.299213 -0.314961 
vn 1 0 -0.023622 
vn 0.944882 0 -0.330709 
vn 0.755906 0.299213 -0.574803 
vn 0.795276 0 -0.606299 
vn 0.496063 0.787402 -0.377953 
vn 0.582677 0.787402 -0.204724 
vn 0.267717 0.944882 -0.204724 
vn 0.314961 0.944882 -0.110236 
vn 0.582677 0.787402 -0.204724 
vn 0.622047 0.787402 -0.015748 
vn 0.354331 0.787402 -0.511811 
vn 0.496063 0.787402 -0.377953 
vn 0.188976 0.944882 -0.275591 
vn 0.755906 0.299213 -0.574803 
vn 0.543307 0.299213 -0.787402 
vn 0.566929 0 -0.818898 
vn 0.181102 0.787402 -0.590551 
vn 0.0944882 0.944882 -0.322835 
vn -0.015748 0.787402 -0.622047 
vn -0.00787402 0.944882 -0.338583 
vn -0.023622 0.299213 -0.952756 
vn 0.275591 0.299213 -0.913386 
vn 0.543307 0.299213 -0.787402 
vn 0.283465 0 -0.96063 
vn -0.023622 0 -1 
vn -0.314961 0.299213 -0.897638 
vn -0.023622 0.299213 -0.952756 
vn -0.330709 0 -0.944882 
vn -0.204724 0.787402 -0.582677 
vn -0.015748 0.787402 -0.622047 
vn -0.110236 0.944882 -0.314961 
vn -0.377953 0.787402 -0.488189 
vn -0.204724 0.944882 -0.267717 
vn -0.314961 0.299213 -0.897638 
vn -0.511811 0.787402 -0.354331 
vn -0.582677 0.299213 -0.755906 
vn -0.110236 -0.80315 -0.582677 
vn -0.110236 -0.80315 -0.582677 
vn -0.0866142 -0.889764 -0.448819 
vn -0.0866142 -0.889764 -0.448819 
vn 0.102362 0.614173 -0.779528 
vn 0.102362 0.614173 -0.779528 
vn 0.102362 0.614173 -0.779528 
vn 0.102362 0.614173 -0.779528 
vn 0.559055 -0.582677 -0.590551 
vn 0.614173 -0.448819 -0.645669 
vn 0.614173 -0.448819 -0.645669 
vn 0.559055 -0.582677 -0.590551 
vn -0.11811 -0.76378 -0.637795 
vn -0.110236 -0.80315 -0.582677 
vn -0.110236 -0.80315 -0.582677 
vn -0.11811 -0.76378 -0.637795 
vn -0.0866142 -0.889764 -0.448819 
vn -0.0708661 -0.92126 -0.377953 
vn -0.0708661 -0.92126 -0.377953 
vn -0.0866142 -0.889764 -0.448819 
vn -0.716535 -0.582677 0.385827 
vn -0.716535 -0.582677 0.385827 
vn -0.629921 -0.700787 0.338583 
vn -0.629921 -0.700787 0.338583 
vn -0.818898 0.551181 0.149606 
vn -0.858268 0.496063 0.15748 
vn -0.858268 0.496063 0.15748 
vn -0.818898 0.551181 0.149606 
vn -0.724409 -0.015748 -0.685039 
vn -0.716535 -0.15748 -0.677165 
vn -0.724409 -0.015748 -0.685039 
vn -0.716535 -0.15748 -0.677165 
vn 0.598425 0.496063 -0.629921 
vn 0.622047 0.433071 -0.653543 
vn 0.598425 0.496063 -0.629921 
vn 0.622047 0.433071 -0.653543 
vn -0.409449 -0.519685 -0.748031 
vn -0.409449 -0.519685 -0.748031 
vn -0.409449 -0.519685 -0.748031 
vn -0.409449 -0.519685 -0.748031 
vn -0.0629921 -0.889764 0.456693 
vn -0.0472441 -0.92126 0.377953 
vn -0.0472441 -0.92126 0.377953 
vn -0.0629921 -0.889764 0.456693 
vn -0.165354 -0.92126 0.346457 
vn -0.19685 -0.889764 0.417323 
vn -0.19685 -0.889764 0.417323 
vn -0.165354 -0.92126 0.346457 
vn 0.125984 -0.385827 -0.913386 
vn 0.11811 -0.448819 -0.88189 
vn 0.11811 -0.448819 -0.88189 
vn 0.125984 -0.385827 -0.913386 
vn 0.669291 0.669291 0.314961 
vn 0.551181 0.787402 0.259843 
vn 0.551181 0.787402 0.259843 
vn 0.669291 0.669291 0.314961 
vn -0.165354 0.433071 -0.88189 
vn -0.173228 0.322835 -0.929134 
vn -0.173228 0.322835 -0.929134 
vn -0.165354 0.433071 -0.88189 
vn -0.417323 0.496063 -0.76378 
vn -0.417323 0.496063 -0.76378 
vn -0.417323 0.496063 -0.76378 
vn -0.417323 0.496063 -0.76378 
vn -0.362205 -0.692913 -0.622047 
vn -0.362205 -0.692913 -0.622047 
vn -0.362205 -0.692913 -0.622047 
vn -0.362205 -0.692913 -0.622047 
vn -0.362205 -0.692913 -0.622047 
vn -0.362205 -0.692913 -0.622047 
vn -0.362205 -0.692913 -0.622047 
vn -0.362205 -0.692913 -0.622047 
vn 0.251969 -0.850394 0.456693 
vn 0.220472 -0.889764 0.401575 
vn 0.251969 -0.850394 0.456693 
vn 0.220472 -0.889764 0.401575 
vn -0.984252 0.173228 0.023622 
vn -0.984252 0.173228 0.023622 
vn -0.984252 0.173228 0.023622 
vn -0.984252 0.173228 0.023622 
vn -0.984252 0.173228 0.023622 
vn -0.984252 0.173228 0.023622 
vn -0.984252 0.173228 0.023622 
vn -0.984252 0.173228 0.023622 
vn -0.984252 0.173228 0.023622 
vn -0.984252 0.173228 0.023622 
vn -0.984252 0.173228 0.023622 
vn -0.984252 0.173228 0.023622 
vn -0.984252 0.173228 0.023622 
vn -0.984252 0.173228 0.023622 
vn -0.984252 0.173228 0.023622 
vn -0.984252 0.173228 0.023622 
vn -0.377953 -0.92126 0.0708661 
vn -0.377953 -0.92126 0.0708661 
vn -0.377953 -0.92126 0.0708661 
vn -0.377953 -0.92126 0.0708661 
vn -0.952756 -0.23622 0.173228 
vn -0.937008 -0.307087 0.173228 
vn -0.952756 -0.23622 0.173228 
vn -0.937008 -0.307087 0.173228 
vn -0.685039 0.322835 -0.653543 
vn -0.708661 0.212598 -0.669291 
vn -0.685039 0.322835 -0.653543 
vn -0.708661 0.212598 -0.669291 
vn 0.346457 -0.92126 0.165354 
vn 0.346457 -0.92126 0.165354 
vn 0.346457 -0.92126 0.165354 
vn 0.346457 -0.92126 0.165354 
vn 0.614173 -0.448819 -0.645669 
vn 0.637795 -0.385827 -0.669291 
vn 0.637795 -0.385827 -0.669291 
vn 0.614173 -0.448819 -0.645669 
vn -0.755906 -0.149606 -0.637795 
vn -0.708661 0.125984 -0.692913 
vn -0.755906 -0.149606 -0.637795 
vn -0.708661 0.125984 -0.692913 
vn -0.787402 -0.377953 -0.480315 
vn -0.661417 0.393701 -0.637795 
vn -0.787402 -0.377953 -0.480315 
vn -0.661417 0.393701 -0.637795 
vn -0.811024 -0.527559 -0.251969 
vn -0.614173 0.622047 -0.488189 
vn -0.811024 -0.535433 -0.244094 
vn -0.614173 0.622047 -0.488189 
vn -0.811024 -0.582677 0.015748 
vn -0.574803 0.779528 -0.251969 
vn -0.811024 -0.582677 0.015748 
vn -0.574803 0.771654 -0.259843 
vn -0.795276 -0.535433 0.283465 
vn -0.559055 0.826772 0.015748 
vn -0.795276 -0.527559 0.291339 
vn -0.559055 0.826772 0.015748 
vn -0.76378 -0.377953 0.519685 
vn -0.566929 0.771654 0.283465 
vn -0.76378 -0.377953 0.519685 
vn -0.566929 0.779528 0.275591 
vn -0.724409 -0.149606 0.677165 
vn -0.590551 0.622047 0.519685 
vn -0.724409 -0.149606 0.677165 
vn -0.590551 0.622047 0.519685 
vn -0.669291 0.125984 0.732283 
vn -0.622047 0.393701 0.677165 
vn -0.669291 0.125984 0.732283 
vn -0.622047 0.393701 0.677165 
vn 0.19685 -0.889764 -0.417323 
vn 0.165354 -0.92126 -0.346457 
vn 0.165354 -0.92126 -0.346457 
vn 0.19685 -0.889764 -0.417323 
vn -0.748031 -0.519685 0.401575 
vn -0.716535 -0.582677 0.385827 
vn -0.748031 -0.519685 0.401575 
vn -0.716535 -0.582677 0.385827 
vn -0.724409 0.102362 -0.685039 
vn -0.724409 -0.015748 -0.685039 
vn -0.724409 0.102362 -0.685039 
vn -0.724409 -0.015748 -0.685039 
vn -0.598425 0.496063 0.629921 
vn -0.622047 0.433071 0.653543 
vn -0.598425 0.496063 0.629921 
vn -0.622047 0.433071 0.653543 
vn 0.322835 0.732283 0.598425 
vn 0.354331 0.677165 0.645669 
vn 0.354331 0.677165 0.645669 
vn 0.322835 0.732283 0.598425 
vn -0.19685 -0.889764 0.417323 
vn -0.19685 -0.889764 0.417323 
vn -0.259843 -0.80315 0.535433 
vn -0.259843 -0.80315 0.535433 
vn -0.708661 0.212598 -0.669291 
vn -0.724409 0.102362 -0.685039 
vn -0.708661 0.212598 -0.669291 
vn -0.724409 0.102362 -0.685039 
vn 0.228346 -0.850394 -0.472441 
vn 0.19685 -0.889764 -0.417323 
vn 0.228346 -0.850394 -0.472441 
vn 0.19685 -0.889764 -0.417323 
vn -0.952756 0.0551181 0.299213 
vn -0.968504 -0.0472441 0.23622 
vn -0.968504 -0.0472441 0.23622 
vn -0.952756 0.0551181 0.299213 
vn -0.984252 -0.110236 0.141732 
vn -0.929134 0.165354 0.322835 
vn -0.984252 -0.110236 0.141732 
vn -0.929134 0.165354 0.322835 
vn -0.992126 -0.133858 0.023622 
vn -0.913386 0.283465 0.299213 
vn -0.992126 -0.133858 0.023622 
vn -0.913386 0.283465 0.299213 
vn -0.992126 -0.110236 -0.0944882 
vn -0.897638 0.377953 0.23622 
vn -0.992126 -0.110236 -0.0944882 
vn -0.897638 0.377953 0.23622 
vn -0.984252 -0.0472441 -0.188976 
vn -0.88189 0.440945 0.133858 
vn -0.984252 -0.0472441 -0.188976 
vn -0.88189 0.440945 0.133858 
vn -0.968504 0.0551181 -0.251969 
vn -0.968504 0.0551181 -0.251969 
vn -0.944882 0.165354 -0.275591 
vn -0.88189 0.464567 0.023622 
vn -0.944882 0.165354 -0.275591 
vn -0.88189 0.464567 0.023622 
vn -0.92126 0.283465 -0.259843 
vn -0.889764 0.440945 -0.0944882 
vn -0.92126 0.283465 -0.259843 
vn -0.889764 0.440945 -0.0944882 
vn -0.905512 0.377953 -0.188976 
vn -0.905512 0.377953 -0.188976 
vn 0.125984 0.267717 -0.952756 
vn 0.125984 0.212598 -0.968504 
vn 0.125984 0.267717 -0.952756 
vn 0.125984 0.212598 -0.968504 
vn 0.732283 0.551181 -0.393701 
vn 0.653543 0.669291 -0.354331 
vn 0.653543 0.669291 -0.354331 
vn 0.732283 0.551181 -0.393701 
vn -0.0629921 -0.889764 0.456693 
vn -0.0708661 -0.850394 0.519685 
vn -0.0708661 -0.850394 0.519685 
vn -0.0629921 -0.889764 0.456693 
vn -0.637795 -0.76378 -0.0866142 
vn -0.574803 -0.818898 -0.0629921 
vn -0.574803 -0.811024 -0.0629921 
vn -0.637795 -0.76378 -0.0866142 
vn -0.173228 0.322835 -0.929134 
vn -0.173228 0.267717 -0.944882 
vn -0.173228 0.267717 -0.944882 
vn -0.173228 0.322835 -0.929134 
vn -0.574803 -0.811024 -0.0629921 
vn -0.456693 -0.889764 -0.023622 
vn -0.456693 -0.889764 -0.023622 
vn -0.574803 -0.818898 -0.0629921 
vn 0.716535 -0.582677 -0.385827 
vn 0.716535 -0.582677 -0.385827 
vn 0.669291 -0.645669 -0.362205 
vn 0.669291 -0.645669 -0.362205 
vn -0.322835 0.677165 0.669291 
vn -0.338583 0.614173 0.708661 
vn -0.322835 0.677165 0.669291 
vn -0.338583 0.614173 0.708661 
vn -0.456693 -0.889764 -0.023622 
vn -0.417323 -0.913386 -0.015748 
vn -0.417323 -0.913386 -0.015748 
vn -0.456693 -0.889764 -0.023622 
vn -0.732283 0.551181 0.393701 
vn -0.653543 0.669291 0.354331 
vn -0.653543 0.669291 0.354331 
vn -0.732283 0.551181 0.393701 
vn 0.133858 0.102362 -0.984252 
vn 0.133858 0.0551181 -0.992126 
vn 0.133858 0.102362 -0.984252 
vn 0.133858 0.0551181 -0.992126 
vn 0.125984 0.212598 -0.968504 
vn 0.133858 0.102362 -0.984252 
vn 0.125984 0.212598 -0.968504 
vn 0.133858 0.102362 -0.984252 
vn 0.661417 -0.251969 -0.708661 
vn 0.661417 -0.251969 -0.708661 
vn 0.661417 -0.251969 -0.708661 
vn 0.661417 -0.251969 -0.708661 
vn -0.314961 -0.889764 0.330709 
vn -0.267717 -0.92126 0.275591 
vn -0.267717 -0.92126 0.275591 
vn -0.314961 -0.889764 0.330709 
vn -0.417323 -0.889764 -0.19685 
vn -0.535433 -0.80315 -0.251969 
vn -0.535433 -0.80315 -0.251969 
vn -0.417323 -0.889764 -0.19685 
vn -0.535433 -0.80315 -0.251969 
vn -0.645669 -0.700787 -0.307087 
vn -0.645669 -0.700787 -0.307087 
vn -0.535433 -0.80315 -0.251969 
vn -0.346457 -0.92126 -0.165354 
vn -0.417323 -0.889764 -0.19685 
vn -0.417323 -0.889764 -0.19685 
vn -0.346457 -0.92126 -0.165354 
vn 0.637795 0.377953 -0.669291 
vn 0.622047 0.433071 -0.653543 
vn 0.622047 0.433071 -0.653543 
vn 0.637795 0.377953 -0.669291 
vn -0.0787402 0.795276 0.606299 
vn -0.0944882 0.677165 0.732283 
vn -0.0787402 0.795276 0.606299 
vn -0.0944882 0.677165 0.732283 
vn -0.259843 -0.80315 0.535433 
vn -0.283465 -0.76378 0.582677 
vn -0.283465 -0.76378 0.582677 
vn -0.259843 -0.80315 0.535433 
vn 0.338583 -0.92126 -0.181102 
vn 0.338583 -0.92126 -0.181102 
vn 0.338583 -0.92126 -0.181102 
vn 0.338583 -0.92126 -0.181102 
vn -0.645669 -0.700787 -0.307087 
vn -0.685039 -0.645669 -0.330709 
vn -0.685039 -0.645669 -0.330709 
vn -0.645669 -0.700787 -0.307087 
vn -0.330709 -0.645669 0.685039 
vn -0.354331 -0.582677 0.732283 
vn -0.354331 -0.582677 0.732283 
vn -0.330709 -0.645669 0.685039 
vn 0.511811 0.677165 -0.535433 
vn 0.543307 0.614173 -0.566929 
vn 0.511811 0.677165 -0.535433 
vn 0.543307 0.614173 -0.566929 
vn 0.787402 -0.448819 -0.425197 
vn 0.716535 -0.582677 -0.385827 
vn 0.787402 -0.448819 -0.425197 
vn 0.716535 -0.582677 -0.385827 
vn 0.669291 0.732283 0.0866142 
vn 0.606299 0.787402 0.0787402 
vn 0.606299 0.787402 0.0787402 
vn 0.669291 0.732283 0.0866142 
vn -0.409449 -0.80315 0.433071 
vn -0.409449 -0.80315 0.433071 
vn -0.314961 -0.889764 0.330709 
vn -0.314961 -0.889764 0.330709 
vn -0.622047 0.433071 0.653543 
vn -0.637795 0.377953 0.669291 
vn -0.622047 0.433071 0.653543 
vn -0.637795 0.377953 0.669291 
vn -0.850394 -0.165354 0.503937 
vn -0.88189 -0.362205 0.307087 
vn -0.952756 -0.314961 0.023622 
vn -0.889764 -0.23622 0.393701 
vn -0.96063 -0.275591 0.023622 
vn -0.755906 -0.0314961 0.653543 
vn -0.889764 -0.362205 -0.267717 
vn -0.637795 0.133858 0.755906 
vn -0.629921 0.110236 0.76378 
vn -0.637795 0.314961 0.700787 
vn -0.874016 -0.165354 -0.464567 
vn -0.748031 0.480315 0.456693 
vn -0.905512 -0.23622 -0.346457 
vn -0.779528 0.496063 0.385827 
vn -0.787402 -0.0314961 -0.614173 
vn -0.771654 0.566929 0.275591 
vn -0.677165 0.133858 -0.724409 
vn -0.84252 0.535433 0.023622 
vn -0.669291 0.110236 -0.732283 
vn -0.866142 0.496063 0.023622 
vn -0.669291 0.314961 -0.669291 
vn -0.787402 0.566929 -0.244094 
vn -0.771654 0.480315 -0.417323 
vn -0.795276 0.496063 -0.346457 
vn -0.456693 -0.307087 -0.834646 
vn -0.440945 -0.385827 -0.811024 
vn -0.456693 -0.307087 -0.834646 
vn -0.440945 -0.385827 -0.811024 
vn -0.141732 -0.976378 -0.181102 
vn -0.181102 -0.834646 -0.519685 
vn -0.0787402 -0.976378 -0.220472 
vn -0.314961 -0.322835 -0.889764 
vn -0.606299 0 -0.795276 
vn -0.330709 0 -0.944882 
vn -0.574803 -0.322835 -0.748031 
vn -0.338583 -0.834646 -0.440945 
vn -0.456693 -0.834646 -0.314961 
vn -0.188976 -0.976378 -0.133858 
vn -0.779528 -0.322835 -0.535433 
vn -0.574803 -0.322835 -0.748031 
vn -0.826772 0 -0.566929 
vn -0.535433 -0.834646 -0.15748 
vn -0.220472 -0.976378 -0.0629921 
vn -0.228346 -0.976378 0.00787402 
vn -0.905512 -0.322835 -0.267717 
vn -0.779528 -0.322835 -0.535433 
vn -0.96063 0 -0.283465 
vn -1 0 0.023622 
vn -0.944882 -0.322835 0.023622 
vn -0.944882 0 0.330709 
vn -0.889764 -0.322835 0.314961 
vn -0.527559 -0.834646 0.181102 
vn -0.559055 -0.834646 0.015748 
vn -0.220472 -0.976378 0.0787402 
vn -0.889764 -0.322835 0.314961 
vn -0.795276 0 0.606299 
vn -0.755906 -0.322835 0.574803 
vn -0.440945 -0.834646 0.338583 
vn -0.527559 -0.834646 0.181102 
vn -0.181102 -0.976378 0.141732 
vn -0.755906 -0.322835 0.574803 
vn -0.566929 0 0.818898 
vn -0.535433 -0.322835 0.779528 
vn -0.314961 -0.834646 0.456693 
vn -0.440945 -0.834646 0.338583 
vn -0.133858 -0.976378 0.188976 
vn -0.535433 -0.322835 0.779528 
vn -0.283465 0 0.96063 
vn -0.267717 -0.322835 0.905512 
vn -0.314961 -0.834646 0.456693 
vn -0.15748 -0.834646 0.527559 
vn -0.0629921 -0.976378 0.220472 
vn 0.015748 -0.834646 0.551181 
vn 0.00787402 -0.976378 0.228346 
vn 0.023622 -0.322835 0.944882 
vn -0.267717 -0.322835 0.905512 
vn 0.023622 0 1 
vn 0.330709 0 0.944882 
vn 0.314961 -0.322835 0.889764 
vn 0.181102 -0.834646 0.519685 
vn 0.015748 -0.834646 0.551181 
vn 0.0787402 -0.976378 0.220472 
vn 0.314961 -0.322835 0.889764 
vn 0.606299 0 0.795276 
vn 0.574803 -0.322835 0.748031 
vn 0.338583 -0.834646 0.440945 
vn 0.181102 -0.834646 0.519685 
vn 0.141732 -0.976378 0.181102 
vn 0.188976 -0.976378 0.133858 
vn 0.456693 -0.834646 0.314961 
vn 0.779528 -0.322835 0.535433 
vn 0.574803 -0.322835 0.748031 
vn 0.826772 0 0.566929 
vn -0.023622 -0.0787402 -1 
vn -0.181102 -0.0787402 -0.984252 
vn -0.181102 -0.0787402 -0.984252 
vn 0.023622 -0.133858 -0.992126 
vn -0.385827 -0.448819 0.80315 
vn -0.354331 -0.582677 0.732283 
vn -0.354331 -0.582677 0.732283 
vn -0.385827 -0.448819 0.80315 
vn 0.685039 -0.645669 0.330709 
vn 0.732283 -0.582677 0.346457 
vn 0.732283 -0.582677 0.346457 
vn 0.685039 -0.645669 0.330709 
vn 0.377953 -0.92126 0.0472441 
vn 0.456693 -0.889764 0.0629921 
vn 0.456693 -0.889764 0.0629921 
vn 0.377953 -0.92126 0.0472441 
vn -0.448819 -0.76378 0.472441 
vn -0.409449 -0.80315 0.433071 
vn -0.409449 -0.80315 0.433071 
vn -0.448819 -0.76378 0.472441 
vn 0.023622 -0.133858 -0.992126 
vn 0.125984 -0.23622 -0.96063 
vn 0.125984 -0.23622 -0.96063 
vn 0.133858 -0.15748 -0.976378 
vn 0.519685 -0.700787 0.488189 
vn 0.472441 -0.76378 0.448819 
vn 0.519685 -0.700787 0.488189 
vn 0.472441 -0.76378 0.448819 
vn 0.535433 0.677165 0.511811 
vn 0.440945 0.787402 0.417323 
vn 0.385827 0.811024 0.433071 
vn 0.535433 0.677165 0.511811 
vn 0.834646 -0.307087 -0.448819 
vn 0.787402 -0.448819 -0.425197 
vn 0.834646 -0.307087 -0.448819 
vn 0.787402 -0.448819 -0.425197 
vn 0.0866142 -0.889764 0.448819 
vn 0.0708661 -0.92126 0.377953 
vn 0.0708661 -0.92126 0.377953 
vn 0.0866142 -0.889764 0.448819 
vn 0.708661 -0.700787 0.0944882 
vn 0.645669 -0.755906 0.0866142 
vn 0.645669 -0.755906 0.0866142 
vn 0.708661 -0.700787 0.0944882 
vn 0.307087 -0.700787 -0.637795 
vn 0.283465 -0.76378 -0.582677 
vn 0.283465 -0.76378 -0.582677 
vn 0.307087 -0.700787 -0.637795 
vn 0.330709 -0.889764 0.314961 
vn 0.275591 -0.92126 0.259843 
vn 0.275591 -0.92126 0.259843 
vn 0.330709 -0.889764 0.314961 
vn 0.669291 0.669291 0.314961 
vn 0.755906 0.551181 0.362205 
vn 0.669291 0.669291 0.314961 
vn 0.755906 0.551181 0.362205 
vn -0.472441 -0.15748 -0.866142 
vn -0.456693 -0.307087 -0.834646 
vn -0.472441 -0.15748 -0.866142 
vn -0.456693 -0.307087 -0.834646 
vn -0.362205 -0.692913 -0.622047 
vn -0.362205 -0.692913 -0.622047 
vn -0.362205 -0.692913 -0.622047 
vn -0.362205 -0.692913 -0.622047 
vn -0.362205 -0.692913 -0.622047 
vn -0.362205 -0.692913 -0.622047 
vn -0.362205 -0.692913 -0.622047 
vn -0.362205 -0.692913 -0.622047 
vn -0.362205 -0.692913 -0.622047 
vn -0.362205 -0.692913 -0.622047 
vn -0.362205 -0.692913 -0.622047 
vn -0.362205 -0.692913 -0.622047 
vn -0.362205 -0.692913 -0.622047 
vn -0.362205 -0.692913 -0.622047 
vn -0.362205 -0.692913 -0.622047 
vn -0.362205 -0.692913 -0.622047 
vn -0.362205 -0.692913 -0.622047 
vn -0.362205 -0.692913 -0.622047 
vn 0.76378 0.496063 -0.409449 
vn 0.732283 0.551181 -0.393701 
vn 0.732283 0.551181 -0.393701 
vn 0.76378 0.496063 -0.409449 
vn -0.76378 0.496063 0.409449 
vn -0.732283 0.551181 0.393701 
vn -0.732283 0.551181 0.393701 
vn -0.76378 0.496063 0.409449 
vn -0.023622 -0.0787402 -1 
vn 0.133858 -0.15748 -0.976378 
vn 0.023622 -0.133858 -0.992126 
vn 0.133858 -0.0787402 -0.984252 
vn -0.409449 -0.307087 0.858268 
vn -0.385827 -0.448819 0.80315 
vn -0.385827 -0.448819 0.80315 
vn -0.409449 -0.307087 0.858268 
vn 0.102362 0.488189 -0.866142 
vn 0.11811 0.433071 -0.897638 
vn 0.102362 0.488189 -0.866142 
vn 0.11811 0.433071 -0.897638 
vn 0.307087 -0.700787 -0.637795 
vn 0.354331 -0.582677 -0.732283 
vn 0.354331 -0.582677 -0.732283 
vn 0.307087 -0.700787 -0.637795 
vn 0.519685 -0.850394 0.0708661 
vn 0.519685 -0.850394 0.0708661 
vn 0.456693 -0.889764 0.0629921 
vn 0.456693 -0.889764 0.0629921 
vn 0.80315 -0.448819 0.385827 
vn 0.732283 -0.582677 0.346457 
vn 0.732283 -0.582677 0.346457 
vn 0.80315 -0.448819 0.385827 
vn 0.590551 -0.582677 0.559055 
vn 0.519685 -0.700787 0.488189 
vn 0.519685 -0.700787 0.488189 
vn 0.590551 -0.582677 0.559055 
vn 0.377953 0.614173 0.692913 
vn 0.354331 0.677165 0.645669 
vn 0.354331 0.677165 0.645669 
vn 0.377953 0.614173 0.692913 
vn 0.88189 -0.015748 -0.472441 
vn 0.874016 -0.0787402 -0.472441 
vn 0.88189 -0.015748 -0.472441 
vn 0.874016 -0.0787402 -0.472441 
vn 0.322835 0.76378 0.559055 
vn 0.322835 0.76378 0.559055 
vn 0.322835 0.76378 0.559055 
vn 0.322835 0.76378 0.559055 
vn 0.322835 0.76378 0.559055 
vn 0.322835 0.76378 0.559055 
vn 0.322835 0.76378 0.559055 
vn 0.322835 0.76378 0.559055 
vn -0.834646 -0.307087 0.448819 
vn -0.811024 -0.377953 0.440945 
vn -0.834646 -0.307087 0.448819 
vn -0.811024 -0.377953 0.440945 
vn -0.685039 0.15748 0.716535 
vn -0.685039 0.15748 0.716535 
vn -0.685039 0.15748 0.716535 
vn -0.685039 0.15748 0.716535 
vn 0.0866142 -0.889764 0.448819 
vn 0.0944882 -0.850394 0.511811 
vn 0.0944882 -0.850394 0.511811 
vn 0.0866142 -0.889764 0.448819 
vn 0.858268 -0.23622 -0.464567 
vn 0.834646 -0.307087 -0.448819 
vn 0.858268 -0.23622 -0.464567 
vn 0.834646 -0.307087 -0.448819 
vn 0.80315 -0.582677 0.110236 
vn 0.708661 -0.700787 0.0944882 
vn 0.708661 -0.700787 0.0944882 
vn 0.80315 -0.582677 0.110236 
vn 0.637795 -0.755906 -0.11811 
vn 0.637795 -0.755906 -0.11811 
vn 0.637795 -0.755906 -0.11811 
vn 0.637795 -0.755906 -0.11811 
vn -0.480315 -0.015748 -0.88189 
vn -0.472441 -0.15748 -0.866142 
vn -0.480315 -0.015748 -0.88189 
vn -0.472441 -0.15748 -0.866142 
vn 0.377953 -0.850394 0.362205 
vn 0.330709 -0.889764 0.314961 
vn 0.377953 -0.850394 0.362205 
vn 0.330709 -0.889764 0.314961 
vn 0.692913 -0.015748 -0.724409 
vn 0.685039 -0.0787402 -0.724409 
vn 0.692913 -0.015748 -0.724409 
vn 0.685039 -0.0787402 -0.724409 
vn 0.385827 -0.448819 -0.80315 
vn 0.354331 -0.582677 -0.732283 
vn 0.354331 -0.582677 -0.732283 
vn 0.385827 -0.448819 -0.80315 
vn 0.433071 0.433071 0.795276 
vn 0.417323 0.496063 0.76378 
vn 0.417323 0.496063 0.76378 
vn 0.433071 0.433071 0.795276 
vn 0.874016 0.102362 -0.472441 
vn 0.88189 -0.015748 -0.472441 
vn 0.88189 -0.015748 -0.472441 
vn 0.874016 0.102362 -0.472441 
vn 0.677165 0.212598 -0.708661 
vn 0.669291 0.267717 -0.700787 
vn 0.669291 0.267717 -0.700787 
vn 0.677165 0.212598 -0.708661 
vn 0.866142 0.15748 -0.472441 
vn 0.874016 0.102362 -0.472441 
vn 0.874016 0.102362 -0.472441 
vn 0.866142 0.15748 -0.472441 
vn -0.0944882 0.677165 0.732283 
vn -0.102362 0.614173 0.779528 
vn -0.0944882 0.677165 0.732283 
vn -0.102362 0.614173 0.779528 
vn -0.425197 -0.15748 0.889764 
vn -0.409449 -0.307087 0.858268 
vn -0.409449 -0.307087 0.858268 
vn -0.425197 -0.15748 0.889764 
vn -0.472441 0.102362 -0.874016 
vn -0.480315 -0.015748 -0.88189 
vn -0.480315 -0.015748 -0.88189 
vn -0.472441 0.102362 -0.874016 
vn -0.858268 -0.23622 0.464567 
vn -0.834646 -0.307087 0.448819 
vn -0.858268 -0.23622 0.464567 
vn -0.834646 -0.307087 0.448819 
vn -0.11811 -0.448819 0.88189 
vn -0.110236 -0.519685 0.84252 
vn -0.110236 -0.519685 0.84252 
vn -0.11811 -0.448819 0.88189 
vn -0.472441 0.15748 -0.866142 
vn -0.472441 0.102362 -0.874016 
vn -0.472441 0.102362 -0.874016 
vn -0.472441 0.15748 -0.866142 
vn 0.858268 -0.307087 0.409449 
vn 0.80315 -0.448819 0.385827 
vn 0.80315 -0.448819 0.385827 
vn 0.858268 -0.307087 0.409449 
vn 0.685039 0.102362 -0.716535 
vn 0.692913 -0.015748 -0.724409 
vn 0.692913 -0.015748 -0.724409 
vn 0.685039 0.102362 -0.716535 
vn 0.11811 0.433071 -0.897638 
vn 0.125984 0.377953 -0.92126 
vn 0.11811 0.433071 -0.897638 
vn 0.125984 0.377953 -0.92126 
vn 0.590551 -0.582677 0.559055 
vn 0.645669 -0.448819 0.614173 
vn 0.645669 -0.448819 0.614173 
vn 0.590551 -0.582677 0.559055 
vn 0.88189 -0.448819 0.11811 
vn 0.80315 -0.582677 0.110236 
vn 0.80315 -0.582677 0.110236 
vn 0.88189 -0.448819 0.11811 
vn 0.677165 0.212598 -0.708661 
vn 0.685039 0.102362 -0.716535 
vn 0.685039 0.102362 -0.716535 
vn 0.677165 0.212598 -0.708661 
vn 0.409449 -0.307087 -0.858268 
vn 0.385827 -0.448819 -0.80315 
vn 0.385827 -0.448819 -0.80315 
vn 0.409449 -0.307087 -0.858268 
vn 0.913386 0.377953 -0.165354 
vn 0.929134 0.322835 -0.173228 
vn 0.929134 0.322835 -0.173228 
vn 0.913386 0.377953 -0.165354 
vn -0.559055 -0.582677 0.590551 
vn -0.527559 -0.645669 0.551181 
vn -0.527559 -0.645669 0.551181 
vn -0.559055 -0.582677 0.590551 
vn 1 0 -0.023622 
vn 0.944882 -0.322835 -0.023622 
vn 0.944882 0 -0.330709 
vn 0.905512 -0.322835 0.267717 
vn 0.96063 0 0.283465 
vn 0.535433 -0.834646 0.15748 
vn 0.889764 -0.322835 -0.314961 
vn 0.795276 0 -0.606299 
vn 0.755906 -0.322835 -0.574803 
vn 0.527559 -0.834646 -0.181102 
vn 0.440945 -0.834646 -0.338583 
vn 0.527559 -0.834646 -0.181102 
vn 0.220472 -0.976378 -0.0787402 
vn 0.559055 -0.834646 -0.015748 
vn 0.228346 -0.976378 -0.00787402 
vn 0.220472 -0.976378 0.0629921 
vn 0.181102 -0.976378 -0.141732 
vn 0.456693 -0.834646 0.314961 
vn 0.905512 -0.322835 0.267717 
vn 0.779528 -0.322835 0.535433 
vn 0.314961 -0.834646 -0.456693 
vn 0.133858 -0.976378 -0.188976 
vn 0.755906 -0.322835 -0.574803 
vn 0.0629921 -0.976378 -0.220472 
vn 0.15748 -0.834646 -0.527559 
vn 0.267717 -0.322835 -0.905512 
vn 0.535433 -0.322835 -0.779528 
vn 0.283465 0 -0.96063 
vn 0.566929 0 -0.818898 
vn 0.267717 -0.322835 -0.905512 
vn -0.023622 0 -1 
vn -0.023622 -0.322835 -0.944882 
vn 0.15748 -0.834646 -0.527559 
vn -0.00787402 -0.976378 -0.228346 
vn -0.015748 -0.834646 -0.551181 
vn 0.338583 -0.700787 0.622047 
vn 0.307087 -0.76378 0.574803 
vn 0.338583 -0.700787 0.622047 
vn 0.307087 -0.76378 0.574803 
vn 0.629921 0.496063 0.598425 
vn 0.653543 0.433071 0.622047 
vn 0.629921 0.496063 0.598425 
vn 0.653543 0.433071 0.622047 
vn 0.425197 0.15748 -0.889764 
vn 0.425197 0.15748 -0.889764 
vn 0.425197 0.15748 -0.889764 
vn 0.425197 0.15748 -0.889764 
vn -0.401575 0.377953 0.834646 
vn -0.409449 0.322835 0.850394 
vn -0.401575 0.377953 0.834646 
vn -0.409449 0.322835 0.850394 
vn -0.433071 -0.0787402 0.897638 
vn -0.425197 -0.15748 0.889764 
vn -0.425197 -0.15748 0.889764 
vn -0.433071 -0.0787402 0.897638 
vn 0.755906 0.551181 0.362205 
vn 0.787402 0.496063 0.377953 
vn 0.755906 0.551181 0.362205 
vn 0.787402 0.496063 0.377953 
vn -0.125984 -0.307087 0.944882 
vn -0.11811 -0.448819 0.88189 
vn -0.11811 -0.448819 0.88189 
vn -0.125984 -0.307087 0.944882 
vn 0.181102 -0.15748 0.968504 
vn 0.173228 -0.23622 0.952756 
vn 0.181102 -0.15748 0.968504 
vn 0.173228 -0.23622 0.952756 
vn 0.574803 0.614173 0.543307 
vn 0.535433 0.677165 0.511811 
vn 0.574803 0.614173 0.543307 
vn 0.535433 0.677165 0.511811 
vn -0.377953 0.496063 0.779528 
vn -0.377953 0.496063 0.779528 
vn -0.377953 0.496063 0.779528 
vn -0.377953 0.496063 0.779528 
vn 0.425197 -0.15748 -0.889764 
vn 0.409449 -0.307087 -0.858268 
vn 0.409449 -0.307087 -0.858268 
vn 0.425197 -0.15748 -0.889764 
vn 0.503937 0.251969 0.826772 
vn 0.503937 0.251969 0.826772 
vn 0.503937 0.251969 0.826772 
vn 0.503937 0.251969 0.826772 
vn 0.503937 0.251969 0.826772 
vn 0.503937 0.251969 0.826772 
vn 0.503937 0.251969 0.826772 
vn 0.503937 0.251969 0.826772 
vn 0.944882 -0.307087 0.125984 
vn 0.88189 -0.448819 0.11811 
vn 0.88189 -0.448819 0.11811 
vn 0.944882 -0.307087 0.125984 
vn 0.874016 -0.23622 0.417323 
vn 0.858268 -0.307087 0.409449 
vn 0.858268 -0.307087 0.409449 
vn 0.874016 -0.23622 0.417323 
vn 0.645669 -0.448819 0.614173 
vn 0.692913 -0.307087 0.653543 
vn 0.692913 -0.307087 0.653543 
vn 0.645669 -0.448819 0.614173 
vn -0.559055 -0.582677 0.590551 
vn -0.614173 -0.448819 0.645669 
vn -0.614173 -0.448819 0.645669 
vn -0.559055 -0.582677 0.590551 
vn 0.448819 0.322835 0.834646 
vn 0.433071 0.433071 0.795276 
vn 0.433071 0.433071 0.795276 
vn 0.448819 0.322835 0.834646 
vn -0.984252 0.133858 0.0708661 
vn -1 0.00787402 -0.0629921 
vn -1 0.00787402 -0.0629921 
vn -1 0.00787402 -0.0629921 
vn -1 0.0551181 -0.00787402 
vn -0.976378 0.19685 -0.015748 
vn -0.968504 0.23622 -0.0787402 
vn -0.968504 0.244094 -0.0787402 
vn -0.968504 0.244094 -0.0787402 
vn 0.929134 0.322835 -0.173228 
vn 0.96063 0.212598 -0.173228 
vn 0.96063 0.212598 -0.173228 
vn 0.929134 0.322835 -0.173228 
vn -0.0787402 -0.76378 0.637795 
vn -0.0787402 -0.76378 0.637795 
vn -0.0866142 -0.700787 0.708661 
vn -0.0866142 -0.700787 0.708661 
vn 0.362205 -0.645669 0.669291 
vn 0.362205 -0.645669 0.669291 
vn 0.338583 -0.700787 0.622047 
vn 0.338583 -0.700787 0.622047 
vn 0.433071 -0.015748 -0.897638 
vn 0.425197 -0.15748 -0.889764 
vn 0.425197 -0.15748 -0.889764 
vn 0.433071 -0.015748 -0.897638 
vn -0.409449 0.322835 0.850394 
vn -0.425197 0.212598 0.88189 
vn -0.409449 0.322835 0.850394 
vn -0.425197 0.212598 0.88189 
vn 0.181102 -0.0787402 0.984252 
vn 0.181102 -0.15748 0.968504 
vn 0.181102 -0.0787402 0.984252 
vn 0.181102 -0.15748 0.968504 
vn -0.992126 0.00787402 0.110236 
vn -0.992126 0.133858 -0.023622 
vn -0.992126 0.00787402 0.110236 
vn -0.992126 0.00787402 0.110236 
vn -1 0.0551181 0.0551181 
vn -0.976378 0.19685 0.0629921 
vn -0.96063 0.23622 0.125984 
vn -0.96063 0.244094 0.125984 
vn -0.96063 0.244094 0.125984 
vn -0.133858 -0.15748 0.976378 
vn -0.125984 -0.307087 0.944882 
vn -0.125984 -0.307087 0.944882 
vn -0.133858 -0.15748 0.976378 
vn 0.322835 0.76378 0.559055 
vn 0.322835 0.76378 0.559055 
vn 0.322835 0.76378 0.559055 
vn 0.322835 0.76378 0.559055 
vn 0.322835 0.76378 0.559055 
vn 0.322835 0.76378 0.559055 
vn 0.322835 0.76378 0.559055 
vn 0.322835 0.76378 0.559055 
vn 0.322835 0.76378 0.559055 
vn 0.322835 0.76378 0.559055 
vn 0.322835 0.76378 0.559055 
vn 0.322835 0.76378 0.559055 
vn 0.322835 0.76378 0.559055 
vn 0.322835 0.76378 0.559055 
vn 0.322835 0.76378 0.559055 
vn 0.322835 0.76378 0.559055 
vn 0.322835 0.76378 0.559055 
vn 0.322835 0.76378 0.559055 
vn 0.96063 0.212598 -0.173228 
vn 0.968504 0.15748 -0.181102 
vn 0.968504 0.15748 -0.181102 
vn 0.96063 0.212598 -0.173228 
vn 0.834646 0.322835 -0.448819 
vn 0.818898 0.377953 -0.440945 
vn 0.818898 0.377953 -0.440945 
vn 0.834646 0.322835 -0.448819 
vn 0.779528 0.614173 0.11811 
vn 0.779528 0.614173 0.11811 
vn 0.779528 0.614173 0.11811 
vn 0.779528 0.614173 0.11811 
vn 0.937008 -0.307087 -0.173228 
vn 0.905512 -0.377953 -0.165354 
vn 0.937008 -0.307087 -0.173228 
vn 0.905512 -0.377953 -0.165354 
vn -0.614173 -0.448819 0.645669 
vn -0.653543 -0.307087 0.685039 
vn -0.653543 -0.307087 0.685039 
vn -0.614173 -0.448819 0.645669 
vn -0.425197 0.212598 0.88189 
vn -0.425197 0.15748 0.889764 
vn -0.425197 0.212598 0.88189 
vn -0.425197 0.15748 0.889764 
vn 0.433071 0.0551181 -0.897638 
vn 0.433071 -0.015748 -0.897638 
vn 0.433071 0.0551181 -0.897638 
vn 0.433071 -0.015748 -0.897638 
vn -0.669291 0.267717 0.700787 
vn -0.669291 0.267717 0.700787 
vn -0.669291 0.267717 0.700787 
vn -0.669291 0.267717 0.700787 
vn 0.685039 0.322835 0.653543 
vn 0.653543 0.433071 0.622047 
vn 0.653543 0.433071 0.622047 
vn 0.685039 0.322835 0.653543 
vn 0.976378 -0.15748 0.133858 
vn 0.944882 -0.307087 0.125984 
vn 0.944882 -0.307087 0.125984 
vn 0.976378 -0.15748 0.133858 
vn 0.866142 0.496063 0.110236 
vn 0.897638 0.425197 0.125984 
vn 0.866142 0.496063 0.110236 
vn 0.897638 0.425197 0.125984 
vn 0.448819 0.322835 0.834646 
vn 0.464567 0.212598 0.858268 
vn 0.464567 0.212598 0.858268 
vn 0.448819 0.322835 0.834646 
vn 0.708661 -0.23622 0.669291 
vn 0.692913 -0.307087 0.653543 
vn 0.692913 -0.307087 0.653543 
vn 0.708661 -0.23622 0.669291 
vn -0.0944882 -0.645669 0.755906 
vn -0.0866142 -0.700787 0.708661 
vn -0.0866142 -0.700787 0.708661 
vn -0.0944882 -0.645669 0.755906 
vn -0.566929 0.0551181 0.818898 
vn -0.692913 0.0551181 0.724409 
vn -0.566929 0.0551181 0.818898 
vn -0.692913 0.0551181 0.724409 
vn -0.133858 -0.0787402 0.984252 
vn -0.133858 -0.15748 0.976378 
vn -0.133858 -0.15748 0.976378 
vn -0.133858 -0.0787402 0.984252 
vn 0.834646 0.322835 -0.448819 
vn 0.850394 0.267717 -0.456693 
vn 0.850394 0.267717 -0.456693 
vn 0.834646 0.322835 -0.448819 
vn -0.685039 -0.15748 0.716535 
vn -0.653543 -0.307087 0.685039 
vn -0.653543 -0.307087 0.685039 
vn -0.685039 -0.15748 0.716535 
vn 0.464567 0.212598 0.858268 
vn 0.472441 0.15748 0.866142 
vn 0.472441 0.15748 0.866142 
vn 0.464567 0.212598 0.858268 
vn 0.968504 -0.15748 -0.181102 
vn 0.937008 -0.307087 -0.173228 
vn 0.968504 -0.15748 -0.181102 
vn 0.937008 -0.307087 -0.173228 
vn 0.992126 -0.0787402 0.133858 
vn 0.976378 -0.15748 0.133858 
vn 0.976378 -0.15748 0.133858 
vn 0.992126 -0.0787402 0.133858 
vn 0.181102 0.110236 0.976378 
vn 0.181102 0.0551181 0.984252 
vn 0.181102 0.0551181 0.984252 
vn 0.181102 0.102362 0.976378 
vn 0.181102 0.15748 0.968504 
vn 0.181102 0.102362 0.976378 
vn 0.181102 0.110236 0.976378 
vn 0.181102 0.15748 0.968504 
vn 0.700787 0.267717 0.661417 
vn 0.685039 0.322835 0.653543 
vn 0.685039 0.322835 0.653543 
vn 0.700787 0.267717 0.661417 
vn 0.165354 -0.385827 0.905512 
vn 0.165354 -0.385827 0.905512 
vn 0.165354 -0.385827 0.905512 
vn 0.165354 -0.385827 0.905512 
vn -0.685039 -0.0787402 0.724409 
vn -0.685039 -0.15748 0.716535 
vn -0.685039 -0.0787402 0.724409 
vn -0.685039 -0.15748 0.716535 
vn 0.724409 -0.0787402 0.685039 
vn 0.724409 -0.0787402 0.685039 
vn 0.724409 -0.0787402 0.685039 
vn 0.724409 -0.0787402 0.685039 
vn 0.503937 0.251969 0.826772 
vn 0.503937 0.251969 0.826772 
vn 0.503937 0.251969 0.826772 
vn 0.503937 0.251969 0.826772 
vn 0.503937 0.251969 0.826772 
vn 0.503937 0.251969 0.826772 
vn 0.503937 0.251969 0.826772 
vn 0.503937 0.251969 0.826772 
vn 0.503937 0.251969 0.826772 
vn 0.503937 0.251969 0.826772 
vn 0.503937 0.251969 0.826772 
vn 0.503937 0.251969 0.826772 
vn 0.503937 0.251969 0.826772 
vn 0.503937 0.251969 0.826772 
vn 0.503937 0.251969 0.826772 
vn 0.503937 0.251969 0.826772 
vn 0.503937 0.251969 0.826772 
vn 0.503937 0.251969 0.826772 
vn 0.984252 -0.015748 -0.181102 
vn 0.968504 -0.15748 -0.181102 
vn 0.984252 -0.015748 -0.181102 
vn 0.968504 -0.15748 -0.181102 
vn -0.133858 0.480315 0.866142 
vn -0.125984 0.425197 0.897638 
vn -0.133858 0.480315 0.866142 
vn -0.125984 0.425197 0.897638 
vn -0.181102 -0.92126 -0.338583 
vn -0.220472 -0.889764 -0.401575 
vn -0.220472 -0.889764 -0.401575 
vn -0.181102 -0.92126 -0.338583 
vn -0.566929 0.0551181 0.818898 
vn -0.283465 0.0551181 0.96063 
vn -0.283465 0.0551181 0.96063 
vn -0.566929 0.0551181 0.818898 
vn -0.362205 -0.645669 -0.669291 
vn -0.362205 -0.645669 -0.669291 
vn -0.338583 -0.700787 -0.622047 
vn -0.338583 -0.700787 -0.622047 
vn -0.338583 -0.700787 -0.622047 
vn -0.283465 -0.80315 -0.519685 
vn -0.283465 -0.80315 -0.519685 
vn -0.338583 -0.700787 -0.622047 
vn -0.283465 -0.80315 -0.519685 
vn -0.220472 -0.889764 -0.401575 
vn -0.220472 -0.889764 -0.401575 
vn -0.283465 -0.80315 -0.519685 
vn 0.716535 -0.559055 0.409449 
vn 0.716535 -0.559055 0.409449 
vn 0.716535 -0.559055 0.409449 
vn 0.716535 -0.559055 0.409449 
vn 0.716535 -0.559055 0.409449 
vn 0.716535 -0.559055 0.409449 
vn 0.716535 -0.559055 0.409449 
vn 0.716535 -0.559055 0.409449 
vn 0.897638 0.425197 0.125984 
vn 0.92126 0.354331 0.141732 
vn 0.897638 0.425197 0.125984 
vn 0.92126 0.354331 0.141732 
vn 0.181102 -0.732283 0.653543 
vn 0.181102 -0.732283 0.653543 
vn 0.181102 -0.732283 0.653543 
vn 0.181102 -0.732283 0.653543 
vn 0.181102 -0.732283 0.653543 
vn 0.181102 -0.732283 0.653543 
vn 0.181102 -0.732283 0.653543 
vn 0.181102 -0.732283 0.653543 
vn 0.889764 0.15748 0.425197 
vn 0.889764 0.15748 0.425197 
vn 0.889764 0.15748 0.425197 
vn 0.889764 0.15748 0.425197 
vn 0.984252 0.0551181 -0.181102 
vn 0.984252 -0.015748 -0.181102 
vn 0.984252 -0.015748 -0.181102 
vn 0.984252 0.0551181 -0.181102 
vn 0.440945 -0.433071 0.787402 
vn 0.417323 -0.511811 0.748031 
vn 0.433071 -0.440945 0.787402 
vn 0.417323 -0.511811 0.748031 
vn 0.0472441 -0.92126 -0.377953 
vn 0.0472441 -0.92126 -0.377953 
vn 0.0472441 -0.92126 -0.377953 
vn 0.0472441 -0.92126 -0.377953 
vn -0.582677 -0.80315 0.110236 
vn -0.511811 -0.850394 0.0944882 
vn -0.511811 -0.850394 0.0944882 
vn -0.582677 -0.80315 0.110236 
vn -0.283465 0.0551181 0.96063 
vn -0.133858 0.0551181 0.992126 
vn -0.133858 0.0551181 0.992126 
vn -0.283465 0.0551181 0.96063 
vn -0.700787 -0.700787 0.125984 
vn -0.582677 -0.80315 0.110236 
vn -0.582677 -0.80315 0.110236 
vn -0.700787 -0.700787 0.125984 
vn -0.125984 0.425197 0.897638 
vn -0.125984 0.322835 0.937008 
vn -0.125984 0.425197 0.897638 
vn -0.125984 0.322835 0.937008 
vn 0.905512 -0.015748 0.433071 
vn 0.897638 -0.0787402 0.433071 
vn 0.897638 -0.0787402 0.433071 
vn 0.905512 -0.015748 0.433071 
vn 0.724409 0.669291 -0.133858 
vn 0.669291 0.732283 -0.125984 
vn 0.669291 0.732283 -0.125984 
vn 0.724409 0.669291 -0.133858 
vn -0.748031 -0.645669 0.133858 
vn -0.700787 -0.700787 0.125984 
vn -0.748031 -0.645669 0.133858 
vn -0.700787 -0.700787 0.125984 
vn 0.456693 -0.299213 0.834646 
vn 0.433071 -0.440945 0.787402 
vn 0.456693 -0.299213 0.834646 
vn 0.440945 -0.433071 0.787402 
vn 0.480315 -0.015748 0.88189 
vn 0.472441 -0.0787402 0.874016 
vn 0.480315 -0.015748 0.88189 
vn 0.472441 -0.0787402 0.874016 
vn 0.897638 0.0551181 0.433071 
vn 0.905512 -0.015748 0.433071 
vn 0.897638 0.0551181 0.433071 
vn 0.905512 -0.015748 0.433071 
vn -0.125984 0.322835 0.937008 
vn -0.125984 0.212598 0.968504 
vn -0.125984 0.322835 0.937008 
vn -0.125984 0.212598 0.968504 
vn 0.480315 0.0551181 0.874016 
vn 0.480315 -0.015748 0.88189 
vn 0.480315 -0.015748 0.88189 
vn 0.480315 0.0551181 0.874016 
vn 0.952756 0.283465 0.11811 
vn 0.968504 0.212598 0.11811 
vn 0.952756 0.283465 0.11811 
vn 0.968504 0.212598 0.11811 
vn 0.464567 -0.23622 0.858268 
vn 0.456693 -0.299213 0.834646 
vn 0.464567 -0.23622 0.858268 
vn 0.456693 -0.299213 0.834646 
vn 0.464567 -0.850394 -0.251969 
vn 0.519685 -0.80315 -0.283465 
vn 0.519685 -0.80315 -0.283465 
vn 0.464567 -0.850394 -0.251969 
vn -0.125984 0.212598 0.968504 
vn -0.133858 0.15748 0.976378 
vn -0.125984 0.212598 0.968504 
vn -0.133858 0.15748 0.976378 
vn 0.716535 -0.559055 0.409449 
vn 0.716535 -0.559055 0.409449 
vn 0.716535 -0.559055 0.409449 
vn 0.716535 -0.559055 0.409449 
vn 0.716535 -0.559055 0.409449 
vn 0.716535 -0.559055 0.409449 
vn 0.716535 -0.559055 0.409449 
vn 0.716535 -0.559055 0.409449 
vn 0.716535 -0.559055 0.409449 
vn 0.716535 -0.559055 0.409449 
vn 0.716535 -0.559055 0.409449 
vn 0.716535 -0.559055 0.409449 
vn 0.716535 -0.559055 0.409449 
vn 0.716535 -0.559055 0.409449 
vn 0.716535 -0.559055 0.409449 
vn 0.716535 -0.559055 0.409449 
vn 0.716535 -0.559055 0.409449 
vn 0.716535 -0.559055 0.409449 
vn 0.377953 0.496063 -0.779528 
vn 0.393701 0.433071 -0.811024 
vn 0.377953 0.496063 -0.779528 
vn 0.393701 0.433071 -0.811024 
vn 0.181102 -0.732283 0.653543 
vn 0.181102 -0.732283 0.653543 
vn 0.181102 -0.732283 0.653543 
vn 0.181102 -0.732283 0.653543 
vn 0.181102 -0.732283 0.653543 
vn 0.181102 -0.732283 0.653543 
vn 0.181102 -0.732283 0.653543 
vn 0.181102 -0.732283 0.653543 
vn 0.181102 -0.732283 0.653543 
vn 0.181102 -0.732283 0.653543 
vn 0.181102 -0.732283 0.653543 
vn 0.181102 -0.732283 0.653543 
vn 0.181102 -0.732283 0.653543 
vn 0.181102 -0.732283 0.653543 
vn 0.181102 -0.732283 0.653543 
vn 0.181102 -0.732283 0.653543 
vn 0.181102 -0.732283 0.653543 
vn 0.181102 -0.732283 0.653543 
vn 0.968504 0.212598 0.11811 
vn 0.984252 0.0944882 0.125984 
vn 0.968504 0.212598 0.11811 
vn 0.984252 0.0944882 0.125984 
vn 0.984252 0.0944882 0.125984 
vn 0.992126 0.0551181 0.133858 
vn 0.984252 0.0944882 0.125984 
vn 0.992126 0.0551181 0.133858 
vn 0.519685 -0.80315 -0.283465 
vn 0.574803 -0.755906 -0.307087 
vn 0.574803 -0.755906 -0.307087 
vn 0.519685 -0.80315 -0.283465 
vn 0.535433 -0.80315 0.251969 
vn 0.472441 -0.850394 0.228346 
vn 0.472441 -0.850394 0.228346 
vn 0.535433 -0.80315 0.251969 
vn 0.818898 0.551181 -0.149606 
vn 0.724409 0.669291 -0.133858 
vn 0.724409 0.669291 -0.133858 
vn 0.818898 0.551181 -0.149606 
vn 0.393701 0.433071 -0.811024 
vn 0.409449 0.322835 -0.850394 
vn 0.393701 0.433071 -0.811024 
vn 0.409449 0.322835 -0.850394 
vn -0.614173 0.732283 -0.291339 
vn -0.614173 0.732283 -0.291339 
vn -0.614173 0.732283 -0.291339 
vn -0.614173 0.732283 -0.291339 
vn 0.11811 -0.76378 0.637795 
vn 0.125984 -0.700787 0.700787 
vn 0.125984 -0.700787 0.700787 
vn 0.11811 -0.76378 0.637795 
vn 0.409449 0.322835 -0.850394 
vn 0.417323 0.267717 -0.866142 
vn 0.409449 0.322835 -0.850394 
vn 0.417323 0.267717 -0.866142 
vn 0.149606 0.551181 0.818898 
vn 0.141732 0.614173 0.771654 
vn 0.141732 0.614173 0.771654 
vn 0.149606 0.551181 0.818898 
vn 0.590551 -0.755906 0.283465 
vn 0.535433 -0.80315 0.251969 
vn 0.535433 -0.80315 0.251969 
vn 0.590551 -0.755906 0.283465 
vn 0.149606 -0.582677 0.795276 
vn 0.125984 -0.700787 0.700787 
vn 0.149606 -0.582677 0.795276 
vn 0.125984 -0.700787 0.700787 
vn 0.818898 0.551181 -0.149606 
vn 0.858268 0.496063 -0.15748 
vn 0.858268 0.496063 -0.15748 
vn 0.818898 0.551181 -0.149606 
vn -0.937008 0.338583 0.023622 
vn -0.685039 0.685039 -0.244094 
vn -0.708661 0.669291 -0.244094 
vn -0.685039 0.685039 -0.244094 
vn -0.96063 0.267717 0.023622 
vn -0.692913 0.669291 0.275591 
vn -0.669291 0.685039 0.275591 
vn -0.669291 0.685039 0.275591 
vn 0.15748 -0.519685 0.84252 
vn 0.149606 -0.582677 0.795276 
vn 0.15748 -0.519685 0.84252 
vn 0.149606 -0.582677 0.795276 
vn -0.125984 0.96063 -0.23622 
vn -0.125984 0.96063 -0.23622 
vn -0.125984 0.96063 -0.23622 
vn -0.125984 0.96063 -0.23622 
vn 0.149606 0.551181 0.818898 
vn 0.15748 0.496063 0.858268 
vn 0.15748 0.496063 0.858268 
vn 0.149606 0.551181 0.818898 
vn 0.669291 0.732283 -0.125984 
vn 0.669291 0.732283 -0.125984 
vn 0.669291 0.732283 -0.125984 
vn 0.669291 0.732283 -0.125984 
vn -0.535433 0.787402 0.291339 
vn -0.535433 0.787402 0.291339 
vn -0.535433 0.787402 0.291339 
vn -0.535433 0.787402 0.291339 
vn 0.314961 0.677165 -0.661417 
vn 0.314961 0.677165 -0.661417 
vn 0.314961 0.677165 -0.661417 
vn 0.314961 0.677165 -0.661417 
vn 0.11811 -0.606299 -0.787402 
vn 0.629921 -0.023622 -0.779528 
vn 0.102362 -0.551181 -0.826772 
vn 0.677165 -0.00787402 -0.740157 
vn 0.795276 0.535433 -0.275591 
vn 0.771654 0.598425 -0.19685 
vn 0.393701 0.818898 0.417323 
vn 0.566929 -0.0393701 -0.818898 
vn 0.952756 0.275591 -0.102362 
vn 0.291339 -0.811024 -0.503937 
vn -0.496063 -0.771654 -0.393701 
vn -0.511811 -0.80315 -0.314961 
vn -0.811024 -0.464567 0.362205 
vn -0.795276 -0.519685 0.314961 
vn -0.874016 -0.488189 0 
vn -0.401575 -0.850394 -0.354331 
vn -0.291339 -0.889764 -0.346457 
vn -0.732283 -0.173228 -0.661417 
vn 0.275591 -0.952756 0.11811 
vn 0.834646 -0.527559 0.133858 
vn 0.00787402 -0.858268 -0.511811 
vn 0.0866142 -0.165354 -0.984252 
vn -0.0393701 -0.976378 0.220472 
vn 0.551181 -0.393701 -0.732283 
vn 0.669291 -0.543307 0.503937 
vn -0.0314961 -0.582677 0.811024 
vn -0.748031 -0.456693 0.480315 
vn -0.503937 -0.858268 -0.0393701 
vn 0 -0.84252 -0.535433 
vn -0.00787402 0.110236 0.992126 
vn 0.748031 0.149606 0.645669 
vn 0.622047 0.748031 0.244094 
vn 0.433071 0.779528 0.440945 
vn 0.480315 0.779528 0.409449 
vn -0.11811 0.874016 0.464567 
vn -0.102362 0.551181 0.826772 
vn -0.15748 0.622047 0.771654 
vn -0.629921 0.133858 0.76378 
vn -0.606299 0.0393701 0.795276 
vn -0.811024 -0.464567 0.362205 
vn -0.795276 -0.519685 0.314961 
vn -0.582677 -0.0472441 0.811024 
vn -0.874016 -0.488189 0 
vn -0.0944882 0.992126 -0.023622 
vn -0.551181 0.669291 -0.496063 
vn -0.858268 0.464567 -0.228346 
vn -0.732283 -0.173228 -0.661417 
vn 0.015748 0.755906 0.653543 
vn -0.015748 1 -0.0551181 
vn -0.0314961 0.669291 -0.740157 
vn 0.0866142 -0.165354 -0.984252 
vn -0.181102 0.787402 0.582677 
vn -0.614173 0.204724 0.76378 
vn 0.220472 0.976378 -0.015748 
vn -0.23622 0.503937 0.826772 
vn -0.779528 0.409449 0.464567 
vn 0.834646 0.377953 0.401575 
vn 0.858268 0.322835 0.409449 
vn 0.834646 0.377953 0.401575 
vn 0.858268 0.322835 0.409449 
vn 0.0787402 0.897638 0.425197 
vn 0.0787402 0.897638 0.425197 
vn 0.0787402 0.897638 0.425197 
vn 0.0787402 0.897638 0.425197 
vn -0.314961 0.740157 -0.590551 
vn -0.314961 0.740157 -0.590551 
vn -0.314961 0.740157 -0.590551 
vn -0.314961 0.740157 -0.590551 
vn 0.11811 -0.629921 0.771654 
vn 0.0629921 -0.480315 0.874016 
vn 0.685039 0.00787402 0.732283 
vn -0.606299 -0.653543 0.448819 
vn -0.582677 -0.685039 0.433071 
vn 0.755906 -0.165354 0.629921 
vn 0.866142 0.488189 0.110236 
vn 0.165354 -0.88189 0.440945 
vn -0.590551 -0.716535 0.370079 
vn -0.535433 -0.76378 0.362205 
vn 0.173228 -0.968504 0.19685 
vn -0.519685 -0.76378 0.377953 
vn 0.11811 -0.976378 0.188976 
vn 0.732283 -0.669291 -0.110236 
vn 0.787402 -0.606299 -0.0866142 
vn 0.937008 0.0629921 -0.354331 
vn 0.850394 -0.472441 0.228346 
vn 0.937008 0.125984 -0.322835 
vn 0.519685 0.779528 -0.354331 
vn 0.527559 0.76378 -0.370079 
vn 0.952756 0.251969 -0.141732 
vn -0.212598 0.968504 -0.149606 
vn 0.913386 0.401575 0.0787402 
vn 0.472441 0.787402 -0.401575 
vn 0.503937 0.700787 -0.496063 
vn 0.519685 0.653543 -0.559055 
vn -0.0787402 0.464567 -0.88189 
vn -0.165354 0.606299 -0.771654 
vn -0.19685 0.96063 -0.188976 
vn -0.251969 0.866142 -0.433071 
vn -0.748031 0.188976 -0.637795 
vn -0.622047 0.0551181 -0.779528 
vn -0.84252 0.488189 -0.23622 
vn -0.795276 0.598425 0.0866142 
vn -0.818898 0.551181 0.165354 
vn -0.984252 -0.15748 0.0866142 
vn -0.944882 -0.110236 0.314961 
vn -0.913386 -0.173228 0.370079 
vn -0.519685 -0.76378 0.377953 
vn -0.535433 -0.76378 0.362205 
vn -0.590551 -0.716535 0.370079 
vn -0.582677 -0.685039 0.433071 
vn -0.929134 -0.338583 -0.15748 
vn -0.606299 -0.653543 0.448819 
vn -0.874016 -0.401575 -0.267717 
vn -0.023622 0 -1 
vn -0.023622 -0.015748 -1 
vn -0.0314961 -0.0472441 -1 
vn -0.0314961 -0.0472441 -1 
vn -0.015748 0.0629921 -1 
vn -0.015748 0.0629921 -1 
vn 0 0.125984 -0.992126 
vn 0 0.125984 -0.992126 
vn 0.00787402 0.188976 -0.984252 
vn 0.00787402 0.188976 -0.984252 
vn 0.015748 0.220472 -0.976378 
vn 0.015748 0.220472 -0.976378 
vn 0.488189 0.732283 0.464567 
vn 0.488189 0.732283 0.464567 
vn 0.488189 0.732283 0.464567 
vn 0.488189 0.732283 0.464567 
vn 0.0629921 0.992126 0.0629921 
vn 0.0629921 0.992126 0.0629921 
vn 0.0629921 0.992126 0.0629921 
vn 0.0629921 0.992126 0.0629921 
vn 0.173228 0.259843 0.952756 
vn 0.173228 0.259843 0.952756 
vn 0.173228 0.259843 0.952756 
vn 0.173228 0.259843 0.952756 
vn -1 -0.0629921 0.023622 
vn -0.826772 -0.464567 0.330709 
vn -0.834646 -0.440945 0.322835 
vn -0.826772 -0.464567 0.330709 
vn -1 0.00787402 0.023622 
vn -0.850394 -0.440945 -0.283465 
vn -0.84252 -0.464567 -0.291339 
vn -0.84252 -0.464567 -0.291339 
vn -0.440945 -0.897638 -0.0629921 
vn -0.440945 -0.897638 -0.0629921 
vn -0.440945 -0.897638 -0.0629921 
vn -0.440945 -0.897638 -0.0629921 
vn 0.858268 0.322835 0.409449 
vn 0.866142 0.267717 0.417323 
vn 0.858268 0.322835 0.409449 
vn 0.866142 0.267717 0.417323 
vn -0.275591 0.929134 -0.259843 
vn -0.275591 0.929134 -0.259843 
vn -0.275591 0.929134 -0.259843 
vn -0.275591 0.929134 -0.259843 
vn -0.283465 -0.598425 -0.748031 
vn -0.283465 -0.598425 -0.748031 
vn -0.283465 -0.598425 -0.748031 
vn -0.141732 0.614173 -0.779528 
vn -0.141732 0.614173 -0.779528 
vn -0.141732 0.614173 -0.779528 
vn -0.141732 0.614173 -0.779528 
vn 0.165354 0.984252 -0.00787402 
vn 0.165354 0.984252 -0.0551181 
vn 0.165354 0.984252 -0.0629921 
vn 0.15748 0.984252 -0.0866142 
vn 0.15748 0.984252 -0.0866142 
vn 0.165354 0.984252 -0.00787402 
vn 0.165354 0.984252 0.0472441 
vn 0.165354 0.984252 0.0551181 
vn 0.165354 0.984252 0.0787402 
vn 0.165354 0.984252 0.0787402 
vn 0.464567 0.740157 -0.488189 
vn 0.464567 0.740157 -0.488189 
vn 0.464567 0.740157 -0.488189 
vn 0.464567 0.740157 -0.488189 
vn -0.370079 -0.858268 -0.354331 
vn -0.370079 -0.858268 -0.354331 
vn -0.370079 -0.858268 -0.354331 
vn -0.370079 -0.858268 -0.354331 
vn -0.811024 0.149606 -0.559055 
vn 0 1 0 
vn -0.598425 0.15748 -0.787402 
vn -0.944882 0.149606 -0.283465 
vn 0 1 0 
vn -0.984252 0.149606 0.023622 
vn 0 1 0 
vn -0.929134 0.149606 0.330709 
vn 0 1 0 
vn -0.787402 0.149606 0.598425 
vn 0 1 0 
vn -0.559055 0.15748 0.811024 
vn 0 1 0 
vn -0.283465 0.15748 0.944882 
vn 0 1 0 
vn 0.023622 0.15748 0.984252 
vn 0 1 0 
vn 0.330709 0.15748 0.929134 
vn 0 1 0 
vn 0.598425 0.15748 0.787402 
vn 0 1 0 
vn 0.811024 0.149606 0.559055 
vn 0 1 0 
vn 0.944882 0.149606 0.283465 
vn 0 1 0 
vn 0.984252 0.149606 -0.023622 
vn 0 1 0 
vn -0.204724 0.771654 -0.606299 
vn -0.204724 0.771654 -0.606299 
vn -0.204724 0.771654 -0.606299 
vn 0.661417 0.677165 0.314961 
vn 0.661417 0.677165 0.314961 
vn 0.661417 0.677165 0.314961 
vn 0.661417 0.677165 0.314961 
vn -0.0629921 -0.992126 -0.0629921 
vn -0.0629921 -0.992126 -0.0629921 
vn -0.0629921 -0.992126 -0.0629921 
vn -0.0629921 -0.992126 -0.0629921 
vn -0.291339 0.740157 0.606299 
vn -0.291339 0.740157 0.606299 
vn -0.291339 0.740157 0.606299 
vn -0.291339 0.740157 0.606299 
vn 0.165354 -0.929134 -0.338583 
vn 0.165354 -0.929134 -0.338583 
vn 0.165354 -0.929134 -0.338583 
vn 0.165354 -0.929134 -0.338583 
vn 0.299213 0.905512 -0.307087 
vn 0.299213 0.905512 -0.307087 
vn 0.299213 0.905512 -0.307087 
vn 0.299213 0.905512 -0.307087 
vn 0.661417 0.740157 0.0866142 
vn 0.661417 0.740157 0.0866142 
vn 0.661417 0.740157 0.0866142 
vn 0.661417 0.740157 0.0866142 
vn -0.299213 0.905512 0.307087 
vn -0.299213 0.905512 0.307087 
vn -0.299213 0.905512 0.307087 
vn -0.299213 0.905512 0.307087 
vn -0.354331 -0.858268 0.370079 
vn -0.354331 -0.858268 0.370079 
vn -0.354331 -0.858268 0.370079 
vn -0.354331 -0.858268 0.370079 
vn -0.259843 0.968504 0.0472441 
vn -0.433071 0.897638 0.0787402 
vn -0.259843 0.968504 0.0472441 
vn -0.440945 0.897638 0.0787402 
vn 0.110236 0.968504 -0.23622 
vn 0.110236 0.968504 -0.23622 
vn 0.110236 0.968504 -0.23622 
vn 0.110236 0.968504 -0.23622 
vn -0.582677 -0.76378 -0.275591 
vn -0.401575 -0.897638 -0.188976 
vn -0.582677 -0.76378 -0.275591 
vn -0.401575 -0.897638 -0.188976 
vn 0.314961 0.740157 0.590551 
vn 0.314961 0.740157 0.590551 
vn 0.314961 0.740157 0.590551 
vn 0.314961 0.740157 0.590551 
vn 0.0393701 -0.952756 -0.299213 
vn 0.0629921 -0.874016 -0.480315 
vn 0.0393701 -0.952756 -0.299213 
vn 0.0629921 -0.866142 -0.496063 
vn -0.11811 -0.992126 0.023622 
vn -0.11811 -0.992126 0.023622 
vn -0.11811 -0.992126 0.023622 
vn -0.826772 0.535433 0.149606 
vn -0.826772 0.535433 0.149606 
vn -0.826772 0.535433 0.149606 
vn -0.826772 0.535433 0.149606 
vn -0.937008 0.0393701 -0.346457 
vn -0.937008 0.023622 -0.346457 
vn -0.937008 0.0393701 -0.346457 
vn -0.937008 0.0629921 -0.346457 
vn -0.937008 0.0393701 -0.346457 
vn 0.023622 -0.015748 1 
vn 0.015748 -0.0472441 1 
vn 0.015748 -0.0472441 1 
vn 0.023622 0 1 
vn 0.0314961 0.0629921 1 
vn 0.0314961 0.0629921 1 
vn 0.0472441 0.125984 0.992126 
vn 0.0472441 0.125984 0.992126 
vn 0.0551181 0.188976 0.984252 
vn 0.0551181 0.188976 0.976378 
vn 0.0629921 0.220472 0.976378 
vn 0.0629921 0.220472 0.976378 
vn 0.661417 -0.653543 -0.354331 
vn 0.661417 -0.653543 -0.354331 
vn 0.661417 -0.653543 -0.354331 
vn 0.661417 -0.653543 -0.354331 
vn -0.165354 -0.984252 0.0551181 
vn -0.165354 -0.984252 0 
vn -0.165354 -0.984252 0 
vn -0.165354 -0.984252 -0.0472441 
vn -0.165354 -0.984252 0.0629921 
vn -0.15748 -0.984252 0.0866142 
vn -0.15748 -0.984252 0.0866142 
vn -0.165354 -0.984252 -0.0551181 
vn -0.165354 -0.984252 -0.0787402 
vn -0.165354 -0.984252 -0.0787402 
vn -0.393701 -0.897638 0.212598 
vn -0.393701 -0.897638 0.212598 
vn -0.566929 -0.76378 0.307087 
vn -0.566929 -0.76378 0.307087 
vn -0.110236 -0.598425 0.795276 
vn -0.0866142 -0.76378 0.637795 
vn -0.0866142 -0.76378 0.637795 
vn -0.110236 -0.598425 0.795276 
vn 0.929134 0.149606 -0.330709 
vn 0 1 0 
vn 0.984252 0.149606 -0.023622 
vn 0.787402 0.149606 -0.598425 
vn 0 1 0 
vn 0.559055 0.15748 -0.811024 
vn 0 1 0 
vn 0.283465 0.15748 -0.944882 
vn 0 1 0 
vn -0.023622 0.15748 -0.984252 
vn 0 1 0 
vn -0.330709 0.15748 -0.929134 
vn 0 1 0 
vn 0 1 0 
vn -0.0708661 0.992126 0.0708661 
vn -0.0708661 0.992126 0.0708661 
vn -0.0708661 0.992126 0.0708661 
vn -0.0708661 0.992126 0.0708661 
vn 0.582677 0.535433 -0.614173 
vn 0.582677 0.535433 -0.614173 
vn 0.582677 0.535433 -0.614173 
vn 0.582677 0.535433 -0.614173 
vn 0.818898 -0.574803 0 
vn 0.88189 0.00787402 -0.472441 
vn 0.80315 -0.590551 0 
vn 0.866142 0.023622 -0.496063 
vn 0.267717 -0.826772 0.496063 
vn 0.409449 0.590551 -0.692913 
vn 0.251969 -0.84252 0.472441 
vn 0.905512 0.0472441 -0.417323 
vn 0.80315 -0.590551 -0.015748 
vn 0.228346 -0.889764 0.401575 
vn 0.826772 -0.559055 -0.0393701 
vn 0.23622 -0.905512 0.346457 
vn 0.913386 0.110236 -0.385827 
vn 0.440945 0.598425 -0.669291 
vn 0.488189 0.653543 -0.574803 
vn 0.511811 0.692913 -0.503937 
vn -0.141732 0.913386 -0.370079 
vn -0.204724 0.889764 -0.409449 
vn -0.244094 0.84252 -0.480315 
vn -0.259843 0.826772 -0.503937 
vn -0.795276 0.606299 -0.0393701 
vn -0.787402 0.622047 -0.00787402 
vn -0.755906 0.653543 -0.0314961 
vn -0.795276 0.606299 -0.015748 
vn -0.889764 0.0393701 0.456693 
vn -0.937008 -0.015748 0.354331 
vn -0.889764 0.00787402 0.464567 
vn -0.913386 -0.023622 0.409449 
vn -0.511811 -0.685039 0.519685 
vn -0.448819 -0.598425 0.661417 
vn -0.448819 -0.566929 0.692913 
vn 0.267717 -0.826772 0.496063 
vn 0.251969 -0.84252 0.472441 
vn -0.488189 -0.653543 0.582677 
vn 0.228346 -0.889764 0.401575 
vn 0.23622 -0.905512 0.346457 
vn -0.0944882 0.685039 0.724409 
vn -0.0944882 0.685039 0.724409 
vn -0.0944882 0.685039 0.724409 
vn -0.0944882 0.685039 0.724409 
vn -0.606299 -0.322835 -0.732283 
vn -0.0944882 0.19685 -0.976378 
vn -0.740157 -0.23622 -0.629921 
vn 0.212598 0.165354 -0.96063 
vn -0.88189 -0.472441 0.00787402 
vn -0.88189 -0.472441 0.0472441 
vn -0.889764 -0.448819 -0.0472441 
vn 0.590551 0.511811 -0.622047 
vn 0.716535 0.488189 -0.496063 
vn -0.0629921 0.110236 -0.992126 
vn -0.653543 -0.220472 -0.724409 
vn -0.472441 -0.582677 -0.661417 
vn -0.905512 -0.417323 -0.102362 
vn 0.866142 0.503937 0.0393701 
vn 0.826772 0.559055 0.015748 
vn 0.724409 0.464567 0.511811 
vn -0.401575 -0.834646 -0.377953 
vn -0.929134 -0.346457 -0.110236 
vn -0.913386 -0.401575 -0.0472441 
vn 0.700787 0.228346 0.677165 
vn 0.251969 0.141732 0.96063 
vn 0.11811 -0.188976 0.976378 
vn -0.566929 -0.338583 0.748031 
vn 0.716535 0.244094 0.653543 
vn 0.889764 0.456693 -0.0787402 
vn 0.559055 0.385827 -0.732283 
vn 0.937008 0.338583 -0.0629921 
vn 0.771654 -0.0708661 -0.637795 
vn 0.19685 -0.440945 -0.874016 
vn 0.866142 -0.417323 -0.275591 
vn 0.314961 -0.84252 -0.440945 
vn 0.267717 -0.937008 0.220472 
vn -0.425197 -0.897638 0.11811 
vn -0.944882 -0.314961 0.0314961 
vn -0.551181 -0.582677 0.590551 
vn -0.944882 -0.314961 0.00787402 
vn 0.11811 -0.543307 0.834646 
vn 0.834646 -0.503937 0.220472 
vn -0.653543 -0.291339 0.700787 
vn -0.88189 -0.464567 -0.0787402 
vn 0.00787402 -0.102362 0.992126 
vn -0.645669 -0.385827 0.661417 
vn -0.826772 -0.566929 -0.0314961 
vn -0.464567 -0.480315 0.748031 
vn 0.0393701 -0.023622 1 
vn 0.23622 0 0.976378 
vn 0.732283 -0.220472 0.645669 
vn 0.661417 0.133858 0.740157 
vn 0.637795 0.338583 0.685039 
vn 0.653543 0.401575 0.637795 
vn 0.976378 0.188976 0.102362 
vn 0.968504 0.228346 0.0944882 
vn 0.952756 0.307087 0.0708661 
vn 0.866142 0.496063 0.0314961 
vn 0.787402 0.606299 0.133858 
vn 0.645669 0.598425 -0.472441 
vn 0.637795 0.393701 -0.661417 
vn 0.0787402 0.251969 -0.968504 
vn 0.700787 0.291339 -0.653543 
vn 0.015748 0.0629921 -1 
vn -0.614173 -0.275591 -0.740157 
vn 0.637795 0.543307 -0.551181 
vn 0.464567 0.76378 0.440945 
vn 0.464567 0.76378 0.440945 
vn 0.464567 0.76378 0.440945 
vn 0.440945 -0.897638 0.0551181 
vn 0.440945 -0.897638 0.0551181 
vn 0.622047 -0.779528 0.0787402 
vn 0.622047 -0.779528 0.0787402 
vn -0.559055 0.826772 -0.0629921 
vn -0.559055 0.826772 -0.0629921 
vn -0.559055 0.826772 -0.0629921 
vn -0.559055 0.826772 -0.0629921 
vn 0.149606 0.944882 0.275591 
vn 0.149606 0.944882 0.275591 
vn 0.149606 0.944882 0.275591 
vn 0.149606 0.944882 0.275591 
vn 0.0787402 -0.897638 0.440945 
vn 0.0787402 -0.897638 0.440945 
vn 0.0787402 -0.897638 0.440945 
vn 0.0787402 -0.897638 0.440945 
vn 0.0708661 -0.992126 -0.0708661 
vn 0.0708661 -0.992126 -0.0708661 
vn 0.0708661 -0.992126 -0.0708661 
vn 0.0708661 -0.992126 -0.0708661 
vn 0.724409 0.023622 -0.692913 
vn 0.724409 0.0472441 -0.685039 
vn 0.724409 0.0393701 -0.692913 
vn 0.724409 0.0629921 -0.685039 
vn -0.00787402 1 -0.0472441 
vn -0.00787402 1 -0.0472441 
vn -0.00787402 1 -0.0472441 
vn 0.472441 0.874016 0.141732 
vn 0.488189 0.866142 0.0629921 
vn 0.488189 0.866142 0.0629921 
vn 0.472441 0.874016 0.141732 
vn 0.448819 0.866142 0.212598 
vn 0.472441 0.874016 0.141732 
vn 0.472441 0.874016 0.141732 
vn 0.448819 0.866142 0.212598 
vn -0.362205 0.535433 0.76378 
vn -0.362205 0.535433 0.76378 
vn -0.362205 0.535433 0.76378 
vn -0.362205 0.535433 0.76378 
vn -0.0393701 0.96063 0.267717 
vn -0.023622 0.984252 0.15748 
vn -0.0393701 0.96063 0.283465 
vn -0.023622 0.984252 0.15748 
vn 0.503937 -0.858268 -0.102362 
vn 0.503937 -0.858268 -0.102362 
vn 0.503937 -0.858268 -0.102362 
vn 0.503937 -0.858268 -0.102362 
vn 0.503937 -0.858268 -0.102362 
vn 0.503937 -0.858268 -0.102362 
vn 0.503937 -0.858268 -0.102362 
vn 0.503937 -0.858268 -0.102362 
vn 0.370079 -0.535433 -0.76378 
vn 0.370079 -0.535433 -0.76378 
vn 0.370079 -0.535433 -0.76378 
vn 0.370079 -0.535433 -0.76378 
vn 0.0393701 -1 -0.023622 
vn 0.0393701 -1 -0.023622 
vn 0.0393701 -1 -0.023622 
vn 0.0393701 -1 -0.023622 
vn 0.440945 -0.700787 0.559055 
vn 0.440945 -0.700787 0.559055 
vn 0.440945 -0.700787 0.559055 
vn 0.354331 0.133858 -0.92126 
vn 0.354331 0.133858 -0.92126 
vn 0.354331 0.133858 -0.92126 
vn 0.354331 0.133858 -0.92126 
vn 0.338583 -0.929134 0.15748 
vn 0.338583 -0.929134 0.15748 
vn 0.551181 -0.787402 0.259843 
vn 0.551181 -0.787402 0.259843 
vn 0.149606 0.535433 0.826772 
vn 0.149606 0.535433 0.826772 
vn 0.149606 0.535433 0.826772 
vn 0.149606 0.535433 0.826772 
vn -0.425197 -0.464567 -0.779528 
vn -0.425197 -0.464567 -0.779528 
vn -0.425197 -0.464567 -0.779528 
vn -0.425197 -0.464567 -0.779528 
vn 0.204724 -0.141732 -0.968504 
vn 0.228346 -0.102362 -0.968504 
vn 0.228346 -0.110236 -0.968504 
vn 0.244094 -0.0708661 -0.968504 
vn -0.023622 -0.992126 -0.149606 
vn -0.023622 -0.992126 -0.149606 
vn -0.023622 -0.992126 -0.149606 
vn -0.023622 -0.992126 -0.149606 
vn 0.968504 0.0629921 -0.228346 
vn 0.968504 0.0393701 -0.228346 
vn 0.968504 0.0472441 -0.228346 
vn 0.976378 0.023622 -0.228346 
vn 0.023622 -0.984252 -0.15748 
vn 0.023622 -0.984252 -0.15748 
vn 0.023622 -0.984252 -0.15748 
vn 0.023622 -0.984252 -0.15748 
vn 0.370079 -0.858268 0.354331 
vn 0.370079 -0.858268 0.354331 
vn 0.370079 -0.858268 0.354331 
vn 0.370079 -0.858268 0.354331 
vn 0.0866142 0.76378 -0.637795 
vn 0.0866142 0.76378 -0.637795 
vn 0.0866142 0.76378 -0.637795 
vn 0.0866142 0.76378 -0.637795 
vn 0.11811 -0.464567 -0.88189 
vn 0.11811 -0.464567 -0.88189 
vn 0.11811 -0.464567 -0.88189 
vn 0.11811 -0.464567 -0.88189 
vn 0.503937 -0.858268 -0.102362 
vn 0.503937 -0.858268 -0.102362 
vn 0.503937 -0.858268 -0.102362 
vn 0.503937 -0.858268 -0.102362 
vn 0.503937 -0.858268 -0.102362 
vn 0.503937 -0.858268 -0.102362 
vn 0.503937 -0.858268 -0.102362 
vn 0.503937 -0.858268 -0.102362 
vn 0.503937 -0.858268 -0.102362 
vn 0.503937 -0.858268 -0.102362 
vn 0.503937 -0.858268 -0.102362 
vn 0.503937 -0.858268 -0.102362 
vn 0.503937 -0.858268 -0.102362 
vn 0.503937 -0.858268 -0.102362 
vn 0.503937 -0.858268 -0.102362 
vn 0.503937 -0.858268 -0.102362 
vn 0.503937 -0.858268 -0.102362 
vn 0.503937 -0.858268 -0.102362 
vn -0.661417 0.653543 0.354331 
vn -0.661417 0.653543 0.354331 
vn -0.661417 0.653543 0.354331 
vn -0.661417 0.653543 0.354331 
vn -0.874016 -0.464567 0.15748 
vn -0.874016 -0.464567 0.15748 
vn -0.874016 -0.464567 0.15748 
vn -0.874016 -0.464567 0.15748 
vn 0.299213 -0.952756 -0.0551181 
vn 0.299213 -0.952756 -0.0551181 
vn 0.299213 -0.952756 -0.0551181 
vn 0.299213 -0.952756 -0.0551181 
vn -0.724409 0.0393701 -0.685039 
vn -0.795276 0.00787402 -0.606299 
vn -0.826772 0 -0.566929 
vn -0.724409 0.0314961 -0.685039 
vn -0.480315 0 -0.88189 
vn -0.480315 -0.015748 -0.88189 
vn -0.480315 -0.015748 -0.88189 
vn -0.480315 0 -0.88189 
vn -0.0393701 1 0.023622 
vn -0.0393701 1 0.023622 
vn -0.0393701 1 0.023622 
vn -0.0393701 1 0.023622 
vn -0.511811 -0.0944882 -0.850394 
vn -0.511811 -0.0866142 -0.858268 
vn -0.511811 -0.0866142 -0.858268 
vn -0.511811 -0.0944882 -0.850394 
vn -0.724409 0.023622 -0.692913 
vn -0.724409 0.023622 -0.692913 
vn -0.724409 0.023622 -0.692913 
vn -0.724409 0.023622 -0.692913 
vn -0.480315 0.023622 -0.88189 
vn -0.480315 0.015748 -0.88189 
vn -0.480315 0.023622 -0.88189 
vn -0.480315 0.015748 -0.88189 
vn 0.440945 0.897638 0.0629921 
vn 0.125984 0.992126 0.015748 
vn 0.440945 0.897638 0.0629921 
vn 0.125984 0.992126 0.015748 
vn -0.480315 0.015748 -0.88189 
vn -0.480315 0 -0.88189 
vn -0.480315 0 -0.88189 
vn -0.480315 0.015748 -0.88189 
vn -0.700787 0.0708661 -0.708661 
vn -0.700787 0.0629921 -0.708661 
vn -0.700787 0.0629921 -0.708661 
vn -0.700787 0.0708661 -0.708661 
vn -0.826772 -0.00787402 -0.559055 
vn -0.748031 0.0629921 -0.661417 
vn -0.818898 0 -0.566929 
vn -0.748031 0.0708661 -0.661417 
vn -0.503937 -0.0629921 -0.858268 
vn -0.511811 -0.0866142 -0.858268 
vn -0.511811 -0.0866142 -0.858268 
vn -0.503937 -0.0629921 -0.858268 
vn -0.228346 -0.015748 0.976378 
vn -0.228346 -0.015748 0.976378 
vn -0.228346 -0.0472441 0.976378 
vn -0.228346 0.015748 0.976378 
vn -0.897638 0.0472441 -0.440945 
vn -0.897638 0.0551181 -0.440945 
vn -0.897638 0.0551181 -0.440945 
vn -0.897638 0.0472441 -0.440945 
vn -0.535433 0.0866142 -0.84252 
vn -0.535433 0.0944882 -0.84252 
vn -0.535433 0.0944882 -0.84252 
vn -0.535433 0.0866142 -0.84252 
vn -0.488189 -0.0314961 -0.874016 
vn -0.496063 -0.0472441 -0.866142 
vn -0.496063 -0.0393701 -0.866142 
vn -0.488189 -0.0314961 -0.874016 
vn -0.700787 0.0629921 -0.708661 
vn -0.708661 0.0551181 -0.708661 
vn -0.708661 0.0551181 -0.708661 
vn -0.700787 0.0629921 -0.708661 
vn -0.496063 -0.0472441 -0.866142 
vn -0.503937 -0.0629921 -0.858268 
vn -0.503937 -0.0629921 -0.858268 
vn -0.496063 -0.0393701 -0.866142 
vn -0.818898 0 -0.566929 
vn -0.740157 0.0551181 -0.669291 
vn -0.826772 0 -0.566929 
vn -0.748031 0.0629921 -0.661417 
vn -0.897638 0.0314961 -0.440945 
vn -0.897638 0.0472441 -0.440945 
vn -0.897638 0.0472441 -0.440945 
vn -0.897638 0.0314961 -0.440945 
vn -0.897638 0.023622 -0.433071 
vn -0.897638 0.0314961 -0.440945 
vn -0.897638 0.0314961 -0.440945 
vn -0.897638 0.023622 -0.433071 
vn 0.181102 -0.141732 0.976378 
vn 0.188976 -0.19685 0.96063 
vn 0.818898 -0.228346 0.535433 
vn 0.76378 -0.244094 0.598425 
vn 0.23622 0.125984 0.96063 
vn -0.543307 -0.0551181 0.834646 
vn -0.535433 0.0314961 0.84252 
vn -0.968504 0.11811 0.228346 
vn -0.409449 0.417323 0.811024 
vn -0.952756 0.181102 0.244094 
vn -0.826772 0.228346 -0.511811 
vn -0.818898 0.228346 -0.519685 
vn -0.834646 0.496063 0.23622 
vn -0.181102 0.19685 -0.96063 
vn -0.826772 0.307087 -0.472441 
vn -0.566929 0.818898 0.0314961 
vn -0.0787402 0.826772 0.559055 
vn 0.464567 0.393701 0.795276 
vn -0.574803 0.818898 0.0472441 
vn 0.0866142 0.88189 0.464567 
vn 0.677165 0.433071 0.598425 
vn 0.0708661 0.92126 0.377953 
vn 0.732283 0.606299 0.322835 
vn 0.0314961 0.992126 0.141732 
vn -0.76378 0.377953 -0.519685 
vn -0.629921 0.740157 0.23622 
vn -0.88189 0.212598 -0.425197 
vn -0.527559 -0.314961 -0.787402 
vn -0.669291 0.716535 0.19685 
vn -0.023622 1 0.0708661 
vn -0.692913 0.700787 0.149606 
vn -0.992126 0.015748 0.149606 
vn -0.992126 0.11811 -0.0393701 
vn -0.992126 0.015748 0.133858 
vn -0.724409 -0.614173 -0.314961 
vn -0.724409 -0.692913 -0.00787402 
vn -0.724409 -0.685039 0.0629921 
vn -0.0393701 -1 -0.0629921 
vn -0.023622 -0.992126 -0.141732 
vn 0.023622 -0.929134 -0.370079 
vn -0.00787402 -0.905512 -0.417323 
vn -0.614173 -0.511811 -0.598425 
vn 0.0629921 -0.834646 -0.543307 
vn 0.393701 -0.401575 -0.826772 
vn -0.346457 -0.0551181 -0.937008 
vn -0.204724 0.149606 -0.968504 
vn 0.543307 -0.015748 -0.84252 
vn 0.566929 0.0551181 -0.826772 
vn -0.19685 0.0551181 -0.976378 
vn -0.19685 0.0472441 -0.976378 
vn -0.19685 0.0551181 -0.976378 
vn -0.19685 0.0472441 -0.976378 
vn -0.165354 -0.0551181 -0.984252 
vn -0.165354 -0.0472441 -0.984252 
vn -0.165354 -0.0472441 -0.984252 
vn -0.165354 -0.0551181 -0.984252 
vn -0.535433 0.0866142 -0.84252 
vn -0.519685 0.0708661 -0.850394 
vn -0.519685 0.0708661 -0.850394 
vn -0.535433 0.0866142 -0.84252 
vn -0.173228 -0.0314961 -0.984252 
vn -0.165354 -0.0472441 -0.984252 
vn -0.165354 -0.0472441 -0.984252 
vn -0.173228 -0.0314961 -0.984252 
vn -0.669291 0.0787402 -0.740157 
vn -0.669291 0.0866142 -0.740157 
vn -0.669291 0.0787402 -0.740157 
vn -0.669291 0.0866142 -0.740157 
vn -0.984252 -0.0787402 -0.15748 
vn -0.984252 -0.0708661 -0.149606 
vn -0.984252 -0.0708661 -0.149606 
vn -0.984252 -0.0787402 -0.15748 
vn -0.188976 0.0314961 -0.984252 
vn -0.188976 0.023622 -0.984252 
vn -0.188976 0.023622 -0.984252 
vn -0.188976 0.0314961 -0.984252 
vn -0.19685 0.0472441 -0.976378 
vn -0.188976 0.0314961 -0.984252 
vn -0.188976 0.0314961 -0.984252 
vn -0.19685 0.0472441 -0.976378 
vn -0.519685 0.0708661 -0.850394 
vn -0.519685 0.0629921 -0.850394 
vn -0.519685 0.0629921 -0.850394 
vn -0.519685 0.0708661 -0.850394 
vn -0.677165 0.0708661 -0.732283 
vn -0.669291 0.0787402 -0.740157 
vn -0.677165 0.0708661 -0.732283 
vn -0.669291 0.0787402 -0.740157 
vn -0.984252 -0.0708661 -0.149606 
vn -0.992126 -0.0472441 -0.141732 
vn -0.992126 -0.0472441 -0.141732 
vn -0.984252 -0.0708661 -0.149606 
vn -0.858268 0.0866142 -0.511811 
vn -0.850394 0.0944882 -0.519685 
vn -0.850394 0.0944882 -0.519685 
vn -0.858268 0.0866142 -0.511811 
vn 0.354331 0.858268 -0.370079 
vn 0.354331 0.858268 -0.370079 
vn 0.354331 0.858268 -0.370079 
vn 0.354331 0.858268 -0.370079 
vn -0.992126 0.0393701 -0.125984 
vn -0.992126 0.0314961 -0.125984 
vn -0.992126 0.0393701 -0.125984 
vn -0.992126 0.0314961 -0.125984 
vn -0.834646 -0.393701 -0.393701 
vn -0.834646 -0.393701 -0.393701 
vn -0.834646 -0.393701 -0.393701 
vn -0.834646 -0.393701 -0.393701 
vn -0.992126 -0.015748 -0.133858 
vn -0.992126 -0.023622 -0.141732 
vn -0.992126 -0.023622 -0.141732 
vn -0.992126 -0.015748 -0.133858 
vn -0.992126 -0.023622 -0.141732 
vn -0.992126 -0.0472441 -0.141732 
vn -0.992126 -0.0472441 -0.141732 
vn -0.992126 -0.023622 -0.141732 
vn -0.992126 0.015748 -0.125984 
vn -0.992126 0.00787402 -0.125984 
vn -0.992126 0.00787402 -0.125984 
vn -0.992126 0.015748 -0.125984 
vn -0.614173 0.527559 -0.582677 
vn -0.614173 0.527559 -0.582677 
vn -0.614173 0.527559 -0.582677 
vn -0.614173 0.527559 -0.582677 
vn -0.0944882 0.0944882 -0.992126 
vn -0.0866142 0.102362 -0.992126 
vn -0.0866142 0.102362 -0.992126 
vn -0.0944882 0.0944882 -0.992126 
vn -0.992126 0.0314961 -0.125984 
vn -0.992126 0.015748 -0.125984 
vn -0.992126 0.015748 -0.125984 
vn -0.992126 0.0314961 -0.125984 
vn -0.141732 -0.0708661 -0.984252 
vn -0.141732 -0.0708661 -0.984252 
vn -0.141732 -0.0708661 -0.984252 
vn -0.141732 -0.0708661 -0.984252 
vn -0.929134 0.0787402 -0.362205 
vn -0.929134 0.0866142 -0.354331 
vn -0.929134 0.0866142 -0.354331 
vn -0.929134 0.0787402 -0.362205 
vn 0.015748 -0.992126 0.102362 
vn 0.015748 -0.992126 0.102362 
vn 0.015748 -0.992126 0.102362 
vn 0.015748 -0.992126 0.102362 
vn -0.866142 0.0708661 -0.496063 
vn -0.858268 0.0866142 -0.511811 
vn -0.866142 0.0708661 -0.496063 
vn -0.858268 0.0866142 -0.511811 
vn -0.0551181 -1 -0.0551181 
vn -0.0551181 -1 -0.0551181 
vn -0.0551181 -1 -0.0551181 
vn -0.0551181 -1 -0.0551181 
vn -0.929134 0.0787402 -0.362205 
vn -0.929134 0.0708661 -0.370079 
vn -0.929134 0.0708661 -0.370079 
vn -0.929134 0.0787402 -0.362205 
vn -0.370079 -0.102362 -0.92126 
vn -0.346457 -0.0314961 -0.937008 
vn -0.370079 -0.102362 -0.92126 
vn -0.377953 -0.0944882 -0.92126 
vn -0.110236 0.0787402 -0.992126 
vn -0.0944882 0.0944882 -0.992126 
vn -0.0944882 0.0944882 -0.992126 
vn -0.110236 0.0787402 -0.992126 
vn -0.866142 0.0629921 -0.496063 
vn -0.866142 0.0708661 -0.496063 
vn -0.866142 0.0629921 -0.496063 
vn -0.866142 0.0708661 -0.496063 
vn 0.181102 -0.0944882 -0.976378 
vn 0.173228 -0.0866142 -0.984252 
vn 0.23622 -0.0314961 -0.968504 
vn 0.267717 -0.015748 -0.96063 
vn 0.125984 -0.015748 -0.992126 
vn 0.11811 -0.023622 -0.992126 
vn 0.11811 -0.023622 -0.992126 
vn 0.125984 -0.015748 -0.992126 
vn 0.00787402 0.992126 -0.102362 
vn 0.00787402 0.992126 -0.102362 
vn -0.0314961 0.96063 -0.275591 
vn -0.0314961 0.96063 -0.283465 
vn -0.417323 -0.0551181 -0.905512 
vn -0.362205 -0.015748 -0.929134 
vn -0.409449 -0.0629921 -0.905512 
vn -0.417323 -0.0551181 -0.905512 
vn -0.377953 -0.0944882 -0.92126 
vn -0.338583 -0.00787402 -0.944882 
vn -0.346457 -0.0314961 -0.937008 
vn -0.385827 -0.0866142 -0.92126 
vn 0.11811 -0.023622 -0.992126 
vn 0.110236 -0.0472441 -0.992126 
vn 0.110236 -0.0393701 -0.992126 
vn 0.11811 -0.023622 -0.992126 
vn -0.409449 -0.0629921 -0.905512 
vn -0.338583 0 -0.944882 
vn -0.401575 -0.0708661 -0.913386 
vn -0.362205 -0.015748 -0.929134 
vn -0.401575 -0.0708661 -0.913386 
vn -0.338583 -0.00787402 -0.944882 
vn -0.385827 -0.0866142 -0.92126 
vn -0.338583 0 -0.944882 
vn -0.11811 0.0629921 -0.992126 
vn -0.110236 0.0787402 -0.992126 
vn -0.125984 0.0629921 -0.992126 
vn -0.110236 0.0787402 -0.992126 
vn 0.149606 -0.0314961 -0.984252 
vn 0.149606 -0.0393701 -0.984252 
vn 0.15748 -0.0472441 -0.984252 
vn 0.149606 -0.0314961 -0.984252 
vn 0.15748 -0.0472441 -0.984252 
vn 0.165354 -0.0629921 -0.984252 
vn 0.165354 -0.0629921 -0.984252 
vn 0.149606 -0.0393701 -0.984252 
vn -0.992126 -0.110236 -0.0393701 
vn -0.992126 -0.102362 -0.0472441 
vn -0.992126 -0.102362 -0.0472441 
vn -0.992126 -0.110236 -0.0393701 
vn -0.125984 0.0629921 -0.992126 
vn -0.125984 0.0551181 -0.992126 
vn -0.125984 0.0551181 -0.992126 
vn -0.11811 0.0629921 -0.992126 
vn -0.637795 0.0708661 -0.76378 
vn -0.637795 0.0708661 -0.76378 
vn -0.637795 0.0708661 -0.76378 
vn -0.637795 0.0708661 -0.76378 
vn -0.984252 -0.0393701 0.173228 
vn -0.984252 -0.023622 0.173228 
vn -0.984252 -0.023622 0.173228 
vn -0.984252 -0.0393701 0.173228 
vn -0.614173 -0.464567 0.637795 
vn -0.614173 -0.464567 0.637795 
vn -0.614173 -0.464567 0.637795 
vn -0.614173 -0.464567 0.637795 
vn -0.165354 0.929134 0.338583 
vn -0.165354 0.929134 0.338583 
vn -0.165354 0.929134 0.338583 
vn -0.165354 0.929134 0.338583 
vn -0.992126 -0.0472441 -0.0944882 
vn -0.992126 -0.0551181 -0.0866142 
vn -0.992126 -0.0551181 -0.0866142 
vn -0.992126 -0.0472441 -0.0944882 
vn -0.984252 -0.015748 0.181102 
vn -0.984252 -0.023622 0.173228 
vn -0.984252 -0.023622 0.173228 
vn -0.984252 -0.015748 0.181102 
vn 0.614173 -0.527559 0.582677 
vn 0.614173 -0.527559 0.582677 
vn 0.614173 -0.527559 0.582677 
vn 0.614173 -0.527559 0.582677 
vn -0.992126 -0.102362 -0.0472441 
vn -0.992126 -0.0866142 -0.0629921 
vn -0.992126 -0.0866142 -0.0629921 
vn -0.992126 -0.102362 -0.0472441 
vn -0.976378 0.0787402 0.220472 
vn -0.968504 0.0866142 0.220472 
vn -0.968504 0.0866142 0.220472 
vn -0.976378 0.0787402 0.220472 
vn -0.984252 0.0551181 0.173228 
vn -0.992126 0.015748 0.133858 
vn -0.984252 0.0314961 0.173228 
vn -0.992126 0.023622 0.11811 
vn -0.992126 -0.0551181 -0.0866142 
vn -0.992126 -0.0708661 -0.0708661 
vn -0.992126 -0.0708661 -0.0708661 
vn -0.992126 -0.0551181 -0.0866142 
vn -0.992126 -0.0708661 -0.0708661 
vn -0.992126 -0.0866142 -0.0629921 
vn -0.992126 -0.0866142 -0.0629921 
vn -0.992126 -0.0708661 -0.0708661 
vn -0.212598 0.133858 0.968504 
vn -0.212598 0.133858 0.968504 
vn -0.212598 0.133858 0.968504 
vn -0.212598 0.133858 0.968504 
vn -0.968504 -0.0944882 0.228346 
vn -0.96063 -0.0314961 0.283465 
vn -0.968504 -0.0866142 0.220472 
vn -0.937008 0.015748 0.338583 
vn -0.0787402 0.897638 -0.440945 
vn -0.0787402 0.897638 -0.440945 
vn -0.0787402 0.897638 -0.440945 
vn -0.0787402 0.897638 -0.440945 
vn -0.291339 0.0708661 -0.952756 
vn -0.291339 0.0708661 -0.952756 
vn -0.291339 0.0708661 -0.952756 
vn -0.291339 0.0708661 -0.952756 
vn -0.937008 0.244094 0.23622 
vn -0.937008 0.244094 0.23622 
vn -0.488189 -0.023622 0.874016 
vn -0.755906 0.346457 -0.559055 
vn -0.503937 -0.015748 0.866142 
vn -0.771654 0.346457 -0.535433 
vn 0.188976 -0.204724 0.96063 
vn 0.188976 -0.204724 0.96063 
vn -0.173228 0.291339 -0.944882 
vn -0.173228 0.291339 -0.944882 
vn 0.511811 0.173228 -0.84252 
vn 0.795276 -0.19685 0.566929 
vn 0.535433 0.165354 -0.826772 
vn 0.779528 -0.204724 0.590551 
vn 0.984252 -0.023622 -0.188976 
vn 0.984252 -0.023622 -0.188976 
vn -0.84252 -0.0787402 -0.535433 
vn -0.84252 -0.0708661 -0.535433 
vn -0.84252 -0.0787402 -0.535433 
vn -0.84252 -0.0708661 -0.535433 
vn -0.992126 0.0787402 -0.0472441 
vn -0.992126 0.0787402 -0.0472441 
vn -0.992126 0.0787402 -0.0472441 
vn -0.992126 0.0787402 -0.0472441 
vn -0.850394 -0.0708661 -0.527559 
vn -0.84252 -0.0708661 -0.535433 
vn -0.84252 -0.0708661 -0.535433 
vn -0.850394 -0.0708661 -0.527559 
vn -0.440945 0.897638 -0.0551181 
vn -0.440945 0.897638 -0.0551181 
vn -0.440945 0.897638 -0.0551181 
vn -0.440945 0.897638 -0.0551181 
vn 0.204724 0.0787402 -0.976378 
vn 0.212598 0.0866142 -0.976378 
vn 0.212598 0.0866142 -0.976378 
vn 0.204724 0.0787402 -0.976378 
vn -0.976378 0.0787402 0.220472 
vn -0.976378 0.0629921 0.212598 
vn -0.976378 0.0787402 0.220472 
vn -0.976378 0.0629921 0.212598 
vn 0.385827 -0.0944882 -0.913386 
vn 0.393701 -0.0866142 -0.913386 
vn 0.393701 -0.0866142 -0.913386 
vn 0.385827 -0.0944882 -0.913386 
vn -0.944882 0.0708661 -0.322835 
vn -0.944882 0.0708661 -0.322835 
vn -0.944882 0.0708661 -0.322835 
vn -0.944882 0.0708661 -0.322835 
vn -0.401575 0.299213 -0.866142 
vn -0.401575 0.299213 -0.866142 
vn -0.401575 0.299213 -0.866142 
vn -0.850394 -0.0629921 -0.519685 
vn -0.850394 -0.0708661 -0.527559 
vn -0.850394 -0.0708661 -0.527559 
vn -0.850394 -0.0629921 -0.519685 
vn 0.346457 0.102362 -0.937008 
vn 0.354331 0.0944882 -0.929134 
vn 0.354331 0.0944882 -0.929134 
vn 0.346457 0.102362 -0.937008 
vn -0.976378 0.0629921 0.212598 
vn -0.976378 0.0472441 0.204724 
vn -0.976378 0.0472441 0.204724 
vn -0.976378 0.0629921 0.212598 
vn 0.19685 0.0708661 -0.976378 
vn 0.204724 0.0787402 -0.976378 
vn 0.19685 0.0708661 -0.976378 
vn 0.204724 0.0787402 -0.976378 
vn -0.976378 0.0472441 0.204724 
vn -0.976378 0.0393701 0.19685 
vn -0.976378 0.0393701 0.19685 
vn -0.976378 0.0472441 0.204724 
vn 0.393701 -0.0866142 -0.913386 
vn 0.401575 -0.0629921 -0.913386 
vn 0.401575 -0.0629921 -0.913386 
vn 0.393701 -0.0866142 -0.913386 
vn 0.362205 0 -0.929134 
vn 0.425197 0.023622 -0.905512 
vn 0.291339 -0.00787402 -0.96063 
vn 0.425197 0.023622 -0.905512 
vn 0.456693 -0.0787402 -0.88189 
vn 0.456693 -0.0629921 -0.889764 
vn 0.456693 -0.0708661 -0.889764 
vn 0.456693 -0.0787402 -0.88189 
vn -0.80315 -0.0629921 -0.590551 
vn -0.80315 -0.0708661 -0.590551 
vn -0.80315 -0.0708661 -0.590551 
vn -0.80315 -0.0629921 -0.590551 
vn -0.80315 -0.0629921 -0.598425 
vn -0.80315 -0.0629921 -0.590551 
vn -0.80315 -0.0629921 -0.590551 
vn -0.80315 -0.0629921 -0.598425 
vn 0.409449 -0.0472441 -0.913386 
vn 0.401575 -0.0629921 -0.913386 
vn 0.401575 -0.0629921 -0.913386 
vn 0.409449 -0.0393701 -0.913386 
vn 0.417323 -0.0314961 -0.905512 
vn 0.409449 -0.0472441 -0.913386 
vn 0.409449 -0.0393701 -0.913386 
vn 0.417323 -0.0314961 -0.905512 
vn 0.448819 -0.0472441 -0.889764 
vn 0.456693 -0.0708661 -0.889764 
vn 0.456693 -0.0629921 -0.889764 
vn 0.448819 -0.0472441 -0.889764 
vn 0.448819 -0.0314961 -0.897638 
vn 0.448819 -0.0472441 -0.889764 
vn 0.448819 -0.0472441 -0.889764 
vn 0.448819 -0.0314961 -0.897638 
vn -0.937008 0.00787402 0.338583 
vn -0.889764 0.0787402 0.456693 
vn -0.944882 -0.00787402 0.322835 
vn -0.889764 0.0629921 0.456693 
vn -0.330709 -0.015748 -0.944882 
vn -0.307087 -0.0708661 -0.952756 
vn -0.307087 -0.0708661 -0.952756 
vn -0.299213 -0.0629921 -0.952756 
vn -0.992126 0.0787402 0.0787402 
vn -0.992126 0.0787402 0.0708661 
vn -0.992126 0.0787402 0.0708661 
vn -0.992126 0.0787402 0.0787402 
vn -0.299213 -0.0629921 -0.952756 
vn -0.330709 -0.015748 -0.944882 
vn -0.299213 -0.0629921 -0.952756 
vn -0.354331 0.0314961 -0.937008 
vn -0.826772 0.102362 0.551181 
vn -0.826772 0.102362 0.551181 
vn -0.826772 0.102362 0.551181 
vn -0.937008 0 0.338583 
vn -0.889764 0.0629921 0.456693 
vn -0.937008 0.00787402 0.338583 
vn -0.88189 0.0472441 0.464567 
vn 0.503937 -0.858268 -0.0944882 
vn 0.503937 -0.858268 -0.0944882 
vn 0.629921 -0.76378 -0.11811 
vn 0.629921 -0.76378 -0.11811 
vn 0.370079 0.858268 0.354331 
vn 0.370079 0.858268 0.354331 
vn 0.370079 0.858268 0.354331 
vn 0.370079 0.858268 0.354331 
vn -0.992126 0.0708661 0.0866142 
vn -0.992126 0.0787402 0.0787402 
vn -0.992126 0.0708661 0.0866142 
vn -0.992126 0.0787402 0.0787402 
vn 0.314961 0.0314961 -0.952756 
vn 0.377953 0.0629921 -0.92126 
vn 0.322835 0.015748 -0.944882 
vn 0.362205 0.0787402 -0.929134 
vn -0.212598 0.968504 -0.102362 
vn -0.141732 0.984252 -0.0629921 
vn -0.141732 0.984252 -0.0629921 
vn -0.212598 0.968504 -0.102362 
vn -0.96063 -0.0708661 -0.259843 
vn -0.968504 -0.0629921 -0.251969 
vn -0.96063 -0.0708661 -0.259843 
vn -0.968504 -0.0629921 -0.251969 
vn -0.968504 -0.0629921 -0.251969 
vn -0.968504 -0.0629921 -0.244094 
vn -0.968504 -0.0629921 -0.244094 
vn -0.968504 -0.0629921 -0.251969 
vn -0.937008 0 0.338583 
vn -0.929134 0.00787402 0.377953 
vn -0.88189 0.0314961 0.464567 
vn -0.88189 0.0472441 0.464567 
vn -0.929134 0.00787402 0.377953 
vn -0.88189 0.023622 0.472441 
vn -0.88189 0.023622 0.472441 
vn -0.88189 0.0314961 0.464567 
vn -0.866142 0.0551181 0.488189 
vn -0.874016 0.0472441 0.488189 
vn -0.874016 0.0472441 0.488189 
vn -0.866142 0.0551181 0.488189 
vn 0.692913 0.0629921 -0.716535 
vn 0.692913 0.0551181 -0.716535 
vn 0.692913 0.0472441 -0.716535 
vn 0.692913 0.0629921 -0.716535 
vn 0.637795 -0.110236 -0.76378 
vn 0.606299 -0.0393701 -0.795276 
vn 0.645669 -0.0944882 -0.755906 
vn 0.559055 0.023622 -0.826772 
vn -0.874016 0.0472441 0.488189 
vn -0.874016 0.0393701 0.488189 
vn -0.874016 0.0393701 0.488189 
vn -0.874016 0.0472441 0.488189 
vn -0.0472441 -0.992126 -0.149606 
vn -0.0787402 -0.897638 -0.425197 
vn -0.0708661 -0.92126 -0.377953 
vn -0.0787402 -0.897638 -0.425197 
vn -0.937008 0.023622 0.346457 
vn -0.913386 0.0866142 0.401575 
vn -0.913386 0.0866142 0.401575 
vn -0.905512 0.0787402 0.409449 
vn 0.511811 0.0866142 -0.850394 
vn 0.519685 0.0944882 -0.850394 
vn 0.519685 0.0944882 -0.850394 
vn 0.511811 0.0866142 -0.858268 
vn -0.826772 0 -0.566929 
vn -0.88189 0.0866142 -0.464567 
vn -0.826772 0 -0.566929 
vn -0.874016 0.11811 -0.472441 
vn -0.748031 -0.0629921 -0.661417 
vn -0.755906 -0.0787402 -0.653543 
vn -0.826772 0 -0.566929 
vn -0.76378 -0.110236 -0.637795 
vn -0.84252 0.0393701 -0.543307 
vn -0.76378 -0.0944882 -0.637795 
vn -0.818898 0 -0.566929 
vn -0.889764 0.0629921 -0.456693 
vn -0.897638 0.0472441 -0.448819 
vn -0.740157 -0.0314961 -0.669291 
vn -0.740157 -0.0472441 -0.669291 
vn -0.826772 0 -0.559055 
vn -0.818898 0 -0.574803 
vn -0.897638 0.023622 -0.440945 
vn -0.905512 0 -0.433071 
vn -0.80315 0.00787402 -0.590551 
vn -0.724409 0 -0.685039 
vn -0.724409 0.015748 -0.685039 
vn 0.669291 0.0708661 -0.740157 
vn 0.669291 0.0629921 -0.740157 
vn 0.606299 0.023622 -0.795276 
vn 0.669291 0.0708661 -0.740157 
vn -1 -0.00787402 0.0472441 
vn -1 -0.00787402 0.0472441 
vn -0.992126 0.015748 0.133858 
vn -0.992126 0.023622 0.11811 
vn -0.984252 0.00787402 0.181102 
vn -0.984252 0.00787402 0.181102 
vn -0.984252 0.0314961 0.173228 
vn -0.88189 -0.102362 -0.464567 
vn -0.88189 -0.0866142 -0.456693 
vn -0.826772 -0.00787402 -0.559055 
vn -0.811024 0.023622 -0.582677 
vn -0.826772 0 -0.559055 
vn -0.748031 0.0866142 -0.661417 
vn -0.740157 0.0708661 -0.669291 
vn -0.889764 -0.0472441 -0.448819 
vn -0.889764 -0.0629921 -0.456693 
vn -0.826772 0 -0.559055 
vn -0.826772 0 -0.559055 
vn -0.740157 0.0472441 -0.677165 
vn -0.732283 0.023622 -0.685039 
vn -0.897638 -0.015748 -0.433071 
vn -0.897638 -0.023622 -0.440945 
vn -0.80315 0 -0.590551 
vn 0.110236 0.984252 -0.110236 
vn 0.110236 0.984252 -0.110236 
vn 0.110236 0.984252 -0.110236 
vn 0.110236 0.984252 -0.110236 
vn 0.692913 -0.015748 -0.724409 
vn 0.692913 -0.015748 -0.724409 
vn 0.692913 -0.015748 -0.724409 
vn 0.692913 -0.015748 -0.724409 
vn -0.905512 0.0708661 0.417323 
vn -0.937008 0.023622 0.346457 
vn -0.944882 -0.00787402 0.322835 
vn -0.905512 0.0787402 0.409449 
vn 0.653543 -0.0787402 -0.755906 
vn 0.645669 -0.0944882 -0.755906 
vn 0.606299 -0.0393701 -0.795276 
vn 0.653543 -0.0787402 -0.755906 
vn 0.503937 0.0708661 -0.866142 
vn 0.511811 0.0866142 -0.850394 
vn 0.503937 0.0708661 -0.866142 
vn 0.511811 0.0866142 -0.858268 
vn 0.606299 0.023622 -0.795276 
vn 0.677165 0.0472441 -0.732283 
vn 0.574803 0 -0.818898 
vn 0.669291 0.0629921 -0.740157 
vn -0.110236 -0.968504 0.23622 
vn -0.110236 -0.968504 0.23622 
vn -0.110236 -0.968504 0.23622 
vn -0.110236 -0.968504 0.23622 
vn 0.661417 -0.0629921 -0.748031 
vn 0.653543 -0.0787402 -0.755906 
vn 0.653543 -0.0787402 -0.755906 
vn 0.661417 -0.0629921 -0.748031 
vn -0.692913 -0.0393701 0.716535 
vn -0.692913 -0.023622 0.724409 
vn -0.692913 -0.023622 0.724409 
vn -0.692913 -0.0393701 0.716535 
vn 0.496063 0.0629921 -0.866142 
vn 0.503937 0.0708661 -0.866142 
vn 0.496063 0.0629921 -0.866142 
vn 0.503937 0.0708661 -0.866142 
vn -0.370079 0.858268 -0.354331 
vn -0.370079 0.858268 -0.354331 
vn -0.370079 0.858268 -0.354331 
vn -0.370079 0.858268 -0.354331 
vn 0.574803 0 -0.818898 
vn 0.677165 0.0393701 -0.732283 
vn 0.559055 0 -0.826772 
vn 0.677165 0.0472441 -0.732283 
vn 0.259843 -0.968504 -0.0472441 
vn 0.259843 -0.968504 -0.0472441 
vn 0.259843 -0.968504 -0.0472441 
vn 0.259843 -0.968504 -0.0472441 
vn 0.677165 -0.0314961 -0.740157 
vn 0.669291 -0.0472441 -0.740157 
vn 0.669291 -0.0393701 -0.740157 
vn 0.677165 -0.0314961 -0.740157 
vn -0.125984 0.0708661 -0.992126 
vn 0.023622 -0.023622 -1 
vn -0.015748 -0.00787402 -1 
vn -0.133858 0.0708661 -0.992126 
vn 0.0787402 -0.102362 -0.992126 
vn 0.0629921 -0.0866142 -0.992126 
vn 0.0944882 -0.0866142 -0.992126 
vn 0.110236 -0.0472441 -0.992126 
vn 0.110236 -0.0393701 -0.992126 
vn 0.102362 -0.0629921 -0.992126 
vn -0.015748 -0.00787402 -1 
vn 0.0629921 -0.0866142 -0.992126 
vn 0.023622 -0.023622 -1 
vn 0.0944882 -0.0866142 -0.992126 
vn 0.102362 -0.0629921 -0.992126 
vn 0.0708661 -0.11811 -0.992126 
vn 0.0787402 -0.102362 -0.992126 
vn 0.0708661 -0.11811 -0.992126 
vn -0.84252 0.0393701 -0.543307 
vn -0.874016 0.11811 -0.472441 
vn -0.826772 0 -0.566929 
vn -0.874016 0.125984 -0.472441 
vn -0.755906 -0.0787402 -0.653543 
vn -0.76378 -0.0944882 -0.637795 
vn -0.826772 0 -0.566929 
vn -0.889764 0.0629921 -0.456693 
vn -0.88189 0.0866142 -0.464567 
vn -0.826772 0 -0.566929 
vn -0.740157 -0.0472441 -0.669291 
vn -0.748031 -0.0629921 -0.661417 
vn -0.818898 0 -0.566929 
vn 0.669291 -0.0472441 -0.740157 
vn 0.661417 -0.0629921 -0.748031 
vn 0.661417 -0.0629921 -0.748031 
vn 0.669291 -0.0393701 -0.740157 
vn -0.685039 0.0629921 0.724409 
vn -0.685039 0.0551181 0.724409 
vn -0.685039 0.0629921 0.724409 
vn -0.685039 0.0472441 0.724409 
vn -0.834646 0.0866142 0.543307 
vn -0.84252 0.0787402 0.535433 
vn -0.84252 0.0787402 0.535433 
vn -0.834646 0.0866142 0.543307 
vn 0.393701 0.897638 -0.212598 
vn 0.393701 0.897638 -0.212598 
vn 0.393701 0.897638 -0.212598 
vn 0.393701 0.897638 -0.212598 
vn -0.952756 0.0708661 0.291339 
vn -0.952756 0.0708661 0.291339 
vn -0.952756 0.0708661 0.291339 
vn -0.952756 0.0708661 0.291339 
vn -0.732283 -0.102362 0.677165 
vn -0.732283 -0.110236 0.669291 
vn -0.724409 -0.0944882 0.677165 
vn -0.732283 -0.110236 0.669291 
vn 0.724409 -0.0787402 -0.685039 
vn 0.795276 0 -0.606299 
vn 0.724409 -0.0866142 -0.685039 
vn 0.76378 -0.0314961 -0.637795 
vn -0.708661 0.0708661 0.700787 
vn -0.708661 0.0629921 0.700787 
vn -0.708661 0.0629921 0.700787 
vn -0.708661 0.0708661 0.700787 
vn -0.84252 0.0787402 0.535433 
vn -0.84252 0.0708661 0.527559 
vn -0.84252 0.0708661 0.527559 
vn -0.84252 0.0787402 0.535433 
vn 0.708661 -0.0551181 -0.700787 
vn 0.779528 -0.015748 -0.622047 
vn 0.716535 -0.0629921 -0.692913 
vn 0.80315 0 -0.598425 
vn -0.692913 0 0.724409 
vn -0.692913 -0.023622 0.724409 
vn -0.692913 -0.023622 0.724409 
vn -0.692913 0 0.724409 
vn 0.125984 -0.96063 0.23622 
vn 0.125984 -0.96063 0.23622 
vn 0.125984 -0.96063 0.23622 
vn 0.125984 -0.96063 0.23622 
vn -0.685039 0.0472441 0.724409 
vn -0.685039 0.0314961 0.724409 
vn -0.685039 0.0551181 0.724409 
vn -0.685039 0.0314961 0.724409 
vn 0.748031 0.0944882 -0.661417 
vn 0.748031 0.102362 -0.653543 
vn 0.748031 0.0944882 -0.653543 
vn 0.748031 0.102362 -0.653543 
vn -0.692913 -0.015748 0.724409 
vn -0.692913 -0.015748 0.724409 
vn -0.692913 -0.015748 0.724409 
vn -0.692913 -0.015748 0.724409 
vn -0.692913 0.015748 0.724409 
vn -0.692913 0 0.724409 
vn -0.692913 0 0.724409 
vn -0.692913 0.015748 0.724409 
vn -0.685039 0.0314961 0.724409 
vn -0.692913 0.015748 0.724409 
vn -0.692913 0.015748 0.724409 
vn -0.685039 0.0314961 0.724409 
vn 0.559055 -0.110236 0.826772 
vn 0.559055 -0.102362 0.826772 
vn 0.535433 -0.141732 0.834646 
vn 0.574803 -0.0708661 0.811024 
vn 0.866142 0.0787402 -0.488189 
vn 0.866142 0.0708661 -0.488189 
vn 0.866142 0.0787402 -0.488189 
vn 0.866142 0.0629921 -0.488189 
vn -0.708661 0.0629921 0.700787 
vn -0.700787 0.0472441 0.708661 
vn -0.700787 0.0472441 0.708661 
vn -0.708661 0.0629921 0.700787 
vn -0.700787 0.0393701 0.708661 
vn -0.700787 0.0472441 0.708661 
vn -0.700787 0.0472441 0.708661 
vn -0.700787 0.0393701 0.708661 
vn -0.0393701 0.952756 0.299213 
vn -0.0393701 0.952756 0.299213 
vn -0.0393701 0.952756 0.299213 
vn -0.0393701 0.952756 0.299213 
vn 0.740157 0.0787402 -0.669291 
vn 0.748031 0.0944882 -0.653543 
vn 0.740157 0.0787402 -0.669291 
vn 0.748031 0.0944882 -0.661417 
vn 0.23622 -0.0314961 -0.968504 
vn 0.354331 0.0629921 -0.929134 
vn 0.267717 -0.015748 -0.96063 
vn 0.354331 0.0629921 -0.929134 
vn 0.173228 -0.0866142 -0.984252 
vn 0.165354 -0.0629921 -0.984252 
vn 0.165354 -0.0629921 -0.984252 
vn -0.653543 -0.0787402 0.755906 
vn -0.645669 -0.0866142 0.755906 
vn -0.574803 0 0.818898 
vn -0.606299 -0.0314961 0.795276 
vn 0.732283 0.0629921 -0.677165 
vn 0.740157 0.0787402 -0.669291 
vn 0.732283 0.0629921 -0.677165 
vn 0.740157 0.0787402 -0.669291 
vn -0.338583 0.929134 -0.15748 
vn -0.338583 0.929134 -0.15748 
vn -0.338583 0.929134 -0.15748 
vn -0.338583 0.929134 -0.15748 
vn -0.023622 -0.0393701 -1 
vn -0.023622 -0.0393701 -1 
vn -0.023622 -0.0393701 -1 
vn -0.023622 -0.0393701 -1 
vn 0.866142 0.0629921 -0.488189 
vn 0.874016 0.0472441 -0.488189 
vn 0.866142 0.0708661 -0.488189 
vn 0.874016 0.0472441 -0.488189 
vn 0.732283 0.0629921 -0.677165 
vn 0.724409 0.0551181 -0.685039 
vn 0.724409 0.0551181 -0.685039 
vn 0.732283 0.0629921 -0.677165 
vn 0.307087 -0.0551181 -0.952756 
vn 0.307087 -0.0551181 -0.952756 
vn 0.307087 -0.0551181 -0.952756 
vn 0.307087 -0.0551181 -0.952756 
vn -0.669291 -0.0551181 0.740157 
vn -0.661417 -0.0629921 0.748031 
vn -0.661417 -0.0629921 0.748031 
vn -0.669291 -0.0551181 0.740157 
vn -0.622047 0.0944882 0.779528 
vn -0.614173 0.102362 0.779528 
vn -0.614173 0.102362 0.779528 
vn -0.622047 0.0944882 0.779528 
vn -0.440945 0.897638 0.0787402 
vn -0.598425 0.787402 0.110236 
vn -0.433071 0.897638 0.0787402 
vn -0.598425 0.787402 0.110236 
vn 0.850394 0.503937 -0.15748 
vn 0.850394 0.503937 -0.15748 
vn 0.850394 0.503937 -0.15748 
vn -0.929134 -0.0708661 0.354331 
vn -0.929134 -0.0629921 0.362205 
vn -0.929134 -0.0708661 0.354331 
vn -0.929134 -0.0629921 0.362205 
vn 0.889764 0.0472441 -0.456693 
vn 0.889764 0.0551181 -0.456693 
vn 0.889764 0.0551181 -0.456693 
vn 0.889764 0.0472441 -0.456693 
vn -0.929134 -0.0629921 0.362205 
vn -0.929134 -0.0629921 0.370079 
vn -0.929134 -0.0629921 0.370079 
vn -0.929134 -0.0629921 0.362205 
vn 0.889764 0.0472441 -0.456693 
vn 0.88189 0.0393701 -0.464567 
vn 0.88189 0.0393701 -0.464567 
vn 0.889764 0.0472441 -0.456693 
vn 0.834646 0.0866142 -0.543307 
vn 0.84252 0.0787402 -0.535433 
vn 0.84252 0.0787402 -0.535433 
vn 0.834646 0.0866142 -0.543307 
vn -0.826772 0 -0.559055 
vn -0.897638 0.0472441 -0.448819 
vn -0.897638 0.023622 -0.440945 
vn -0.818898 0 -0.574803 
vn -0.724409 -0.015748 -0.692913 
vn -0.724409 0 -0.685039 
vn -0.80315 0.00787402 -0.590551 
vn -0.905512 0 -0.433071 
vn -0.905512 -0.00787402 -0.425197 
vn -0.795276 0.00787402 -0.606299 
vn -0.724409 0.015748 -0.685039 
vn -0.724409 0.0314961 -0.685039 
vn 0.401575 0.897638 0.188976 
vn 0.401575 0.897638 0.188976 
vn 0.401575 0.897638 0.188976 
vn 0.401575 0.897638 0.188976 
vn -0.622047 0.0944882 0.779528 
vn -0.637795 0.0787402 0.771654 
vn -0.637795 0.0787402 0.771654 
vn -0.622047 0.0944882 0.779528 
vn -0.472441 -0.0944882 0.874016 
vn -0.472441 -0.0866142 0.88189 
vn -0.472441 -0.0866142 0.88189 
vn -0.472441 -0.0944882 0.874016 
vn -0.811024 0.023622 -0.582677 
vn -0.826772 -0.00787402 -0.559055 
vn -0.748031 0.0866142 -0.661417 
vn -0.748031 0.102362 -0.653543 
vn -0.88189 -0.0866142 -0.456693 
vn -0.826772 0 -0.559055 
vn -0.889764 -0.0629921 -0.456693 
vn -0.826772 0 -0.559055 
vn -0.740157 0.0708661 -0.669291 
vn -0.740157 0.0472441 -0.677165 
vn -0.897638 -0.023622 -0.440945 
vn -0.889764 -0.0472441 -0.448819 
vn -0.826772 0 -0.559055 
vn -0.80315 0 -0.590551 
vn -0.732283 0.023622 -0.685039 
vn -0.732283 0.015748 -0.685039 
vn -0.511811 0.0944882 0.858268 
vn -0.511811 0.102362 0.850394 
vn -0.511811 0.102362 0.850394 
vn -0.503937 0.0944882 0.858268 
vn -0.637795 0.0787402 0.771654 
vn -0.645669 0.0629921 0.76378 
vn -0.645669 0.0629921 0.76378 
vn -0.637795 0.0787402 0.771654 
vn 0.84252 0.0787402 -0.535433 
vn 0.84252 0.0708661 -0.527559 
vn 0.84252 0.0708661 -0.527559 
vn 0.84252 0.0787402 -0.535433 
vn -0.464567 -0.0629921 0.88189 
vn -0.472441 -0.0866142 0.88189 
vn -0.472441 -0.0866142 0.88189 
vn -0.464567 -0.0629921 0.88189 
vn 0.354331 0.0944882 -0.929134 
vn 0.362205 0.0787402 -0.929134 
vn 0.314961 0.0314961 -0.952756 
vn 0.354331 0.0944882 -0.929134 
vn 0.322835 0.015748 -0.944882 
vn 0.188976 -0.0787402 -0.976378 
vn 0.188976 -0.0787402 -0.976378 
vn 0.385827 0.0551181 -0.92126 
vn 0.385827 0.0551181 -0.92126 
vn 0.377953 0.0629921 -0.92126 
vn -0.645669 0.0629921 0.76378 
vn -0.645669 0.0551181 0.755906 
vn -0.645669 0.0551181 0.755906 
vn -0.645669 0.0629921 0.76378 
vn -0.401575 -0.0787402 0.913386 
vn -0.409449 -0.0708661 0.913386 
vn -0.409449 -0.0629921 0.913386 
vn -0.401575 -0.0787402 0.913386 
vn -0.433071 0.023622 0.897638 
vn -0.433071 0.023622 0.897638 
vn -0.472441 0.015748 0.88189 
vn -0.606299 0 0.795276 
vn -0.448819 -0.0472441 0.889764 
vn -0.464567 -0.0629921 0.88189 
vn -0.464567 -0.0629921 0.88189 
vn -0.448819 -0.0393701 0.889764 
vn -0.448819 -0.0314961 0.889764 
vn -0.448819 -0.0393701 0.889764 
vn -0.448819 -0.0472441 0.889764 
vn -0.448819 -0.0314961 0.889764 
vn -0.417323 -0.0314961 0.905512 
vn -0.417323 -0.0472441 0.905512 
vn -0.417323 -0.0472441 0.905512 
vn -0.417323 -0.0314961 0.905512 
vn -0.417323 -0.0472441 0.905512 
vn -0.409449 -0.0629921 0.913386 
vn -0.409449 -0.0708661 0.913386 
vn -0.417323 -0.0472441 0.905512 
vn -0.370079 0.535433 0.76378 
vn -0.370079 0.535433 0.76378 
vn -0.370079 0.535433 0.76378 
vn -0.370079 0.535433 0.76378 
vn 0.905512 0.0787402 -0.409449 
vn 0.913386 0.0866142 -0.401575 
vn 0.913386 0.0866142 -0.401575 
vn 0.905512 0.0787402 -0.409449 
vn -0.496063 0.0787402 0.866142 
vn -0.511811 0.0944882 0.858268 
vn -0.496063 0.0787402 0.866142 
vn -0.503937 0.0944882 0.858268 
vn -0.188976 -0.11811 0.976378 
vn -0.181102 -0.102362 0.976378 
vn -0.23622 -0.0472441 0.968504 
vn -0.299213 0.023622 0.952756 
vn 0.905512 0.0708661 -0.417323 
vn 0.905512 0.0787402 -0.409449 
vn 0.905512 0.0708661 -0.417323 
vn 0.905512 0.0787402 -0.409449 
vn 0.984252 0.015748 -0.181102 
vn 0.984252 0.00787402 -0.181102 
vn 0.984252 0.00787402 -0.181102 
vn 0.984252 0.015748 -0.181102 
vn 0.984252 0.023622 -0.181102 
vn 0.984252 0.015748 -0.181102 
vn 0.984252 0.023622 -0.181102 
vn 0.984252 0.015748 -0.181102 
vn 0.755906 -0.0629921 -0.645669 
vn 0.795276 0 -0.606299 
vn 0.76378 -0.0708661 -0.645669 
vn 0.795276 0 -0.606299 
vn 0.984252 -0.0944882 -0.133858 
vn 0.984252 -0.0866142 -0.141732 
vn 0.984252 -0.0866142 -0.141732 
vn 0.984252 -0.0944882 -0.133858 
vn -0.488189 0.0629921 0.874016 
vn -0.496063 0.0787402 0.866142 
vn -0.488189 0.0629921 0.874016 
vn -0.496063 0.0787402 0.866142 
vn 0.76378 -0.0708661 -0.645669 
vn 0.795276 0 -0.606299 
vn 0.771654 -0.0708661 -0.637795 
vn 0.795276 0 -0.606299 
vn 0.795276 0.015748 -0.598425 
vn 0.771654 -0.0708661 -0.637795 
vn 0.795276 0 -0.606299 
vn 0.771654 -0.0787402 -0.629921 
vn -0.0551181 0.913386 0.401575 
vn -0.0393701 0.96063 0.283465 
vn -0.0551181 0.913386 0.401575 
vn -0.0393701 0.96063 0.267717 
vn -0.488189 -0.732283 -0.464567 
vn -0.488189 -0.732283 -0.464567 
vn -0.488189 -0.732283 -0.464567 
vn -0.488189 -0.732283 -0.464567 
vn 0.614173 0.464567 -0.637795 
vn 0.614173 0.464567 -0.637795 
vn 0.614173 0.464567 -0.637795 
vn 0.614173 0.464567 -0.637795 
vn -0.488189 0.0629921 0.874016 
vn -0.480315 0.0551181 0.874016 
vn -0.480315 0.0551181 0.874016 
vn -0.488189 0.0629921 0.874016 
vn 0.984252 -0.0866142 -0.141732 
vn 0.984252 -0.0629921 -0.149606 
vn 0.984252 -0.0629921 -0.149606 
vn 0.984252 -0.0866142 -0.141732 
vn 0.984252 -0.0314961 -0.165354 
vn 0.984252 -0.0393701 -0.15748 
vn 0.984252 -0.0472441 -0.15748 
vn 0.984252 -0.0314961 -0.165354 
vn 0.984252 -0.0472441 -0.15748 
vn 0.984252 -0.0629921 -0.149606 
vn 0.984252 -0.0629921 -0.149606 
vn 0.984252 -0.0393701 -0.15748 
vn -0.181102 -0.102362 0.976378 
vn -0.173228 -0.0866142 0.984252 
vn -0.173228 -0.0866142 0.984252 
vn -0.23622 -0.0472441 0.968504 
vn -0.338583 0.0944882 0.937008 
vn -0.346457 0.0866142 0.937008 
vn -0.346457 0.0866142 0.937008 
vn -0.338583 0.0944882 0.937008 
vn 0.968504 0.102362 0.220472 
vn 0.968504 0.102362 0.220472 
vn 0.968504 0.102362 0.220472 
vn -0.173228 -0.0866142 0.984252 
vn -0.165354 -0.0629921 0.984252 
vn -0.165354 -0.0629921 0.984252 
vn -0.173228 -0.0866142 0.984252 
vn 0.992126 -0.0787402 0.102362 
vn 1 -0.023622 0.0314961 
vn 0.992126 -0.0708661 0.110236 
vn 1 -0.00787402 -0.015748 
vn -0.141732 -0.015748 0.992126 
vn -0.141732 -0.023622 0.992126 
vn -0.141732 -0.023622 0.992126 
vn -0.141732 -0.015748 0.992126 
vn -0.0866142 -0.0944882 0.992126 
vn -0.023622 -0.0314961 1 
vn -0.0944882 -0.0866142 0.992126 
vn 0.015748 -0.00787402 1 
vn -0.15748 -0.0472441 0.984252 
vn -0.165354 -0.0629921 0.984252 
vn -0.165354 -0.0629921 0.984252 
vn -0.149606 -0.0393701 0.984252 
vn -0.141732 -0.023622 0.992126 
vn -0.149606 -0.0393701 0.984252 
vn -0.15748 -0.0472441 0.984252 
vn -0.141732 -0.023622 0.992126 
vn -0.0944882 -0.0866142 0.992126 
vn -0.102362 -0.0629921 0.992126 
vn -0.102362 -0.0629921 0.992126 
vn -0.023622 -0.0314961 1 
vn -0.346457 0.0866142 0.937008 
vn -0.362205 0.0708661 0.929134 
vn -0.362205 0.0708661 0.929134 
vn -0.346457 0.0866142 0.937008 
vn 0.811024 -0.0708661 -0.582677 
vn 0.811024 -0.0708661 -0.582677 
vn 0.811024 -0.0629921 -0.582677 
vn 0.811024 -0.0629921 -0.582677 
vn 0.96063 0.0787402 -0.275591 
vn 0.96063 0.0787402 -0.275591 
vn 0.952756 0.0787402 -0.283465 
vn 0.952756 0.0787402 -0.283465 
vn -0.11811 -0.0314961 0.992126 
vn -0.110236 -0.0472441 0.992126 
vn -0.110236 -0.0393701 0.992126 
vn -0.11811 -0.0314961 0.992126 
vn 0.992126 -0.0708661 0.110236 
vn 0.992126 -0.0472441 0.11811 
vn 0.992126 -0.0472441 0.11811 
vn 1 -0.023622 0.0314961 
vn 0.811024 -0.0629921 -0.582677 
vn 0.811024 -0.0629921 -0.582677 
vn 0.818898 -0.0629921 -0.574803 
vn 0.818898 -0.0629921 -0.574803 
vn -0.952756 -0.015748 0.307087 
vn -0.88189 0.0551181 0.472441 
vn -0.944882 0 0.330709 
vn -0.88189 0.0629921 0.464567 
vn -0.976378 -0.0314961 0.19685 
vn -0.976378 -0.0472441 0.204724 
vn -0.92126 0.00787402 0.393701 
vn -0.88189 0.015748 0.472441 
vn -0.88189 0.023622 0.472441 
vn -0.88189 0.015748 0.472441 
vn -0.968504 -0.0866142 0.220472 
vn -0.96063 -0.0314961 0.283465 
vn -0.976378 -0.0629921 0.212598 
vn -0.110236 -0.0472441 0.992126 
vn -0.102362 -0.0629921 0.992126 
vn -0.102362 -0.0629921 0.992126 
vn -0.110236 -0.0393701 0.992126 
vn -0.976378 -0.0472441 0.204724 
vn -0.976378 -0.0629921 0.212598 
vn -0.952756 -0.015748 0.307087 
vn -0.944882 0 0.330709 
vn -0.88189 0.023622 0.472441 
vn -0.92126 0.00787402 0.393701 
vn -0.88189 0.0551181 0.472441 
vn -0.700787 -0.0314961 0.708661 
vn -0.795276 0 0.606299 
vn -0.708661 -0.0472441 0.700787 
vn -0.811024 0.00787402 0.582677 
vn -0.866142 0.0708661 0.496063 
vn -0.874016 0.0472441 0.488189 
vn -0.795276 0 0.606299 
vn -0.779528 -0.023622 0.629921 
vn -0.716535 -0.0629921 0.692913 
vn -0.724409 -0.0787402 0.685039 
vn -0.362205 0.0708661 0.929134 
vn -0.362205 0.0629921 0.929134 
vn -0.362205 0.0629921 0.929134 
vn -0.362205 0.0708661 0.929134 
vn -0.110236 -0.984252 0.110236 
vn -0.110236 -0.984252 0.110236 
vn -0.110236 -0.984252 0.110236 
vn -0.110236 -0.984252 0.110236 
vn 0.968504 0.00787402 0.23622 
vn 0.992126 0.0393701 0.133858 
vn 0.96063 0 0.275591 
vn 0.992126 0.0314961 0.133858 
vn 0.992126 -0.015748 0.125984 
vn 0.992126 -0.023622 0.125984 
vn 0.992126 -0.023622 0.125984 
vn 0.992126 -0.015748 0.125984 
vn 0.992126 -0.023622 0.125984 
vn 0.992126 -0.0472441 0.11811 
vn 0.992126 -0.0472441 0.11811 
vn 0.992126 -0.023622 0.125984 
vn 0.96063 0.0787402 -0.275591 
vn 0.96063 0.0708661 -0.267717 
vn 0.96063 0.0708661 -0.267717 
vn 0.96063 0.0787402 -0.275591 
vn 0.283465 -0.0314961 -0.96063 
vn 0.291339 -0.00787402 -0.96063 
vn 0.204724 -0.015748 -0.976378 
vn 0.362205 0 -0.929134 
vn 0.19685 -0.0551181 0.976378 
vn 0.19685 -0.0472441 0.976378 
vn 0.19685 -0.0472441 0.976378 
vn 0.19685 -0.0551181 0.976378 
vn -0.0551181 0.0866142 0.992126 
vn -0.0629921 0.0787402 0.992126 
vn -0.0629921 0.0787402 0.992126 
vn -0.0551181 0.0866142 0.992126 
vn 0.19685 -0.0472441 0.976378 
vn 0.188976 -0.0314961 0.984252 
vn 0.19685 -0.0472441 0.976378 
vn 0.188976 -0.0314961 0.984252 
vn -0.669291 -0.732283 0.125984 
vn -0.669291 -0.732283 0.125984 
vn -0.669291 -0.732283 0.125984 
vn -0.669291 -0.732283 0.125984 
vn 0.141732 -0.984252 0.0629921 
vn 0.141732 -0.984252 0.0629921 
vn 0.141732 -0.984252 0.0629921 
vn 0.141732 -0.984252 0.0629921 
vn 0.732283 -0.023622 0.685039 
vn 0.732283 -0.023622 0.685039 
vn 0.732283 -0.023622 0.685039 
vn 0.732283 -0.023622 0.685039 
vn 0.944882 0.015748 -0.322835 
vn 0.944882 0.0472441 -0.322835 
vn 0.944882 0.0472441 -0.322835 
vn 0.913386 0.0393701 -0.393701 
vn 0.96063 -0.00787402 -0.283465 
vn 0.984252 -0.0393701 -0.188976 
vn 0.984252 -0.023622 -0.181102 
vn 0.0866142 -0.732283 -0.669291 
vn 0.0629921 -0.866142 -0.496063 
vn 0.0866142 -0.732283 -0.669291 
vn 0.0629921 -0.874016 -0.480315 
vn -0.0629921 0.0787402 0.992126 
vn -0.0708661 0.0708661 0.992126 
vn -0.0708661 0.0708661 0.992126 
vn -0.0629921 0.0787402 0.992126 
vn 0.968504 -0.110236 0.220472 
vn 0.96063 -0.015748 0.283465 
vn 0.968504 -0.110236 0.220472 
vn 0.968504 -0.102362 0.212598 
vn 0.905512 -0.015748 0.425197 
vn 0.905512 -0.023622 0.425197 
vn 0.905512 -0.015748 0.425197 
vn 0.905512 -0.023622 0.425197 
vn 0.905512 -0.0472441 0.417323 
vn 0.913386 -0.0629921 0.401575 
vn 0.913386 -0.0708661 0.401575 
vn 0.905512 -0.0472441 0.417323 
vn 0.480315 -0.015748 0.88189 
vn 0.480315 0 0.88189 
vn 0.480315 0 0.88189 
vn 0.480315 -0.015748 0.88189 
vn 0.905512 -0.023622 0.425197 
vn 0.905512 -0.0472441 0.417323 
vn 0.905512 -0.0472441 0.417323 
vn 0.905512 -0.023622 0.425197 
vn 0.724409 -0.015748 0.685039 
vn 0.724409 0 0.685039 
vn 0.724409 0 0.685039 
vn 0.724409 -0.015748 0.685039 
vn 0.275591 0.102362 0.96063 
vn 0.267717 0.0944882 0.96063 
vn 0.267717 0.0944882 0.96063 
vn 0.275591 0.102362 0.96063 
vn 0.472441 0.023622 0.88189 
vn 0.472441 0.015748 0.88189 
vn 0.472441 0.015748 0.88189 
vn 0.472441 0.023622 0.88189 
vn 0.968504 -0.102362 0.212598 
vn 0.976378 -0.0866142 0.204724 
vn 0.952756 0.00787402 0.291339 
vn 0.96063 -0.015748 0.283465 
vn 0.984252 -0.0472441 0.173228 
vn 0.96063 0 0.291339 
vn 0.984252 -0.0551181 0.181102 
vn 0.937008 0.015748 0.346457 
vn -0.0551181 -0.992126 -0.102362 
vn -0.149606 -0.944882 -0.275591 
vn -0.0472441 -0.992126 -0.149606 
vn -0.149606 -0.944882 -0.275591 
vn 0.220472 -0.0708661 0.968504 
vn 0.220472 -0.0708661 0.968504 
vn 0.220472 -0.0708661 0.968504 
vn 0.220472 -0.0708661 0.968504 
vn 0.724409 0.0393701 0.692913 
vn 0.724409 0.0314961 0.692913 
vn 0.724409 0.0314961 0.692913 
vn 0.724409 0.0393701 0.692913 
vn 0.472441 0.015748 0.88189 
vn 0.480315 0 0.88189 
vn 0.480315 0 0.88189 
vn 0.472441 0.015748 0.88189 
vn 0.645669 -0.0393701 0.76378 
vn 0.677165 -0.110236 0.732283 
vn 0.677165 -0.0944882 0.724409 
vn 0.606299 0 0.795276 
vn -0.551181 -0.0551181 0.834646 
vn -0.551181 -0.0551181 0.834646 
vn -0.551181 -0.0551181 0.834646 
vn -0.551181 -0.0551181 0.834646 
vn 0.976378 -0.0708661 0.188976 
vn 0.952756 0.00787402 0.291339 
vn 0.976378 -0.0866142 0.204724 
vn 0.96063 0.00787402 0.291339 
vn 0.984252 -0.0551181 0.181102 
vn 0.96063 0.00787402 0.291339 
vn 0.976378 -0.0708661 0.188976 
vn 0.96063 0 0.291339 
vn 0.724409 0.015748 0.692913 
vn 0.724409 0.0314961 0.692913 
vn 0.724409 0.0314961 0.692913 
vn 0.724409 0.015748 0.692913 
vn 0.724409 0 0.685039 
vn 0.724409 0.015748 0.692913 
vn 0.724409 0.015748 0.692913 
vn 0.724409 0 0.685039 
vn -0.283465 0.944882 -0.133858 
vn -0.212598 0.968504 -0.102362 
vn -0.283465 0.944882 -0.133858 
vn -0.212598 0.968504 -0.102362 
vn 0.338583 0.00787402 0.944882 
vn 0.409449 0.0944882 0.905512 
vn 0.322835 -0.00787402 0.944882 
vn 0.417323 0.0866142 0.905512 
vn 0.724409 0.023622 0.685039 
vn 0.724409 0.023622 0.685039 
vn 0.724409 0.023622 0.685039 
vn 0.724409 0.023622 0.685039 
vn -0.724409 -0.598425 -0.346457 
vn -0.724409 -0.598425 -0.346457 
vn -0.582677 -0.76378 -0.275591 
vn -0.582677 -0.76378 -0.275591 
vn 0.992126 0.0708661 -0.0708661 
vn 0.992126 0.0708661 -0.0708661 
vn 0.992126 0.0708661 -0.0708661 
vn 0.992126 0.0708661 -0.0708661 
vn 0.464567 -0.0314961 0.889764 
vn 0.456693 -0.0393701 0.889764 
vn 0.456693 -0.0472441 0.889764 
vn 0.464567 -0.0314961 0.889764 
vn 0.748031 0.0708661 0.661417 
vn 0.748031 0.0629921 0.661417 
vn 0.748031 0.0629921 0.661417 
vn 0.748031 0.0708661 0.661417 
vn 0.700787 0.0708661 0.708661 
vn 0.700787 0.0629921 0.708661 
vn 0.700787 0.0629921 0.708661 
vn 0.700787 0.0708661 0.708661 
vn -0.96063 0.0551181 -0.259843 
vn -0.96063 0.0551181 -0.259843 
vn -0.96063 0.0551181 -0.259843 
vn -0.96063 0.0551181 -0.259843 
vn 0.692913 -0.0787402 0.716535 
vn 0.645669 -0.0393701 0.76378 
vn 0.677165 -0.0944882 0.724409 
vn 0.692913 -0.0787402 0.716535 
vn 0.692913 -0.023622 -0.724409 
vn 0.755906 0 -0.653543 
vn 0.692913 -0.015748 -0.724409 
vn 0.826772 0.015748 -0.566929 
vn 0.874016 0.0472441 -0.488189 
vn 0.874016 0.0314961 -0.480315 
vn 0.874016 0.0472441 -0.488189 
vn 0.692913 -0.015748 -0.724409 
vn 0.692913 -0.00787402 -0.724409 
vn 0.692913 -0.00787402 -0.724409 
vn 0.755906 0 -0.653543 
vn 0.826772 0.015748 -0.566929 
vn 0.874016 0.023622 -0.480315 
vn 0.874016 0.0314961 -0.480315 
vn 0.937008 0.0944882 0.338583 
vn 0.937008 0.0866142 0.346457 
vn 0.937008 0.0866142 0.346457 
vn 0.937008 0.0944882 0.338583 
vn 0.251969 0.0787402 0.96063 
vn 0.267717 0.0944882 0.96063 
vn 0.267717 0.0944882 0.96063 
vn 0.251969 0.0787402 0.96063 
vn 0.976378 0.0787402 0.212598 
vn 0.976378 0.0787402 0.212598 
vn 0.976378 0.0787402 0.212598 
vn 0.976378 0.0787402 0.212598 
vn -0.299213 0.952756 0.0551181 
vn -0.299213 0.952756 0.0551181 
vn -0.299213 0.952756 0.0551181 
vn -0.299213 0.952756 0.0551181 
vn -0.708661 -0.0472441 0.700787 
vn -0.795276 0 0.606299 
vn -0.716535 -0.0629921 0.692913 
vn -0.795276 0 0.606299 
vn -0.811024 0.00787402 0.582677 
vn -0.874016 0.0472441 0.488189 
vn -0.874016 0.0314961 0.488189 
vn -0.866142 0.0708661 0.496063 
vn -0.779528 -0.023622 0.629921 
vn -0.866142 0.0787402 0.503937 
vn -0.732283 -0.102362 0.677165 
vn -0.724409 -0.0787402 0.685039 
vn -0.724409 -0.0944882 0.677165 
vn 0.748031 0.0629921 0.661417 
vn 0.740157 0.0551181 0.669291 
vn 0.740157 0.0551181 0.669291 
vn 0.748031 0.0629921 0.661417 
vn 0.700787 0.0629921 0.708661 
vn 0.708661 0.0551181 0.708661 
vn 0.708661 0.0551181 0.708661 
vn 0.700787 0.0629921 0.708661 
vn 0.700787 -0.0629921 0.716535 
vn 0.692913 -0.0787402 0.716535 
vn 0.692913 -0.0787402 0.716535 
vn 0.700787 -0.0629921 0.716535 
vn 0.700787 -0.0551181 0.708661 
vn 0.700787 -0.0629921 0.716535 
vn 0.700787 -0.0629921 0.716535 
vn 0.700787 -0.0551181 0.708661 
vn 0.425197 0.0708661 0.897638 
vn 0.338583 0.00787402 0.944882 
vn 0.338583 0 0.937008 
vn 0.417323 0.0866142 0.905512 
vn 0.866142 0.0787402 0.496063 
vn 0.866142 0.0866142 0.496063 
vn 0.866142 0.0787402 0.496063 
vn 0.866142 0.0866142 0.496063 
vn 0.874016 0.464567 -0.15748 
vn 0.874016 0.464567 -0.15748 
vn 0.874016 0.464567 -0.15748 
vn 0.874016 0.464567 -0.15748 
vn 0.251969 0.0787402 0.96063 
vn 0.244094 0.0629921 0.968504 
vn 0.23622 0.0629921 0.968504 
vn 0.251969 0.0787402 0.96063 
vn 0.771654 0.0866142 0.629921 
vn 0.771654 0.0787402 0.629921 
vn 0.771654 0.0787402 0.629921 
vn 0.771654 0.0866142 0.629921 
vn 0.937008 0.0866142 0.346457 
vn 0.929134 0.0708661 0.354331 
vn 0.929134 0.0708661 0.354331 
vn 0.937008 0.0866142 0.346457 
vn 0.23622 0.0629921 0.968504 
vn 0.23622 0.0551181 0.968504 
vn 0.23622 0.0551181 0.968504 
vn 0.244094 0.0629921 0.968504 
vn 0.338583 0 0.937008 
vn 0.322835 -0.00787402 0.944882 
vn 0.433071 0.0629921 0.897638 
vn 0.425197 0.0708661 0.897638 
vn 0.874016 0.0708661 0.488189 
vn 0.866142 0.0787402 0.496063 
vn 0.874016 0.0708661 0.488189 
vn 0.866142 0.0787402 0.496063 
vn 0.173228 -0.968504 0.165354 
vn 0.275591 -0.929134 0.259843 
vn 0.275591 -0.929134 0.259843 
vn 0.251969 -0.937008 0.244094 
vn 0.685039 -0.0393701 -0.724409 
vn 0.685039 -0.023622 -0.724409 
vn 0.787402 0 -0.614173 
vn 0.80315 0 -0.598425 
vn 0.787402 0 -0.614173 
vn 0.88189 0.023622 -0.480315 
vn 0.88189 0 -0.472441 
vn 0.874016 0.0551181 -0.480315 
vn 0.779528 -0.015748 -0.622047 
vn 0.874016 0.0629921 -0.480315 
vn 0.76378 -0.0314961 -0.637795 
vn 0.716535 -0.0629921 -0.692913 
vn 0.724409 -0.0787402 -0.685039 
vn 0.795276 0 -0.606299 
vn 0.692913 0 -0.724409 
vn 0.692913 0.015748 -0.724409 
vn 0.771654 0.015748 -0.637795 
vn 0.88189 -0.015748 -0.472441 
vn 0.88189 -0.023622 -0.472441 
vn 0.692913 0.0472441 -0.716535 
vn 0.692913 0.0314961 -0.724409 
vn 0.692913 0.0551181 -0.716535 
vn 0.929134 0.0708661 0.354331 
vn 0.929134 0.0629921 0.362205 
vn 0.929134 0.0629921 0.362205 
vn 0.929134 0.0708661 0.354331 
vn 0.771654 0.0787402 0.629921 
vn 0.76378 0.0708661 0.637795 
vn 0.76378 0.0708661 0.637795 
vn 0.771654 0.0787402 0.629921 
vn -0.566929 -0.811024 0.102362 
vn -0.566929 -0.811024 0.102362 
vn -0.566929 -0.811024 0.102362 
vn -0.566929 -0.811024 0.102362 
vn -0.385827 0.0787402 -0.92126 
vn -0.385827 0.0708661 -0.92126 
vn -0.354331 0.0314961 -0.937008 
vn -0.385827 0.0708661 -0.92126 
vn -0.330709 -0.015748 -0.944882 
vn -0.377953 0.0787402 -0.92126 
vn 0.0708661 0.0708661 0.992126 
vn 0.0708661 0.0708661 0.992126 
vn 0.0708661 0.0708661 0.992126 
vn 0.0708661 0.0708661 0.992126 
vn -0.661417 -0.0629921 0.748031 
vn -0.653543 -0.0787402 0.755906 
vn -0.606299 -0.0314961 0.795276 
vn -0.661417 -0.0629921 0.748031 
vn -0.511811 0.0629921 0.858268 
vn -0.503937 0.0629921 0.858268 
vn -0.574803 0 0.818898 
vn -0.102362 0.606299 0.787402 
vn -0.11811 0.464567 0.88189 
vn -0.102362 0.598425 0.795276 
vn -0.11811 0.464567 0.88189 
vn 0.574803 -0.102362 0.811024 
vn 0.566929 -0.0944882 0.818898 
vn 0.566929 -0.0944882 0.818898 
vn 0.574803 -0.102362 0.811024 
vn 1 -0.0708661 0 
vn 1 -0.0629921 0.00787402 
vn 1 -0.0629921 0.00787402 
vn 1 -0.0708661 0 
vn 1 -0.0629921 0.015748 
vn 1 -0.0629921 0.00787402 
vn 1 -0.0629921 0.00787402 
vn 1 -0.0629921 0.015748 
vn 0.913386 0.0393701 -0.393701 
vn 0.889764 0.0314961 -0.464567 
vn 0.96063 -0.00787402 -0.283465 
vn 0.944882 0.015748 -0.322835 
vn 0.984252 -0.015748 -0.181102 
vn 0.984252 -0.023622 -0.181102 
vn 0.984252 -0.015748 -0.181102 
vn 0.566929 -0.0944882 0.818898 
vn 0.559055 -0.0866142 0.826772 
vn 0.559055 -0.0866142 0.826772 
vn 0.566929 -0.0944882 0.818898 
vn -0.133858 -0.023622 -0.992126 
vn -0.133858 -0.023622 -0.992126 
vn -0.133858 -0.023622 -0.992126 
vn -0.133858 -0.023622 -0.992126 
vn -0.362205 -0.015748 -0.929134 
vn -0.259843 0.0708661 -0.96063 
vn -0.338583 0 -0.944882 
vn -0.259843 0.0708661 -0.96063 
vn -0.275591 0.0866142 -0.96063 
vn -0.338583 -0.00787402 -0.944882 
vn -0.346457 -0.0314961 -0.937008 
vn -0.283465 0.0866142 -0.952756 
vn 0.944882 -0.0787402 0.314961 
vn 0.944882 -0.0708661 0.322835 
vn 0.944882 -0.0708661 0.322835 
vn 0.944882 -0.0787402 0.314961 
vn 0.023622 0.992126 0.149606 
vn 0.023622 0.992126 0.149606 
vn 0.023622 0.992126 0.149606 
vn 0.023622 0.992126 0.149606 
vn 0.84252 0.0708661 0.527559 
vn 0.84252 0.0708661 0.527559 
vn 0.84252 0.0708661 0.527559 
vn 0.84252 0.0708661 0.527559 
vn 0.0551181 -0.0708661 1 
vn 0.0551181 -0.0629921 1 
vn 0.0551181 -0.0708661 1 
vn 0.0551181 -0.0629921 1 
vn 0.685039 -0.023622 -0.724409 
vn 0.692913 0 -0.724409 
vn 0.787402 0 -0.614173 
vn 0.787402 0 -0.614173 
vn 0.88189 0.023622 -0.480315 
vn 0.80315 0 -0.598425 
vn 0.874016 0.0551181 -0.480315 
vn 0.795276 0 -0.606299 
vn 0.88189 0 -0.472441 
vn 0.88189 -0.015748 -0.472441 
vn 0.771654 0.015748 -0.637795 
vn 0.692913 0.015748 -0.724409 
vn 0.692913 0.0314961 -0.724409 
vn 0.795276 0.0708661 0.598425 
vn 0.795276 0.0708661 0.598425 
vn 0.795276 0.0708661 0.598425 
vn 0.795276 0.0708661 0.598425 
vn 0.0551181 -0.0629921 1 
vn 0.0629921 -0.0629921 1 
vn 0.0629921 -0.0629921 1 
vn 0.0551181 -0.0629921 1 
vn -0.661417 -0.677165 -0.314961 
vn -0.661417 -0.677165 -0.314961 
vn -0.661417 -0.677165 -0.314961 
vn -0.661417 -0.677165 -0.314961 
vn 0.0708661 0.015748 1 
vn 0.165354 0.0551181 0.984252 
vn 0.165354 0.0551181 0.984252 
vn 0.165354 0.0472441 0.984252 
vn -0.125984 -0.0314961 0.992126 
vn -0.125984 -0.0393701 0.992126 
vn 0.0314961 0 1 
vn 0.173228 0.023622 0.984252 
vn 0.173228 0.0314961 0.984252 
vn -0.0314961 0 1 
vn 0.425197 0.464567 0.779528 
vn 0.425197 0.464567 0.779528 
vn 0.425197 0.464567 0.779528 
vn 0.425197 0.464567 0.779528 
vn 1 0 -0.0314961 
vn 1 0.015748 -0.0708661 
vn 0.984252 0.0472441 -0.15748 
vn 0.984252 0.0629921 -0.149606 
vn 1 0.0314961 -0.0629921 
vn 0.992126 -0.0629921 0.102362 
vn 0.992126 -0.0708661 0.0944882 
vn 0.984252 0.0866142 -0.133858 
vn 0.984252 0.0866142 -0.133858 
vn 0.984252 0.0787402 -0.141732 
vn -0.503937 0.858268 0.0944882 
vn -0.503937 0.858268 0.0944882 
vn -0.503937 0.858268 0.0944882 
vn -0.503937 0.858268 0.0944882 
vn 1 0 -0.0314961 
vn 0.984252 0.0787402 -0.141732 
vn 1 0.0314961 -0.0629921 
vn 0.984252 0.0629921 -0.149606 
vn 0.992126 -0.0629921 0.102362 
vn 1 0.015748 -0.0708661 
vn 0.992126 -0.0551181 0.102362 
vn 0.984252 0.0393701 -0.165354 
vn 0.984252 0.0472441 -0.15748 
vn 0.984252 0.0393701 -0.165354 
vn -0.708661 -0.598425 0.377953 
vn -0.566929 -0.76378 0.307087 
vn -0.708661 -0.598425 0.377953 
vn -0.566929 -0.76378 0.307087 
vn -0.015748 0.992126 -0.102362 
vn -0.015748 0.992126 -0.102362 
vn -0.015748 0.992126 -0.102362 
vn -0.889764 -0.0472441 -0.448819 
vn -0.795276 0.00787402 -0.606299 
vn -0.897638 -0.0393701 -0.440945 
vn -0.826772 0 -0.566929 
vn -0.535433 0.0866142 0.84252 
vn -0.566929 0 0.818898 
vn -0.566929 0 0.826772 
vn -0.519685 0.0787402 0.850394 
vn -0.566929 0.015748 0.826772 
vn -0.598425 -0.0708661 0.795276 
vn -0.590551 -0.0787402 0.80315 
vn -0.574803 0 0.818898 
vn -0.614173 -0.0629921 0.787402 
vn -0.606299 -0.0708661 0.795276 
vn 0.433071 -0.0944882 0.897638 
vn 0.440945 -0.0866142 0.897638 
vn 0.346457 -0.00787402 0.937008 
vn 0.401575 -0.0629921 0.913386 
vn 0.377953 -0.023622 0.929134 
vn 0.23622 0.0708661 0.968504 
vn 0.228346 0.0708661 0.968504 
vn 0.456693 -0.0472441 0.889764 
vn 0.448819 -0.0629921 0.889764 
vn 0.456693 -0.0393701 0.889764 
vn 0.440945 -0.0866142 0.897638 
vn 0.448819 -0.0629921 0.889764 
vn 0.377953 -0.023622 0.929134 
vn 0.346457 -0.00787402 0.937008 
vn 0.401575 -0.0629921 0.913386 
vn 0.23622 0.0708661 0.968504 
vn 0.992126 0.00787402 0.133858 
vn 0.992126 0.015748 0.133858 
vn 0.968504 0.00787402 0.251969 
vn 0.944882 0.00787402 0.338583 
vn 0.905512 0.023622 0.425197 
vn 0.905512 0 0.433071 
vn 0.905512 0.023622 0.425197 
vn 0.637795 -0.0629921 0.771654 
vn 0.614173 -0.015748 0.787402 
vn 0.629921 -0.0629921 0.771654 
vn 0.606299 0 0.795276 
vn 0.629921 -0.0708661 0.771654 
vn 0.629921 -0.0629921 0.771654 
vn 0.614173 -0.015748 0.787402 
vn 0.629921 -0.0708661 0.771654 
vn -0.889764 -0.0629921 -0.456693 
vn -0.889764 -0.0708661 -0.456693 
vn -0.826772 -0.00787402 -0.559055 
vn -0.818898 0 -0.566929 
vn -0.826772 0 -0.566929 
vn -0.889764 -0.0472441 -0.448819 
vn -0.11811 -0.771654 -0.629921 
vn -0.11811 -0.771654 -0.629921 
vn -0.11811 -0.771654 -0.629921 
vn -0.11811 -0.771654 -0.629921 
vn -0.181102 -0.929134 -0.330709 
vn -0.181102 -0.929134 -0.330709 
vn -0.181102 -0.929134 -0.330709 
vn -0.181102 -0.929134 -0.330709 
vn 0.913386 -0.102362 0.393701 
vn 0.944882 -0.0393701 0.330709 
vn 0.913386 -0.0866142 0.393701 
vn 0.96063 0 0.283465 
vn 0.952756 -0.015748 0.291339 
vn 0.976378 0.0787402 0.204724 
vn 0.976378 0.0866142 0.212598 
vn 0.944882 -0.0708661 0.322835 
vn 0.944882 -0.0708661 0.330709 
vn 0.944882 -0.0708661 0.322835 
vn 0.913386 -0.0866142 0.393701 
vn 0.913386 -0.0708661 0.401575 
vn 0.913386 -0.0629921 0.401575 
vn 0.944882 -0.0393701 0.330709 
vn 0.976378 0.0787402 0.204724 
vn 0.976378 0.0708661 0.204724 
vn 0.96063 0 0.283465 
vn 0.952756 -0.015748 0.291339 
vn 0.937008 -0.0629921 0.338583 
vn 0.944882 -0.0708661 0.330709 
vn -0.110236 -0.0944882 -0.992126 
vn -0.110236 -0.0944882 -0.992126 
vn -0.110236 -0.0944882 -0.992126 
vn -0.110236 -0.0944882 -0.992126 
vn 0.905512 0.0551181 0.417323 
vn 0.96063 0 0.291339 
vn 0.968504 -0.023622 0.244094 
vn 0.905512 0.0472441 0.417323 
vn 0.96063 0 0.291339 
vn 0.984252 -0.0472441 0.149606 
vn 0.992126 -0.0314961 0.141732 
vn 0.905512 0.023622 0.425197 
vn 0.96063 0 0.275591 
vn 0.905512 0.0314961 0.425197 
vn -0.141732 -0.0866142 -0.984252 
vn -0.141732 -0.0866142 -0.984252 
vn -0.141732 -0.0866142 -0.984252 
vn -0.141732 -0.0866142 -0.984252 
vn -0.929134 0.0866142 0.362205 
vn -0.929134 0.0866142 0.370079 
vn -0.92126 0.0866142 0.370079 
vn -0.929134 0.0866142 0.362205 
vn -0.92126 0.0787402 0.377953 
vn -0.92126 0.0787402 0.377953 
vn -0.937008 0.015748 0.338583 
vn -0.913386 0.0629921 0.393701 
vn -0.96063 -0.0314961 0.283465 
vn -0.913386 0.0629921 0.401575 
vn 1 -0.015748 0.0393701 
vn 1 0.015748 0.0314961 
vn 0.708661 -0.700787 0.023622 
vn 0.700787 -0.708661 0.0787402 
vn 0.015748 -1 0.0708661 
vn 0 -1 0.00787402 
vn 0.0551181 -0.968504 -0.23622 
vn 0.748031 -0.661417 -0.0629921 
vn 0.724409 0.692913 -0.023622 
vn 0.0314961 -0.913386 -0.409449 
vn 0.692913 0.716535 0.015748 
vn 0.015748 1 -0.0708661 
vn 0.992126 0.023622 0.149606 
vn 0.724409 -0.669291 -0.15748 
vn 0.677165 0.685039 0.267717 
vn 0.976378 -0.023622 0.204724 
vn 0.645669 0.622047 0.433071 
vn 0 0.968504 0.244094 
vn 0 1 0 
vn -0.700787 0.708661 -0.0787402 
vn -0.0629921 0.905512 0.409449 
vn -0.677165 0.732283 0.0944882 
vn 0.559055 0.826772 0.0551181 
vn -0.748031 0.645669 0.165354 
vn -0.692913 0.716535 -0.023622 
vn -1 0.015748 -0.023622 
vn -0.992126 0.0629921 -0.11811 
vn -1 -0.015748 -0.0314961 
vn -0.708661 -0.700787 -0.00787402 
vn -0.685039 -0.724409 0.0314961 
vn 0 -1 0.00787402 
vn 0.015748 -1 0.0708661 
vn -0.692913 -0.669291 -0.267717 
vn 0.0551181 -0.968504 -0.23622 
vn 0.0314961 -0.913386 -0.409449 
vn -0.984252 0.00787402 -0.165354 
vn -0.669291 -0.622047 -0.401575 
vn -0.015748 -0.96063 -0.267717 
vn -0.645669 -0.76378 -0.00787402 
vn -0.952756 -0.165354 0.259843 
vn -0.377953 -0.834646 0.393701 
vn 0.141732 -0.984252 -0.133858 
vn -0.212598 -0.889764 0.409449 
vn 0.259843 -0.952756 -0.173228 
vn -0.566929 -0.259843 0.779528 
vn -0.685039 -0.228346 0.692913 
vn -0.598425 0.503937 0.614173 
vn -0.535433 0.543307 0.637795 
vn -0.755906 0.519685 0.393701 
vn -0.181102 0.968504 0.173228 
vn -0.15748 0.984252 0.0708661 
vn -0.173228 0.929134 0.322835 
vn 0.346457 0.850394 -0.409449 
vn 0.322835 0.779528 -0.527559 
vn 0.661417 0.212598 -0.716535 
vn 0.606299 0.149606 -0.779528 
vn 0.574803 -0.527559 -0.629921 
vn 0.952756 0.0944882 -0.283465 
vn 0.637795 -0.661417 -0.393701 
vn -0.015748 -0.96063 -0.267717 
vn 0.141732 -0.984252 -0.133858 
vn 0.582677 -0.551181 -0.598425 
vn 0.259843 -0.952756 -0.173228 
vn 0.519685 0.0787402 -0.850394 
vn 0.606299 -0.0393701 -0.795276 
vn 0.559055 0.023622 -0.826772 
vn 0.519685 0.0708661 -0.850394 
vn 0.527559 0.0787402 -0.850394 
vn 0.527559 0.0787402 -0.850394 
vn 0.456693 -0.858268 0.220472 
vn 0.614173 -0.732283 0.291339 
vn 0.456693 -0.858268 0.220472 
vn 0.614173 -0.732283 0.291339 
vn -0.0314961 0 1 
vn -0.125984 -0.0314961 0.992126 
vn -0.125984 -0.015748 0.992126 
vn 0.0314961 0 1 
vn 0.0708661 0.015748 1 
vn 0.173228 0.0314961 0.984252 
vn 0.165354 0.0472441 0.984252 
vn 0.992126 0.015748 0.133858 
vn 0.992126 0.0314961 0.133858 
vn 0.968504 0.00787402 0.23622 
vn 0.968504 0.00787402 0.251969 
vn 0.905512 0 0.433071 
vn 0.944882 0.00787402 0.338583 
vn 0.897638 -0.00787402 0.433071 
vn 0.11811 0.393701 -0.913386 
vn 0.11811 0.393701 -0.913386 
vn 0.11811 0.393701 -0.913386 
vn 0.11811 0.393701 -0.913386 
vn -0.968504 0.0629921 0.228346 
vn -0.968504 0.0629921 0.228346 
vn -0.968504 0.0629921 0.228346 
vn -0.968504 0.0629921 0.228346 
vn 0.204724 -0.015748 -0.976378 
vn 0.133858 -0.00787402 -0.992126 
vn 0.133858 -0.00787402 -0.992126 
vn 0.291339 -0.00787402 -0.96063 
vn -0.968504 0.0787402 0.244094 
vn -0.968504 0.0866142 0.251969 
vn -0.968504 0.0866142 0.251969 
vn -0.968504 0.0787402 0.244094 
vn -0.96063 0.0944882 0.251969 
vn -0.96063 0.0944882 0.251969 
vn -0.00787402 1 -0.00787402 
vn 0.0551181 1 0.0551181 
vn -0.00787402 1 -0.00787402 
vn 0.0551181 1 0.0551181 
vn -0.165354 0.929134 0.338583 
vn -0.165354 0.929134 0.338583 
vn -0.165354 0.929134 0.338583 
vn -0.165354 0.929134 0.338583 
vn -0.11811 -0.393701 0.913386 
vn -0.110236 -0.598425 0.795276 
vn -0.11811 -0.393701 0.913386 
vn -0.110236 -0.598425 0.795276 
vn -0.976378 -0.0472441 0.204724 
vn -0.976378 -0.0393701 0.19685 
vn -0.929134 0.00787402 0.377953 
vn -0.937008 0 0.338583 
vn -0.976378 -0.0629921 0.212598 
vn -0.937008 0.00787402 0.338583 
vn -0.944882 -0.00787402 0.322835 
vn -0.976378 -0.0787402 0.220472 
vn 0.779528 0.496063 0.370079 
vn 0.834646 0.393701 0.393701 
vn 0.779528 0.496063 0.370079 
vn 0.834646 0.393701 0.393701 
vn 0.952756 0.0472441 0.299213 
vn 0.992126 0.015748 0.11811 
vn 0.677165 -0.732283 0.0866142 
vn 0.685039 -0.669291 0.275591 
vn 0 -1 0.0866142 
vn -0.0472441 -1 -0.00787402 
vn -0.125984 -0.937008 -0.322835 
vn 0.629921 -0.606299 -0.480315 
vn -0.110236 -0.80315 -0.590551 
vn 0.661417 0.740157 0.0866142 
vn 0.677165 0.716535 0.149606 
vn 0.0472441 1 -0.0708661 
vn -0.0393701 1 0.015748 
vn -0.614173 0.740157 -0.259843 
vn 0.937008 0.165354 -0.299213 
vn 0.637795 0.771654 0.0629921 
vn 0.897638 0.11811 -0.425197 
vn 0.755906 0.645669 0.0866142 
vn 0.96063 0.0629921 -0.259843 
vn 0.543307 -0.472441 -0.700787 
vn -0.141732 -0.811024 -0.566929 
vn 0.598425 -0.535433 -0.598425 
vn 0.771654 0.598425 0.220472 
vn 0.188976 0.818898 0.551181 
vn 0.165354 0.811024 0.566929 
vn -0.535433 0.582677 0.614173 
vn 0 0.929134 0.370079 
vn -0.503937 0.519685 0.692913 
vn -0.629921 0.606299 0.488189 
vn -0.708661 0.708661 -0.0629921 
vn -0.937008 -0.0393701 0.346457 
vn -0.905512 -0.110236 0.417323 
vn -0.952756 0.015748 0.307087 
vn -0.795276 -0.574803 -0.188976 
vn -0.992126 0.0314961 -0.110236 
vn -0.952756 0.0472441 -0.307087 
vn -0.700787 -0.692913 -0.165354 
vn -0.748031 -0.661417 0.0314961 
vn -0.732283 -0.677165 -0.0866142 
vn -0.0472441 -1 -0.00787402 
vn 0 -1 0.0866142 
vn -0.125984 -0.937008 -0.322835 
vn -0.724409 -0.677165 -0.133858 
vn -0.110236 -0.80315 -0.590551 
vn -0.141732 -0.811024 -0.566929 
vn -0.0314961 0.96063 -0.283465 
vn -0.0629921 0.897638 -0.440945 
vn -0.0629921 0.897638 -0.440945 
vn -0.0314961 0.96063 -0.275591 
vn 0.299213 -0.905512 -0.307087 
vn 0.299213 -0.905512 -0.307087 
vn 0.299213 -0.905512 -0.307087 
vn 0.299213 -0.905512 -0.307087 
vn -0.519685 0.0787402 0.850394 
vn -0.574803 0 0.818898 
vn -0.566929 0 0.818898 
vn -0.511811 0.0629921 0.858268 
vn -0.566929 0 0.826772 
vn -0.606299 -0.0708661 0.795276 
vn -0.598425 -0.0708661 0.795276 
vn -0.566929 0.015748 0.826772 
vn -0.535433 0.0866142 0.84252 
vn -0.535433 0.0866142 0.84252 
vn 0.535433 -0.787402 -0.291339 
vn 0.535433 -0.787402 -0.291339 
vn 0.535433 -0.787402 -0.291339 
vn 0.535433 -0.787402 -0.291339 
vn -0.976378 -0.0787402 0.220472 
vn -0.937008 0.023622 0.346457 
vn -0.968504 -0.0866142 0.220472 
vn -0.944882 -0.00787402 0.322835 
vn 0.448819 -0.0551181 -0.889764 
vn 0.574803 0 -0.818898 
vn 0.448819 -0.0472441 -0.889764 
vn 0.606299 0.023622 -0.795276 
vn 0.559055 0 -0.826772 
vn 0.448819 -0.0393701 -0.897638 
vn -0.299213 -0.905512 0.307087 
vn -0.299213 -0.905512 0.307087 
vn -0.299213 -0.905512 0.307087 
vn -0.299213 -0.905512 0.307087 
vn 0.787402 -0.606299 0.102362 
vn 0.787402 -0.606299 0.102362 
vn 0.622047 -0.779528 0.0787402 
vn 0.622047 -0.779528 0.0787402 
vn 0.795276 0 -0.606299 
vn 0.826772 0.0787402 -0.559055 
vn 0.795276 0 -0.606299 
vn 0.834646 0.0629921 -0.551181 
vn 0.818898 0.0866142 -0.566929 
vn 0.795276 0 -0.606299 
vn 0.795276 0.015748 -0.598425 
vn 0.811024 0.0866142 -0.574803 
vn -0.0314961 0.96063 -0.283465 
vn -0.0629921 0.897638 -0.440945 
vn 0 0.88189 -0.464567 
vn 0.76378 -0.0314961 -0.637795 
vn 0.834646 0.0629921 -0.551181 
vn 0.795276 0 -0.606299 
vn 0.834646 0.0629921 -0.543307 
vn -0.314961 -0.740157 -0.590551 
vn -0.314961 -0.740157 -0.590551 
vn -0.314961 -0.740157 -0.590551 
vn -0.314961 -0.740157 -0.590551 
vn 0.535433 -0.0551181 0.84252 
vn 0.535433 -0.0629921 0.84252 
vn 0.622047 0.00787402 0.787402 
vn 0.661417 0.0314961 0.755906 
vn 0.708661 0.0472441 0.700787 
vn 0.708661 0.0708661 0.708661 
vn 0.708661 0.0472441 0.700787 
vn 0.606299 -0.00787402 0.795276 
vn 0.700787 0.0866142 0.708661 
vn 0.692913 0.102362 0.716535 
vn 0.559055 -0.0866142 0.826772 
vn 0.551181 -0.0708661 0.834646 
vn 0.559055 -0.0866142 0.826772 
vn 0.535433 -0.0629921 0.84252 
vn 0.551181 -0.0708661 0.834646 
vn 0.606299 -0.00787402 0.795276 
vn 0.622047 0.00787402 0.787402 
vn 0.661417 0.0314961 0.755906 
vn 0.700787 0.0866142 0.708661 
vn 0.708661 0.0708661 0.708661 
vn 0.992126 0.023622 -0.125984 
vn 0.685039 -0.716535 -0.15748 
vn 0.992126 0.015748 -0.149606 
vn 0.677165 0.732283 -0.0551181 
vn -0.023622 -0.992126 -0.141732 
vn -0.0393701 -1 -0.0629921 
vn 0.692913 -0.692913 -0.19685 
vn 0.023622 -0.929134 -0.370079 
vn 0.716535 -0.669291 -0.19685 
vn -0.00787402 -0.905512 -0.417323 
vn 0.708661 0.708661 0.015748 
vn 0.992126 -0.0393701 0.0787402 
vn 0.590551 -0.80315 -0.015748 
vn 0.614173 -0.787402 0.0393701 
vn 0.0629921 -0.834646 -0.543307 
vn 0.88189 -0.259843 0.393701 
vn 0.866142 -0.480315 -0.141732 
vn 0.393701 -0.401575 -0.826772 
vn 0.76378 -0.267717 0.590551 
vn 0.543307 -0.015748 -0.84252 
vn 0.96063 -0.173228 -0.212598 
vn 0.566929 0.0551181 -0.826772 
vn 0.968504 -0.11811 -0.204724 
vn 0.811024 -0.228346 0.543307 
vn -0.314961 -0.677165 0.661417 
vn -0.314961 -0.677165 0.661417 
vn -0.314961 -0.677165 0.661417 
vn -0.314961 -0.677165 0.661417 
vn 0.377953 0.141732 -0.913386 
vn 0.393701 0.188976 -0.897638 
vn 0.393701 0.181102 -0.897638 
vn 0.377953 0.141732 -0.913386 
vn -0.661417 -0.740157 -0.0866142 
vn -0.661417 -0.740157 -0.0866142 
vn -0.661417 -0.740157 -0.0866142 
vn -0.661417 -0.740157 -0.0866142 
vn 0.11811 -0.740157 0.653543 
vn 0.11811 -0.740157 0.653543 
vn 0.11811 -0.740157 0.653543 
vn 1 0.0551181 0 
vn 1 0.0551181 0 
vn 1 0.0551181 0 
vn 1 0.0551181 0 
vn 0.96063 0 0.291339 
vn 0.905512 0.0314961 0.425197 
vn 0.96063 0 0.291339 
vn 0.905512 0.0472441 0.417323 
vn 0.96063 0 0.275591 
vn 0.992126 -0.0314961 0.141732 
vn 0.992126 -0.023622 0.141732 
vn 0.984252 -0.0472441 0.149606 
vn 0.968504 -0.023622 0.244094 
vn 0.984252 -0.0629921 0.149606 
vn -0.23622 -0.0472441 0.968504 
vn -0.338583 0.0787402 0.937008 
vn -0.299213 0.023622 0.952756 
vn -0.346457 0.0708661 0.937008 
vn -0.330709 0.0787402 0.937008 
vn -0.330709 0.0787402 0.937008 
vn -0.692913 -0.00787402 0.724409 
vn -0.692913 -0.015748 0.724409 
vn -0.692913 -0.00787402 0.724409 
vn -0.606299 0 0.795276 
vn -0.606299 0 0.795276 
vn -0.472441 0.015748 0.88189 
vn -0.692913 -0.015748 0.724409 
vn -0.149606 -0.535433 -0.826772 
vn -0.149606 -0.535433 -0.826772 
vn -0.149606 -0.535433 -0.826772 
vn -0.149606 -0.535433 -0.826772 
vn 0.740157 -0.661417 -0.133858 
vn 0.629921 -0.76378 -0.11811 
vn 0.740157 -0.661417 -0.133858 
vn 0.629921 -0.76378 -0.11811 
vn 0.291339 -0.740157 -0.606299 
vn 0.228346 -0.850394 -0.480315 
vn 0.291339 -0.740157 -0.606299 
vn 0.228346 -0.850394 -0.480315 
vn -0.181102 -0.96063 -0.212598 
vn -0.181102 -0.96063 -0.212598 
vn -0.181102 -0.96063 -0.212598 
vn -0.181102 -0.96063 -0.212598 
vn -0.181102 -0.96063 -0.212598 
vn -0.181102 -0.96063 -0.212598 
vn -0.181102 -0.96063 -0.212598 
vn -0.181102 -0.96063 -0.212598 
vn -0.448819 -0.866142 -0.212598 
vn -0.472441 -0.874016 -0.141732 
vn -0.472441 -0.874016 -0.141732 
vn -0.448819 -0.866142 -0.212598 
vn -0.488189 -0.866142 -0.0629921 
vn -0.472441 -0.874016 -0.141732 
vn -0.472441 -0.874016 -0.141732 
vn -0.488189 -0.866142 -0.0629921 
vn 1 -0.00787402 -0.015748 
vn 0.992126 0.0629921 -0.125984 
vn 1 -0.023622 0.0314961 
vn 0.992126 0.0629921 -0.125984 
vn 0.661417 -0.629921 0.401575 
vn 0.622047 -0.653543 0.433071 
vn 0.984252 -0.0944882 0.165354 
vn -0.00787402 -0.874016 0.488189 
vn -0.0472441 -0.889764 0.456693 
vn 0.992126 0 0.110236 
vn 0.795276 0.559055 -0.23622 
vn 0.622047 -0.708661 0.322835 
vn -0.0866142 -0.858268 0.496063 
vn 0.606299 -0.755906 0.259843 
vn -0.0314961 -0.826772 0.559055 
vn 0.944882 -0.251969 -0.204724 
vn 0.992126 -0.11811 -0.0629921 
vn 0.716535 0.425197 -0.559055 
vn 0.708661 0.566929 -0.417323 
vn 0.023622 0.834646 -0.551181 
vn 0.732283 0.637795 -0.251969 
vn -0.00787402 0.874016 -0.488189 
vn 0.0472441 0.88189 -0.472441 
vn 0.0866142 0.858268 -0.503937 
vn -0.677165 0.590551 -0.440945 
vn -0.653543 0.629921 -0.417323 
vn -0.692913 0.661417 -0.275591 
vn -0.685039 0.700787 -0.188976 
vn -0.992126 0.015748 -0.11811 
vn -0.992126 -0.0787402 -0.0787402 
vn -0.992126 0.0787402 0.0866142 
vn -0.952756 0.11811 0.291339 
vn -0.740157 -0.622047 0.244094 
vn -0.661417 -0.685039 0.307087 
vn -0.00787402 -0.874016 0.488189 
vn -0.0472441 -0.889764 0.456693 
vn -0.740157 -0.543307 0.401575 
vn -0.645669 -0.496063 0.582677 
vn -0.0866142 -0.858268 0.496063 
vn -0.0314961 -0.826772 0.559055 
vn 0.0393701 0.944882 -0.314961 
vn 0.0393701 0.944882 -0.314961 
vn 0.0393701 0.944882 -0.314961 
vn 0.0393701 0.944882 -0.314961 
vn -0.448819 -0.0314961 0.889764 
vn -0.448819 -0.0314961 0.889764 
vn -0.448819 -0.0314961 0.889764 
vn -0.448819 -0.0314961 0.889764 
vn 0.102362 0.0708661 0.992126 
vn -0.023622 -0.0314961 1 
vn 0.015748 -0.00787402 1 
vn 0.102362 0.0708661 0.992126 
vn -0.464567 -0.740157 0.488189 
vn -0.464567 -0.740157 0.488189 
vn -0.464567 -0.740157 0.488189 
vn -0.464567 -0.740157 0.488189 
vn 0.362205 -0.535433 -0.76378 
vn 0.362205 -0.535433 -0.76378 
vn 0.362205 -0.535433 -0.76378 
vn 0.362205 -0.535433 -0.76378 
vn -0.440945 -0.0708661 0.897638 
vn -0.440945 -0.0708661 0.897638 
vn -0.440945 -0.0708661 0.897638 
vn -0.440945 -0.0708661 0.897638 
vn 0.0944882 0.0866142 0.992126 
vn 0.0944882 0.0866142 0.992126 
vn 0.0944882 0.0944882 0.992126 
vn 0.0944882 0.0944882 0.992126 
vn 0.0866142 0.0944882 0.992126 
vn 0.0866142 0.0944882 0.992126 
vn 0.645669 -0.0393701 0.76378 
vn 0.559055 0.0787402 0.826772 
vn 0.606299 0 0.795276 
vn 0.559055 0.0708661 0.826772 
vn 0.566929 0.0787402 0.818898 
vn 0.614173 -0.015748 0.787402 
vn 0.984252 0.102362 -0.133858 
vn 0.984252 0.125984 -0.110236 
vn 0.984252 0.110236 -0.125984 
vn 0.984252 0.125984 -0.110236 
vn 0.984252 0.0866142 -0.141732 
vn 0.984252 0.0866142 -0.141732 
vn 0.984252 -0.0866142 -0.133858 
vn 0.984252 -0.0866142 -0.133858 
vn 0.984252 -0.0866142 -0.133858 
vn 0.984252 -0.0866142 -0.133858 
vn 0.283465 -0.543307 -0.795276 
vn 0.283465 -0.543307 -0.795276 
vn 0.283465 -0.543307 -0.795276 
vn 0.251969 -0.937008 0.244094 
vn 0.173228 -0.968504 0.165354 
vn 0.0787402 -0.992126 0.0708661 
vn -0.133858 -0.00787402 0.992126 
vn -0.125984 -0.015748 0.992126 
vn -0.133858 -0.00787402 0.992126 
vn -0.0314961 0 1 
vn 0.259843 -0.929134 -0.275591 
vn 0.259843 -0.929134 -0.275591 
vn 0.259843 -0.929134 -0.275591 
vn 0.259843 -0.929134 -0.275591 
vn -0.0787402 0.992126 -0.0708661 
vn -0.00787402 1 -0.00787402 
vn -0.0787402 0.992126 -0.0708661 
vn -0.00787402 1 -0.00787402 
vn 0.393701 0.23622 -0.889764 
vn 0.393701 0.188976 -0.897638 
vn 0.385827 0.244094 -0.889764 
vn 0.393701 0.181102 -0.897638 
vn 0.976378 -0.0708661 -0.204724 
vn 0.976378 -0.0787402 -0.212598 
vn 0.976378 -0.0708661 -0.204724 
vn 0.976378 -0.0708661 -0.19685 
vn 0.976378 -0.0708661 -0.19685 
vn 0.976378 -0.0708661 -0.204724 
vn 0.976378 -0.0551181 -0.188976 
vn 0.976378 -0.0551181 -0.188976 
vn -0.84252 0.527559 -0.110236 
vn -0.84252 0.527559 -0.110236 
vn -0.84252 0.527559 -0.110236 
vn -0.787402 0.566929 -0.228346 
vn 0.244094 -0.0866142 0.968504 
vn 0.322835 -0.00787402 0.944882 
vn 0.251969 -0.0944882 0.96063 
vn 0.338583 0.00787402 0.944882 
vn 0.338583 0 0.937008 
vn 0.23622 -0.0708661 0.968504 
vn 0.322835 -0.00787402 0.944882 
vn 0.228346 -0.0629921 0.968504 
vn 0.0944882 -0.685039 -0.724409 
vn 0.0944882 -0.685039 -0.724409 
vn 0.0944882 -0.685039 -0.724409 
vn 0.0944882 -0.685039 -0.724409 
vn 0.377953 0.251969 -0.889764 
vn 0.385827 0.244094 -0.889764 
vn 0.377953 0.251969 -0.889764 
vn 0.393701 0.23622 -0.889764 
vn -0.181102 -0.96063 -0.212598 
vn -0.181102 -0.96063 -0.212598 
vn -0.181102 -0.96063 -0.212598 
vn -0.181102 -0.96063 -0.212598 
vn -0.181102 -0.96063 -0.212598 
vn -0.181102 -0.96063 -0.212598 
vn -0.181102 -0.96063 -0.212598 
vn -0.181102 -0.96063 -0.212598 
vn -0.181102 -0.96063 -0.212598 
vn -0.181102 -0.96063 -0.212598 
vn -0.181102 -0.96063 -0.212598 
vn -0.181102 -0.96063 -0.212598 
vn -0.181102 -0.96063 -0.212598 
vn -0.181102 -0.96063 -0.212598 
vn -0.181102 -0.96063 -0.212598 
vn -0.181102 -0.96063 -0.212598 
vn -0.181102 -0.96063 -0.212598 
vn -0.181102 -0.96063 -0.212598 
vn 0.984252 -0.0629921 0.149606 
vn 0.984252 -0.0787402 0.15748 
vn 0.984252 -0.0787402 0.15748 
vn 0.968504 -0.023622 0.244094 
vn 0.905512 -0.0393701 0.417323 
vn 0.905512 -0.0393701 0.417323 
vn 0.968504 0.00787402 0.23622 
vn 0.96063 0 0.275591 
vn 0.913386 -0.0629921 0.401575 
vn 0.913386 -0.0708661 0.401575 
vn 0.913386 -0.0708661 0.401575 
vn 0.913386 -0.0629921 0.401575 
vn 0.913386 -0.0551181 0.409449 
vn 0.913386 -0.0551181 0.409449 
vn 0.905512 0.023622 0.425197 
vn 0.905512 0.0472441 0.417323 
vn 0.937008 0.015748 0.346457 
vn 0.905512 0.023622 0.425197 
vn 0.937008 0.015748 0.346457 
vn 0.913386 0.0629921 0.401575 
vn 0.96063 0 0.291339 
vn 0.905512 0.0472441 0.417323 
vn -0.582677 -0.535433 0.614173 
vn -0.582677 -0.535433 0.614173 
vn -0.582677 -0.535433 0.614173 
vn -0.582677 -0.535433 0.614173 
vn 0.96063 0.00787402 0.291339 
vn 0.96063 0 0.291339 
vn 0.913386 0.0629921 0.401575 
vn 0.913386 0.0866142 0.393701 
vn 0.275591 0.850394 0.440945 
vn 0.275591 0.850394 0.440945 
vn 0.275591 0.850394 0.440945 
vn 0.275591 0.850394 0.440945 
vn 0.708661 0.0472441 0.700787 
vn 0.716535 0.023622 0.692913 
vn 0.716535 0.023622 0.692913 
vn 0.708661 0.0472441 0.700787 
vn 0.141732 -0.614173 0.779528 
vn 0.110236 -0.779528 0.614173 
vn 0.141732 -0.614173 0.779528 
vn 0.110236 -0.779528 0.614173 
vn 0.716535 0.023622 0.692913 
vn 0.724409 0.015748 0.692913 
vn 0.724409 0.015748 0.692913 
vn 0.716535 0.023622 0.692913 
vn 0.952756 0.00787402 0.291339 
vn 0.96063 0.00787402 0.291339 
vn 0.913386 0.0866142 0.393701 
vn 0.913386 0.11811 0.385827 
vn 0.708661 0.598425 -0.377953 
vn 0.708661 0.598425 -0.377953 
vn 0.708661 0.598425 -0.377953 
vn 0.708661 0.598425 -0.377953 
vn 0.314961 -0.740157 0.590551 
vn 0.314961 -0.740157 0.590551 
vn 0.314961 -0.740157 0.590551 
vn 0.314961 -0.740157 0.590551 
vn 0.913386 0.11811 0.385827 
vn 0.913386 0.125984 0.377953 
vn 0.96063 -0.015748 0.283465 
vn 0.952756 0.00787402 0.291339 
vn -0.740157 0.661417 0.133858 
vn -0.740157 0.661417 0.133858 
vn -0.740157 0.661417 0.133858 
vn -0.740157 0.661417 0.133858 
vn 0.275591 -0.96063 0.0472441 
vn 0.275591 -0.96063 0.0472441 
vn 0.275591 -0.96063 0.0472441 
vn 0.275591 -0.96063 0.0472441 
vn 0.724409 -0.598425 0.346457 
vn 0.724409 -0.598425 0.346457 
vn 0.551181 -0.787402 0.259843 
vn 0.551181 -0.787402 0.259843 
vn 0.385827 -0.598425 0.708661 
vn 0.385827 -0.598425 0.708661 
vn 0.385827 -0.598425 0.708661 
vn 0.385827 -0.598425 0.708661 
vn 0.826772 -0.535433 -0.149606 
vn 0.724409 -0.669291 -0.133858 
vn 0.826772 -0.535433 -0.149606 
vn 0.724409 -0.669291 -0.133858 
vn -0.385827 0.598425 -0.708661 
vn -0.385827 0.598425 -0.708661 
vn -0.385827 0.598425 -0.708661 
vn -0.385827 0.598425 -0.708661 
vn 0.023622 0.0944882 -0.992126 
vn -0.614173 -0.291339 -0.740157 
vn -0.826772 -0.566929 -0.0314961 
vn -0.88189 -0.464567 -0.0787402 
vn -0.677165 -0.15748 -0.716535 
vn -0.944882 -0.314961 0.00787402 
vn -0.110236 0.496063 -0.858268 
vn -0.795276 0.133858 -0.590551 
vn -0.944882 -0.314961 0.0314961 
vn -0.299213 0.937008 -0.19685 
vn -0.92126 0.338583 -0.188976 
vn -0.913386 -0.401575 -0.0472441 
vn -0.929134 -0.346457 -0.110236 
vn -0.889764 0.385827 0.251969 
vn -0.834646 0.015748 0.551181 
vn -0.905512 -0.417323 -0.102362 
vn -0.299213 0.834646 0.456693 
vn -0.889764 -0.448819 -0.0472441 
vn -0.598425 -0.433071 0.677165 
vn -0.15748 0.480315 0.858268 
vn -0.88189 -0.472441 0.0472441 
vn -0.551181 -0.480315 0.685039 
vn -0.88189 -0.472441 0.00787402 
vn 0.0787402 -0.149606 0.984252 
vn 0.598425 0.582677 0.551181 
vn 0.464567 0.795276 0.385827 
vn 0.96063 0.259843 0.0629921 
vn 0.574803 0.818898 -0.0629921 
vn -0.724409 0.598425 -0.346457 
vn -0.787402 0.566929 -0.228346 
vn -0.724409 0.598425 -0.346457 
vn -0.724409 0.598425 -0.346457 
vn -0.212598 0.976378 -0.0314961 
vn 0.125984 0.992126 0.015748 
vn -0.212598 0.976378 -0.0314961 
vn 0.125984 0.992126 0.015748 
vn -0.905512 -0.385827 -0.181102 
vn -0.700787 -0.393701 0.590551 
vn -0.685039 -0.393701 0.614173 
vn -0.133858 -0.149606 0.976378 
vn -0.905512 -0.385827 -0.181102 
vn -0.133858 -0.149606 0.976378 
vn -0.527559 -0.125984 -0.834646 
vn 0.433071 0.244094 0.866142 
vn -0.511811 -0.11811 -0.850394 
vn 0.448819 0.259843 0.850394 
vn 0.0944882 0.220472 -0.968504 
vn 0.787402 0.582677 0.19685 
vn 0.0944882 0.220472 -0.968504 
vn 0.787402 0.582677 0.19685 
vn 0.606299 0.519685 -0.598425 
vn 0.622047 0.527559 -0.574803 
vn 0.724409 0.598425 0.346457 
vn 0.779528 0.496063 0.370079 
vn 0.724409 0.598425 0.346457 
vn 0.779528 0.496063 0.370079 
vn -0.0787402 0.732283 0.669291 
vn -0.102362 0.606299 0.787402 
vn -0.102362 0.598425 0.795276 
vn -0.0787402 0.732283 0.669291 
vn 0.0472441 -0.992126 0.0866142 
vn -0.0472441 -0.992126 -0.149606 
vn 0.0314961 -0.992126 0.0944882 
vn -0.0551181 -0.992126 -0.102362 
vn 0.0314961 -0.992126 0.0944882 
vn -0.0472441 -0.992126 -0.149606 
vn -0.0708661 -0.92126 -0.377953 
vn 0.11811 0.771654 0.629921 
vn 0.11811 0.771654 0.629921 
vn 0.11811 0.771654 0.629921 
vn 0.11811 0.771654 0.629921 
vn 0.677165 -0.732283 0.11811 
vn 0.677165 -0.732283 0.11811 
vn 0.677165 -0.732283 0.11811 
vn 0.677165 -0.732283 0.11811 
vn -0.165354 -0.929134 0.338583 
vn -0.165354 -0.929134 0.338583 
vn -0.165354 -0.929134 0.338583 
vn -0.165354 -0.929134 0.338583 
vn 0.283465 -0.944882 0.133858 
vn 0.456693 -0.858268 0.220472 
vn 0.283465 -0.944882 0.133858 
vn 0.456693 -0.858268 0.220472 
vn -0.0472441 0.992126 -0.0866142 
vn -0.0472441 0.992126 -0.0866142 
vn -0.0472441 0.992126 -0.0866142 
vn -0.0472441 0.992126 -0.0866142 
vn 0.0629921 -0.913386 -0.401575 
vn 0.0629921 -0.913386 -0.401575 
vn 0.0629921 -0.913386 -0.401575 
vn 0.0629921 -0.913386 -0.401575 
vn -0.259843 0.929134 0.275591 
vn -0.259843 0.929134 0.275591 
vn -0.259843 0.929134 0.275591 
vn -0.259843 0.929134 0.275591 
vn 0.228346 -0.850394 -0.480315 
vn 0.165354 -0.929134 -0.338583 
vn 0.228346 -0.850394 -0.480315 
vn 0.165354 -0.929134 -0.338583 
vn -0.0629921 -0.92126 0.377953 
vn -0.0629921 -0.92126 0.377953 
vn -0.0629921 -0.92126 0.377953 
vn -0.0629921 -0.92126 0.377953 
vn 0.165354 0.929134 -0.338583 
vn 0.165354 0.929134 -0.338583 
vn 0.165354 0.929134 -0.338583 
vn 0.165354 0.929134 -0.338583 
vn 0.598425 -0.787402 -0.110236 
vn 0.724409 -0.669291 -0.133858 
vn 0.598425 -0.787402 -0.110236 
vn 0.724409 -0.669291 -0.133858 
vn 0.0787402 -0.897638 0.425197 
vn 0.110236 -0.779528 0.614173 
vn 0.110236 -0.779528 0.614173 
vn 0.0787402 -0.897638 0.425197 
vn 0.566929 0.826772 -0.0314961 
vn 0.645669 0.496063 -0.582677 
vn 0.551181 -0.393701 -0.732283 
vn 0.92126 -0.362205 -0.133858 
vn 0.582677 -0.503937 -0.637795 
vn 0.566929 -0.590551 -0.574803 
vn 0.503937 -0.834646 0.23622 
vn 0.173228 -0.606299 0.771654 
vn 0.385827 -0.692913 -0.606299 
vn 0.133858 -0.559055 0.818898 
vn -0.259843 0.0708661 0.96063 
vn -0.614173 0.614173 0.496063 
vn -0.314961 0.125984 0.937008 
vn -0.0708661 -0.614173 0.787402 
vn 0.228346 -0.968504 0.125984 
vn -0.19685 -0.976378 -0.0551181 
vn 0.188976 -0.700787 -0.685039 
vn -0.456693 -0.629921 0.629921 
vn -0.401575 -0.905512 -0.133858 
vn 0.0866142 -0.700787 -0.708661 
vn -0.645669 -0.559055 0.519685 
vn -0.488189 0.125984 0.858268 
vn -0.425197 0.125984 0.897638 
vn -0.141732 0.771654 0.614173 
vn -0.370079 0.76378 0.527559 
vn -0.0629921 0.716535 0.692913 
vn -0.228346 0.96063 -0.15748 
vn 0.212598 0.976378 0.015748 
vn 0.385827 0.913386 0.149606 
vn 0.629921 0.614173 -0.472441 
vn -0.653543 0.716535 -0.23622 
vn -0.362205 0.433071 -0.826772 
vn -0.984252 0.125984 -0.110236 
vn -0.716535 -0.23622 -0.653543 
vn -0.0866142 -0.488189 -0.866142 
vn 0.582677 -0.503937 -0.637795 
vn 0.125984 -0.0866142 -0.992126 
vn 0.566929 -0.590551 -0.574803 
vn 0.385827 -0.692913 -0.606299 
vn 0.0314961 0.653543 -0.755906 
vn 0.291339 -0.00787402 -0.952756 
vn 0.188976 -0.700787 -0.685039 
vn 0.456693 0.669291 -0.590551 
vn 0.448819 -0.015748 -0.889764 
vn 0.0866142 -0.700787 -0.708661 
vn 0.527559 -0.0551181 -0.850394 
vn 0.472441 -0.464567 -0.748031 
vn -0.19685 -0.653543 -0.724409 
vn -0.19685 -0.653543 -0.724409 
vn 0.496063 -0.448819 -0.740157 
vn -0.80315 -0.448819 -0.393701 
vn 0.937008 0.0866142 -0.330709 
vn -0.787402 -0.464567 -0.409449 
vn 0.937008 0.0866142 -0.330709 
vn 0.755906 0.574803 0.307087 
vn 0.771654 0.559055 0.291339 
vn -0.976378 0.0866142 0.181102 
vn 0.181102 0.716535 0.669291 
vn -0.976378 0.0866142 0.181102 
vn 0.181102 0.716535 0.669291 
vn -0.519685 0.566929 0.637795 
vn -0.503937 0.574803 0.645669 
vn 0.606299 0.606299 -0.519685 
vn 0.425197 0.874016 0.23622 
vn 0.433071 0.874016 0.220472 
vn 0.00787402 0.653543 0.755906 
vn 0.606299 0.606299 -0.519685 
vn 0.00787402 0.653543 0.755906 
vn 0.370079 -0.0787402 -0.929134 
vn -0.496063 0.141732 0.858268 
vn 0.385827 -0.0551181 -0.92126 
vn -0.480315 0.15748 0.866142 
vn -0.0708661 -0.606299 -0.787402 
vn -0.76378 -0.480315 0.425197 
vn -0.0708661 -0.606299 -0.787402 
vn -0.76378 -0.480315 0.425197 
vn -0.543307 -0.787402 -0.283465 
vn -0.535433 -0.787402 -0.299213 
vn 0.283465 -0.96063 0.015748 
vn 0.259843 -0.96063 0.0314961 
vn 0.748031 -0.496063 -0.440945 
vn -0.322835 -0.858268 0.393701 
vn 0.748031 -0.496063 -0.440945 
vn -0.322835 -0.858268 0.393701 
vn 0.724409 0.314961 -0.614173 
vn 0.732283 0.291339 -0.614173 
vn 0.283465 0.84252 -0.464567 
vn -0.811024 -0.330709 0.488189 
vn 0.283465 0.84252 -0.464567 
vn -0.795276 -0.354331 0.488189 
vn -0.354331 0.92126 -0.149606 
vn -0.338583 0.929134 -0.15748 
vn -0.858268 0.440945 0.251969 
vn -0.858268 0.440945 0.251969 
vn -0.708661 0.543307 -0.456693 
vn -0.724409 0.535433 -0.440945 
vn -0.102362 0.582677 -0.80315 
vn -0.976378 0.11811 0.19685 
vn -0.102362 0.582677 -0.80315 
vn -0.976378 0.11811 0.19685 
vn 0.527559 0.275591 -0.80315 
vn -0.598425 -0.377953 0.708661 
vn 0.543307 0.259843 -0.795276 
vn -0.574803 -0.393701 0.716535 
vn 0.897638 -0.291339 -0.322835 
vn 0.0708661 -0.653543 0.755906 
vn 0.897638 -0.291339 -0.322835 
vn 0.0708661 -0.653543 0.755906 
vn 0.653543 -0.653543 0.370079 
vn 0.669291 -0.653543 0.354331 
vn 0.850394 -0.496063 0.165354 
vn 0.905512 0.0551181 -0.417323 
vn 0.84252 -0.511811 0.181102 
vn 0.905512 0.0551181 -0.417323 
vn 0.338583 -0.700787 0.629921 
vn 0.377953 0.574803 -0.724409 
vn 0.338583 -0.700787 0.629921 
vn 0.354331 0.590551 -0.724409 
vn -0.299213 -0.480315 0.818898 
vn -0.322835 -0.472441 0.818898 
vn -0.307087 0.755906 -0.574803 
vn -0.307087 0.755906 -0.574803 
vn -0.795276 0.606299 -0.0708661 
vn -0.826772 0.102362 0.551181 
vn -0.787402 0.614173 -0.0944882 
vn -0.826772 0.102362 0.551181 

vt 0.0311151 0.10196 
vt 0.0131151 0.0839599 
vt 0.0311151 0.0839599 
vt 0.0131151 0.10196 
vt 0.0311151 0.10196 
vt 0.0131151 0.10196 
vt 0.0131151 0.0839599 
vt 0.0311151 0.0839599 
vt 0.0131151 0.421311 
vt 0.0131151 0.403311 
vt 0.0311151 0.421311 
vt 0.0311151 0.403311 
vt 0.0131151 0.10196 
vt 0.0131151 0.0839599 
vt 0.0311151 0.10196 
vt 0.0311151 0.0839599 
vt 0.0131151 0.10196 
vt 0.0311151 0.0839599 
vt 0.0311151 0.10196 
vt 0.0131151 0.0839599 
vt 0.0131151 0.197002 
vt 0.0311151 0.215002 
vt 0.0131151 0.215002 
vt 0.0311151 0.197002 
vt 0.0131151 0.353949 
vt 0.0311151 0.335949 
vt 0.0311151 0.353949 
vt 0.0131151 0.335949 
vt 0.0131151 0.0839599 
vt 0.0311151 0.10196 
vt 0.0131151 0.10196 
vt 0.0311151 0.0839599 
vt 0.0311151 0.0839599 
vt 0.0131151 0.10196 
vt 0.0131151 0.0839599 
vt 0.0311151 0.10196 
vt 0.0311151 0.403311 
vt 0.0131151 0.421311 
vt 0.0131151 0.403311 
vt 0.0311151 0.421311 
vt 0.0131151 0.421311 
vt 0.0311151 0.403311 
vt 0.0311151 0.421311 
vt 0.0131151 0.403311 
vt 0.0131151 0.10196 
vt 0.0311151 0.0839599 
vt 0.0311151 0.10196 
vt 0.0131151 0.0839599 
vt 0.850814 0.644624 
vt 0.855919 0.561244 
vt 0.860425 0.644624 
vt 0.841945 0.644624 
vt 0.846308 0.561244 
vt 0.865662 0.561244 
vt 0.870167 0.644624 
vt 0.831912 0.644624 
vt 0.837439 0.561244 
vt 0.823097 0.644624 
vt 0.827406 0.561244 
vt 0.87464 0.561244 
vt 0.879145 0.644624 
vt 0.814131 0.644624 
vt 0.818591 0.561244 
vt 0.804963 0.644624 
vt 0.809625 0.561244 
vt 0.883447 0.561244 
vt 0.887953 0.644624 
vt 0.796248 0.644624 
vt 0.800457 0.561244 
vt 0.787614 0.644624 
vt 0.791742 0.561244 
vt 0.892304 0.561244 
vt 0.89681 0.644624 
vt 0.778565 0.644624 
vt 0.783108 0.561244 
vt 0.769517 0.644624 
vt 0.774059 0.561244 
vt 0.760504 0.644624 
vt 0.765012 0.561244 
vt 0.902943 0.561244 
vt 0.907449 0.644624 
vt 0.911725 0.561244 
vt 0.91623 0.644624 
vt 0.921677 0.561244 
vt 0.926183 0.644624 
vt 0.930658 0.561244 
vt 0.935164 0.644624 
vt 0.939671 0.561244 
vt 0.944177 0.644624 
vt 0.0131151 0.10196 
vt 0.0311151 0.0839599 
vt 0.0311151 0.10196 
vt 0.0131151 0.0839599 
vt 0.0311151 0.0839599 
vt 0.0131151 0.10196 
vt 0.0131151 0.0839599 
vt 0.0311151 0.10196 
vt 0.0311151 0.197002 
vt 0.0131151 0.215002 
vt 0.0131151 0.197002 
vt 0.0311151 0.215002 
vt 0.0311151 0.10196 
vt 0.0131151 0.10196 
vt 0.0131151 0.0839599 
vt 0.0311151 0.0839599 
vt 0.0311151 0.165546 
vt 0.0131151 0.147546 
vt 0.0311151 0.147546 
vt 0.0131151 0.165546 
vt 0.0131151 0.160932 
vt 0.0311151 0.142932 
vt 0.0311151 0.160932 
vt 0.0131151 0.142932 
vt 0.0131151 0.10196 
vt 0.0311151 0.0839599 
vt 0.0311151 0.10196 
vt 0.0131151 0.0839599 
vt 0.0131151 0.197002 
vt 0.0311151 0.215002 
vt 0.0131151 0.215002 
vt 0.0311151 0.197002 
vt 0.0311151 0.10196 
vt 0.0131151 0.0839599 
vt 0.0311151 0.0839599 
vt 0.0131151 0.10196 
vt 0.0311151 0.403311 
vt 0.0311151 0.421311 
vt 0.0131151 0.403311 
vt 0.0131151 0.421311 
vt 0.0311151 0.353949 
vt 0.0131151 0.353949 
vt 0.0131151 0.335949 
vt 0.0311151 0.335949 
vt 0.0311151 0.10196 
vt 0.0131151 0.0839599 
vt 0.0311151 0.0839599 
vt 0.0131151 0.10196 
vt 0.0311151 0.0839599 
vt 0.0131151 0.10196 
vt 0.0131151 0.0839599 
vt 0.0311151 0.10196 
vt 0.0311151 0.10196 
vt 0.0131151 0.0839599 
vt 0.0311151 0.0839599 
vt 0.0131151 0.10196 
vt 0.0131151 0.215002 
vt 0.0311151 0.197002 
vt 0.0311151 0.215002 
vt 0.0131151 0.197002 
vt 0.0131151 0.165546 
vt 0.0311151 0.147546 
vt 0.0311151 0.165546 
vt 0.0131151 0.147546 
vt 0.0131151 0.10196 
vt 0.0311151 0.0839599 
vt 0.0311151 0.10196 
vt 0.0131151 0.0839599 
vt 0.0311151 0.403311 
vt 0.0131151 0.421311 
vt 0.0131151 0.403311 
vt 0.0311151 0.421311 
vt 0.0131151 0.353949 
vt 0.0311151 0.335949 
vt 0.0311151 0.353949 
vt 0.0131151 0.335949 
vt 0.0131151 0.421311 
vt 0.0131151 0.403311 
vt 0.0311151 0.421311 
vt 0.0311151 0.403311 
vt 0.0311151 0.10196 
vt 0.0131151 0.0839599 
vt 0.0311151 0.0839599 
vt 0.0131151 0.10196 
vt 0.0311151 0.10196 
vt 0.0131151 0.0839599 
vt 0.0311151 0.0839599 
vt 0.0131151 0.10196 
vt 0.0311151 0.165546 
vt 0.0131151 0.147546 
vt 0.0311151 0.147546 
vt 0.0131151 0.165546 
vt 0.0311151 0.0839599 
vt 0.0131151 0.10196 
vt 0.0131151 0.0839599 
vt 0.0311151 0.10196 
vt 0.0131151 0.421311 
vt 0.0311151 0.403311 
vt 0.0311151 0.421311 
vt 0.0131151 0.403311 
vt 0.0311151 0.10196 
vt 0.0131151 0.0839599 
vt 0.0311151 0.0839599 
vt 0.0131151 0.10196 
vt 0.0311151 0.403311 
vt 0.0131151 0.421311 
vt 0.0131151 0.403311 
vt 0.0311151 0.421311 
vt 0.0311151 0.160932 
vt 0.0131151 0.142932 
vt 0.0311151 0.142932 
vt 0.0131151 0.160932 
vt 0.0131151 0.215002 
vt 0.0311151 0.197002 
vt 0.0311151 0.215002 
vt 0.0131151 0.197002 
vt 0.0131151 0.421311 
vt 0.0311151 0.403311 
vt 0.0311151 0.421311 
vt 0.0131151 0.403311 
vt 0.0131151 0.421311 
vt 0.0311151 0.403311 
vt 0.0311151 0.421311 
vt 0.0131151 0.403311 
vt 0.0311151 0.10196 
vt 0.0131151 0.0839599 
vt 0.0311151 0.0839599 
vt 0.0131151 0.10196 
vt 0.0311151 0.197002 
vt 0.0131151 0.215002 
vt 0.0131151 0.197002 
vt 0.0311151 0.215002 
vt 0.0311151 0.147546 
vt 0.0311151 0.165546 
vt 0.0131151 0.147546 
vt 0.0131151 0.165546 
vt 0.0131151 0.10196 
vt 0.0311151 0.0839599 
vt 0.0311151 0.10196 
vt 0.0131151 0.0839599 
vt 0.0131151 0.10196 
vt 0.0131151 0.0839599 
vt 0.0311151 0.10196 
vt 0.0311151 0.0839599 
vt 0.0311151 0.26883 
vt 0.0131151 0.28683 
vt 0.0131151 0.26883 
vt 0.0311151 0.28683 
vt 0.0311151 0.10196 
vt 0.0131151 0.10196 
vt 0.0131151 0.0839599 
vt 0.0311151 0.0839599 
vt 0.0131151 0.10196 
vt 0.0131151 0.0839599 
vt 0.0311151 0.10196 
vt 0.0311151 0.0839599 
vt 0.0311151 0.403311 
vt 0.0131151 0.421311 
vt 0.0131151 0.403311 
vt 0.0311151 0.421311 
vt 0.0311151 0.165546 
vt 0.0131151 0.147546 
vt 0.0311151 0.147546 
vt 0.0131151 0.165546 
vt 0.0311151 0.10196 
vt 0.0131151 0.0839599 
vt 0.0311151 0.0839599 
vt 0.0131151 0.10196 
vt 0.0311151 0.215002 
vt 0.0131151 0.197002 
vt 0.0311151 0.197002 
vt 0.0131151 0.215002 
vt 0.529722 0.763101 
vt 0.467267 0.744737 
vt 0.495713 0.716291 
vt 0.549436 0.753056 
vt 0.529722 0.763101 
vt 0.531556 0.698028 
vt 0.534664 0.769903 
vt 0.552034 0.761052 
vt 0.561232 0.78936 
vt 0.552159 0.793983 
vt 0.571289 0.749595 
vt 0.549436 0.753056 
vt 0.552034 0.761053 
vt 0.571289 0.691735 
vt 0.571289 0.758003 
vt 0.571289 0.787767 
vt 0.581346 0.78936 
vt 0.590543 0.761053 
vt 0.571289 0.749595 
vt 0.593142 0.753056 
vt 0.611021 0.698028 
vt 0.607913 0.769903 
vt 0.590418 0.793983 
vt 0.593142 0.753056 
vt 0.612855 0.763101 
vt 0.646865 0.716291 
vt 0.6285 0.778746 
vt 0.67531 0.744737 
vt 0.621698 0.783688 
vt 0.607913 0.769903 
vt 0.597618 0.801183 
vt 0.638545 0.79846 
vt 0.6285 0.778746 
vt 0.621698 0.783688 
vt 0.693573 0.78058 
vt 0.630549 0.801058 
vt 0.602241 0.810256 
vt 0.603834 0.820313 
vt 0.633598 0.820313 
vt 0.602241 0.83037 
vt 0.642006 0.820313 
vt 0.638545 0.79846 
vt 0.699866 0.820313 
vt 0.630549 0.839567 
vt 0.597618 0.839442 
vt 0.638545 0.842166 
vt 0.693573 0.860045 
vt 0.6285 0.861879 
vt 0.67531 0.895889 
vt 0.621698 0.856937 
vt 0.607913 0.870722 
vt 0.590418 0.846642 
vt 0.612855 0.877524 
vt 0.6285 0.861879 
vt 0.646865 0.924334 
vt 0.593142 0.887569 
vt 0.611021 0.942597 
vt 0.607913 0.870722 
vt 0.571289 0.89103 
vt 0.581346 0.851265 
vt 0.590543 0.879573 
vt 0.571289 0.882622 
vt 0.571289 0.852858 
vt 0.0311151 0.0839599 
vt 0.0131151 0.10196 
vt 0.0131151 0.0839599 
vt 0.0311151 0.10196 
vt 0.0311151 0.147546 
vt 0.0311151 0.165546 
vt 0.0131151 0.147546 
vt 0.0131151 0.165546 
vt 0.0311151 0.0839599 
vt 0.0131151 0.10196 
vt 0.0131151 0.0839599 
vt 0.0311151 0.10196 
vt 0.0131151 0.10196 
vt 0.0311151 0.0839599 
vt 0.0311151 0.10196 
vt 0.0131151 0.0839599 
vt 0.0131151 0.215002 
vt 0.0311151 0.197002 
vt 0.0311151 0.215002 
vt 0.0131151 0.197002 
vt 0.0131151 0.10196 
vt 0.0311151 0.0839599 
vt 0.0311151 0.10196 
vt 0.0131151 0.0839599 
vt 0.0311151 0.0839599 
vt 0.0311151 0.10196 
vt 0.0131151 0.0839599 
vt 0.0131151 0.10196 
vt 0.0311151 0.0839599 
vt 0.0131151 0.10196 
vt 0.0131151 0.0839599 
vt 0.0311151 0.10196 
vt 0.0311151 0.335949 
vt 0.0131151 0.353949 
vt 0.0131151 0.335949 
vt 0.0311151 0.353949 
vt 0.0131151 0.353949 
vt 0.0311151 0.335949 
vt 0.0311151 0.353949 
vt 0.0131151 0.335949 
vt 0.0311151 0.197002 
vt 0.0131151 0.215002 
vt 0.0131151 0.197002 
vt 0.0311151 0.215002 
vt 0.0311151 0.147546 
vt 0.0131151 0.165546 
vt 0.0131151 0.147546 
vt 0.0311151 0.165546 
vt 0.0311151 0.10196 
vt 0.0131151 0.0839599 
vt 0.0311151 0.0839599 
vt 0.0131151 0.10196 
vt 0.0311151 0.10196 
vt 0.0131151 0.0839599 
vt 0.0311151 0.0839599 
vt 0.0131151 0.10196 
vt 0.0311151 0.0839599 
vt 0.0131151 0.10196 
vt 0.0131151 0.0839599 
vt 0.0311151 0.10196 
vt 0.0131151 0.10196 
vt 0.0131151 0.0839599 
vt 0.0311151 0.10196 
vt 0.0311151 0.0839599 
vt 0.0311151 0.0839599 
vt 0.0131151 0.10196 
vt 0.0131151 0.0839599 
vt 0.0311151 0.10196 
vt 0.0311151 0.165546 
vt 0.0131151 0.147546 
vt 0.0311151 0.147546 
vt 0.0131151 0.165546 
vt 0.0311151 0.335949 
vt 0.0131151 0.353949 
vt 0.0131151 0.335949 
vt 0.0311151 0.353949 
vt 0.0311151 0.10196 
vt 0.0131151 0.0839599 
vt 0.0311151 0.0839599 
vt 0.0131151 0.10196 
vt 0.0311151 0.0839599 
vt 0.0131151 0.10196 
vt 0.0131151 0.0839599 
vt 0.0311151 0.10196 
vt 0.0131151 0.335949 
vt 0.0311151 0.353949 
vt 0.0131151 0.353949 
vt 0.0311151 0.335949 
vt 0.0311151 0.147546 
vt 0.0131151 0.165546 
vt 0.0131151 0.147546 
vt 0.0311151 0.165546 
vt 0.0131151 0.10196 
vt 0.0131151 0.0839599 
vt 0.0311151 0.10196 
vt 0.0311151 0.0839599 
vt 0.0311151 0.197002 
vt 0.0131151 0.215002 
vt 0.0131151 0.197002 
vt 0.0311151 0.215002 
vt 0.0311151 0.197002 
vt 0.0131151 0.215002 
vt 0.0131151 0.197002 
vt 0.0311151 0.215002 
vt 0.0311151 0.10196 
vt 0.0131151 0.0839599 
vt 0.0311151 0.0839599 
vt 0.0131151 0.10196 
vt 0.0311151 0.10196 
vt 0.0131151 0.0839599 
vt 0.0311151 0.0839599 
vt 0.0131151 0.10196 
vt 0.549436 0.887569 
vt 0.571289 0.94889 
vt 0.531556 0.942597 
vt 0.529722 0.877524 
vt 0.495713 0.924334 
vt 0.534664 0.870722 
vt 0.552034 0.879573 
vt 0.552159 0.846642 
vt 0.561232 0.851265 
vt 0.552034 0.879573 
vt 0.571289 0.882622 
vt 0.520879 0.856937 
vt 0.534664 0.870722 
vt 0.544959 0.839442 
vt 0.529722 0.877524 
vt 0.514077 0.861879 
vt 0.467267 0.895889 
vt 0.512029 0.839567 
vt 0.540336 0.83037 
vt 0.508979 0.820313 
vt 0.538743 0.820313 
vt 0.500571 0.820313 
vt 0.504032 0.842166 
vt 0.514077 0.861879 
vt 0.449004 0.860045 
vt 0.442711 0.820313 
vt 0.504032 0.79846 
vt 0.500571 0.820313 
vt 0.449004 0.78058 
vt 0.512029 0.801058 
vt 0.508979 0.820313 
vt 0.540336 0.810256 
vt 0.520879 0.783688 
vt 0.544959 0.801183 
vt 0.504032 0.79846 
vt 0.534664 0.769903 
vt 0.514077 0.778746 
vt 0.0311151 0.0839599 
vt 0.0311151 0.10196 
vt 0.0131151 0.0839599 
vt 0.0131151 0.10196 
vt 0.0311151 0.10196 
vt 0.0131151 0.0839599 
vt 0.0311151 0.0839599 
vt 0.0131151 0.10196 
vt 0.0131151 0.10196 
vt 0.0311151 0.0839599 
vt 0.0311151 0.10196 
vt 0.0131151 0.0839599 
vt 0.0311151 0.0839599 
vt 0.0131151 0.10196 
vt 0.0131151 0.0839599 
vt 0.0311151 0.10196 
vt 0.0311151 0.0839599 
vt 0.0131151 0.10196 
vt 0.0131151 0.0839599 
vt 0.0311151 0.10196 
vt 0.0311151 0.0839599 
vt 0.0311151 0.10196 
vt 0.0131151 0.0839599 
vt 0.0131151 0.10196 
vt 0.0311151 0.197002 
vt 0.0131151 0.215002 
vt 0.0131151 0.197002 
vt 0.0311151 0.215002 
vt 0.0311151 0.10196 
vt 0.0131151 0.0839599 
vt 0.0311151 0.0839599 
vt 0.0131151 0.10196 
vt 0.0311151 0.215002 
vt 0.0131151 0.197002 
vt 0.0311151 0.197002 
vt 0.0131151 0.215002 
vt 0.0311151 0.10196 
vt 0.0131151 0.0839599 
vt 0.0311151 0.0839599 
vt 0.0131151 0.10196 
vt 0.0311151 0.10196 
vt 0.0131151 0.10196 
vt 0.0131151 0.0839599 
vt 0.0311151 0.0839599 
vt 0.0131151 0.10196 
vt 0.0311151 0.0839599 
vt 0.0311151 0.10196 
vt 0.0131151 0.0839599 
vt 0.0311151 0.147546 
vt 0.0131151 0.165546 
vt 0.0131151 0.147546 
vt 0.0311151 0.165546 
vt 0.0131151 0.215002 
vt 0.0311151 0.197002 
vt 0.0311151 0.215002 
vt 0.0131151 0.197002 
vt 0.0311151 0.335949 
vt 0.0131151 0.353949 
vt 0.0131151 0.335949 
vt 0.0311151 0.353949 
vt 0.0131151 0.165546 
vt 0.0311151 0.147546 
vt 0.0311151 0.165546 
vt 0.0131151 0.147546 
vt 0.897419 0.36918 
vt 0.910346 0.400389 
vt 0.822076 0.400392 
vt 0.834999 0.369183 
vt 0.866211 0.356254 
vt 0.835003 0.431601 
vt 0.89742 0.431599 
vt 0.866214 0.444525 
vt 0.0311151 0.165546 
vt 0.0131151 0.147546 
vt 0.0311151 0.147546 
vt 0.0131151 0.165546 
vt 0.587613 0.17087 
vt 0.587613 0.265741 
vt 0.560641 0.130656 
vt 0.597085 0.218305 
vt 0.560641 0.305955 
vt 0.520273 0.103786 
vt 0.520273 0.332825 
vt 0.472656 0.34226 
vt 0.472656 0.0943503 
vt 0.425039 0.103786 
vt 0.425039 0.332825 
vt 0.384672 0.130656 
vt 0.384672 0.305955 
vt 0.357699 0.17087 
vt 0.357699 0.265741 
vt 0.348228 0.218305 
vt 0.0311151 0.10196 
vt 0.0131151 0.0839599 
vt 0.0311151 0.0839599 
vt 0.0131151 0.10196 
vt 0.0311151 0.10196 
vt 0.0131151 0.0839599 
vt 0.0311151 0.0839599 
vt 0.0131151 0.10196 
vt 0.0311151 0.10196 
vt 0.0131151 0.0839599 
vt 0.0311151 0.0839599 
vt 0.0131151 0.10196 
vt 0.0311151 0.197002 
vt 0.0131151 0.215002 
vt 0.0131151 0.197002 
vt 0.0311151 0.215002 
vt 0.0131151 0.10196 
vt 0.0311151 0.0839599 
vt 0.0311151 0.10196 
vt 0.0131151 0.0839599 
vt 0.641711 0.289078 
vt 0.670476 0.218001 
vt 0.655418 0.293416 
vt 0.65564 0.21932 
vt 0.602045 0.348216 
vt 0.641711 0.149561 
vt 0.612536 0.357349 
vt 0.655418 0.142587 
vt 0.542681 0.387731 
vt 0.612536 0.0786538 
vt 0.548359 0.400067 
vt 0.602045 0.0904233 
vt 0.472656 0.401606 
vt 0.548359 0.035935 
vt 0.472656 0.42264 
vt 0.542681 0.0509084 
vt 0.396954 0.400067 
vt 0.472656 0.0118788 
vt 0.402632 0.387731 
vt 0.472656 0.0370327 
vt 0.332777 0.357349 
vt 0.402632 0.0509084 
vt 0.343268 0.348216 
vt 0.396954 0.035935 
vt 0.289895 0.293415 
vt 0.343268 0.0904233 
vt 0.303602 0.289078 
vt 0.332777 0.0786538 
vt 0.274837 0.218001 
vt 0.303602 0.149561 
vt 0.289673 0.21932 
vt 0.289895 0.142587 
vt 0.0311151 0.0839599 
vt 0.0131151 0.10196 
vt 0.0131151 0.0839599 
vt 0.0311151 0.10196 
vt 0.0311151 0.10196 
vt 0.0131151 0.0839599 
vt 0.0311151 0.0839599 
vt 0.0131151 0.10196 
vt 0.0311151 0.10196 
vt 0.0131151 0.0839599 
vt 0.0311151 0.0839599 
vt 0.0131151 0.10196 
vt 0.0311151 0.10196 
vt 0.0131151 0.0839599 
vt 0.0311151 0.0839599 
vt 0.0131151 0.10196 
vt 0.0311151 0.147546 
vt 0.0131151 0.165546 
vt 0.0131151 0.147546 
vt 0.0311151 0.165546 
vt 0.0131151 0.10196 
vt 0.0131151 0.0839599 
vt 0.0311151 0.10196 
vt 0.0311151 0.0839599 
vt 0.0311151 0.10196 
vt 0.0131151 0.0839599 
vt 0.0311151 0.0839599 
vt 0.0131151 0.10196 
vt 0.0311151 0.10196 
vt 0.0131151 0.0839599 
vt 0.0311151 0.0839599 
vt 0.0131151 0.10196 
vt 0.641711 0.149561 
vt 0.576167 0.115188 
vt 0.602045 0.0904233 
vt 0.6079 0.162499 
vt 0.528676 0.0835764 
vt 0.65564 0.21932 
vt 0.542681 0.0509084 
vt 0.619043 0.218305 
vt 0.472656 0.0724759 
vt 0.641711 0.289078 
vt 0.472656 0.0370327 
vt 0.6079 0.274112 
vt 0.402632 0.0509084 
vt 0.602045 0.348216 
vt 0.416637 0.0835764 
vt 0.576167 0.321423 
vt 0.343268 0.0904233 
vt 0.542681 0.387731 
vt 0.369145 0.115188 
vt 0.528676 0.353034 
vt 0.303602 0.149561 
vt 0.337413 0.162499 
vt 0.289673 0.21932 
vt 0.472656 0.401606 
vt 0.32627 0.218305 
vt 0.472656 0.364135 
vt 0.303602 0.289078 
vt 0.416637 0.353034 
vt 0.337413 0.274112 
vt 0.402632 0.387731 
vt 0.343268 0.348216 
vt 0.369145 0.321423 
vt 0.0311151 0.10196 
vt 0.0131151 0.0839599 
vt 0.0311151 0.0839599 
vt 0.0131151 0.10196 
vt 0.0131151 0.28683 
vt 0.0311151 0.26883 
vt 0.0311151 0.28683 
vt 0.0131151 0.26883 
vt 0.0131151 0.10196 
vt 0.0311151 0.0839599 
vt 0.0311151 0.10196 
vt 0.0131151 0.0839599 
vt 0.0311151 0.0839599 
vt 0.0131151 0.10196 
vt 0.0131151 0.0839599 
vt 0.0311151 0.10196 
vt 0.0311151 0.335949 
vt 0.0131151 0.353949 
vt 0.0131151 0.335949 
vt 0.0311151 0.353949 
vt 0.0311151 0.0839599 
vt 0.0131151 0.10196 
vt 0.0131151 0.0839599 
vt 0.0311151 0.10196 
vt 0.0311151 0.0839599 
vt 0.0311151 0.10196 
vt 0.0131151 0.0839599 
vt 0.0131151 0.10196 
vt 0.0311151 0.10196 
vt 0.0131151 0.0839599 
vt 0.0311151 0.0839599 
vt 0.0131151 0.10196 
vt 0.0311151 0.0839599 
vt 0.0131151 0.10196 
vt 0.0131151 0.0839599 
vt 0.0311151 0.10196 
vt 0.0131151 0.353949 
vt 0.0311151 0.335949 
vt 0.0311151 0.353949 
vt 0.0131151 0.335949 
vt 0.0311151 0.10196 
vt 0.0131151 0.0839599 
vt 0.0311151 0.0839599 
vt 0.0131151 0.10196 
vt 0.0311151 0.10196 
vt 0.0131151 0.0839599 
vt 0.0311151 0.0839599 
vt 0.0131151 0.10196 
vt 0.0311151 0.0839599 
vt 0.0131151 0.10196 
vt 0.0131151 0.0839599 
vt 0.0311151 0.10196 
vt 0.0311151 0.0839599 
vt 0.0131151 0.10196 
vt 0.0131151 0.0839599 
vt 0.0311151 0.10196 
vt 0.0131151 0.353949 
vt 0.0311151 0.335949 
vt 0.0311151 0.353949 
vt 0.0131151 0.335949 
vt 0.0131151 0.353949 
vt 0.0311151 0.335949 
vt 0.0311151 0.353949 
vt 0.0131151 0.335949 
vt 0.0131151 0.353949 
vt 0.0311151 0.335949 
vt 0.0311151 0.353949 
vt 0.0131151 0.335949 
vt 0.0131151 0.215002 
vt 0.0311151 0.197002 
vt 0.0311151 0.215002 
vt 0.0131151 0.197002 
vt 0.0311151 0.10196 
vt 0.0131151 0.0839599 
vt 0.0311151 0.0839599 
vt 0.0131151 0.10196 
vt 0.0131151 0.10196 
vt 0.0311151 0.0839599 
vt 0.0311151 0.10196 
vt 0.0131151 0.0839599 
vt 0.0311151 0.10196 
vt 0.0131151 0.10196 
vt 0.0131151 0.0839599 
vt 0.0311151 0.0839599 
vt 0.0131151 0.353949 
vt 0.0311151 0.335949 
vt 0.0311151 0.353949 
vt 0.0131151 0.335949 
vt 0.0131151 0.10196 
vt 0.0311151 0.0839599 
vt 0.0311151 0.10196 
vt 0.0131151 0.0839599 
vt 0.0311151 0.10196 
vt 0.0131151 0.0839599 
vt 0.0311151 0.0839599 
vt 0.0131151 0.10196 
vt 0.0311151 0.10196 
vt 0.0131151 0.0839599 
vt 0.0311151 0.0839599 
vt 0.0131151 0.10196 
vt 0.0131151 0.10196 
vt 0.0311151 0.0839599 
vt 0.0311151 0.10196 
vt 0.0131151 0.0839599 
vt 0.0311151 0.0839599 
vt 0.0311151 0.10196 
vt 0.0131151 0.0839599 
vt 0.0131151 0.10196 
vt 0.0311151 0.10196 
vt 0.0131151 0.0839599 
vt 0.0311151 0.0839599 
vt 0.0131151 0.10196 
vt 0.986892 0.299267 
vt 0.904449 0.30862 
vt 0.867188 0.289201 
vt 0.936037 0.329647 
vt 0.867188 0.29678 
vt 0.957144 0.361115 
vt 0.829926 0.30862 
vt 0.984672 0.400741 
vt 0.964556 0.398235 
vt 0.957144 0.435354 
vt 0.747483 0.299267 
vt 0.965238 0.513738 
vt 0.798338 0.329647 
vt 0.936037 0.466822 
vt 0.777231 0.361115 
vt 0.904449 0.487849 
vt 0.749703 0.400741 
vt 0.867188 0.508358 
vt 0.769819 0.398235 
vt 0.867188 0.498959 
vt 0.777231 0.435354 
vt 0.829926 0.487849 
vt 0.769137 0.513738 
vt 0.798338 0.466822 
vt 0.0311151 0.10196 
vt 0.0131151 0.0839599 
vt 0.0311151 0.0839599 
vt 0.0131151 0.10196 
vt 0.544959 0.801183 
vt 0.51404 0.801711 
vt 0.540336 0.810256 
vt 0.497918 0.796473 
vt 0.467268 0.744737 
vt 0.449005 0.78058 
vt 0.508876 0.774967 
vt 0.52259 0.784931 
vt 0.535907 0.771614 
vt 0.552159 0.793983 
vt 0.525943 0.7579 
vt 0.508876 0.774967 
vt 0.495713 0.716292 
vt 0.552687 0.763064 
vt 0.561232 0.78936 
vt 0.571289 0.787768 
vt 0.547449 0.746942 
vt 0.525943 0.7579 
vt 0.531556 0.698029 
vt 0.571289 0.691736 
vt 0.571289 0.743166 
vt 0.611021 0.698029 
vt 0.595128 0.746942 
vt 0.58989 0.763064 
vt 0.571289 0.760118 
vt 0.581346 0.78936 
vt 0.595128 0.746942 
vt 0.646864 0.716292 
vt 0.616634 0.7579 
vt 0.60667 0.771614 
vt 0.58989 0.763064 
vt 0.590418 0.793983 
vt 0.616634 0.7579 
vt 0.67531 0.744737 
vt 0.633701 0.774967 
vt 0.619987 0.784931 
vt 0.60667 0.771614 
vt 0.597618 0.801183 
vt 0.633701 0.774967 
vt 0.693573 0.78058 
vt 0.644659 0.796473 
vt 0.619987 0.784931 
vt 0.628537 0.801711 
vt 0.602241 0.810256 
vt 0.631484 0.820313 
vt 0.603834 0.820313 
vt 0.648435 0.820313 
vt 0.644659 0.796473 
vt 0.699866 0.820313 
vt 0.693573 0.860045 
vt 0.644659 0.844152 
vt 0.628538 0.838914 
vt 0.631484 0.820313 
vt 0.602241 0.83037 
vt 0.644659 0.844152 
vt 0.67531 0.895889 
vt 0.633701 0.865658 
vt 0.619987 0.855694 
vt 0.628538 0.838914 
vt 0.597618 0.839442 
vt 0.590418 0.846642 
vt 0.60667 0.869011 
vt 0.616634 0.882725 
vt 0.633701 0.865658 
vt 0.646864 0.924334 
vt 0.0311151 0.10196 
vt 0.0131151 0.0839599 
vt 0.0311151 0.0839599 
vt 0.0131151 0.10196 
vt 0.0311151 0.0839599 
vt 0.0131151 0.10196 
vt 0.0131151 0.0839599 
vt 0.0311151 0.10196 
vt 0.0131151 0.165546 
vt 0.0311151 0.147546 
vt 0.0311151 0.165546 
vt 0.0131151 0.147546 
vt 0.0131151 0.0839599 
vt 0.0311151 0.0839599 
vt 0.0311151 0.10196 
vt 0.0131151 0.10196 
vt 0.0311151 0.0839599 
vt 0.0131151 0.10196 
vt 0.0131151 0.0839599 
vt 0.0311151 0.10196 
vt 0.0311151 0.0839599 
vt 0.0131151 0.10196 
vt 0.0131151 0.0839599 
vt 0.0311151 0.10196 
vt 0.0311151 0.10196 
vt 0.0131151 0.0839599 
vt 0.0311151 0.0839599 
vt 0.0131151 0.10196 
vt 0.0131151 0.353949 
vt 0.0311151 0.335949 
vt 0.0311151 0.353949 
vt 0.0131151 0.335949 
vt 0.0311151 0.10196 
vt 0.0131151 0.0839599 
vt 0.0311151 0.0839599 
vt 0.0131151 0.10196 
vt 0.0311151 0.10196 
vt 0.0131151 0.10196 
vt 0.0131151 0.0839599 
vt 0.0311151 0.0839599 
vt 0.0311151 0.0839599 
vt 0.0131151 0.10196 
vt 0.0131151 0.0839599 
vt 0.0311151 0.10196 
vt 0.0311151 0.403311 
vt 0.0131151 0.421311 
vt 0.0131151 0.403311 
vt 0.0311151 0.421311 
vt 0.0311151 0.0839599 
vt 0.0131151 0.10196 
vt 0.0131151 0.0839599 
vt 0.0311151 0.10196 
vt 0.0311151 0.215002 
vt 0.0131151 0.197002 
vt 0.0311151 0.197002 
vt 0.0131151 0.215002 
vt 0.0311151 0.10196 
vt 0.0131151 0.0839599 
vt 0.0311151 0.0839599 
vt 0.0131151 0.10196 
vt 0.266568 0.606405 
vt 0.266568 0.613282 
vt 0.266568 0.613282 
vt 0.266568 0.620158 
vt 0.266568 0.606405 
vt 0.266568 0.620158 
vt 0.266568 0.599528 
vt 0.266568 0.599528 
vt 0.266568 0.592651 
vt 0.266568 0.627035 
vt 0.266568 0.592651 
vt 0.266568 0.627035 
vt 0.266568 0.585774 
vt 0.266568 0.585774 
vt 0.266568 0.633911 
vt 0.266568 0.633911 
vt 0.266568 0.640788 
vt 0.266568 0.640788 
vt 0.0131151 0.28683 
vt 0.0311151 0.26883 
vt 0.0311151 0.28683 
vt 0.0131151 0.26883 
vt 0.0131151 0.353949 
vt 0.0311151 0.335949 
vt 0.0311151 0.353949 
vt 0.0131151 0.335949 
vt 0.0311151 0.0839599 
vt 0.0131151 0.10196 
vt 0.0131151 0.0839599 
vt 0.0311151 0.10196 
vt 0.0311151 0.0839599 
vt 0.0131151 0.10196 
vt 0.0131151 0.0839599 
vt 0.0311151 0.10196 
vt 0.0311151 0.10196 
vt 0.0131151 0.0839599 
vt 0.0311151 0.0839599 
vt 0.0131151 0.10196 
vt 0.0131151 0.421311 
vt 0.0311151 0.403311 
vt 0.0311151 0.421311 
vt 0.0131151 0.403311 
vt 0.0311151 0.0839599 
vt 0.0311151 0.10196 
vt 0.0131151 0.0839599 
vt 0.0131151 0.10196 
vt 0.0311151 0.147546 
vt 0.0131151 0.165546 
vt 0.0131151 0.147546 
vt 0.0311151 0.165546 
vt 0.0311151 0.0839599 
vt 0.0131151 0.10196 
vt 0.0131151 0.0839599 
vt 0.0311151 0.10196 
vt 0.0131151 0.165546 
vt 0.0311151 0.147546 
vt 0.0311151 0.165546 
vt 0.0131151 0.147546 
vt 0.0311151 0.10196 
vt 0.0131151 0.0839599 
vt 0.0311151 0.0839599 
vt 0.0131151 0.10196 
vt 0.910346 0.400389 
vt 0.866211 0.356254 
vt 0.897419 0.36918 
vt 0.89742 0.431599 
vt 0.834999 0.369183 
vt 0.866214 0.444525 
vt 0.822076 0.400392 
vt 0.835003 0.431601 
vt 0.0311151 0.10196 
vt 0.0131151 0.0839599 
vt 0.0311151 0.0839599 
vt 0.0131151 0.10196 
vt 0.0311151 0.147546 
vt 0.0131151 0.165546 
vt 0.0131151 0.147546 
vt 0.0311151 0.165546 
vt 0.0131151 0.10196 
vt 0.0311151 0.0839599 
vt 0.0311151 0.10196 
vt 0.0131151 0.0839599 
vt 0.0311151 0.10196 
vt 0.0131151 0.0839599 
vt 0.0311151 0.0839599 
vt 0.0131151 0.10196 
vt 0.0311151 0.0839599 
vt 0.0131151 0.10196 
vt 0.0131151 0.0839599 
vt 0.0311151 0.10196 
vt 0.0131151 0.10196 
vt 0.0131151 0.0839599 
vt 0.0311151 0.10196 
vt 0.0311151 0.0839599 
vt 0.0311151 0.10196 
vt 0.0131151 0.0839599 
vt 0.0311151 0.0839599 
vt 0.0131151 0.10196 
vt 0.0311151 0.10196 
vt 0.0131151 0.0839599 
vt 0.0311151 0.0839599 
vt 0.0131151 0.10196 
vt 0.0311151 0.10196 
vt 0.0131151 0.0839599 
vt 0.0311151 0.0839599 
vt 0.0131151 0.10196 
vt 0.0311151 0.403311 
vt 0.0131151 0.421311 
vt 0.0131151 0.403311 
vt 0.0311151 0.421311 
vt 0.0131151 0.10196 
vt 0.0311151 0.0839599 
vt 0.0311151 0.10196 
vt 0.0131151 0.0839599 
vt 0.0311151 0.0839599 
vt 0.0131151 0.10196 
vt 0.0131151 0.0839599 
vt 0.0311151 0.10196 
vt 0.0131151 0.10196 
vt 0.0311151 0.0839599 
vt 0.0311151 0.10196 
vt 0.0131151 0.0839599 
vt 0.0311151 0.0839599 
vt 0.0131151 0.10196 
vt 0.0131151 0.0839599 
vt 0.0311151 0.10196 
vt 0.0311151 0.10196 
vt 0.0131151 0.0839599 
vt 0.0311151 0.0839599 
vt 0.0131151 0.10196 
vt 0.0311151 0.0839599 
vt 0.0131151 0.10196 
vt 0.0131151 0.0839599 
vt 0.0311151 0.10196 
vt 0.0311151 0.0839599 
vt 0.0131151 0.10196 
vt 0.0131151 0.0839599 
vt 0.0311151 0.10196 
vt 0.0311151 0.10196 
vt 0.0131151 0.0839599 
vt 0.0311151 0.0839599 
vt 0.0131151 0.10196 
vt 0.0311151 0.0839599 
vt 0.0131151 0.10196 
vt 0.0131151 0.0839599 
vt 0.0311151 0.10196 
vt 0.0311151 0.0839599 
vt 0.0131151 0.10196 
vt 0.0131151 0.0839599 
vt 0.0311151 0.10196 
vt 0.0311151 0.147546 
vt 0.0131151 0.165546 
vt 0.0131151 0.147546 
vt 0.0311151 0.165546 
vt 0.0311151 0.0839599 
vt 0.0131151 0.10196 
vt 0.0131151 0.0839599 
vt 0.0311151 0.10196 
vt 0.0311151 0.10196 
vt 0.0131151 0.0839599 
vt 0.0311151 0.0839599 
vt 0.0131151 0.10196 
vt 0.0131151 0.10196 
vt 0.0311151 0.0839599 
vt 0.0311151 0.10196 
vt 0.0131151 0.0839599 
vt 0.0311151 0.0839599 
vt 0.0131151 0.10196 
vt 0.0131151 0.0839599 
vt 0.0311151 0.10196 
vt 0.0311151 0.0839599 
vt 0.0131151 0.10196 
vt 0.0131151 0.0839599 
vt 0.0311151 0.10196 
vt 0.0311151 0.403311 
vt 0.0131151 0.421311 
vt 0.0131151 0.403311 
vt 0.0311151 0.421311 
vt 0.0311151 0.338304 
vt 0.0131151 0.356304 
vt 0.0131151 0.338304 
vt 0.0311151 0.356304 
vt 0.0311151 0.197002 
vt 0.0131151 0.215002 
vt 0.0131151 0.197002 
vt 0.0311151 0.215002 
vt 0.571289 0.94889 
vt 0.571289 0.897459 
vt 0.531556 0.942597 
vt 0.595128 0.893683 
vt 0.611021 0.942597 
vt 0.58989 0.877562 
vt 0.547449 0.893683 
vt 0.495713 0.924334 
vt 0.525943 0.882725 
vt 0.552687 0.877562 
vt 0.535907 0.869012 
vt 0.552687 0.877562 
vt 0.561232 0.851265 
vt 0.571289 0.880508 
vt 0.571289 0.852858 
vt 0.581346 0.851265 
vt 0.552159 0.846642 
vt 0.60667 0.869011 
vt 0.595128 0.893683 
vt 0.616634 0.882725 
vt 0.52259 0.855694 
vt 0.544959 0.839442 
vt 0.525943 0.882725 
vt 0.540336 0.83037 
vt 0.51404 0.838914 
vt 0.497918 0.844152 
vt 0.508876 0.865658 
vt 0.449005 0.860045 
vt 0.467268 0.895889 
vt 0.497918 0.844152 
vt 0.442712 0.820313 
vt 0.494143 0.820313 
vt 0.51404 0.838914 
vt 0.538744 0.820313 
vt 0.511094 0.820313 
vt 0.0311151 0.10196 
vt 0.0131151 0.0839599 
vt 0.0311151 0.0839599 
vt 0.0131151 0.10196 
vt 0.0311151 0.10196 
vt 0.0131151 0.0839599 
vt 0.0311151 0.0839599 
vt 0.0131151 0.10196 
vt 0.0311151 0.160836 
vt 0.0131151 0.142836 
vt 0.0311151 0.142836 
vt 0.0131151 0.160836 
vt 0.0311151 0.10196 
vt 0.0131151 0.0839599 
vt 0.0311151 0.0839599 
vt 0.0131151 0.10196 
vt 0.0311151 0.0839599 
vt 0.0131151 0.10196 
vt 0.0131151 0.0839599 
vt 0.0311151 0.10196 
vt 0.0311151 0.215002 
vt 0.0131151 0.197002 
vt 0.0311151 0.197002 
vt 0.0131151 0.215002 
vt 0.0311151 0.0839599 
vt 0.0131151 0.10196 
vt 0.0131151 0.0839599 
vt 0.0311151 0.10196 
vt 0.0311151 0.10196 
vt 0.0131151 0.0839599 
vt 0.0311151 0.0839599 
vt 0.0131151 0.10196 
vt 0.0131151 0.335949 
vt 0.0311151 0.353949 
vt 0.0131151 0.353949 
vt 0.0311151 0.335949 
vt 0.0311151 0.421311 
vt 0.0131151 0.403311 
vt 0.0311151 0.403311 
vt 0.0131151 0.421311 
vt 0.0311151 0.403311 
vt 0.0131151 0.421311 
vt 0.0131151 0.403311 
vt 0.0311151 0.421311 
vt 0.866211 0.356254 
vt 0.835003 0.431601 
vt 0.822076 0.400392 
vt 0.834999 0.369183 
vt 0.897419 0.36918 
vt 0.866214 0.444525 
vt 0.910346 0.400389 
vt 0.89742 0.431599 
vt 0.0311151 0.0839599 
vt 0.0131151 0.10196 
vt 0.0131151 0.0839599 
vt 0.0311151 0.10196 
vt 0.0311151 0.147546 
vt 0.0131151 0.165546 
vt 0.0131151 0.147546 
vt 0.0311151 0.165546 
vt 0.0131151 0.10196 
vt 0.0311151 0.0839599 
vt 0.0311151 0.10196 
vt 0.0131151 0.0839599 
vt 0.0131151 0.215002 
vt 0.0311151 0.197002 
vt 0.0311151 0.215002 
vt 0.0131151 0.197002 
vt 0.0131151 0.10196 
vt 0.0311151 0.0839599 
vt 0.0311151 0.10196 
vt 0.0131151 0.0839599 
vt 0.932524 0.141123 
vt 0.932524 0.071093 
vt 0.941208 0.0873652 
vt 0.941208 0.0632865 
vt 0.941208 0.123483 
vt 0.941208 0.158712 
vt 0.941208 0.192183 
vt 0.932524 0.214902 
vt 0.941208 0.223074 
vt 0.0311151 0.338304 
vt 0.0131151 0.356304 
vt 0.0131151 0.338304 
vt 0.0311151 0.356304 
vt 0.0131151 0.10196 
vt 0.0131151 0.0839599 
vt 0.0311151 0.10196 
vt 0.0311151 0.0839599 
vt 0.0311151 0.0839599 
vt 0.0311151 0.10196 
vt 0.0131151 0.0839599 
vt 0.0131151 0.10196 
vt 0.0311151 0.403311 
vt 0.0131151 0.421311 
vt 0.0131151 0.403311 
vt 0.0311151 0.421311 
vt 0.0311151 0.10196 
vt 0.0131151 0.0839599 
vt 0.0311151 0.0839599 
vt 0.0131151 0.10196 
vt 0.0311151 0.10196 
vt 0.0131151 0.0839599 
vt 0.0311151 0.0839599 
vt 0.0131151 0.10196 
vt 0.786226 0.071093 
vt 0.786226 0.141123 
vt 0.777541 0.0873652 
vt 0.777541 0.0632865 
vt 0.777541 0.123483 
vt 0.777541 0.158712 
vt 0.777541 0.192183 
vt 0.786226 0.214902 
vt 0.777541 0.223074 
vt 0.0311151 0.0839599 
vt 0.0131151 0.10196 
vt 0.0131151 0.0839599 
vt 0.0311151 0.10196 
vt 0.265813 0.563997 
vt 0.265813 0.557275 
vt 0.265813 0.557275 
vt 0.265813 0.563997 
vt 0.265813 0.550553 
vt 0.265813 0.550553 
vt 0.265813 0.543831 
vt 0.265813 0.543831 
vt 0.265813 0.537109 
vt 0.265813 0.537109 
vt 0.265813 0.530387 
vt 0.265813 0.530387 
vt 0.265813 0.523665 
vt 0.265813 0.523665 
vt 0.265813 0.516943 
vt 0.265813 0.516943 
vt 0.265813 0.510221 
vt 0.265813 0.510221 
vt 0.0311151 0.338304 
vt 0.0131151 0.356304 
vt 0.0131151 0.338304 
vt 0.0311151 0.356304 
vt 0.0131151 0.353949 
vt 0.0311151 0.335949 
vt 0.0311151 0.353949 
vt 0.0131151 0.335949 
vt 0.0311151 0.10196 
vt 0.0131151 0.0839599 
vt 0.0311151 0.0839599 
vt 0.0131151 0.10196 
vt 0.0311151 0.353949 
vt 0.0131151 0.335949 
vt 0.0311151 0.335949 
vt 0.0131151 0.353949 
vt 0.0131151 0.215002 
vt 0.0311151 0.197002 
vt 0.0311151 0.215002 
vt 0.0131151 0.197002 
vt 0.0311151 0.10196 
vt 0.0131151 0.0839599 
vt 0.0311151 0.0839599 
vt 0.0131151 0.10196 
vt 0.0311151 0.421311 
vt 0.0131151 0.403311 
vt 0.0311151 0.403311 
vt 0.0131151 0.421311 
vt 0.0311151 0.10196 
vt 0.0131151 0.0839599 
vt 0.0311151 0.0839599 
vt 0.0131151 0.10196 
vt 0.0131151 0.10196 
vt 0.0311151 0.0839599 
vt 0.0311151 0.10196 
vt 0.0131151 0.0839599 
vt 0.0311151 0.0839599 
vt 0.0131151 0.10196 
vt 0.0131151 0.0839599 
vt 0.0311151 0.10196 
vt 0.0311151 0.10196 
vt 0.0131151 0.0839599 
vt 0.0311151 0.0839599 
vt 0.0131151 0.10196 
vt 0.0311151 0.0839599 
vt 0.0131151 0.10196 
vt 0.0131151 0.0839599 
vt 0.0311151 0.10196 
vt 0.0311151 0.0839599 
vt 0.0131151 0.10196 
vt 0.0131151 0.0839599 
vt 0.0311151 0.10196 
vt 0.0311151 0.0839599 
vt 0.0131151 0.10196 
vt 0.0131151 0.0839599 
vt 0.0311151 0.10196 
vt 0.0311151 0.0839599 
vt 0.0131151 0.10196 
vt 0.0131151 0.0839599 
vt 0.0311151 0.10196 
vt 0.0311151 0.0839599 
vt 0.0131151 0.10196 
vt 0.0131151 0.0839599 
vt 0.0311151 0.10196 
vt 0.0311151 0.335949 
vt 0.0131151 0.353949 
vt 0.0131151 0.335949 
vt 0.0311151 0.353949 
vt 0.0311151 0.197002 
vt 0.0131151 0.215002 
vt 0.0131151 0.197002 
vt 0.0311151 0.215002 
vt 0.0311151 0.0839599 
vt 0.0131151 0.10196 
vt 0.0131151 0.0839599 
vt 0.0311151 0.10196 
vt 0.0311151 0.353949 
vt 0.0131151 0.335949 
vt 0.0311151 0.335949 
vt 0.0131151 0.353949 
vt 0.0311151 0.0839599 
vt 0.0131151 0.10196 
vt 0.0131151 0.0839599 
vt 0.0311151 0.10196 
vt 0.0311151 0.0839599 
vt 0.0131151 0.10196 
vt 0.0131151 0.0839599 
vt 0.0311151 0.10196 
vt 0.0311151 0.0839599 
vt 0.0131151 0.10196 
vt 0.0131151 0.0839599 
vt 0.0311151 0.10196 
vt 0.0131151 0.10196 
vt 0.0311151 0.0839599 
vt 0.0311151 0.10196 
vt 0.0131151 0.0839599 
vt 0.0311151 0.10196 
vt 0.0131151 0.0839599 
vt 0.0311151 0.0839599 
vt 0.0131151 0.10196 
vt 0.0311151 0.215002 
vt 0.0131151 0.197002 
vt 0.0311151 0.197002 
vt 0.0131151 0.215002 
vt 0.0311151 0.10196 
vt 0.0131151 0.0839599 
vt 0.0311151 0.0839599 
vt 0.0131151 0.10196 
vt 0.263464 0.440597 
vt 0.263464 0.433818 
vt 0.263464 0.433818 
vt 0.263464 0.440597 
vt 0.263464 0.447377 
vt 0.263464 0.447377 
vt 0.263464 0.454157 
vt 0.263464 0.454157 
vt 0.263464 0.460937 
vt 0.263464 0.460937 
vt 0.263464 0.467717 
vt 0.263464 0.467717 
vt 0.263464 0.474497 
vt 0.263464 0.474497 
vt 0.263464 0.481277 
vt 0.263464 0.481277 
vt 0.263464 0.488057 
vt 0.263464 0.488057 
vt 0.0311151 0.353949 
vt 0.0131151 0.335949 
vt 0.0311151 0.335949 
vt 0.0131151 0.353949 
vt 0.0311151 0.10196 
vt 0.0131151 0.0839599 
vt 0.0311151 0.0839599 
vt 0.0131151 0.10196 
vt 0.110116 0.0218593 
vt 0.128116 0.0218593 
vt 0.128116 0.0398594 
vt 0.110116 0.0398594 
vt 0.0311151 0.10196 
vt 0.0131151 0.0839599 
vt 0.0311151 0.0839599 
vt 0.0131151 0.10196 
vt 0.128116 0.0218593 
vt 0.128116 0.0398594 
vt 0.110116 0.0218593 
vt 0.110116 0.0398594 
vt 0.128116 0.0218593 
vt 0.110116 0.0398594 
vt 0.110116 0.0218593 
vt 0.128116 0.0398594 
vt 0.128116 0.0218593 
vt 0.110116 0.0398594 
vt 0.110116 0.0218593 
vt 0.128116 0.0398594 
vt 0.866211 0.356254 
vt 0.822076 0.400392 
vt 0.834999 0.369183 
vt 0.897419 0.36918 
vt 0.835003 0.431601 
vt 0.910346 0.400389 
vt 0.866214 0.444525 
vt 0.89742 0.431599 
vt 0.0311151 0.10196 
vt 0.0131151 0.0839599 
vt 0.0311151 0.0839599 
vt 0.0131151 0.10196 
vt 0.897419 0.36918 
vt 0.834999 0.369183 
vt 0.866211 0.356254 
vt 0.910346 0.400389 
vt 0.822076 0.400392 
vt 0.89742 0.431599 
vt 0.835003 0.431601 
vt 0.866214 0.444525 
vt 0.0311151 0.165546 
vt 0.0131151 0.147546 
vt 0.0311151 0.147546 
vt 0.0131151 0.165546 
vt 0.0311151 0.335949 
vt 0.0131151 0.353949 
vt 0.0131151 0.335949 
vt 0.0311151 0.353949 
vt 0.0311151 0.353949 
vt 0.0131151 0.335949 
vt 0.0311151 0.335949 
vt 0.0131151 0.353949 
vt 0.128116 0.0218593 
vt 0.128116 0.0398594 
vt 0.110116 0.0218593 
vt 0.110116 0.0398594 
vt 0.128116 0.0218593 
vt 0.110116 0.0398594 
vt 0.110116 0.0218593 
vt 0.128116 0.0398594 
vt 0.0311151 0.10196 
vt 0.0131151 0.0839599 
vt 0.0311151 0.0839599 
vt 0.0131151 0.10196 
vt 0.128116 0.0218593 
vt 0.110116 0.0398594 
vt 0.110116 0.0218593 
vt 0.128116 0.0398594 
vt 0.0311151 0.10196 
vt 0.0131151 0.0839599 
vt 0.0311151 0.0839599 
vt 0.0131151 0.10196 
vt 0.0311151 0.0839599 
vt 0.0131151 0.10196 
vt 0.0131151 0.0839599 
vt 0.0311151 0.10196 
vt 0.110116 0.0398594 
vt 0.128116 0.0218593 
vt 0.128116 0.0398594 
vt 0.110116 0.0218593 
vt 0.128116 0.0398594 
vt 0.110116 0.0218593 
vt 0.128116 0.0218593 
vt 0.110116 0.0398594 
vt 0.0311151 0.353949 
vt 0.0131151 0.335949 
vt 0.0311151 0.335949 
vt 0.0131151 0.353949 
vt 0.0311151 0.10196 
vt 0.0131151 0.0839599 
vt 0.0311151 0.0839599 
vt 0.0131151 0.10196 
vt 0.0311151 0.10196 
vt 0.0131151 0.0839599 
vt 0.0311151 0.0839599 
vt 0.0131151 0.10196 
vt 0.0311151 0.10196 
vt 0.0131151 0.0839599 
vt 0.0311151 0.0839599 
vt 0.0131151 0.10196 
vt 0.0311151 0.0839599 
vt 0.0131151 0.10196 
vt 0.0131151 0.0839599 
vt 0.0311151 0.10196 
vt 0.0311151 0.10196 
vt 0.0131151 0.0839599 
vt 0.0311151 0.0839599 
vt 0.0131151 0.10196 
vt 0.0311151 0.353949 
vt 0.0131151 0.335949 
vt 0.0311151 0.335949 
vt 0.0131151 0.353949 
vt 0.110116 0.0398594 
vt 0.128116 0.0218593 
vt 0.128116 0.0398594 
vt 0.110116 0.0218593 
vt 0.0311151 0.10196 
vt 0.0131151 0.0839599 
vt 0.0311151 0.0839599 
vt 0.0131151 0.10196 
vt 0.462991 0.52794 
vt 0.462991 0.535061 
vt 0.462991 0.535061 
vt 0.462991 0.52794 
vt 0.462991 0.542181 
vt 0.462991 0.52082 
vt 0.462991 0.542181 
vt 0.462991 0.52082 
vt 0.462991 0.549301 
vt 0.462991 0.5137 
vt 0.462991 0.549301 
vt 0.462991 0.556422 
vt 0.462991 0.556422 
vt 0.462991 0.5137 
vt 0.462991 0.50658 
vt 0.462991 0.50658 
vt 0.462991 0.49946 
vt 0.462991 0.49946 
vt 0.128116 0.0398594 
vt 0.110116 0.0218593 
vt 0.128116 0.0218593 
vt 0.110116 0.0398594 
vt 0.538112 0.458984 
vt 0.538112 0.4658 
vt 0.538112 0.4658 
vt 0.538112 0.458984 
vt 0.538112 0.472615 
vt 0.538112 0.452169 
vt 0.538112 0.472615 
vt 0.538112 0.452169 
vt 0.538112 0.47943 
vt 0.538112 0.47943 
vt 0.538112 0.486245 
vt 0.538112 0.486245 
vt 0.538112 0.445354 
vt 0.538112 0.445354 
vt 0.538112 0.438539 
vt 0.538112 0.438539 
vt 0.538112 0.431723 
vt 0.538112 0.431723 
vt 0.0311151 0.10196 
vt 0.0131151 0.0839599 
vt 0.0311151 0.0839599 
vt 0.0131151 0.10196 
vt 0.0311151 0.10196 
vt 0.0131151 0.0839599 
vt 0.0311151 0.0839599 
vt 0.0131151 0.10196 
vt 0.110116 0.0398594 
vt 0.128116 0.0218593 
vt 0.128116 0.0398594 
vt 0.110116 0.0218593 
vt 0.128116 0.0218593 
vt 0.110116 0.0398594 
vt 0.110116 0.0218593 
vt 0.128116 0.0398594 
vt 0.110116 0.0398594 
vt 0.128116 0.0218593 
vt 0.128116 0.0398594 
vt 0.110116 0.0218593 
vt 0.128116 0.0398594 
vt 0.110116 0.0218593 
vt 0.128116 0.0218593 
vt 0.110116 0.0398594 
vt 0.0311151 0.10196 
vt 0.0131151 0.0839599 
vt 0.0311151 0.0839599 
vt 0.0131151 0.10196 
vt 0.110116 0.0398594 
vt 0.128116 0.0218593 
vt 0.128116 0.0398594 
vt 0.110116 0.0218593 
vt 0.128116 0.0398594 
vt 0.110116 0.0218593 
vt 0.128116 0.0218593 
vt 0.110116 0.0398594 
vt 0.110116 0.0398594 
vt 0.128116 0.0218593 
vt 0.128116 0.0398594 
vt 0.110116 0.0218593 
vt 0.128116 0.0218593 
vt 0.110116 0.0398594 
vt 0.110116 0.0218593 
vt 0.128116 0.0398594 
vt 0.128116 0.0398594 
vt 0.110116 0.0218593 
vt 0.128116 0.0218593 
vt 0.110116 0.0398594 
vt 0.128116 0.0218593 
vt 0.110116 0.0398594 
vt 0.110116 0.0218593 
vt 0.128116 0.0398594 
vt 0.859375 0.071093 
vt 0.786226 0.071093 
vt 0.812396 0.0632865 
vt 0.777541 0.0632865 
vt 0.859375 0.0632865 
vt 0.906353 0.0632865 
vt 0.932524 0.071093 
vt 0.941208 0.0632865 
vt 0.128116 0.0398594 
vt 0.110116 0.0218593 
vt 0.128116 0.0218593 
vt 0.110116 0.0398594 
vt 0.0131151 0.0839599 
vt 0.0311151 0.0839599 
vt 0.0311151 0.10196 
vt 0.0131151 0.10196 
vt 0.128116 0.0218593 
vt 0.110116 0.0398594 
vt 0.110116 0.0218593 
vt 0.128116 0.0398594 
vt 0.0311151 0.10196 
vt 0.0131151 0.0839599 
vt 0.0311151 0.0839599 
vt 0.0131151 0.10196 
vt 0.0311151 0.28683 
vt 0.0131151 0.28683 
vt 0.0131151 0.26883 
vt 0.0311151 0.26883 
vt 0.0131151 0.10196 
vt 0.0311151 0.0839599 
vt 0.0311151 0.10196 
vt 0.0131151 0.0839599 
vt 0.686533 0.5137 
vt 0.645477 0.52082 
vt 0.645477 0.5137 
vt 0.686533 0.52082 
vt 0.645477 0.52794 
vt 0.686533 0.52794 
vt 0.686533 0.535061 
vt 0.56734 0.52082 
vt 0.56734 0.52794 
vt 0.56734 0.5137 
vt 0.645477 0.50658 
vt 0.686533 0.50658 
vt 0.686533 0.49946 
vt 0.645477 0.49946 
vt 0.56734 0.49946 
vt 0.56734 0.50658 
vt 0.549542 0.50658 
vt 0.549542 0.49946 
vt 0.549542 0.5137 
vt 0.56734 0.52082 
vt 0.536873 0.50658 
vt 0.536873 0.49946 
vt 0.536873 0.5137 
vt 0.526085 0.49946 
vt 0.549542 0.52082 
vt 0.536873 0.52082 
vt 0.526085 0.52082 
vt 0.526085 0.5137 
vt 0.526085 0.50658 
vt 0.536873 0.52794 
vt 0.549542 0.52794 
vt 0.56734 0.535061 
vt 0.549542 0.535061 
vt 0.645477 0.535061 
vt 0.56734 0.542181 
vt 0.645477 0.542181 
vt 0.686533 0.542181 
vt 0.686533 0.549301 
vt 0.645477 0.549301 
vt 0.686533 0.556421 
vt 0.645477 0.556421 
vt 0.56734 0.549301 
vt 0.56734 0.556421 
vt 0.549542 0.542181 
vt 0.549542 0.549301 
vt 0.56734 0.549301 
vt 0.549542 0.556422 
vt 0.536873 0.535061 
vt 0.536873 0.542181 
vt 0.536873 0.549301 
vt 0.536873 0.556422 
vt 0.526085 0.535061 
vt 0.526085 0.52794 
vt 0.526085 0.542181 
vt 0.514397 0.535061 
vt 0.514397 0.52794 
vt 0.128116 0.0398594 
vt 0.110116 0.0218593 
vt 0.128116 0.0218593 
vt 0.110116 0.0398594 
vt 0.0131151 0.353949 
vt 0.0311151 0.335949 
vt 0.0311151 0.353949 
vt 0.0131151 0.335949 
vt 0.0311151 0.147546 
vt 0.0131151 0.165546 
vt 0.0131151 0.147546 
vt 0.0311151 0.165546 
vt 0.514102 0.548231 
vt 0.457626 0.548231 
vt 0.457626 0.541468 
vt 0.457626 0.554995 
vt 0.514102 0.554995 
vt 0.514102 0.541468 
vt 0.457626 0.534704 
vt 0.544471 0.548231 
vt 0.544471 0.554995 
vt 0.590134 0.554995 
vt 0.590134 0.548231 
vt 0.684869 0.554995 
vt 0.684869 0.548231 
vt 0.684869 0.541468 
vt 0.590134 0.541468 
vt 0.684869 0.534704 
vt 0.544471 0.541468 
vt 0.590134 0.534704 
vt 0.590134 0.52794 
vt 0.684869 0.52794 
vt 0.544471 0.534704 
vt 0.684869 0.521177 
vt 0.514102 0.534704 
vt 0.544471 0.52794 
vt 0.514102 0.52794 
vt 0.457626 0.52794 
vt 0.457626 0.521177 
vt 0.514102 0.521177 
vt 0.590134 0.521177 
vt 0.544471 0.521177 
vt 0.514102 0.514413 
vt 0.457626 0.514413 
vt 0.544471 0.514413 
vt 0.590134 0.514413 
vt 0.684869 0.514413 
vt 0.544471 0.50765 
vt 0.590134 0.50765 
vt 0.684869 0.50765 
vt 0.684869 0.500886 
vt 0.590134 0.500886 
vt 0.544471 0.500886 
vt 0.514102 0.500886 
vt 0.514102 0.50765 
vt 0.457626 0.500886 
vt 0.457626 0.50765 
vt 0.759356 0.0754294 
vt 0.739352 0.056641 
vt 0.759356 0.0460001 
vt 0.739352 0.0213257 
vt 0.739352 0.109614 
vt 0.759356 0.119574 
vt 0.739352 0.161283 
vt 0.759356 0.162631 
vt 0.759356 0.203541 
vt 0.739352 0.210375 
vt 0.759356 0.241296 
vt 0.739352 0.255681 
vt 0.0131151 0.10196 
vt 0.0311151 0.0839599 
vt 0.0311151 0.10196 
vt 0.0131151 0.0839599 
vt 0.0311151 0.10196 
vt 0.0131151 0.10196 
vt 0.0131151 0.0839599 
vt 0.0311151 0.0839599 
vt 0.128116 0.0218593 
vt 0.110116 0.0398594 
vt 0.110116 0.0218593 
vt 0.128116 0.0398594 
vt 0.859375 0.216746 
vt 0.932524 0.214902 
vt 0.897855 0.223074 
vt 0.941208 0.223074 
vt 0.859375 0.223074 
vt 0.820894 0.223074 
vt 0.786226 0.214902 
vt 0.777541 0.223074 
vt 0.0311151 0.10196 
vt 0.0131151 0.0839599 
vt 0.0311151 0.0839599 
vt 0.0131151 0.10196 
vt 0.128116 0.0398594 
vt 0.110116 0.0218593 
vt 0.128116 0.0218593 
vt 0.110116 0.0398594 
vt 0.0311151 0.10196 
vt 0.0131151 0.0839599 
vt 0.0311151 0.0839599 
vt 0.0131151 0.10196 
vt 0.88589 0.181306 
vt 0.88589 0.181306 
vt 0.83589 0.181306 
vt 0.0311151 0.10196 
vt 0.0131151 0.10196 
vt 0.0131151 0.0839599 
vt 0.0311151 0.0839599 
vt 0.859375 0.255681 
vt 0.906406 0.241296 
vt 0.915812 0.255681 
vt 0.959393 0.241296 
vt 0.979397 0.255681 
vt 0.859375 0.241296 
vt 0.812343 0.241296 
vt 0.802937 0.255681 
vt 0.759356 0.241296 
vt 0.739352 0.255681 
vt 0.0131151 0.10196 
vt 0.0311151 0.0839599 
vt 0.0311151 0.10196 
vt 0.0131151 0.0839599 
vt 0.0131151 0.10196 
vt 0.0311151 0.0839599 
vt 0.0311151 0.10196 
vt 0.0131151 0.0839599 
vt 0.831912 0.644624 
vt 0.827406 0.961826 
vt 0.823097 0.644624 
vt 0.841945 0.644624 
vt 0.837439 0.961826 
vt 0.850814 0.644624 
vt 0.846308 0.961826 
vt 0.860425 0.644624 
vt 0.855919 0.961826 
vt 0.870167 0.644624 
vt 0.865662 0.961826 
vt 0.879145 0.644624 
vt 0.87464 0.961826 
vt 0.887953 0.644624 
vt 0.883447 0.961826 
vt 0.89681 0.644624 
vt 0.892304 0.961826 
vt 0.907449 0.644624 
vt 0.902943 0.961826 
vt 0.91623 0.644624 
vt 0.911725 0.961826 
vt 0.926183 0.644624 
vt 0.921677 0.961826 
vt 0.935164 0.644624 
vt 0.930658 0.961826 
vt 0.944177 0.644624 
vt 0.939671 0.961826 
vt 0.88589 0.101163 
vt 0.83589 0.101163 
vt 0.83589 0.101163 
vt 0.0131151 0.10196 
vt 0.0311151 0.0839599 
vt 0.0311151 0.10196 
vt 0.0131151 0.0839599 
vt 0.0131151 0.10196 
vt 0.0311151 0.0839599 
vt 0.0311151 0.10196 
vt 0.0131151 0.0839599 
vt 0.0311151 0.142932 
vt 0.0131151 0.160932 
vt 0.0131151 0.142932 
vt 0.0311151 0.160932 
vt 0.0311151 0.0839599 
vt 0.0131151 0.10196 
vt 0.0131151 0.0839599 
vt 0.0311151 0.10196 
vt 0.0131151 0.0839599 
vt 0.0311151 0.10196 
vt 0.0131151 0.10196 
vt 0.0311151 0.0839599 
vt 0.0311151 0.147546 
vt 0.0131151 0.165546 
vt 0.0131151 0.147546 
vt 0.0311151 0.165546 
vt 0.0131151 0.197002 
vt 0.0311151 0.197002 
vt 0.0311151 0.215002 
vt 0.0131151 0.215002 
vt 0.0311151 0.10196 
vt 0.0131151 0.10196 
vt 0.0131151 0.0839599 
vt 0.0311151 0.0839599 
vt 0.0131151 0.356304 
vt 0.0311151 0.338304 
vt 0.0311151 0.356304 
vt 0.0131151 0.338304 
vt 0.0311151 0.10196 
vt 0.0131151 0.10196 
vt 0.0131151 0.0839599 
vt 0.0311151 0.0839599 
vt 0.0311151 0.147546 
vt 0.0131151 0.165546 
vt 0.0131151 0.147546 
vt 0.0311151 0.165546 
vt 0.0311151 0.10196 
vt 0.0131151 0.10196 
vt 0.0131151 0.0839599 
vt 0.0311151 0.0839599 
vt 0.0131151 0.10196 
vt 0.0311151 0.0839599 
vt 0.0311151 0.10196 
vt 0.0131151 0.0839599 
vt 0.88589 0.181306 
vt 0.83589 0.181306 
vt 0.86089 0.141235 
vt 0.0311151 0.421311 
vt 0.0131151 0.421311 
vt 0.0131151 0.403311 
vt 0.0311151 0.403311 
vt 0.83589 0.141508 
vt 0.83589 0.101163 
vt 0.83589 0.141508 
vt 0.83589 0.181306 
vt 0.83589 0.181306 
vt 0.979397 0.056641 
vt 0.959393 0.0460001 
vt 0.979397 0.0213257 
vt 0.959393 0.0754294 
vt 0.979397 0.109614 
vt 0.959393 0.119574 
vt 0.979397 0.161283 
vt 0.959393 0.162631 
vt 0.959393 0.203541 
vt 0.979397 0.210375 
vt 0.959393 0.241296 
vt 0.979397 0.255681 
vt 0.0311151 0.0839599 
vt 0.0131151 0.10196 
vt 0.0131151 0.0839599 
vt 0.0311151 0.10196 
vt 0.916793 0.0460001 
vt 0.859375 0.0460001 
vt 0.859375 0.0213257 
vt 0.801956 0.0460001 
vt 0.928277 0.0213257 
vt 0.959393 0.0460001 
vt 0.979397 0.0213257 
vt 0.790472 0.0213257 
vt 0.759356 0.0460001 
vt 0.739352 0.0213257 
vt 0.0311151 0.10196 
vt 0.0131151 0.10196 
vt 0.0131151 0.0839599 
vt 0.0311151 0.0839599 
vt 0.0131151 0.147546 
vt 0.0311151 0.165546 
vt 0.0131151 0.165546 
vt 0.0311151 0.147546 
vt 0.769517 0.644624 
vt 0.765012 0.961826 
vt 0.760504 0.644624 
vt 0.778565 0.644624 
vt 0.774059 0.961826 
vt 0.787614 0.644624 
vt 0.783108 0.961826 
vt 0.796248 0.644624 
vt 0.791742 0.961826 
vt 0.804963 0.644624 
vt 0.800457 0.961826 
vt 0.814131 0.644624 
vt 0.809625 0.961826 
vt 0.818591 0.961826 
vt 0.0311151 0.10196 
vt 0.0131151 0.10196 
vt 0.0131151 0.0839599 
vt 0.0311151 0.0839599 
vt 0.0131151 0.10196 
vt 0.0311151 0.0839599 
vt 0.0311151 0.10196 
vt 0.0131151 0.0839599 
vt 0.266568 0.633911 
vt 0.299843 0.627035 
vt 0.299843 0.633911 
vt 0.266568 0.627035 
vt 0.266568 0.640788 
vt 0.266568 0.620158 
vt 0.299843 0.640788 
vt 0.354423 0.627035 
vt 0.354423 0.633911 
vt 0.354423 0.640788 
vt 0.396686 0.633911 
vt 0.396686 0.640788 
vt 0.396686 0.627035 
vt 0.299843 0.620158 
vt 0.354423 0.620158 
vt 0.396686 0.620158 
vt 0.396686 0.613282 
vt 0.354423 0.613282 
vt 0.299843 0.613282 
vt 0.266568 0.613282 
vt 0.266568 0.606405 
vt 0.354423 0.606405 
vt 0.396686 0.606405 
vt 0.299843 0.606405 
vt 0.266568 0.599528 
vt 0.396686 0.599528 
vt 0.299843 0.599528 
vt 0.354423 0.599528 
vt 0.396686 0.592651 
vt 0.299843 0.592651 
vt 0.266568 0.592651 
vt 0.266568 0.585774 
vt 0.299843 0.585774 
vt 0.354423 0.592651 
vt 0.354423 0.585774 
vt 0.396686 0.585774 
vt 0.0131151 0.10196 
vt 0.0311151 0.0839599 
vt 0.0311151 0.10196 
vt 0.0131151 0.0839599 
vt 0.304584 0.663195 
vt 0.312106 0.745494 
vt 0.304584 0.745494 
vt 0.312106 0.663195 
vt 0.297063 0.663195 
vt 0.297063 0.745494 
vt 0.297063 0.784242 
vt 0.319627 0.745494 
vt 0.319627 0.663195 
vt 0.312106 0.784242 
vt 0.304584 0.784242 
vt 0.304584 0.801436 
vt 0.297063 0.801436 
vt 0.327148 0.745494 
vt 0.327148 0.663195 
vt 0.33467 0.663195 
vt 0.304584 0.813507 
vt 0.297063 0.813507 
vt 0.297063 0.828256 
vt 0.33467 0.745494 
vt 0.342191 0.663195 
vt 0.342191 0.745494 
vt 0.349713 0.663195 
vt 0.33467 0.784242 
vt 0.327148 0.784242 
vt 0.319627 0.784242 
vt 0.327148 0.801436 
vt 0.319627 0.801436 
vt 0.312106 0.801436 
vt 0.319627 0.813507 
vt 0.312106 0.813507 
vt 0.312106 0.828256 
vt 0.304584 0.828256 
vt 0.297063 0.846093 
vt 0.304584 0.846093 
vt 0.297063 0.86965 
vt 0.312106 0.846093 
vt 0.319627 0.828256 
vt 0.304584 0.86965 
vt 0.297063 0.912193 
vt 0.312106 0.86965 
vt 0.304584 0.912193 
vt 0.297063 0.988576 
vt 0.304584 0.988576 
vt 0.312106 0.912193 
vt 0.312106 0.988576 
vt 0.319627 0.846093 
vt 0.319627 0.86965 
vt 0.319627 0.912193 
vt 0.319627 0.988576 
vt 0.327148 0.828256 
vt 0.327148 0.846093 
vt 0.327148 0.86965 
vt 0.327148 0.912193 
vt 0.327148 0.988576 
vt 0.33467 0.988576 
vt 0.33467 0.912193 
vt 0.342191 0.988576 
vt 0.33467 0.86965 
vt 0.342191 0.912193 
vt 0.349713 0.988576 
vt 0.33467 0.846093 
vt 0.83589 0.101163 
vt 0.88589 0.101163 
vt 0.86089 0.141508 
vt 0.0311151 0.421311 
vt 0.0131151 0.421311 
vt 0.0131151 0.403311 
vt 0.0311151 0.403311 
vt 0.0131151 0.0839599 
vt 0.0311151 0.0839599 
vt 0.0311151 0.10196 
vt 0.0131151 0.10196 
vt 0.0311151 0.215002 
vt 0.0131151 0.215002 
vt 0.0131151 0.197002 
vt 0.0311151 0.197002 
vt 0.0311151 0.10196 
vt 0.0131151 0.0839599 
vt 0.0311151 0.0839599 
vt 0.0131151 0.10196 
vt 0.0311151 0.10196 
vt 0.0131151 0.10196 
vt 0.0131151 0.0839599 
vt 0.0311151 0.0839599 
vt 0.88589 0.101163 
vt 0.88589 0.141508 
vt 0.83589 0.101163 
vt 0.88589 0.181306 
vt 0.83589 0.101163 
vt 0.88589 0.101163 
vt 0.86089 0.14017 
vt 0.0311151 0.0839599 
vt 0.0131151 0.10196 
vt 0.0131151 0.0839599 
vt 0.0311151 0.10196 
vt 0.0311151 0.10196 
vt 0.0131151 0.10196 
vt 0.0131151 0.0839599 
vt 0.0311151 0.0839599 
vt 0.0131151 0.353949 
vt 0.0311151 0.335949 
vt 0.0311151 0.353949 
vt 0.0131151 0.335949 
vt 0.0311151 0.0839599 
vt 0.0131151 0.10196 
vt 0.0131151 0.0839599 
vt 0.0311151 0.10196 
vt 0.897419 0.36918 
vt 0.822076 0.400392 
vt 0.866211 0.356254 
vt 0.834999 0.369183 
vt 0.835003 0.431601 
vt 0.910346 0.400389 
vt 0.866214 0.444525 
vt 0.89742 0.431599 
vt 0.0131151 0.0839599 
vt 0.0311151 0.0839599 
vt 0.0311151 0.10196 
vt 0.0131151 0.10196 
vt 0.0311151 0.10196 
vt 0.0131151 0.10196 
vt 0.0131151 0.0839599 
vt 0.0311151 0.0839599 
vt 0.88589 0.181306 
vt 0.83589 0.181306 
vt 0.86089 0.141508 
vt 0.0131151 0.0839599 
vt 0.0311151 0.0839599 
vt 0.0311151 0.10196 
vt 0.0131151 0.10196 
vt 0.0311151 0.215002 
vt 0.0131151 0.215002 
vt 0.0131151 0.197002 
vt 0.0311151 0.197002 
vt 0.0311151 0.10196 
vt 0.0131151 0.10196 
vt 0.0131151 0.0839599 
vt 0.0311151 0.0839599 
vt 0.0311151 0.147546 
vt 0.0131151 0.165546 
vt 0.0131151 0.147546 
vt 0.0311151 0.165546 
vt 0.83589 0.181306 
vt 0.83589 0.141235 
vt 0.86089 0.141235 
vt 0.83589 0.101163 
vt 0.0131151 0.10196 
vt 0.0311151 0.0839599 
vt 0.0311151 0.10196 
vt 0.0131151 0.0839599 
vt 0.83589 0.181306 
vt 0.83589 0.141508 
vt 0.86089 0.141508 
vt 0.83589 0.101163 
vt 0.0131151 0.0839599 
vt 0.0311151 0.10196 
vt 0.0131151 0.10196 
vt 0.0311151 0.0839599 
vt 0.0131151 0.421311 
vt 0.0311151 0.403311 
vt 0.0311151 0.421311 
vt 0.0131151 0.403311 
vt 0.0311151 0.147546 
vt 0.0131151 0.165546 
vt 0.0131151 0.147546 
vt 0.0311151 0.165546 
vt 0.0311151 0.0839599 
vt 0.0311151 0.10196 
vt 0.0131151 0.0839599 
vt 0.0131151 0.10196 
vt 0.457626 0.548231 
vt 0.457626 0.541468 
vt 0.457626 0.548231 
vt 0.457626 0.554995 
vt 0.457626 0.554995 
vt 0.457626 0.541468 
vt 0.457626 0.534704 
vt 0.457626 0.534704 
vt 0.457626 0.52794 
vt 0.457626 0.52794 
vt 0.457626 0.521177 
vt 0.457626 0.521177 
vt 0.457626 0.514413 
vt 0.457626 0.514413 
vt 0.457626 0.50765 
vt 0.457626 0.50765 
vt 0.457626 0.500886 
vt 0.457626 0.500886 
vt 0.0131151 0.0839599 
vt 0.0311151 0.0839599 
vt 0.0311151 0.10196 
vt 0.0131151 0.10196 
vt 0.0311151 0.0839599 
vt 0.0131151 0.10196 
vt 0.0131151 0.0839599 
vt 0.0311151 0.10196 
vt 0.0131151 0.10196 
vt 0.0311151 0.0839599 
vt 0.0311151 0.10196 
vt 0.0131151 0.0839599 
vt 0.0311151 0.10196 
vt 0.0131151 0.0839599 
vt 0.0311151 0.0839599 
vt 0.0131151 0.10196 
vt 0.0311151 0.0839599 
vt 0.0131151 0.10196 
vt 0.0131151 0.0839599 
vt 0.0311151 0.10196 
vt 0.0131151 0.10196 
vt 0.0311151 0.0839599 
vt 0.0311151 0.10196 
vt 0.0131151 0.0839599 
vt 0.0131151 0.10196 
vt 0.0311151 0.0839599 
vt 0.0311151 0.10196 
vt 0.0131151 0.0839599 
vt 0.0311151 0.165546 
vt 0.0131151 0.165546 
vt 0.0131151 0.147546 
vt 0.0311151 0.147546 
vt 0.0311151 0.10196 
vt 0.0131151 0.0839599 
vt 0.0311151 0.0839599 
vt 0.0131151 0.10196 
vt 0.0131151 0.10196 
vt 0.0311151 0.0839599 
vt 0.0311151 0.10196 
vt 0.0131151 0.0839599 
vt 0.0311151 0.0839599 
vt 0.0131151 0.10196 
vt 0.0131151 0.0839599 
vt 0.0311151 0.10196 
vt 0.0131151 0.0839599 
vt 0.0311151 0.0839599 
vt 0.0311151 0.10196 
vt 0.0131151 0.10196 
vt 0.0311151 0.197002 
vt 0.0131151 0.215002 
vt 0.0131151 0.197002 
vt 0.0311151 0.215002 
vt 0.0311151 0.10196 
vt 0.0131151 0.10196 
vt 0.0131151 0.0839599 
vt 0.0311151 0.0839599 
vt 0.86089 0.141508 
vt 0.88589 0.141508 
vt 0.88589 0.181306 
vt 0.88589 0.101163 
vt 0.0311151 0.0839599 
vt 0.0131151 0.10196 
vt 0.0131151 0.0839599 
vt 0.0311151 0.10196 
vt 0.0131151 0.26883 
vt 0.0311151 0.26883 
vt 0.0311151 0.28683 
vt 0.0131151 0.28683 
vt 0.0311151 0.10196 
vt 0.0131151 0.10196 
vt 0.0131151 0.0839599 
vt 0.0311151 0.0839599 
vt 0.0131151 0.0839599 
vt 0.0311151 0.0839599 
vt 0.0311151 0.10196 
vt 0.0131151 0.10196 
vt 0.0311151 0.10196 
vt 0.0131151 0.10196 
vt 0.0131151 0.0839599 
vt 0.0311151 0.0839599 
vt 0.0311151 0.197002 
vt 0.0131151 0.215002 
vt 0.0131151 0.197002 
vt 0.0311151 0.215002 
vt 0.0311151 0.10196 
vt 0.0131151 0.10196 
vt 0.0131151 0.0839599 
vt 0.0311151 0.0839599 
vt 0.0311151 0.10196 
vt 0.0131151 0.10196 
vt 0.0131151 0.0839599 
vt 0.0311151 0.0839599 
vt 0.480612 0.60609 
vt 0.458099 0.60609 
vt 0.458099 0.598899 
vt 0.508521 0.598899 
vt 0.508521 0.60609 
vt 0.458099 0.613281 
vt 0.480612 0.613281 
vt 0.458099 0.620471 
vt 0.508521 0.613281 
vt 0.480612 0.620471 
vt 0.480612 0.627662 
vt 0.458099 0.627662 
vt 0.508521 0.620471 
vt 0.458099 0.634853 
vt 0.508521 0.627662 
vt 0.528686 0.620471 
vt 0.528686 0.613281 
vt 0.528686 0.60609 
vt 0.547733 0.620471 
vt 0.547733 0.613281 
vt 0.547733 0.60609 
vt 0.563907 0.613281 
vt 0.563907 0.60609 
vt 0.623749 0.613281 
vt 0.528686 0.627662 
vt 0.563907 0.620471 
vt 0.547733 0.627662 
vt 0.528686 0.634853 
vt 0.623749 0.620471 
vt 0.689233 0.613281 
vt 0.689233 0.620471 
vt 0.689233 0.627662 
vt 0.563907 0.627662 
vt 0.623749 0.627662 
vt 0.563907 0.634853 
vt 0.623749 0.634853 
vt 0.689233 0.634853 
vt 0.689233 0.642044 
vt 0.623749 0.642044 
vt 0.563907 0.642044 
vt 0.547733 0.642044 
vt 0.547733 0.634853 
vt 0.528686 0.642044 
vt 0.508521 0.642044 
vt 0.508521 0.634853 
vt 0.480612 0.634853 
vt 0.480612 0.642044 
vt 0.458099 0.642044 
vt 0.0311151 0.356304 
vt 0.0131151 0.338304 
vt 0.0311151 0.338304 
vt 0.0131151 0.356304 
vt 0.0311151 0.10196 
vt 0.0131151 0.10196 
vt 0.0131151 0.0839599 
vt 0.0311151 0.0839599 
vt 0.0311151 0.26883 
vt 0.0131151 0.28683 
vt 0.0131151 0.26883 
vt 0.0311151 0.28683 
vt 0.0131151 0.10196 
vt 0.0311151 0.0839599 
vt 0.0311151 0.10196 
vt 0.0131151 0.0839599 
vt 0.0311151 0.10196 
vt 0.0131151 0.0839599 
vt 0.0311151 0.0839599 
vt 0.0131151 0.10196 
vt 0.0311151 0.10196 
vt 0.0131151 0.10196 
vt 0.0131151 0.0839599 
vt 0.0311151 0.0839599 
vt 0.0311151 0.338304 
vt 0.0131151 0.356304 
vt 0.0131151 0.338304 
vt 0.0311151 0.356304 
vt 0.0311151 0.338304 
vt 0.0131151 0.356304 
vt 0.0131151 0.338304 
vt 0.0311151 0.356304 
vt 0.0311151 0.26883 
vt 0.0131151 0.28683 
vt 0.0131151 0.26883 
vt 0.0311151 0.28683 
vt 0.0311151 0.10196 
vt 0.0131151 0.0839599 
vt 0.0311151 0.0839599 
vt 0.0131151 0.10196 
vt 0.0311151 0.10196 
vt 0.0131151 0.10196 
vt 0.0131151 0.0839599 
vt 0.0311151 0.0839599 
vt 0.0311151 0.0839599 
vt 0.0131151 0.10196 
vt 0.0131151 0.0839599 
vt 0.0311151 0.10196 
vt 0.0131151 0.0839599 
vt 0.0311151 0.0839599 
vt 0.0311151 0.10196 
vt 0.0131151 0.10196 
vt 0.0311151 0.10196 
vt 0.0131151 0.0839599 
vt 0.0311151 0.0839599 
vt 0.0131151 0.10196 
vt 0.0311151 0.0839599 
vt 0.0311151 0.10196 
vt 0.0131151 0.0839599 
vt 0.0131151 0.10196 
vt 0.0131151 0.10196 
vt 0.0311151 0.0839599 
vt 0.0311151 0.10196 
vt 0.0131151 0.0839599 
vt 0.0131151 0.10196 
vt 0.0311151 0.0839599 
vt 0.0311151 0.10196 
vt 0.0131151 0.0839599 
vt 0.0311151 0.0839599 
vt 0.0131151 0.10196 
vt 0.0131151 0.0839599 
vt 0.0311151 0.10196 
vt 0.0131151 0.0839599 
vt 0.0311151 0.0839599 
vt 0.0311151 0.10196 
vt 0.0131151 0.10196 
vt 0.0311151 0.197002 
vt 0.0131151 0.215002 
vt 0.0131151 0.197002 
vt 0.0311151 0.215002 
vt 0.0311151 0.0839599 
vt 0.0131151 0.10196 
vt 0.0131151 0.0839599 
vt 0.0311151 0.10196 
vt 0.0131151 0.165546 
vt 0.0311151 0.147546 
vt 0.0311151 0.165546 
vt 0.0131151 0.147546 
vt 0.0131151 0.142932 
vt 0.0311151 0.142932 
vt 0.0311151 0.160932 
vt 0.0131151 0.160932 
vt 0.0131151 0.10196 
vt 0.0311151 0.0839599 
vt 0.0311151 0.10196 
vt 0.0131151 0.0839599 
vt 0.0311151 0.10196 
vt 0.0131151 0.0839599 
vt 0.0311151 0.0839599 
vt 0.0131151 0.10196 
vt 0.0131151 0.0839599 
vt 0.0311151 0.10196 
vt 0.0131151 0.10196 
vt 0.0311151 0.0839599 
vt 0.0311151 0.142932 
vt 0.0131151 0.160932 
vt 0.0131151 0.142932 
vt 0.0311151 0.160932 
vt 0.0311151 0.10196 
vt 0.0131151 0.0839599 
vt 0.0311151 0.0839599 
vt 0.0131151 0.10196 
vt 0.0311151 0.197002 
vt 0.0131151 0.215002 
vt 0.0131151 0.197002 
vt 0.0311151 0.215002 
vt 0.0311151 0.10196 
vt 0.0131151 0.0839599 
vt 0.0311151 0.0839599 
vt 0.0131151 0.10196 
vt 0.0311151 0.421311 
vt 0.0131151 0.421311 
vt 0.0131151 0.403311 
vt 0.0311151 0.403311 
vt 0.0311151 0.10196 
vt 0.0131151 0.10196 
vt 0.0131151 0.0839599 
vt 0.0311151 0.0839599 
vt 0.0311151 0.10196 
vt 0.0131151 0.10196 
vt 0.0131151 0.0839599 
vt 0.0311151 0.0839599 
vt 0.0131151 0.10196 
vt 0.0311151 0.0839599 
vt 0.0311151 0.10196 
vt 0.0131151 0.0839599 
vt 0.0311151 0.10196 
vt 0.0131151 0.0839599 
vt 0.0311151 0.0839599 
vt 0.0131151 0.10196 
vt 0.0311151 0.10196 
vt 0.0131151 0.10196 
vt 0.0131151 0.0839599 
vt 0.0311151 0.0839599 
vt 0.0131151 0.10196 
vt 0.0311151 0.0839599 
vt 0.0311151 0.10196 
vt 0.0131151 0.0839599 
vt 0.0131151 0.10196 
vt 0.0311151 0.0839599 
vt 0.0311151 0.10196 
vt 0.0131151 0.0839599 
vt 0.0311151 0.215002 
vt 0.0131151 0.197002 
vt 0.0311151 0.197002 
vt 0.0131151 0.215002 
vt 0.0131151 0.421311 
vt 0.0311151 0.403311 
vt 0.0311151 0.421311 
vt 0.0131151 0.403311 
vt 0.0131151 0.421311 
vt 0.0311151 0.403311 
vt 0.0311151 0.421311 
vt 0.0131151 0.403311 
vt 0.0131151 0.165546 
vt 0.0311151 0.147546 
vt 0.0311151 0.165546 
vt 0.0131151 0.147546 
vt 0.0131151 0.197002 
vt 0.0311151 0.197002 
vt 0.0311151 0.215002 
vt 0.0131151 0.215002 
vt 0.0311151 0.10196 
vt 0.0131151 0.0839599 
vt 0.0311151 0.0839599 
vt 0.0131151 0.10196 
vt 0.0311151 0.10196 
vt 0.0131151 0.10196 
vt 0.0131151 0.0839599 
vt 0.0311151 0.0839599 
vt 0.0311151 0.0839599 
vt 0.0311151 0.10196 
vt 0.0131151 0.0839599 
vt 0.0131151 0.10196 
vt 0.0311151 0.10196 
vt 0.0131151 0.10196 
vt 0.0131151 0.0839599 
vt 0.0311151 0.0839599 
vt 0.0311151 0.165546 
vt 0.0131151 0.165546 
vt 0.0131151 0.147546 
vt 0.0311151 0.147546 
vt 0.0131151 0.10196 
vt 0.0311151 0.0839599 
vt 0.0311151 0.10196 
vt 0.0131151 0.0839599 
vt 0.0131151 0.0839599 
vt 0.0311151 0.0839599 
vt 0.0311151 0.10196 
vt 0.0131151 0.10196 
vt 0.0131151 0.165546 
vt 0.0311151 0.147546 
vt 0.0311151 0.165546 
vt 0.0131151 0.147546 
vt 0.0131151 0.335949 
vt 0.0311151 0.335949 
vt 0.0311151 0.353949 
vt 0.0131151 0.353949 
vt 0.0131151 0.10196 
vt 0.0311151 0.0839599 
vt 0.0311151 0.10196 
vt 0.0131151 0.0839599 
vt 0.0311151 0.165546 
vt 0.0131151 0.165546 
vt 0.0131151 0.147546 
vt 0.0311151 0.147546 
vt 0.0311151 0.165546 
vt 0.0131151 0.165546 
vt 0.0131151 0.147546 
vt 0.0311151 0.147546 
vt 0.0311151 0.0839599 
vt 0.0131151 0.10196 
vt 0.0131151 0.0839599 
vt 0.0311151 0.10196 
vt 0.0131151 0.10196 
vt 0.0311151 0.0839599 
vt 0.0311151 0.10196 
vt 0.0131151 0.0839599 
vt 0.0131151 0.0839599 
vt 0.0311151 0.10196 
vt 0.0131151 0.10196 
vt 0.0311151 0.0839599 
vt 0.0131151 0.421311 
vt 0.0311151 0.403311 
vt 0.0311151 0.421311 
vt 0.0131151 0.403311 
vt 0.835003 0.431601 
vt 0.835003 0.431601 
vt 0.866214 0.444525 
vt 0.822076 0.400392 
vt 0.866214 0.444525 
vt 0.822076 0.400392 
vt 0.89742 0.431599 
vt 0.89742 0.431599 
vt 0.834999 0.369183 
vt 0.834999 0.369183 
vt 0.866211 0.356254 
vt 0.910346 0.400389 
vt 0.866211 0.356254 
vt 0.910346 0.400389 
vt 0.897419 0.36918 
vt 0.897419 0.36918 
vt 0.0311151 0.10196 
vt 0.0131151 0.0839599 
vt 0.0311151 0.0839599 
vt 0.0131151 0.10196 
vt 0.0311151 0.0839599 
vt 0.0131151 0.10196 
vt 0.0131151 0.0839599 
vt 0.0311151 0.10196 
vt 0.0131151 0.10196 
vt 0.0311151 0.0839599 
vt 0.0311151 0.10196 
vt 0.0131151 0.0839599 
vt 0.0311151 0.403311 
vt 0.0131151 0.421311 
vt 0.0131151 0.403311 
vt 0.0311151 0.421311 
vt 0.0311151 0.147546 
vt 0.0131151 0.165546 
vt 0.0131151 0.147546 
vt 0.0311151 0.165546 
vt 0.0311151 0.353949 
vt 0.0131151 0.335949 
vt 0.0311151 0.335949 
vt 0.0131151 0.353949 
vt 0.0131151 0.165546 
vt 0.0311151 0.147546 
vt 0.0311151 0.165546 
vt 0.0131151 0.147546 
vt 0.0131151 0.353949 
vt 0.0311151 0.335949 
vt 0.0311151 0.353949 
vt 0.0131151 0.335949 
vt 0.0227215 0.0755724 
vt 0.042853 0.0753319 
vt 0.245577 0.0756151 
vt 0.0131151 0.10196 
vt 0.0311151 0.0839599 
vt 0.0311151 0.10196 
vt 0.0131151 0.0839599 
vt 0.0311151 0.215002 
vt 0.0131151 0.215002 
vt 0.0131151 0.197002 
vt 0.0311151 0.197002 
vt 0.0311151 0.335949 
vt 0.0131151 0.353949 
vt 0.0131151 0.335949 
vt 0.0311151 0.353949 
vt 0.0311151 0.165546 
vt 0.0131151 0.147546 
vt 0.0311151 0.147546 
vt 0.0131151 0.165546 
vt 0.0311151 0.335949 
vt 0.0131151 0.353949 
vt 0.0131151 0.335949 
vt 0.0311151 0.353949 
vt 0.0131151 0.165546 
vt 0.0311151 0.147546 
vt 0.0311151 0.165546 
vt 0.0131151 0.147546 
vt 0.0311151 0.147546 
vt 0.0131151 0.165546 
vt 0.0131151 0.147546 
vt 0.0311151 0.165546 
vt 0.0311151 0.215002 
vt 0.0131151 0.215002 
vt 0.0131151 0.197002 
vt 0.0311151 0.197002 
vt 0.0311151 0.10196 
vt 0.0131151 0.10196 
vt 0.0131151 0.0839599 
vt 0.0311151 0.0839599 
vt 0.0311151 0.10196 
vt 0.0131151 0.10196 
vt 0.0131151 0.0839599 
vt 0.0311151 0.0839599 
vt 0.0311151 0.165546 
vt 0.0131151 0.165546 
vt 0.0131151 0.147546 
vt 0.0311151 0.147546 
vt 0.0311151 0.165546 
vt 0.0131151 0.165546 
vt 0.0131151 0.147546 
vt 0.0311151 0.147546 
vt 0.0131151 0.215002 
vt 0.0311151 0.197002 
vt 0.0311151 0.215002 
vt 0.0131151 0.197002 
vt 0.0131151 0.215002 
vt 0.0311151 0.197002 
vt 0.0311151 0.215002 
vt 0.0131151 0.197002 
vt 0.0311151 0.0839599 
vt 0.0131151 0.10196 
vt 0.0131151 0.0839599 
vt 0.0311151 0.10196 
vt 0.0311151 0.0839599 
vt 0.0131151 0.10196 
vt 0.0131151 0.0839599 
vt 0.0311151 0.10196 
vt 0.0311151 0.197002 
vt 0.0131151 0.215002 
vt 0.0131151 0.197002 
vt 0.0311151 0.215002 
vt 0.0131151 0.10196 
vt 0.0131151 0.0839599 
vt 0.0311151 0.10196 
vt 0.0311151 0.0839599 
vt 0.88589 0.101163 
vt 0.88589 0.181306 
vt 0.86089 0.14017 
vt 0.0311151 0.0839599 
vt 0.0131151 0.10196 
vt 0.0131151 0.0839599 
vt 0.0311151 0.10196 
vt 0.0311151 0.165546 
vt 0.0131151 0.165546 
vt 0.0131151 0.147546 
vt 0.0311151 0.147546 
vt 0.0311151 0.10196 
vt 0.0131151 0.0839599 
vt 0.0311151 0.0839599 
vt 0.0131151 0.10196 
vt 0.0311151 0.215002 
vt 0.0131151 0.197002 
vt 0.0311151 0.197002 
vt 0.0131151 0.215002 
vt 0.0311151 0.197002 
vt 0.0131151 0.215002 
vt 0.0131151 0.197002 
vt 0.0311151 0.215002 
vt 0.0131151 0.147546 
vt 0.0311151 0.165546 
vt 0.0131151 0.165546 
vt 0.0311151 0.147546 
vt 0.0311151 0.10196 
vt 0.0131151 0.0839599 
vt 0.0311151 0.0839599 
vt 0.0131151 0.10196 
vt 0.0311151 0.0839599 
vt 0.0131151 0.10196 
vt 0.0131151 0.0839599 
vt 0.0311151 0.10196 
vt 0.0131151 0.0839599 
vt 0.0311151 0.0839599 
vt 0.0311151 0.10196 
vt 0.0131151 0.10196 
vt 0.0131151 0.0839599 
vt 0.0311151 0.0839599 
vt 0.0311151 0.10196 
vt 0.0131151 0.10196 
vt 0.0311151 0.197002 
vt 0.0131151 0.215002 
vt 0.0131151 0.197002 
vt 0.0311151 0.215002 
vt 0.0131151 0.10196 
vt 0.0311151 0.0839599 
vt 0.0311151 0.10196 
vt 0.0131151 0.0839599 
vt 0.0131151 0.10196 
vt 0.0311151 0.0839599 
vt 0.0311151 0.10196 
vt 0.0131151 0.0839599 
vt 0.0311151 0.197002 
vt 0.0131151 0.215002 
vt 0.0131151 0.197002 
vt 0.0311151 0.215002 
vt 0.0311151 0.335949 
vt 0.0131151 0.353949 
vt 0.0131151 0.335949 
vt 0.0311151 0.353949 
vt 0.0311151 0.0839599 
vt 0.0131151 0.10196 
vt 0.0131151 0.0839599 
vt 0.0311151 0.10196 
vt 0.0311151 0.0839599 
vt 0.0131151 0.10196 
vt 0.0131151 0.0839599 
vt 0.0311151 0.10196 
vt 0.0311151 0.0839599 
vt 0.0131151 0.10196 
vt 0.0131151 0.0839599 
vt 0.0311151 0.10196 
vt 0.0311151 0.10196 
vt 0.0131151 0.10196 
vt 0.0311151 0.0839599 
vt 0.0131151 0.10196 
vt 0.0131151 0.0839599 
vt 0.0311151 0.10196 
vt 0.0131151 0.0839599 
vt 0.0311151 0.10196 
vt 0.0131151 0.10196 
vt 0.0311151 0.10196 
vt 0.0131151 0.10196 
vt 0.0311151 0.0839599 
vt 0.0131151 0.0839599 
vt 0.0311151 0.10196 
vt 0.0131151 0.10196 
vt 0.0311151 0.0839599 
vt 0.0131151 0.10196 
vt 0.0311151 0.10196 
vt 0.0311151 0.0839599 
vt 0.0131151 0.10196 
vt 0.0131151 0.0839599 
vt 0.0311151 0.10196 
vt 0.0311151 0.10196 
vt 0.0131151 0.10196 
vt 0.0131151 0.0839599 
vt 0.0311151 0.0839599 
vt 0.0311151 0.0839599 
vt 0.0311151 0.10196 
vt 0.0131151 0.10196 
vt 0.0311151 0.10196 
vt 0.0131151 0.10196 
vt 0.0131151 0.0839599 
vt 0.0311151 0.0839599 
vt 0.0311151 0.0839599 
vt 0.0131151 0.10196 
vt 0.0311151 0.10196 
vt 0.0131151 0.10196 
vt 0.0311151 0.10196 
vt 0.0131151 0.0839599 
vt 0.0311151 0.0839599 
vt 0.0131151 0.10196 
vt 0.0311151 0.10196 
vt 0.0131151 0.10196 
vt 0.0311151 0.10196 
vt 0.0131151 0.0839599 
vt 0.0131151 0.165546 
vt 0.0311151 0.147546 
vt 0.0311151 0.165546 
vt 0.0131151 0.147546 
vt 0.0311151 0.10196 
vt 0.0131151 0.0839599 
vt 0.0311151 0.0839599 
vt 0.0131151 0.10196 
vt 0.0311151 0.165546 
vt 0.0131151 0.147546 
vt 0.0311151 0.147546 
vt 0.0131151 0.165546 
vt 0.0311151 0.10196 
vt 0.0131151 0.10196 
vt 0.0131151 0.0839599 
vt 0.0311151 0.0839599 
vt 0.0311151 0.10196 
vt 0.0131151 0.0839599 
vt 0.0311151 0.0839599 
vt 0.0131151 0.10196 
vt 0.0311151 0.0839599 
vt 0.0131151 0.10196 
vt 0.0131151 0.0839599 
vt 0.0311151 0.10196 
vt 0.0131151 0.0839599 
vt 0.0311151 0.0839599 
vt 0.0311151 0.10196 
vt 0.0131151 0.10196 
vt 0.0311151 0.10196 
vt 0.0131151 0.10196 
vt 0.0131151 0.0839599 
vt 0.0311151 0.0839599 
vt 0.0131151 0.10196 
vt 0.0311151 0.0839599 
vt 0.0311151 0.10196 
vt 0.0131151 0.0839599 
vt 0.0311151 0.10196 
vt 0.0131151 0.0839599 
vt 0.0311151 0.0839599 
vt 0.0131151 0.10196 
vt 0.0131151 0.421311 
vt 0.0311151 0.403311 
vt 0.0311151 0.421311 
vt 0.0131151 0.403311 
vt 0.0311151 0.0839599 
vt 0.0131151 0.10196 
vt 0.0131151 0.0839599 
vt 0.0311151 0.10196 
vt 0.0131151 0.338304 
vt 0.0311151 0.338304 
vt 0.0311151 0.356304 
vt 0.0131151 0.356304 
vt 0.0311151 0.10196 
vt 0.0131151 0.10196 
vt 0.0131151 0.0839599 
vt 0.0311151 0.0839599 
vt 0.0311151 0.10196 
vt 0.0131151 0.0839599 
vt 0.0311151 0.0839599 
vt 0.0131151 0.10196 
vt 0.0131151 0.10196 
vt 0.0131151 0.0839599 
vt 0.0311151 0.10196 
vt 0.0311151 0.10196 
vt 0.0311151 0.0839599 
vt 0.0131151 0.10196 
vt 0.0131151 0.0839599 
vt 0.0311151 0.0839599 
vt 0.0311151 0.0839599 
vt 0.0131151 0.10196 
vt 0.0311151 0.10196 
vt 0.0131151 0.10196 
vt 0.0311151 0.10196 
vt 0.0131151 0.0839599 
vt 0.0311151 0.0839599 
vt 0.0131151 0.10196 
vt 0.0131151 0.0839599 
vt 0.0311151 0.10196 
vt 0.0311151 0.10196 
vt 0.0131151 0.10196 
vt 0.0311151 0.0839599 
vt 0.0131151 0.10196 
vt 0.0311151 0.10196 
vt 0.0131151 0.0839599 
vt 0.0311151 0.10196 
vt 0.0131151 0.10196 
vt 0.0311151 0.0839599 
vt 0.0311151 0.10196 
vt 0.0131151 0.10196 
vt 0.0131151 0.0839599 
vt 0.0311151 0.0839599 
vt 0.0311151 0.10196 
vt 0.0131151 0.0839599 
vt 0.0311151 0.0839599 
vt 0.0131151 0.10196 
vt 0.0311151 0.0839599 
vt 0.0131151 0.10196 
vt 0.0131151 0.0839599 
vt 0.0311151 0.10196 
vt 0.0311151 0.10196 
vt 0.0131151 0.10196 
vt 0.0131151 0.0839599 
vt 0.0311151 0.0839599 
vt 0.0131151 0.10196 
vt 0.0311151 0.0839599 
vt 0.0311151 0.10196 
vt 0.0131151 0.0839599 
vt 0.0131151 0.0839599 
vt 0.0311151 0.10196 
vt 0.0131151 0.10196 
vt 0.0311151 0.0839599 
vt 0.0131151 0.421311 
vt 0.0311151 0.403311 
vt 0.0311151 0.421311 
vt 0.0131151 0.403311 
vt 0.0131151 0.0839599 
vt 0.0311151 0.0839599 
vt 0.0311151 0.10196 
vt 0.0131151 0.10196 
vt 0.0311151 0.0839599 
vt 0.0131151 0.10196 
vt 0.0131151 0.0839599 
vt 0.0311151 0.10196 
vt 0.0131151 0.421311 
vt 0.0311151 0.403311 
vt 0.0311151 0.421311 
vt 0.0131151 0.403311 
vt 0.0311151 0.0839599 
vt 0.0131151 0.10196 
vt 0.0131151 0.0839599 
vt 0.0311151 0.10196 
vt 0.0311151 0.0839599 
vt 0.0311151 0.10196 
vt 0.0131151 0.0839599 
vt 0.0131151 0.10196 
vt 0.0311151 0.10196 
vt 0.0131151 0.0839599 
vt 0.0311151 0.0839599 
vt 0.0131151 0.10196 
vt 0.0311151 0.421311 
vt 0.0131151 0.403311 
vt 0.0311151 0.403311 
vt 0.0131151 0.421311 
vt 0.0131151 0.10196 
vt 0.0311151 0.0839599 
vt 0.0311151 0.10196 
vt 0.0131151 0.0839599 
vt 0.0311151 0.0839599 
vt 0.0131151 0.10196 
vt 0.0131151 0.0839599 
vt 0.0311151 0.10196 
vt 0.0311151 0.0839599 
vt 0.0131151 0.10196 
vt 0.0131151 0.0839599 
vt 0.0311151 0.10196 
vt 0.86089 0.141235 
vt 0.88589 0.141235 
vt 0.88589 0.181306 
vt 0.88589 0.101163 
vt 0.0311151 0.10196 
vt 0.0131151 0.0839599 
vt 0.0311151 0.0839599 
vt 0.0131151 0.10196 
vt 0.0131151 0.0839599 
vt 0.0311151 0.0839599 
vt 0.0311151 0.10196 
vt 0.0131151 0.10196 
vt 0.0311151 0.10196 
vt 0.0131151 0.10196 
vt 0.0131151 0.0839599 
vt 0.0311151 0.0839599 
vt 0.0311151 0.10196 
vt 0.0131151 0.10196 
vt 0.0131151 0.0839599 
vt 0.0311151 0.0839599 
vt 0.0311151 0.421311 
vt 0.0131151 0.403311 
vt 0.0311151 0.403311 
vt 0.0131151 0.421311 
vt 0.0311151 0.403311 
vt 0.0131151 0.421311 
vt 0.0131151 0.403311 
vt 0.0311151 0.421311 
vt 0.0311151 0.421311 
vt 0.0131151 0.403311 
vt 0.0131151 0.421311 
vt 0.0311151 0.421311 
vt 0.0131151 0.421311 
vt 0.0131151 0.403311 
vt 0.0311151 0.403311 
vt 0.0311151 0.421311 
vt 0.0131151 0.403311 
vt 0.0311151 0.403311 
vt 0.0131151 0.421311 
vt 0.0311151 0.215002 
vt 0.0131151 0.215002 
vt 0.0131151 0.197002 
vt 0.0311151 0.197002 
vt 0.0311151 0.10196 
vt 0.0131151 0.10196 
vt 0.0131151 0.0839599 
vt 0.0311151 0.0839599 
vt 0.0311151 0.10196 
vt 0.0131151 0.0839599 
vt 0.0311151 0.0839599 
vt 0.0131151 0.10196 
vt 0.0131151 0.403311 
vt 0.0311151 0.403311 
vt 0.0311151 0.421311 
vt 0.0131151 0.421311 
vt 0.0311151 0.215002 
vt 0.0131151 0.215002 
vt 0.0131151 0.197002 
vt 0.0311151 0.197002 
vt 0.0311151 0.421311 
vt 0.0131151 0.421311 
vt 0.0131151 0.403311 
vt 0.0311151 0.403311 
vt 0.0131151 0.421311 
vt 0.0311151 0.403311 
vt 0.0311151 0.421311 
vt 0.0131151 0.403311 
vt 0.0227215 0.353051 
vt 0.245577 0.359283 
vt 0.0227215 0.359566 
vt 0.245577 0.353094 
vt 0.83589 0.101163 
vt 0.88589 0.101163 
vt 0.86089 0.141235 
vt 0.0311151 0.165546 
vt 0.0131151 0.147546 
vt 0.0311151 0.147546 
vt 0.0131151 0.165546 
vt 0.0311151 0.197002 
vt 0.0131151 0.215002 
vt 0.0131151 0.197002 
vt 0.0311151 0.215002 
vt 0.0311151 0.147546 
vt 0.0131151 0.165546 
vt 0.0131151 0.147546 
vt 0.0311151 0.165546 
vt 0.0131151 0.197002 
vt 0.0311151 0.197002 
vt 0.0311151 0.215002 
vt 0.0131151 0.215002 
vt 0.0311151 0.147546 
vt 0.0131151 0.165546 
vt 0.0131151 0.147546 
vt 0.0311151 0.165546 
vt 0.0131151 0.0839599 
vt 0.0311151 0.10196 
vt 0.0131151 0.10196 
vt 0.0311151 0.0839599 
vt 0.0131151 0.10196 
vt 0.0311151 0.10196 
vt 0.0131151 0.0839599 
vt 0.0311151 0.10196 
vt 0.0131151 0.10196 
vt 0.0311151 0.0839599 
vt 0.0131151 0.10196 
vt 0.0311151 0.10196 
vt 0.0311151 0.147546 
vt 0.0131151 0.165546 
vt 0.0131151 0.147546 
vt 0.0311151 0.165546 
vt 0.0311151 0.403311 
vt 0.0131151 0.421311 
vt 0.0131151 0.403311 
vt 0.0311151 0.421311 
vt 0.0311151 0.165546 
vt 0.0131151 0.165546 
vt 0.0131151 0.147546 
vt 0.0311151 0.147546 
vt 0.0131151 0.0839599 
vt 0.0311151 0.0839599 
vt 0.0311151 0.10196 
vt 0.0131151 0.10196 
vt 0.0311151 0.10196 
vt 0.0131151 0.0839599 
vt 0.0131151 0.10196 
vt 0.0311151 0.0839599 
vt 0.0131151 0.10196 
vt 0.0311151 0.10196 
vt 0.0131151 0.10196 
vt 0.0311151 0.10196 
vt 0.0131151 0.0839599 
vt 0.0311151 0.0839599 
vt 0.0131151 0.10196 
vt 0.0311151 0.10196 
vt 0.0311151 0.197002 
vt 0.0131151 0.215002 
vt 0.0131151 0.197002 
vt 0.0311151 0.215002 
vt 0.0311151 0.403311 
vt 0.0131151 0.421311 
vt 0.0131151 0.403311 
vt 0.0311151 0.421311 
vt 0.0311151 0.147546 
vt 0.0131151 0.165546 
vt 0.0131151 0.147546 
vt 0.0311151 0.165546 
vt 0.0131151 0.165546 
vt 0.0311151 0.147546 
vt 0.0311151 0.165546 
vt 0.0131151 0.147546 
vt 0.0311151 0.197002 
vt 0.0131151 0.215002 
vt 0.0131151 0.197002 
vt 0.0311151 0.215002 
vt 0.0311151 0.197002 
vt 0.0131151 0.215002 
vt 0.0311151 0.215002 
vt 0.0131151 0.215002 
vt 0.0131151 0.197002 
vt 0.0311151 0.215002 
vt 0.0311151 0.403311 
vt 0.0131151 0.421311 
vt 0.0131151 0.403311 
vt 0.0311151 0.421311 
vt 0.0131151 0.215002 
vt 0.0311151 0.197002 
vt 0.0311151 0.215002 
vt 0.0131151 0.197002 
vt 0.0311151 0.165546 
vt 0.0131151 0.165546 
vt 0.0131151 0.147546 
vt 0.0311151 0.147546 
vt 0.0131151 0.165546 
vt 0.0311151 0.147546 
vt 0.0311151 0.165546 
vt 0.0131151 0.147546 
vt 0.0131151 0.165546 
vt 0.0311151 0.147546 
vt 0.0311151 0.165546 
vt 0.0131151 0.147546 
vt 0.0311151 0.215002 
vt 0.0131151 0.215002 
vt 0.0131151 0.197002 
vt 0.0311151 0.197002 
vt 0.0311151 0.215002 
vt 0.0131151 0.215002 
vt 0.0131151 0.197002 
vt 0.0311151 0.197002 
vt 0.0311151 0.0839599 
vt 0.0131151 0.10196 
vt 0.0131151 0.0839599 
vt 0.0311151 0.10196 
vt 0.0311151 0.0839599 
vt 0.0131151 0.10196 
vt 0.0131151 0.0839599 
vt 0.0311151 0.10196 
vt 0.0311151 0.215002 
vt 0.0131151 0.197002 
vt 0.0311151 0.197002 
vt 0.0131151 0.215002 
vt 0.0311151 0.10196 
vt 0.0131151 0.10196 
vt 0.0131151 0.0839599 
vt 0.0311151 0.0839599 
vt 0.0311151 0.10196 
vt 0.0131151 0.0839599 
vt 0.0311151 0.0839599 
vt 0.0131151 0.10196 
vt 0.0311151 0.0839599 
vt 0.0131151 0.10196 
vt 0.0131151 0.0839599 
vt 0.0311151 0.10196 
vt 0.0311151 0.10196 
vt 0.0131151 0.0839599 
vt 0.0311151 0.0839599 
vt 0.0131151 0.10196 
vt 0.0131151 0.10196 
vt 0.0311151 0.0839599 
vt 0.0311151 0.10196 
vt 0.0131151 0.0839599 
vt 0.0311151 0.10196 
vt 0.0131151 0.10196 
vt 0.0131151 0.0839599 
vt 0.0311151 0.0839599 
vt 0.0311151 0.215002 
vt 0.0131151 0.197002 
vt 0.0311151 0.197002 
vt 0.0131151 0.215002 
vt 0.0131151 0.10196 
vt 0.0311151 0.0839599 
vt 0.0311151 0.10196 
vt 0.0131151 0.0839599 
vt 0.0311151 0.0839599 
vt 0.0131151 0.10196 
vt 0.0131151 0.0839599 
vt 0.0311151 0.10196 
vt 0.0131151 0.10196 
vt 0.0311151 0.0839599 
vt 0.0311151 0.10196 
vt 0.0131151 0.0839599 
vt 0.0131151 0.421311 
vt 0.0311151 0.403311 
vt 0.0311151 0.421311 
vt 0.0131151 0.403311 
vt 0.0131151 0.0839599 
vt 0.0311151 0.0839599 
vt 0.0311151 0.10196 
vt 0.0131151 0.10196 
vt 0.0131151 0.197002 
vt 0.0311151 0.197002 
vt 0.0311151 0.215002 
vt 0.0131151 0.215002 
vt 0.0311151 0.10196 
vt 0.0131151 0.10196 
vt 0.0131151 0.0839599 
vt 0.0311151 0.0839599 
vt 0.0131151 0.10196 
vt 0.0311151 0.0839599 
vt 0.0311151 0.10196 
vt 0.0131151 0.0839599 
vt 0.0131151 0.10196 
vt 0.0311151 0.0839599 
vt 0.0311151 0.10196 
vt 0.0131151 0.0839599 
vt 0.0311151 0.10196 
vt 0.0131151 0.10196 
vt 0.0131151 0.0839599 
vt 0.0311151 0.0839599 
vt 0.0311151 0.10196 
vt 0.0131151 0.10196 
vt 0.0131151 0.0839599 
vt 0.0311151 0.0839599 
vt 0.83589 0.181306 
vt 0.83589 0.101163 
vt 0.86089 0.14017 
vt 0.0311151 0.10196 
vt 0.0131151 0.10196 
vt 0.0131151 0.0839599 
vt 0.0311151 0.0839599 
vt 0.0131151 0.10196 
vt 0.0311151 0.0839599 
vt 0.0311151 0.10196 
vt 0.0131151 0.0839599 
vt 0.0131151 0.10196 
vt 0.0311151 0.0839599 
vt 0.0311151 0.10196 
vt 0.0131151 0.0839599 
vt 0.0131151 0.421311 
vt 0.0311151 0.403311 
vt 0.0311151 0.421311 
vt 0.0131151 0.403311 
vt 0.0131151 0.10196 
vt 0.0311151 0.0839599 
vt 0.0311151 0.10196 
vt 0.0131151 0.0839599 
vt 0.0131151 0.10196 
vt 0.0311151 0.0839599 
vt 0.0311151 0.10196 
vt 0.0131151 0.0839599 
vt 0.0131151 0.421311 
vt 0.0311151 0.403311 
vt 0.0311151 0.421311 
vt 0.0131151 0.403311 
vt 0.0311151 0.0839599 
vt 0.0131151 0.10196 
vt 0.0131151 0.0839599 
vt 0.0311151 0.10196 
vt 0.0131151 0.165546 
vt 0.0131151 0.147546 
vt 0.0311151 0.165546 
vt 0.0311151 0.147546 
vt 0.0131151 0.215002 
vt 0.0131151 0.197002 
vt 0.0311151 0.215002 
vt 0.0311151 0.197002 
vt 0.0311151 0.421311 
vt 0.0131151 0.421311 
vt 0.0131151 0.403311 
vt 0.0311151 0.403311 
vt 0.0131151 0.10196 
vt 0.0311151 0.0839599 
vt 0.0311151 0.10196 
vt 0.0131151 0.0839599 
vt 0.0131151 0.165546 
vt 0.0131151 0.147546 
vt 0.0311151 0.165546 
vt 0.0311151 0.147546 
vt 0.0311151 0.0839599 
vt 0.0131151 0.10196 
vt 0.0131151 0.0839599 
vt 0.0311151 0.10196 
vt 0.0311151 0.10196 
vt 0.0131151 0.10196 
vt 0.0311151 0.0839599 
vt 0.0131151 0.0839599 
vt 0.0311151 0.10196 
vt 0.0131151 0.10196 
vt 0.0131151 0.10196 
vt 0.0131151 0.0839599 
vt 0.0311151 0.10196 
vt 0.0311151 0.421311 
vt 0.0131151 0.421311 
vt 0.0131151 0.403311 
vt 0.0311151 0.403311 
vt 0.0311151 0.10196 
vt 0.0131151 0.10196 
vt 0.0131151 0.0839599 
vt 0.0311151 0.0839599 
vt 0.0131151 0.10196 
vt 0.0131151 0.0839599 
vt 0.0311151 0.10196 
vt 0.0131151 0.10196 
vt 0.0311151 0.0839599 
vt 0.0311151 0.10196 
vt 0.0131151 0.0839599 
vt 0.0131151 0.10196 
vt 0.0311151 0.10196 
vt 0.0131151 0.0839599 
vt 0.0311151 0.0839599 
vt 0.0131151 0.10196 
vt 0.0311151 0.10196 
vt 0.0311151 0.0839599 
vt 0.0131151 0.10196 
vt 0.0131151 0.0839599 
vt 0.0311151 0.10196 
vt 0.0311151 0.147546 
vt 0.0131151 0.165546 
vt 0.0131151 0.147546 
vt 0.0311151 0.165546 
vt 0.0311151 0.0839599 
vt 0.0131151 0.10196 
vt 0.0131151 0.0839599 
vt 0.0311151 0.10196 
vt 0.0311151 0.10196 
vt 0.0131151 0.10196 
vt 0.0131151 0.0839599 
vt 0.0311151 0.0839599 
vt 0.0311151 0.10196 
vt 0.0131151 0.10196 
vt 0.0131151 0.0839599 
vt 0.0311151 0.0839599 
vt 0.0311151 0.197002 
vt 0.0131151 0.215002 
vt 0.0131151 0.197002 
vt 0.0311151 0.215002 
vt 0.0131151 0.165546 
vt 0.0311151 0.147546 
vt 0.0311151 0.165546 
vt 0.0131151 0.147546 
vt 0.0131151 0.10196 
vt 0.0311151 0.0839599 
vt 0.0311151 0.10196 
vt 0.0131151 0.0839599 
vt 0.0311151 0.165546 
vt 0.0131151 0.165546 
vt 0.0131151 0.147546 
vt 0.0311151 0.147546 
vt 0.0131151 0.0839599 
vt 0.0311151 0.10196 
vt 0.0131151 0.10196 
vt 0.0311151 0.0839599 
vt 0.0311151 0.10196 
vt 0.0131151 0.10196 
vt 0.0131151 0.0839599 
vt 0.0311151 0.0839599 
vt 0.0311151 0.147546 
vt 0.0131151 0.165546 
vt 0.0131151 0.147546 
vt 0.0311151 0.165546 
vt 0.0131151 0.10196 
vt 0.0311151 0.0839599 
vt 0.0311151 0.10196 
vt 0.0131151 0.0839599 
vt 0.0131151 0.0839599 
vt 0.0311151 0.0839599 
vt 0.0311151 0.10196 
vt 0.0131151 0.10196 
vt 0.0311151 0.0839599 
vt 0.0131151 0.10196 
vt 0.0311151 0.10196 
vt 0.0131151 0.10196 
vt 0.0311151 0.0839599 
vt 0.0311151 0.10196 
vt 0.0131151 0.0839599 
vt 0.0311151 0.147546 
vt 0.0131151 0.165546 
vt 0.0131151 0.147546 
vt 0.0311151 0.165546 
vt 0.0311151 0.165546 
vt 0.0131151 0.147546 
vt 0.0311151 0.147546 
vt 0.0131151 0.165546 
vt 0.0311151 0.10196 
vt 0.0131151 0.0839599 
vt 0.0311151 0.0839599 
vt 0.0131151 0.10196 
vt 0.0311151 0.10196 
vt 0.0131151 0.10196 
vt 0.0131151 0.0839599 
vt 0.0311151 0.0839599 
vt 0.0311151 0.10196 
vt 0.0131151 0.10196 
vt 0.0131151 0.0839599 
vt 0.0311151 0.0839599 
vt 0.0311151 0.10196 
vt 0.0131151 0.10196 
vt 0.0131151 0.0839599 
vt 0.0311151 0.0839599 
vt 0.0311151 0.10196 
vt 0.0131151 0.10196 
vt 0.0131151 0.0839599 
vt 0.0311151 0.0839599 
vt 0.0311151 0.215002 
vt 0.0131151 0.215002 
vt 0.0131151 0.197002 
vt 0.0311151 0.197002 
vt 0.0131151 0.10196 
vt 0.0311151 0.0839599 
vt 0.0311151 0.10196 
vt 0.0131151 0.0839599 
vt 0.0311151 0.165546 
vt 0.0131151 0.165546 
vt 0.0131151 0.147546 
vt 0.0311151 0.147546 
vt 0.0131151 0.165546 
vt 0.0311151 0.147546 
vt 0.0311151 0.165546 
vt 0.0131151 0.147546 
vt 0.0311151 0.197002 
vt 0.0131151 0.215002 
vt 0.0131151 0.197002 
vt 0.0311151 0.215002 
vt 0.0311151 0.165546 
vt 0.0131151 0.165546 
vt 0.0131151 0.147546 
vt 0.0311151 0.147546 
vt 0.0131151 0.10196 
vt 0.0311151 0.0839599 
vt 0.0311151 0.10196 
vt 0.0131151 0.0839599 
vt 0.0131151 0.10196 
vt 0.0311151 0.0839599 
vt 0.0311151 0.10196 
vt 0.0131151 0.0839599 
vt 0.0131151 0.0839599 
vt 0.0311151 0.10196 
vt 0.0131151 0.10196 
vt 0.0311151 0.0839599 
vt 0.0311151 0.197002 
vt 0.0131151 0.215002 
vt 0.0131151 0.197002 
vt 0.0311151 0.215002 
vt 0.0131151 0.165546 
vt 0.0311151 0.147546 
vt 0.0311151 0.165546 
vt 0.0131151 0.147546 
vt 0.0131151 0.165546 
vt 0.0311151 0.147546 
vt 0.0311151 0.165546 
vt 0.0131151 0.147546 
vt 0.0311151 0.10196 
vt 0.0131151 0.10196 
vt 0.0131151 0.0839599 
vt 0.0311151 0.0839599 
vt 0.0311151 0.10196 
vt 0.0131151 0.10196 
vt 0.0131151 0.0839599 
vt 0.0311151 0.0839599 
vt 0.238204 0.157391 
vt 0.0170294 0.157391 
vt 0.238204 0.153699 
vt 0.0170294 0.153699 
vt 0.0311151 0.26883 
vt 0.0131151 0.28683 
vt 0.0131151 0.26883 
vt 0.0311151 0.28683 
vt 0.0311151 0.147546 
vt 0.0131151 0.165546 
vt 0.0131151 0.147546 
vt 0.0311151 0.165546 
vt 0.23427 0.151129 
vt 0.23427 0.156721 
vt 0.0205697 0.156721 
vt 0.0205697 0.151129 
vt 0.0311151 0.0839599 
vt 0.0131151 0.10196 
vt 0.0131151 0.0839599 
vt 0.0311151 0.10196 
vt 0.0131151 0.10196 
vt 0.0311151 0.0839599 
vt 0.0311151 0.10196 
vt 0.0131151 0.0839599 
vt 0.0311151 0.0839599 
vt 0.0131151 0.10196 
vt 0.0131151 0.0839599 
vt 0.0311151 0.10196 
vt 0.0131151 0.197002 
vt 0.0311151 0.197002 
vt 0.0311151 0.215002 
vt 0.0131151 0.215002 
vt 0.0311151 0.10196 
vt 0.0131151 0.0839599 
vt 0.0311151 0.0839599 
vt 0.0131151 0.10196 
vt 0.0131151 0.10196 
vt 0.0311151 0.0839599 
vt 0.0311151 0.10196 
vt 0.0131151 0.0839599 
vt 0.0131151 0.10196 
vt 0.0311151 0.0839599 
vt 0.0311151 0.10196 
vt 0.0131151 0.0839599 
vt 0.0311151 0.0839599 
vt 0.0131151 0.10196 
vt 0.0311151 0.10196 
vt 0.0131151 0.10196 
vt 0.0311151 0.0839599 
vt 0.0311151 0.10196 
vt 0.0131151 0.0839599 
vt 0.0311151 0.0839599 
vt 0.0131151 0.10196 
vt 0.0311151 0.10196 
vt 0.0311151 0.10196 
vt 0.0131151 0.10196 
vt 0.0131151 0.0839599 
vt 0.0311151 0.0839599 
vt 0.0131151 0.197002 
vt 0.0311151 0.197002 
vt 0.0311151 0.215002 
vt 0.0131151 0.215002 
vt 0.0311151 0.10196 
vt 0.0131151 0.0839599 
vt 0.0311151 0.0839599 
vt 0.0131151 0.10196 
vt 0.0311151 0.0839599 
vt 0.0131151 0.10196 
vt 0.0131151 0.0839599 
vt 0.0311151 0.10196 
vt 0.0131151 0.10196 
vt 0.0311151 0.0839599 
vt 0.0311151 0.10196 
vt 0.0131151 0.0839599 
vt 0.0311151 0.0839599 
vt 0.0131151 0.10196 
vt 0.0311151 0.10196 
vt 0.0311151 0.10196 
vt 0.0131151 0.0839599 
vt 0.0131151 0.10196 
vt 0.0311151 0.0839599 
vt 0.0131151 0.10196 
vt 0.0311151 0.10196 
vt 0.0311151 0.0839599 
vt 0.0131151 0.10196 
vt 0.0131151 0.0839599 
vt 0.0311151 0.10196 
vt 0.0131151 0.197002 
vt 0.0311151 0.197002 
vt 0.0311151 0.215002 
vt 0.0131151 0.215002 
vt 0.0131151 0.10196 
vt 0.0311151 0.0839599 
vt 0.0311151 0.10196 
vt 0.0131151 0.0839599 
vt 0.0131151 0.10196 
vt 0.0311151 0.0839599 
vt 0.0311151 0.10196 
vt 0.0131151 0.0839599 
vt 0.0311151 0.28683 
vt 0.0131151 0.26883 
vt 0.0311151 0.26883 
vt 0.0131151 0.28683 
vt 0.0311151 0.160932 
vt 0.0131151 0.142932 
vt 0.0311151 0.142932 
vt 0.0131151 0.160932 
vt 0.0131151 0.0839599 
vt 0.0311151 0.0839599 
vt 0.0311151 0.10196 
vt 0.0131151 0.10196 
vt 0.0311151 0.197002 
vt 0.0131151 0.215002 
vt 0.0131151 0.197002 
vt 0.0311151 0.215002 
vt 0.0311151 0.0839599 
vt 0.0131151 0.10196 
vt 0.0131151 0.0839599 
vt 0.0311151 0.10196 
vt 0.0311151 0.0839599 
vt 0.0131151 0.10196 
vt 0.0131151 0.0839599 
vt 0.0311151 0.10196 
vt 0.0311151 0.197002 
vt 0.0131151 0.215002 
vt 0.0131151 0.197002 
vt 0.0311151 0.215002 
vt 0.0131151 0.26883 
vt 0.0311151 0.26883 
vt 0.0311151 0.28683 
vt 0.0131151 0.28683 
vt 0.0311151 0.160932 
vt 0.0131151 0.142932 
vt 0.0311151 0.142932 
vt 0.0131151 0.160932 
vt 0.0131151 0.0839599 
vt 0.0311151 0.10196 
vt 0.0131151 0.10196 
vt 0.0311151 0.0839599 
vt 0.0311151 0.10196 
vt 0.0131151 0.10196 
vt 0.0131151 0.0839599 
vt 0.0311151 0.0839599 
vt 0.0311151 0.0839599 
vt 0.0131151 0.10196 
vt 0.0311151 0.10196 
vt 0.0311151 0.10196 
vt 0.0131151 0.0839599 
vt 0.0131151 0.10196 
vt 0.0311151 0.0839599 
vt 0.0131151 0.10196 
vt 0.0311151 0.10196 
vt 0.0131151 0.0839599 
vt 0.0311151 0.10196 
vt 0.0131151 0.10196 
vt 0.0311151 0.0839599 
vt 0.0131151 0.10196 
vt 0.0311151 0.10196 
vt 0.0131151 0.10196 
vt 0.0311151 0.10196 
vt 0.0131151 0.0839599 
vt 0.0311151 0.0839599 
vt 0.0131151 0.10196 
vt 0.0131151 0.0839599 
vt 0.0311151 0.10196 
vt 0.0311151 0.0839599 
vt 0.0131151 0.10196 
vt 0.0131151 0.0839599 
vt 0.0311151 0.10196 
vt 0.0311151 0.353949 
vt 0.0131151 0.353949 
vt 0.0131151 0.335949 
vt 0.0311151 0.335949 
vt 0.231106 0.0920264 
vt 0.0168583 0.0951895 
vt 0.0168583 0.0920264 
vt 0.231106 0.0951895 
vt 0.0168583 0.0888632 
vt 0.231106 0.0888632 
vt 0.0311151 0.421311 
vt 0.0131151 0.403311 
vt 0.0311151 0.403311 
vt 0.0131151 0.421311 
vt 0.0311151 0.421311 
vt 0.0131151 0.421311 
vt 0.0131151 0.403311 
vt 0.0311151 0.403311 
vt 0.0311151 0.421311 
vt 0.0131151 0.421311 
vt 0.0311151 0.403311 
vt 0.0311151 0.0839599 
vt 0.0131151 0.10196 
vt 0.0131151 0.0839599 
vt 0.0311151 0.10196 
vt 0.0131151 0.10196 
vt 0.0311151 0.0839599 
vt 0.0311151 0.10196 
vt 0.0131151 0.0839599 
vt 0.0131151 0.10196 
vt 0.0311151 0.0839599 
vt 0.0311151 0.10196 
vt 0.0131151 0.0839599 
vt 0.0311151 0.10196 
vt 0.0131151 0.10196 
vt 0.0131151 0.0839599 
vt 0.0311151 0.0839599 
vt 0.0311151 0.10196 
vt 0.0131151 0.10196 
vt 0.0131151 0.0839599 
vt 0.0311151 0.0839599 
vt 0.0311151 0.10196 
vt 0.0131151 0.10196 
vt 0.0311151 0.0839599 
vt 0.0131151 0.10196 
vt 0.0311151 0.0839599 
vt 0.0311151 0.10196 
vt 0.0131151 0.0839599 
vt 0.245577 0.110195 
vt 0.0227215 0.105222 
vt 0.245577 0.104939 
vt 0.0227215 0.110495 
vt 0.0170786 0.0931588 
vt 0.231494 0.0950634 
vt 0.0170786 0.0950634 
vt 0.231494 0.0931588 
vt 0.231494 0.0969917 
vt 0.0170786 0.0969917 
vt 0.0170786 0.0988964 
vt 0.231494 0.0988964 
vt 0.0131151 0.10196 
vt 0.0311151 0.0839599 
vt 0.0311151 0.10196 
vt 0.0131151 0.0839599 
vt 0.0311151 0.10196 
vt 0.0131151 0.10196 
vt 0.0131151 0.0839599 
vt 0.0311151 0.0839599 
vt 0.0311151 0.353949 
vt 0.0131151 0.335949 
vt 0.0311151 0.335949 
vt 0.0131151 0.353949 
vt 0.0311151 0.10196 
vt 0.0131151 0.0839599 
vt 0.0311151 0.0839599 
vt 0.0131151 0.10196 
vt 0.0311151 0.10196 
vt 0.0131151 0.10196 
vt 0.0131151 0.0839599 
vt 0.0311151 0.0839599 
vt 0.0311151 0.10196 
vt 0.0131151 0.0839599 
vt 0.0131151 0.10196 
vt 0.0311151 0.0839599 
vt 0.0131151 0.10196 
vt 0.0311151 0.10196 
vt 0.0131151 0.0839599 
vt 0.0311151 0.10196 
vt 0.0131151 0.10196 
vt 0.0311151 0.0839599 
vt 0.0131151 0.10196 
vt 0.0131151 0.0839599 
vt 0.0311151 0.10196 
vt 0.0311151 0.0839599 
vt 0.0131151 0.10196 
vt 0.0131151 0.0839599 
vt 0.0311151 0.10196 
vt 0.0131151 0.10196 
vt 0.0311151 0.0839599 
vt 0.0311151 0.10196 
vt 0.0131151 0.0839599 
vt 0.0311151 0.338304 
vt 0.0131151 0.356304 
vt 0.0131151 0.338304 
vt 0.0311151 0.356304 
vt 0.0131151 0.356304 
vt 0.0311151 0.356304 
vt 0.0131151 0.338304 
vt 0.0311151 0.356304 
vt 0.0131151 0.356304 
vt 0.0311151 0.338304 
vt 0.0311151 0.147546 
vt 0.0311151 0.165546 
vt 0.0131151 0.147546 
vt 0.0131151 0.165546 
vt 0.0131151 0.335949 
vt 0.0311151 0.335949 
vt 0.0311151 0.353949 
vt 0.0131151 0.353949 
vt 0.0311151 0.335949 
vt 0.0131151 0.353949 
vt 0.0311151 0.353949 
vt 0.0131151 0.353949 
vt 0.0131151 0.335949 
vt 0.0311151 0.353949 
vt 0.0311151 0.165546 
vt 0.0131151 0.147546 
vt 0.0311151 0.147546 
vt 0.0131151 0.165546 
vt 0.0311151 0.335949 
vt 0.0131151 0.353949 
vt 0.0131151 0.335949 
vt 0.0311151 0.353949 
vt 0.0311151 0.353949 
vt 0.0131151 0.335949 
vt 0.0131151 0.353949 
vt 0.0311151 0.353949 
vt 0.0131151 0.353949 
vt 0.0311151 0.335949 
vt 0.231106 0.0996628 
vt 0.0168583 0.0951895 
vt 0.231106 0.0951895 
vt 0.0168583 0.0996628 
vt 0.0131151 0.0839599 
vt 0.0311151 0.0839599 
vt 0.0311151 0.10196 
vt 0.226736 0.0947915 
vt 0.0311148 0.093178 
vt 0.226736 0.093178 
vt 0.0311148 0.0947915 
vt 0.0311151 0.10196 
vt 0.0131151 0.0839599 
vt 0.0311151 0.0839599 
vt 0.0131151 0.10196 
vt 0.0131151 0.0839599 
vt 0.0311151 0.10196 
vt 0.0131151 0.10196 
vt 0.0311151 0.0839599 
vt 0.0311151 0.10196 
vt 0.0131151 0.10196 
vt 0.0311151 0.10196 
vt 0.0131151 0.10196 
vt 0.0131151 0.0839599 
vt 0.0311151 0.0839599 
vt 0.0311151 0.0839599 
vt 0.0131151 0.10196 
vt 0.0311151 0.10196 
vt 0.0131151 0.10196 
vt 0.0311151 0.10196 
vt 0.0131151 0.0839599 
vt 0.0311151 0.10196 
vt 0.0131151 0.10196 
vt 0.0131151 0.0839599 
vt 0.0311151 0.0839599 
vt 0.0131151 0.0839599 
vt 0.0311151 0.10196 
vt 0.0311151 0.10196 
vt 0.0131151 0.10196 
vt 0.0131151 0.0839599 
vt 0.0311151 0.0839599 
vt 0.0131151 0.10196 
vt 0.0311151 0.10196 
vt 0.0131151 0.0839599 
vt 0.0131151 0.10196 
vt 0.0311151 0.0839599 
vt 0.0311151 0.10196 
vt 0.0131151 0.0839599 
vt 0.0311151 0.0839599 
vt 0.0131151 0.10196 
vt 0.0131151 0.0839599 
vt 0.0311151 0.10196 
vt 0.226736 0.209395 
vt 0.226736 0.210868 
vt 0.0311148 0.210868 
vt 0.0311148 0.209395 
vt 0.0311148 0.207833 
vt 0.226736 0.207833 
vt 0.0108489 0.0977216 
vt 0.237837 0.102784 
vt 0.0108489 0.102784 
vt 0.237837 0.0977216 
vt 0.0311151 0.10196 
vt 0.0131151 0.0839599 
vt 0.0311151 0.0839599 
vt 0.0131151 0.10196 
vt 0.0131151 0.10196 
vt 0.0311151 0.0839599 
vt 0.0311151 0.10196 
vt 0.0131151 0.0839599 
vt 0.0311151 0.0839599 
vt 0.0131151 0.10196 
vt 0.0311151 0.10196 
vt 0.0131151 0.0839599 
vt 0.0311151 0.10196 
vt 0.0131151 0.10196 
vt 0.0131151 0.10196 
vt 0.0311151 0.0839599 
vt 0.0311151 0.10196 
vt 0.0131151 0.0839599 
vt 0.0311151 0.10196 
vt 0.0131151 0.10196 
vt 0.0311151 0.0839599 
vt 0.0131151 0.0839599 
vt 0.0311151 0.10196 
vt 0.0131151 0.10196 
vt 0.0227215 0.0801975 
vt 0.245577 0.0756151 
vt 0.245577 0.0802402 
vt 0.0227215 0.0755724 
vt 0.0311151 0.10196 
vt 0.0131151 0.0839599 
vt 0.0311151 0.0839599 
vt 0.0131151 0.10196 
vt 0.0311151 0.0839599 
vt 0.0131151 0.10196 
vt 0.0311151 0.10196 
vt 0.0131151 0.10196 
vt 0.0131151 0.0839599 
vt 0.0311151 0.10196 
vt 0.245577 0.0756151 
vt 0.0447773 0.0707128 
vt 0.245577 0.0706245 
vt 0.042853 0.0753319 
vt 0.0158271 0.0909368 
vt 0.231521 0.0936312 
vt 0.0158271 0.0936312 
vt 0.231521 0.0909368 
vt 0.231521 0.0963928 
vt 0.0158272 0.0963928 
vt 0.0158272 0.0991543 
vt 0.231521 0.0991543 
vt 0.0158272 0.101848 
vt 0.231521 0.101848 
vt 0.396589 0.447377 
vt 0.366489 0.447377 
vt 0.366489 0.440597 
vt 0.396589 0.440597 
vt 0.396589 0.433818 
vt 0.366489 0.433818 
vt 0.352243 0.433818 
vt 0.352243 0.440597 
vt 0.396589 0.454157 
vt 0.319055 0.433818 
vt 0.366489 0.454157 
vt 0.396589 0.460937 
vt 0.352243 0.447377 
vt 0.319055 0.440597 
vt 0.352243 0.454157 
vt 0.319055 0.447377 
vt 0.319055 0.454157 
vt 0.352243 0.460937 
vt 0.366489 0.460937 
vt 0.396589 0.467717 
vt 0.319055 0.460937 
vt 0.352243 0.467717 
vt 0.304328 0.454157 
vt 0.319055 0.467717 
vt 0.366489 0.467717 
vt 0.366489 0.474497 
vt 0.352243 0.474497 
vt 0.396589 0.474497 
vt 0.366489 0.481277 
vt 0.396589 0.481277 
vt 0.366489 0.488057 
vt 0.396589 0.488057 
vt 0.352243 0.481277 
vt 0.352243 0.488057 
vt 0.319055 0.488057 
vt 0.319055 0.474497 
vt 0.319055 0.481277 
vt 0.304328 0.488057 
vt 0.304328 0.481277 
vt 0.304328 0.474497 
vt 0.29075 0.481277 
vt 0.29075 0.488057 
vt 0.263464 0.481277 
vt 0.263464 0.488057 
vt 0.263464 0.474497 
vt 0.29075 0.474497 
vt 0.29075 0.467717 
vt 0.263464 0.467717 
vt 0.304328 0.467717 
vt 0.29075 0.460937 
vt 0.263464 0.460937 
vt 0.304328 0.460937 
vt 0.29075 0.454157 
vt 0.263464 0.454157 
vt 0.29075 0.447377 
vt 0.263464 0.447377 
vt 0.263464 0.440597 
vt 0.304328 0.447377 
vt 0.304328 0.440597 
vt 0.304328 0.433818 
vt 0.29075 0.433818 
vt 0.29075 0.440597 
vt 0.263464 0.433818 
vt 0.23427 0.083589 
vt 0.0205697 0.087543 
vt 0.0205697 0.083589 
vt 0.23427 0.087543 
vt 0.23427 0.079635 
vt 0.0205697 0.079635 
vt 0.0311151 0.197002 
vt 0.0131151 0.215002 
vt 0.0131151 0.197002 
vt 0.0311151 0.215002 
vt 0.0131151 0.338304 
vt 0.0311151 0.356304 
vt 0.0131151 0.356304 
vt 0.0311151 0.338304 
vt 0.0131151 0.338304 
vt 0.0311151 0.356304 
vt 0.0131151 0.356304 
vt 0.0311151 0.10196 
vt 0.0131151 0.10196 
vt 0.0131151 0.0839599 
vt 0.0311151 0.0839599 
vt 0.0131151 0.10196 
vt 0.0131151 0.0839599 
vt 0.0311151 0.10196 
vt 0.0131151 0.10196 
vt 0.0311151 0.0839599 
vt 0.0311151 0.10196 
vt 0.0131151 0.0839599 
vt 0.0550509 0.354773 
vt 0.237837 0.357588 
vt 0.0550509 0.357588 
vt 0.237837 0.354773 
vt 0.0131151 0.10196 
vt 0.0311151 0.0839599 
vt 0.0311151 0.10196 
vt 0.0131151 0.0839599 
vt 0.0108489 0.0802397 
vt 0.237837 0.0830892 
vt 0.0108489 0.0830891 
vt 0.237837 0.0802397 
vt 0.0108489 0.0859041 
vt 0.237837 0.0859041 
vt 0.0311151 0.0839599 
vt 0.0131151 0.10196 
vt 0.0131151 0.0839599 
vt 0.0311151 0.10196 
vt 0.226736 0.152054 
vt 0.0311148 0.14991 
vt 0.226736 0.14991 
vt 0.0311148 0.152054 
vt 0.0131151 0.165546 
vt 0.0131151 0.147546 
vt 0.0311151 0.165546 
vt 0.0311151 0.147546 
vt 0.229575 0.102195 
vt 0.229575 0.104996 
vt 0.0230134 0.104996 
vt 0.0230134 0.102195 
vt 0.229575 0.0995262 
vt 0.0230134 0.0995262 
vt 0.0230134 0.0970539 
vt 0.229575 0.0970539 
vt 0.0311151 0.197002 
vt 0.0131151 0.215002 
vt 0.0131151 0.197002 
vt 0.0311151 0.215002 
vt 0.690444 0.445354 
vt 0.636683 0.445354 
vt 0.636683 0.438539 
vt 0.690444 0.438539 
vt 0.690444 0.431723 
vt 0.636683 0.431723 
vt 0.618271 0.431723 
vt 0.618271 0.438539 
vt 0.591705 0.431723 
vt 0.636683 0.452169 
vt 0.690444 0.452169 
vt 0.690444 0.458984 
vt 0.636683 0.458984 
vt 0.690444 0.4658 
vt 0.618271 0.445354 
vt 0.618271 0.452169 
vt 0.591705 0.445354 
vt 0.591705 0.452169 
vt 0.538112 0.445354 
vt 0.591705 0.438539 
vt 0.538112 0.431723 
vt 0.538112 0.438539 
vt 0.538112 0.452169 
vt 0.591705 0.458984 
vt 0.538112 0.458984 
vt 0.538112 0.4658 
vt 0.618271 0.458984 
vt 0.591705 0.4658 
vt 0.618271 0.4658 
vt 0.636683 0.4658 
vt 0.618271 0.472615 
vt 0.591705 0.472615 
vt 0.538112 0.472615 
vt 0.538112 0.47943 
vt 0.636683 0.472615 
vt 0.690444 0.472615 
vt 0.690444 0.47943 
vt 0.618271 0.47943 
vt 0.636683 0.47943 
vt 0.636683 0.486245 
vt 0.690444 0.486245 
vt 0.618271 0.486245 
vt 0.591705 0.47943 
vt 0.591705 0.486245 
vt 0.538112 0.486245 
vt 0.0230135 0.108531 
vt 0.229575 0.104996 
vt 0.229575 0.108615 
vt 0.0230134 0.104996 
vt 0.0131151 0.215002 
vt 0.0311151 0.197002 
vt 0.0311151 0.215002 
vt 0.0131151 0.197002 
vt 0.0311151 0.10196 
vt 0.0131151 0.0839599 
vt 0.0311151 0.0839599 
vt 0.0131151 0.10196 
vt 0.0131151 0.0839599 
vt 0.0311151 0.10196 
vt 0.0131151 0.10196 
vt 0.0311151 0.0839599 
vt 0.0131151 0.10196 
vt 0.0311151 0.10196 
vt 0.0131151 0.28683 
vt 0.0311151 0.26883 
vt 0.0311151 0.28683 
vt 0.0131151 0.26883 
vt 0.229575 0.16064 
vt 0.0230134 0.158424 
vt 0.229575 0.158424 
vt 0.0230134 0.16064 
vt 0.238204 0.0992853 
vt 0.0170294 0.0965999 
vt 0.238204 0.0965999 
vt 0.0170294 0.0992853 
vt 0.0170294 0.0938054 
vt 0.238204 0.0938054 
vt 0.0311151 0.10196 
vt 0.0131151 0.0839599 
vt 0.0311151 0.0839599 
vt 0.0131151 0.10196 
vt 0.0311151 0.10196 
vt 0.0131151 0.10196 
vt 0.0131151 0.0839599 
vt 0.0311151 0.0839599 
vt 0.0158271 0.0810127 
vt 0.231521 0.0837741 
vt 0.0158271 0.0837741 
vt 0.231521 0.0810127 
vt 0.231521 0.0865358 
vt 0.0158271 0.0865358 
vt 0.0158271 0.0892302 
vt 0.231521 0.0892302 
vt 0.0131151 0.0839599 
vt 0.0311151 0.0839599 
vt 0.0311151 0.10196 
vt 0.0158271 0.39767 
vt 0.231521 0.400363 
vt 0.0158271 0.400363 
vt 0.231521 0.39767 
vt 0.0311151 0.10196 
vt 0.0131151 0.0839599 
vt 0.0311151 0.0839599 
vt 0.0131151 0.10196 
vt 0.0311151 0.10196 
vt 0.0131151 0.10196 
vt 0.0131151 0.0839599 
vt 0.0311151 0.0839599 
vt 0.0131151 0.0839599 
vt 0.0311151 0.10196 
vt 0.0131151 0.10196 
vt 0.0311151 0.0839599 
vt 0.0131151 0.10196 
vt 0.0311151 0.10196 
vt 0.0131151 0.0839599 
vt 0.0311151 0.10196 
vt 0.0131151 0.10196 
vt 0.0311151 0.10196 
vt 0.0131151 0.10196 
vt 0.0131151 0.0839599 
vt 0.0311151 0.0839599 
vt 0.0131151 0.0839599 
vt 0.0311151 0.10196 
vt 0.0131151 0.10196 
vt 0.623749 0.598899 
vt 0.689233 0.591708 
vt 0.689233 0.598899 
vt 0.689233 0.60609 
vt 0.623749 0.584518 
vt 0.689233 0.584518 
vt 0.623749 0.591708 
vt 0.563907 0.584518 
vt 0.563907 0.591708 
vt 0.547733 0.584518 
vt 0.623749 0.60609 
vt 0.563907 0.598899 
vt 0.547733 0.591708 
vt 0.528686 0.591708 
vt 0.528686 0.584518 
vt 0.547733 0.598899 
vt 0.508521 0.591708 
vt 0.508521 0.584518 
vt 0.528686 0.598899 
vt 0.480612 0.584518 
vt 0.480612 0.591708 
vt 0.458099 0.584518 
vt 0.458099 0.591708 
vt 0.480612 0.598899 
vt 0.0311151 0.0839599 
vt 0.0131151 0.10196 
vt 0.0131151 0.0839599 
vt 0.0311151 0.10196 
vt 0.0311151 0.10196 
vt 0.0131151 0.0839599 
vt 0.0311151 0.0839599 
vt 0.0131151 0.10196 
vt 0.0131151 0.165546 
vt 0.0311151 0.147546 
vt 0.0311151 0.165546 
vt 0.0131151 0.147546 
vt 0.88589 0.181306 
vt 0.83589 0.181306 
vt 0.86089 0.14017 
vt 0.0131151 0.10196 
vt 0.0131151 0.0839599 
vt 0.0311151 0.10196 
vt 0.0311151 0.0839599 
vt 0.0311151 0.0839599 
vt 0.0131151 0.10196 
vt 0.0131151 0.0839599 
vt 0.0311151 0.10196 
vt 0.0311151 0.0839599 
vt 0.0131151 0.10196 
vt 0.0311151 0.10196 
vt 0.0311151 0.10196 
vt 0.0131151 0.0839599 
vt 0.0131151 0.10196 
vt 0.0205697 0.0931345 
vt 0.23427 0.0970885 
vt 0.0205697 0.0970885 
vt 0.23427 0.0931345 
vt 0.0205697 0.101042 
vt 0.23427 0.101042 
vt 0.0131151 0.0839599 
vt 0.0311151 0.10196 
vt 0.0131151 0.10196 
vt 0.0311151 0.0839599 
vt 0.0131151 0.147546 
vt 0.0311151 0.147546 
vt 0.0311151 0.165546 
vt 0.0131151 0.10196 
vt 0.0311151 0.0839599 
vt 0.0311151 0.10196 
vt 0.0131151 0.0839599 
vt 0.231494 0.156745 
vt 0.0170786 0.153635 
vt 0.231494 0.153635 
vt 0.0170786 0.156745 
vt 0.0131151 0.160932 
vt 0.0311151 0.142932 
vt 0.0311151 0.160932 
vt 0.0131151 0.142932 
vt 0.822076 0.400392 
vt 0.89742 0.431599 
vt 0.866214 0.444525 
vt 0.835003 0.431601 
vt 0.834999 0.369183 
vt 0.910346 0.400389 
vt 0.866211 0.356254 
vt 0.897419 0.36918 
vt 0.0131151 0.10196 
vt 0.0311151 0.0839599 
vt 0.0311151 0.10196 
vt 0.0131151 0.0839599 
vt 0.0311151 0.10196 
vt 0.0131151 0.10196 
vt 0.0131151 0.0839599 
vt 0.0311151 0.0839599 
vt 0.0108489 0.0949068 
vt 0.237837 0.0949068 
vt 0.0108489 0.0977216 
vt 0.237837 0.0977216 
vt 0.361007 0.516943 
vt 0.396686 0.516943 
vt 0.396686 0.523665 
vt 0.396686 0.510221 
vt 0.361007 0.510221 
vt 0.361007 0.523665 
vt 0.396686 0.530387 
vt 0.342746 0.516943 
vt 0.342746 0.510221 
vt 0.265813 0.516943 
vt 0.265813 0.510221 
vt 0.265813 0.523665 
vt 0.342746 0.523665 
vt 0.265813 0.530387 
vt 0.342746 0.530387 
vt 0.265813 0.537109 
vt 0.361007 0.530387 
vt 0.342746 0.537109 
vt 0.361007 0.537109 
vt 0.396686 0.537109 
vt 0.396686 0.543831 
vt 0.361007 0.543831 
vt 0.342746 0.543831 
vt 0.265813 0.543831 
vt 0.361007 0.550553 
vt 0.396686 0.550553 
vt 0.342746 0.550553 
vt 0.265813 0.550553 
vt 0.361007 0.557275 
vt 0.396686 0.557275 
vt 0.396686 0.563997 
vt 0.361007 0.563997 
vt 0.342746 0.557275 
vt 0.265813 0.557275 
vt 0.342746 0.563997 
vt 0.265813 0.563997 
vt 0.0311151 0.0839599 
vt 0.0131151 0.10196 
vt 0.0131151 0.0839599 
vt 0.0311151 0.10196 
vt 0.238204 0.102426 
vt 0.238204 0.105111 
vt 0.0170294 0.105048 
vt 0.0170294 0.102426 
vt 0.231494 0.407495 
vt 0.0170786 0.409399 
vt 0.0170786 0.407495 
vt 0.231494 0.409399 
vt 0.0311151 0.0839599 
vt 0.0131151 0.10196 
vt 0.0131151 0.0839599 
vt 0.0311151 0.10196 
vt 0.0311151 0.353949 
vt 0.0131151 0.353949 
vt 0.0131151 0.335949 
vt 0.0311151 0.335949 
vt 0.0188857 0.0901133 
vt 0.238204 0.0875613 
vt 0.238204 0.0901133 
vt 0.0188857 0.0875614 
vt 0.0349224 0.0843103 
vt 0.231494 0.0843109 
vt 0.231494 0.0862156 
vt 0.0349224 0.0862626 
vt 0.231494 0.0881438 
vt 0.0349224 0.0881438 
vt 0.0168583 0.0996628 
vt 0.231106 0.102826 
vt 0.0168583 0.102826 
vt 0.231106 0.0996628 
vt 0.231106 0.105989 
vt 0.0168583 0.105989 
vt 0.237837 0.0920573 
vt 0.0516974 0.0949068 
vt 0.0516974 0.0921205 
vt 0.237837 0.0949068 
vt 0.0516974 0.0892339 
vt 0.237837 0.0892436 
vt 0.229575 0.0901932 
vt 0.229575 0.0926009 
vt 0.0230133 0.0926009 
vt 0.0230133 0.0901932 
vt 0.0447773 0.0707128 
vt 0.0227215 0.0704979 
vt 0.245577 0.0706245 
vt 0.0131151 0.0839599 
vt 0.0311151 0.0839599 
vt 0.0311151 0.10196 
vt 0.0131151 0.335949 
vt 0.0311151 0.353949 
vt 0.0131151 0.353949 
vt 0.0311151 0.335949 
vt 0.0131151 0.10196 
vt 0.0311151 0.0839599 
vt 0.0311151 0.10196 
vt 0.0131151 0.0839599 
vt 0.0131151 0.10196 
vt 0.0311151 0.0839599 
vt 0.0311151 0.10196 
vt 0.0131151 0.0839599 
vt 0.0311151 0.0839599 
vt 0.0131151 0.10196 
vt 0.0131151 0.0839599 
vt 0.0311151 0.10196 
vt 0.229575 0.0876369 
vt 0.0517559 0.0849625 
vt 0.229575 0.0849583 
vt 0.0517559 0.0822383 
vt 0.229575 0.0822383 
vt 0.0517559 0.0876411 
vt 0.0517559 0.0901238 
vt 0.229575 0.0901932 
vt 0.0131151 0.10196 
vt 0.0311151 0.0839599 
vt 0.0311151 0.10196 
vt 0.0131151 0.0839599 
vt 0.245577 0.273382 
vt 0.0227215 0.268724 
vt 0.245577 0.268767 
vt 0.0227215 0.273339 
vt 0.0227215 0.278331 
vt 0.245577 0.278374 
vt 0.0227215 0.283577 
vt 0.245577 0.28362 
vt 0.0311151 0.10196 
vt 0.0131151 0.10196 
vt 0.0131151 0.0839599 
vt 0.0311151 0.0839599 
vt 0.0311151 0.0839599 
vt 0.0131151 0.10196 
vt 0.0131151 0.0839599 
vt 0.0311151 0.10196 
vt 0.458099 0.60609 
vt 0.458099 0.613281 
vt 0.458099 0.60609 
vt 0.458099 0.613281 
vt 0.458099 0.598899 
vt 0.458099 0.620471 
vt 0.458099 0.598899 
vt 0.458099 0.620471 
vt 0.458099 0.591708 
vt 0.458099 0.591708 
vt 0.458099 0.584518 
vt 0.458099 0.584518 
vt 0.458099 0.627662 
vt 0.458099 0.627662 
vt 0.458099 0.634853 
vt 0.458099 0.634853 
vt 0.458099 0.642044 
vt 0.458099 0.642044 
vt 0.0311151 0.421311 
vt 0.0131151 0.421311 
vt 0.0131151 0.403311 
vt 0.0311151 0.403311 
vt 0.226736 0.0894209 
vt 0.226736 0.0910343 
vt 0.0311148 0.0910343 
vt 0.0311148 0.0894209 
vt 0.226736 0.0920038 
vt 0.0158376 0.089059 
vt 0.226736 0.0890592 
vt 0.0158376 0.092034 
vt 0.0158376 0.0951276 
vt 0.226736 0.0951276 
vt 0.0311151 0.0839599 
vt 0.0131151 0.10196 
vt 0.0131151 0.0839599 
vt 0.0311151 0.10196 
vt 0.0311151 0.0839599 
vt 0.0131151 0.10196 
vt 0.0131151 0.0839599 
vt 0.0311151 0.10196 
vt 0.0311151 0.10196 
vt 0.0131151 0.10196 
vt 0.0131151 0.0839599 
vt 0.0311151 0.0839599 
vt 0.0131151 0.0839599 
vt 0.0311151 0.0839599 
vt 0.0311151 0.10196 
vt 0.0131151 0.10196 
vt 0.0131151 0.10196 
vt 0.0311151 0.0839599 
vt 0.0311151 0.10196 
vt 0.0131151 0.0839599 
vt 0.0311151 0.10196 
vt 0.0131151 0.10196 
vt 0.0131151 0.0839599 
vt 0.0311151 0.0839599 
vt 0.0131151 0.215002 
vt 0.0311151 0.197002 
vt 0.0311151 0.215002 
vt 0.0131151 0.197002 
vt 0.0311151 0.10196 
vt 0.0131151 0.10196 
vt 0.0131151 0.0839599 
vt 0.0311151 0.0839599 
vt 0.0131151 0.0839599 
vt 0.0311151 0.0839599 
vt 0.0311151 0.10196 
vt 0.0131151 0.10196 
vt 0.231106 0.0888632 
vt 0.0168583 0.0888632 
vt 0.231106 0.0859911 
vt 0.0168583 0.0859911 
vt 0.0311151 0.165546 
vt 0.0131151 0.165546 
vt 0.0131151 0.147546 
vt 0.0311151 0.147546 
vt 0.0311151 0.10196 
vt 0.0131151 0.10196 
vt 0.0131151 0.0839599 
vt 0.0311151 0.0839599 
vt 0.231494 0.0988964 
vt 0.231494 0.100642 
vt 0.0170786 0.100642 
vt 0.0170786 0.0988964 
vt 0.0311151 0.0839599 
vt 0.0131151 0.10196 
vt 0.0131151 0.0839599 
vt 0.0311151 0.10196 
vt 0.0311151 0.10196 
vt 0.0131151 0.10196 
vt 0.0131151 0.0839599 
vt 0.0311151 0.0839599 
vt 0.231521 0.106316 
vt 0.0158272 0.101848 
vt 0.231521 0.101848 
vt 0.0158272 0.106316 
vt 0.0131151 0.421311 
vt 0.0311151 0.403311 
vt 0.0311151 0.421311 
vt 0.0131151 0.403311 
vt 0.231521 0.0909368 
vt 0.0158271 0.0909368 
vt 0.231521 0.0892302 
vt 0.0158271 0.0892302 
vt 0.342191 0.86965 
vt 0.349713 0.912193 
vt 0.357234 0.988576 
vt 0.357234 0.912193 
vt 0.349713 0.86965 
vt 0.357234 0.86965 
vt 0.342191 0.846093 
vt 0.349713 0.846093 
vt 0.357234 0.846093 
vt 0.342191 0.828256 
vt 0.349713 0.828256 
vt 0.357234 0.828256 
vt 0.357234 0.813507 
vt 0.349713 0.813507 
vt 0.349713 0.801436 
vt 0.357234 0.801436 
vt 0.342191 0.813507 
vt 0.357234 0.784242 
vt 0.349713 0.784242 
vt 0.342191 0.801436 
vt 0.357234 0.745494 
vt 0.349713 0.745494 
vt 0.357234 0.663195 
vt 0.342191 0.784242 
vt 0.33467 0.801436 
vt 0.33467 0.813507 
vt 0.327148 0.813507 
vt 0.33467 0.828256 
vt 0.0131151 0.10196 
vt 0.0311151 0.0839599 
vt 0.0311151 0.10196 
vt 0.0131151 0.0839599 
vt 0.0131151 0.10196 
vt 0.0311151 0.0839599 
vt 0.0311151 0.10196 
vt 0.0131151 0.0839599 
vt 0.89742 0.431599 
vt 0.910346 0.400389 
vt 0.910346 0.400389 
vt 0.897419 0.36918 
vt 0.89742 0.431599 
vt 0.897419 0.36918 
vt 0.866214 0.444525 
vt 0.866211 0.356254 
vt 0.866214 0.444525 
vt 0.866211 0.356254 
vt 0.835003 0.431601 
vt 0.834999 0.369183 
vt 0.835003 0.431601 
vt 0.834999 0.369183 
vt 0.822076 0.400392 
vt 0.822076 0.400392 
vt 0.23427 0.217674 
vt 0.0205697 0.214084 
vt 0.23427 0.214084 
vt 0.0205697 0.217674 
vt 0.0311151 0.10196 
vt 0.0131151 0.0839599 
vt 0.0311151 0.0839599 
vt 0.0131151 0.10196 
vt 0.0131151 0.215002 
vt 0.0311151 0.197002 
vt 0.0311151 0.215002 
vt 0.0131151 0.197002 
vt 0.0131151 0.0839599 
vt 0.0311151 0.0839599 
vt 0.0311151 0.10196 
vt 0.0108489 0.0859041 
vt 0.237837 0.0892436 
vt 0.0108489 0.0892436 
vt 0.237837 0.0859041 
vt 0.0131151 0.10196 
vt 0.0311151 0.0839599 
vt 0.0311151 0.10196 
vt 0.0131151 0.0839599 
vt 0.0131151 0.142836 
vt 0.0311151 0.142836 
vt 0.0311151 0.160836 
vt 0.0131151 0.160836 
vt 0.238204 0.215468 
vt 0.0170294 0.215468 
vt 0.238204 0.212327 
vt 0.0170294 0.212327 
vt 0.0131151 0.0839599 
vt 0.0311151 0.0839599 
vt 0.0311151 0.10196 
vt 0.0131151 0.10196 
vt 0.0311151 0.10196 
vt 0.0131151 0.10196 
vt 0.0131151 0.0839599 
vt 0.0311151 0.0839599 
vt 0.0311151 0.10196 
vt 0.0131151 0.10196 
vt 0.0131151 0.0839599 
vt 0.0311151 0.0839599 
vt 0.0311148 0.156798 
vt 0.226736 0.156798 
vt 0.0311148 0.158392 
vt 0.226736 0.158392 
vt 0.0131151 0.10196 
vt 0.0311151 0.0839599 
vt 0.0311151 0.10196 
vt 0.0131151 0.0839599 
vt 0.0311151 0.10196 
vt 0.0131151 0.10196 
vt 0.0131151 0.0839599 
vt 0.0311151 0.0839599 
vt 0.245577 0.403247 
vt 0.0227215 0.399548 
vt 0.245577 0.399591 
vt 0.0227215 0.403204 
vt 0.229575 0.205643 
vt 0.0230134 0.20788 
vt 0.0230133 0.205643 
vt 0.229575 0.20788 
vt 0.514397 0.542181 
vt 0.526085 0.549301 
vt 0.526085 0.556422 
vt 0.514397 0.549301 
vt 0.514397 0.556422 
vt 0.503804 0.556422 
vt 0.503804 0.549301 
vt 0.514397 0.542181 
vt 0.494457 0.556422 
vt 0.503804 0.542181 
vt 0.503804 0.535061 
vt 0.503804 0.52794 
vt 0.494457 0.535061 
vt 0.494457 0.542181 
vt 0.494457 0.549301 
vt 0.474226 0.549301 
vt 0.474226 0.556422 
vt 0.474226 0.542181 
vt 0.462991 0.549301 
vt 0.462991 0.556422 
vt 0.462991 0.542181 
vt 0.462991 0.535061 
vt 0.474226 0.535061 
vt 0.474226 0.52794 
vt 0.494457 0.52794 
vt 0.462991 0.52794 
vt 0.494457 0.52082 
vt 0.474226 0.52082 
vt 0.462991 0.52082 
vt 0.462991 0.5137 
vt 0.503804 0.52082 
vt 0.503804 0.5137 
vt 0.514397 0.52082 
vt 0.514397 0.5137 
vt 0.514397 0.50658 
vt 0.514397 0.49946 
vt 0.503804 0.50658 
vt 0.503804 0.49946 
vt 0.494457 0.49946 
vt 0.494457 0.5137 
vt 0.494457 0.50658 
vt 0.474226 0.49946 
vt 0.474226 0.5137 
vt 0.474226 0.50658 
vt 0.462991 0.49946 
vt 0.462991 0.50658 
vt 0.834999 0.369183 
vt 0.822076 0.400392 
vt 0.822076 0.400392 
vt 0.834999 0.369183 
vt 0.835003 0.431601 
vt 0.866211 0.356254 
vt 0.835003 0.431601 
vt 0.866211 0.356254 
vt 0.897419 0.36918 
vt 0.897419 0.36918 
vt 0.866214 0.444525 
vt 0.910346 0.400389 
vt 0.866214 0.444525 
vt 0.910346 0.400389 
vt 0.89742 0.431599 
vt 0.89742 0.431599 
vt 0.835003 0.431601 
vt 0.822076 0.400392 
vt 0.822076 0.400392 
vt 0.834999 0.369183 
vt 0.835003 0.431601 
vt 0.834999 0.369183 
vt 0.866214 0.444525 
vt 0.866211 0.356254 
vt 0.866214 0.444525 
vt 0.866211 0.356254 
vt 0.89742 0.431599 
vt 0.897419 0.36918 
vt 0.89742 0.431599 
vt 0.897419 0.36918 
vt 0.910346 0.400389 
vt 0.910346 0.400389 
vt 0.822076 0.400392 
vt 0.822076 0.400392 
vt 0.834999 0.369183 
vt 0.835003 0.431601 
vt 0.834999 0.369183 
vt 0.835003 0.431601 
vt 0.866211 0.356254 
vt 0.866211 0.356254 
vt 0.897419 0.36918 
vt 0.866214 0.444525 
vt 0.897419 0.36918 
vt 0.866214 0.444525 
vt 0.910346 0.400389 
vt 0.910346 0.400389 
vt 0.89742 0.431599 
vt 0.89742 0.431599 
vt 0.866214 0.444525 
vt 0.866214 0.444525 
vt 0.89742 0.431599 
vt 0.835003 0.431601 
vt 0.89742 0.431599 
vt 0.835003 0.431601 
vt 0.910346 0.400389 
vt 0.822076 0.400392 
vt 0.910346 0.400389 
vt 0.822076 0.400392 
vt 0.897419 0.36918 
vt 0.834999 0.369183 
vt 0.897419 0.36918 
vt 0.834999 0.369183 
vt 0.866211 0.356254 
vt 0.866211 0.356254 
vt 0.897419 0.36918 
vt 0.866211 0.356254 
vt 0.897419 0.36918 
vt 0.866211 0.356254 
vt 0.910346 0.400389 
vt 0.834999 0.369183 
vt 0.910346 0.400389 
vt 0.834999 0.369183 
vt 0.89742 0.431599 
vt 0.89742 0.431599 
vt 0.822076 0.400392 
vt 0.822076 0.400392 
vt 0.835003 0.431601 
vt 0.866214 0.444525 
vt 0.835003 0.431601 
vt 0.866214 0.444525 

usemtl RandomDarkMatterEgg1Mtl

f 1/1/1 2/2/2 3/3/3 
f 2/2/2 1/1/1 4/4/4 
f 5/5/5 6/6/6 7/7/7 
f 5/5/5 7/7/7 8/8/8 
f 9/9/9 10/10/10 11/11/11 
f 10/10/10 12/12/12 11/11/11 
f 13/13/13 14/14/14 15/15/15 
f 14/14/14 16/16/16 15/15/15 
f 17/17/17 18/18/18 19/19/19 
f 18/18/18 17/17/17 20/20/20 
f 21/21/21 22/22/22 23/23/23 
f 22/22/22 21/21/21 24/24/24 
f 25/25/25 26/26/26 27/27/27 
f 26/26/26 25/25/25 28/28/28 
f 29/29/29 30/30/30 31/31/31 
f 30/30/30 29/29/29 32/32/32 
f 33/33/33 34/34/34 35/35/35 
f 34/34/34 33/33/33 36/36/36 
f 37/37/37 38/38/38 39/39/39 
f 38/38/38 37/37/37 40/40/40 
f 41/41/41 42/42/42 43/43/43 
f 42/42/42 41/41/41 44/44/44 
f 45/45/45 46/46/46 47/47/47 
f 46/46/46 45/45/45 48/48/48 
f 49/49/49 50/50/50 51/51/51 
f 52/52/52 53/53/53 49/49/49 
f 51/51/51 54/54/54 55/55/55 
f 56/56/56 57/57/57 52/52/52 
f 58/58/58 59/59/59 56/56/56 
f 55/55/55 60/60/60 61/61/61 
f 62/62/62 63/63/63 58/58/58 
f 64/64/64 65/65/65 62/62/62 
f 61/61/61 66/66/66 67/67/67 
f 68/68/68 69/69/69 64/64/64 
f 70/70/70 71/71/71 68/68/68 
f 67/67/67 72/72/72 73/73/73 
f 74/74/74 75/75/75 70/70/70 
f 76/76/76 77/77/77 74/74/74 
f 78/78/78 79/79/79 76/76/76 
f 73/73/73 80/80/80 81/81/81 
f 81/81/81 82/82/82 83/83/83 
f 83/83/83 84/84/84 85/85/85 
f 85/85/85 86/86/86 87/87/87 
f 87/87/87 88/88/88 89/89/89 
f 90/90/90 91/91/91 92/92/92 
f 91/91/91 90/90/90 93/93/93 
f 94/94/94 95/95/95 96/96/96 
f 95/95/95 94/94/94 97/97/97 
f 98/98/98 99/99/99 100/100/100 
f 99/99/99 98/98/98 101/101/101 
f 102/102/102 103/103/103 104/104/104 
f 102/102/102 104/104/104 105/105/105 
f 106/106/106 107/107/107 108/108/108 
f 107/107/107 106/106/106 109/109/109 
f 110/110/110 111/111/111 112/112/112 
f 111/111/111 110/110/110 113/113/113 
f 114/114/114 115/115/115 116/116/116 
f 115/115/115 114/114/114 117/117/117 
f 118/118/118 119/119/119 120/120/120 
f 119/119/119 118/118/118 121/121/121 
f 122/122/122 123/123/123 124/124/124 
f 123/123/123 122/122/122 125/125/125 
f 126/126/126 127/127/127 128/128/128 
f 129/129/129 128/128/128 127/127/127 
f 130/130/130 131/131/131 132/132/132 
f 130/130/130 132/132/132 133/133/133 
f 134/134/134 135/135/135 136/136/136 
f 135/135/135 134/134/134 137/137/137 
f 138/138/138 139/139/139 140/140/140 
f 139/139/139 138/138/138 141/141/141 
f 142/142/142 143/143/143 144/144/144 
f 143/143/143 142/142/142 145/145/145 
f 146/146/146 147/147/147 148/148/148 
f 147/147/147 146/146/146 149/149/149 
f 150/150/150 151/151/151 152/152/152 
f 151/151/151 150/150/150 153/153/153 
f 154/154/154 155/155/155 156/156/156 
f 155/155/155 154/154/154 157/157/157 
f 158/158/158 159/159/159 160/160/160 
f 159/159/159 158/158/158 161/161/161 
f 162/162/162 163/163/163 164/164/164 
f 163/163/163 162/162/162 165/165/165 
f 166/166/166 167/167/167 168/168/168 
f 167/167/167 169/169/169 168/168/168 
f 170/170/170 171/171/171 172/172/172 
f 171/171/171 170/170/170 173/173/173 
f 174/174/174 175/175/175 176/176/176 
f 175/175/175 174/174/174 177/177/177 
f 178/178/178 179/179/179 180/180/180 
f 179/179/179 178/178/178 181/181/181 
f 182/182/182 183/183/183 184/184/184 
f 183/183/183 182/182/182 185/185/185 
f 186/186/186 187/187/187 188/188/188 
f 187/187/187 186/186/186 189/189/189 
f 190/190/190 191/191/191 192/192/192 
f 191/191/191 190/190/190 193/193/193 
f 194/194/194 195/195/195 196/196/196 
f 195/195/195 194/194/194 197/197/197 
f 198/198/198 199/199/199 200/200/200 
f 199/199/199 198/198/198 201/201/201 
f 202/202/202 203/203/203 204/204/204 
f 203/203/203 202/202/202 205/205/205 
f 206/206/206 207/207/207 208/208/208 
f 207/207/207 206/206/206 209/209/209 
f 210/210/210 211/211/211 212/212/212 
f 211/211/211 210/210/210 213/213/213 
f 214/214/214 215/215/215 216/216/216 
f 215/215/215 214/214/214 217/217/217 
f 218/218/218 219/219/219 220/220/220 
f 219/219/219 218/218/218 221/221/221 
f 222/222/222 223/223/223 224/224/224 
f 224/224/224 223/223/223 225/225/225 
f 226/226/226 227/227/227 228/228/228 
f 227/227/227 226/226/226 229/229/229 
f 230/230/230 231/231/231 232/232/232 
f 231/231/231 233/233/233 232/232/232 
f 234/234/234 235/235/235 236/236/236 
f 235/235/235 234/234/234 237/237/237 
f 238/238/238 239/239/239 240/240/240 
f 240/240/240 241/241/241 238/238/238 
f 242/242/242 243/243/243 244/244/244 
f 243/243/243 245/245/245 244/244/244 
f 246/246/246 247/247/247 248/248/248 
f 247/247/247 246/246/246 249/249/249 
f 250/250/250 251/251/251 252/252/252 
f 251/251/251 250/250/250 253/253/253 
f 254/254/254 255/255/255 256/256/256 
f 255/255/255 254/254/254 257/257/257 
f 258/258/258 259/259/259 260/260/260 
f 259/259/259 258/258/258 261/261/261 
f 262/262/262 263/263/263 264/264/264 
f 265/265/265 266/266/266 264/264/264 
f 265/265/265 264/264/264 267/267/267 
f 265/265/265 268/268/268 266/266/266 
f 268/268/268 265/265/265 269/269/269 
f 270/270/270 268/268/268 269/269/269 
f 268/268/268 270/270/270 271/271/271 
f 272/272/272 273/273/273 267/267/267 
f 272/272/272 274/274/274 273/273/273 
f 272/272/272 267/267/267 275/275/275 
f 274/274/274 272/272/272 276/276/276 
f 276/276/276 270/270/270 274/274/274 
f 270/270/270 276/276/276 277/277/277 
f 276/276/276 278/278/278 277/277/277 
f 278/278/278 276/276/276 279/279/279 
f 279/279/279 276/276/276 280/280/280 
f 281/281/281 280/280/280 275/275/275 
f 279/279/279 280/280/280 281/281/281 
f 281/281/281 275/275/275 282/282/282 
f 278/278/278 279/279/279 283/283/283 
f 278/278/278 283/283/283 284/284/284 
f 283/283/283 279/279/279 285/285/285 
f 285/285/285 286/286/286 283/283/283 
f 286/286/286 285/285/285 282/282/282 
f 286/286/286 282/282/282 287/287/287 
f 288/288/288 286/286/286 287/287/287 
f 288/288/288 287/287/287 289/289/289 
f 286/286/286 288/288/288 290/290/290 
f 290/290/290 291/291/291 286/286/286 
f 292/292/292 291/291/291 290/290/290 
f 291/291/291 292/292/292 284/284/284 
f 293/293/293 294/294/294 289/289/289 
f 293/293/293 295/295/295 294/294/294 
f 293/293/293 289/289/289 296/296/296 
f 295/295/295 293/293/293 297/297/297 
f 292/292/292 295/295/295 297/297/297 
f 297/297/297 298/298/298 292/292/292 
f 297/297/297 299/299/299 298/298/298 
f 299/299/299 297/297/297 300/300/300 
f 300/300/300 301/301/301 299/299/299 
f 297/297/297 302/302/302 300/300/300 
f 302/302/302 297/297/297 303/303/303 
f 302/302/302 303/303/303 296/296/296 
f 302/302/302 296/296/296 304/304/304 
f 301/301/301 300/300/300 305/305/305 
f 305/305/305 300/300/300 302/302/302 
f 305/305/305 306/306/306 301/301/301 
f 307/307/307 302/302/302 304/304/304 
f 305/305/305 302/302/302 307/307/307 
f 307/307/307 304/304/304 308/308/308 
f 309/309/309 307/307/307 308/308/308 
f 309/309/309 308/308/308 310/310/310 
f 307/307/307 309/309/309 311/311/311 
f 311/311/311 305/305/305 307/307/307 
f 306/306/306 305/305/305 311/311/311 
f 312/312/312 306/306/306 311/311/311 
f 306/306/306 312/312/312 313/313/313 
f 311/311/311 314/314/314 312/312/312 
f 314/314/314 311/311/311 315/315/315 
f 314/314/314 315/315/315 310/310/310 
f 314/314/314 310/310/310 316/316/316 
f 317/317/317 314/314/314 316/316/316 
f 317/317/317 316/316/316 318/318/318 
f 317/317/317 319/319/319 314/314/314 
f 320/320/320 317/317/317 318/318/318 
f 319/319/319 321/321/321 313/313/313 
f 320/320/320 322/322/322 317/317/317 
f 319/319/319 317/317/317 322/322/322 
f 321/321/321 319/319/319 322/322/322 
f 322/322/322 320/320/320 323/323/323 
f 322/322/322 324/324/324 321/321/321 
f 324/324/324 322/322/322 323/323/323 
f 325/325/325 326/326/326 327/327/327 
f 326/326/326 325/325/325 328/328/328 
f 329/329/329 330/330/330 331/331/331 
f 331/331/331 330/330/330 332/332/332 
f 333/333/333 334/334/334 335/335/335 
f 334/334/334 333/333/333 336/336/336 
f 337/337/337 338/338/338 339/339/339 
f 338/338/338 337/337/337 340/340/340 
f 341/341/341 342/342/342 343/343/343 
f 342/342/342 341/341/341 344/344/344 
f 345/345/345 346/346/346 347/347/347 
f 346/346/346 345/345/345 348/348/348 
f 349/349/349 350/350/350 351/351/351 
f 351/351/351 350/350/350 352/352/352 
f 353/353/353 354/354/354 355/355/355 
f 354/354/354 353/353/353 356/356/356 
f 357/357/357 358/358/358 359/359/359 
f 358/358/358 357/357/357 360/360/360 
f 361/361/361 362/362/362 363/363/363 
f 362/362/362 361/361/361 364/364/364 
f 365/365/365 366/366/366 367/367/367 
f 366/366/366 365/365/365 368/368/368 
f 369/369/369 370/370/370 371/371/371 
f 370/370/370 369/369/369 372/372/372 
f 373/373/373 374/374/374 375/375/375 
f 374/374/374 373/373/373 376/376/376 
f 377/377/377 378/378/378 379/379/379 
f 378/378/378 377/377/377 380/380/380 
f 381/381/381 382/382/382 383/383/383 
f 382/382/382 381/381/381 384/384/384 
f 385/385/385 386/386/386 387/387/387 
f 386/386/386 388/388/388 387/387/387 
f 389/389/389 390/390/390 391/391/391 
f 390/390/390 389/389/389 392/392/392 
f 393/393/393 394/394/394 395/395/395 
f 394/394/394 393/393/393 396/396/396 
f 397/397/397 398/398/398 399/399/399 
f 398/398/398 397/397/397 400/400/400 
f 401/401/401 402/402/402 403/403/403 
f 402/402/402 401/401/401 404/404/404 
f 405/405/405 406/406/406 407/407/407 
f 406/406/406 405/405/405 408/408/408 
f 409/409/409 410/410/410 411/411/411 
f 410/410/410 409/409/409 412/412/412 
f 413/413/413 414/414/414 415/415/415 
f 414/414/414 413/413/413 416/416/416 
f 417/417/417 418/418/418 419/419/419 
f 418/418/418 420/420/420 419/419/419 
f 421/421/421 422/422/422 423/423/423 
f 422/422/422 421/421/421 424/424/424 
f 425/425/425 426/426/426 427/427/427 
f 426/426/426 425/425/425 428/428/428 
f 429/429/429 430/430/430 431/431/431 
f 430/430/430 429/429/429 432/432/432 
f 433/433/433 434/434/434 435/435/435 
f 434/434/434 433/433/433 436/436/436 
f 437/437/437 320/320/320 438/438/438 
f 437/437/437 438/438/438 439/439/439 
f 320/320/320 318/318/318 438/438/438 
f 440/440/440 437/437/437 439/439/439 
f 440/440/440 439/439/439 441/441/441 
f 437/437/437 440/440/440 442/442/442 
f 442/442/442 443/443/443 437/437/437 
f 444/444/444 443/443/443 442/442/442 
f 443/443/443 444/444/444 445/445/445 
f 446/446/446 320/320/320 437/437/437 
f 446/446/446 445/445/445 324/324/324 
f 446/446/446 447/447/447 320/320/320 
f 447/447/447 446/446/446 324/324/324 
f 448/448/448 444/444/444 449/449/449 
f 444/444/444 448/448/448 450/450/450 
f 448/448/448 449/449/449 451/451/451 
f 452/452/452 451/451/451 441/441/441 
f 448/448/448 451/451/451 452/452/452 
f 452/452/452 441/441/441 453/453/453 
f 454/454/454 450/450/450 448/448/448 
f 450/450/450 454/454/454 455/455/455 
f 455/455/455 454/454/454 456/456/456 
f 455/455/455 456/456/456 457/457/457 
f 454/454/454 458/458/458 456/456/456 
f 448/448/448 459/459/459 454/454/454 
f 458/458/458 454/454/454 459/459/459 
f 459/459/459 448/448/448 460/460/460 
f 459/459/459 460/460/460 453/453/453 
f 459/459/459 453/453/453 461/461/461 
f 458/458/458 459/459/459 461/461/461 
f 458/458/458 461/461/461 462/462/462 
f 463/463/463 464/464/464 462/462/462 
f 463/463/463 462/462/462 465/465/465 
f 466/466/466 464/464/464 463/463/463 
f 466/466/466 467/467/467 464/464/464 
f 457/457/457 467/467/467 466/466/466 
f 457/457/457 466/466/466 468/468/468 
f 468/468/468 466/466/466 469/469/469 
f 469/469/469 470/470/470 468/468/468 
f 469/469/469 466/466/466 471/471/471 
f 472/472/472 470/470/470 469/469/469 
f 472/472/472 271/271/271 470/470/470 
f 469/469/469 262/262/262 472/472/472 
f 471/471/471 473/473/473 469/469/469 
f 262/262/262 469/469/469 473/473/473 
f 473/473/473 471/471/471 465/465/465 
f 473/473/473 465/465/465 263/263/263 
f 262/262/262 473/473/473 263/263/263 
f 474/474/474 475/475/475 476/476/476 
f 476/476/476 475/475/475 477/477/477 
f 478/478/478 479/479/479 480/480/480 
f 479/479/479 478/478/478 481/481/481 
f 482/482/482 483/483/483 484/484/484 
f 483/483/483 482/482/482 485/485/485 
f 486/486/486 487/487/487 488/488/488 
f 487/487/487 486/486/486 489/489/489 
f 490/490/490 491/491/491 492/492/492 
f 491/491/491 490/490/490 493/493/493 
f 494/494/494 495/495/495 496/496/496 
f 496/496/496 495/495/495 497/497/497 
f 498/498/498 499/499/499 500/500/500 
f 499/499/499 498/498/498 501/501/501 
f 502/502/502 503/503/503 504/504/504 
f 503/503/503 502/502/502 505/505/505 
f 506/506/506 507/507/507 508/508/508 
f 507/507/507 506/506/506 509/509/509 
f 510/510/510 511/511/511 512/512/512 
f 511/511/511 510/510/510 513/513/513 
f 514/514/514 515/515/515 516/516/516 
f 514/514/514 516/516/516 517/517/517 
f 518/518/518 519/519/519 520/520/520 
f 519/519/519 518/518/518 521/521/521 
f 522/522/522 523/523/523 524/524/524 
f 523/523/523 522/522/522 525/525/525 
f 526/526/526 527/527/527 528/528/528 
f 527/527/527 526/526/526 529/529/529 
f 530/530/530 531/531/531 532/532/532 
f 531/531/531 530/530/530 533/533/533 
f 534/534/534 535/535/535 536/536/536 
f 535/535/535 534/534/534 537/537/537 
f 538/538/538 539/539/539 540/540/540 
f 538/538/538 540/540/540 541/541/541 
f 538/538/538 541/541/541 542/542/542 
f 539/539/539 543/543/543 540/540/540 
f 543/543/543 539/539/539 544/544/544 
f 543/543/543 544/544/544 545/545/545 
f 546/546/546 547/547/547 548/548/548 
f 547/547/547 546/546/546 549/549/549 
f 550/550/550 551/551/551 552/552/552 
f 551/551/551 550/550/550 553/553/553 
f 554/554/554 552/552/552 551/551/551 
f 552/552/552 554/554/554 555/555/555 
f 556/556/556 555/555/555 554/554/554 
f 555/555/555 556/556/556 557/557/557 
f 555/555/555 557/557/557 558/558/558 
f 558/558/558 557/557/557 559/559/559 
f 560/560/560 559/559/559 557/557/557 
f 559/559/559 560/560/560 561/561/561 
f 562/562/562 561/561/561 560/560/560 
f 562/562/562 563/563/563 561/561/561 
f 563/563/563 562/562/562 564/564/564 
f 563/563/563 564/564/564 565/565/565 
f 566/566/566 567/567/567 568/568/568 
f 567/567/567 566/566/566 569/569/569 
f 570/570/570 571/571/571 572/572/572 
f 571/571/571 570/570/570 573/573/573 
f 574/574/574 575/575/575 576/576/576 
f 575/575/575 574/574/574 577/577/577 
f 578/578/578 579/579/579 580/580/580 
f 579/579/579 578/578/578 581/581/581 
f 582/582/582 583/583/583 584/584/584 
f 583/583/583 582/582/582 585/585/585 
f 586/586/586 587/587/587 588/588/588 
f 587/587/587 586/586/586 589/589/589 
f 588/588/588 590/590/590 586/586/586 
f 591/591/591 587/587/587 589/589/589 
f 590/590/590 588/588/588 592/592/592 
f 587/587/587 591/591/591 593/593/593 
f 592/592/592 594/594/594 590/590/590 
f 591/591/591 595/595/595 593/593/593 
f 594/594/594 592/592/592 596/596/596 
f 595/595/595 591/591/591 597/597/597 
f 596/596/596 598/598/598 594/594/594 
f 597/597/597 599/599/599 595/595/595 
f 598/598/598 596/596/596 600/600/600 
f 599/599/599 597/597/597 601/601/601 
f 600/600/600 602/602/602 598/598/598 
f 601/601/601 603/603/603 599/599/599 
f 604/604/604 598/598/598 602/602/602 
f 603/603/603 601/601/601 605/605/605 
f 606/606/606 604/604/604 602/602/602 
f 607/607/607 603/603/603 605/605/605 
f 604/604/604 606/606/606 608/608/608 
f 603/603/603 607/607/607 609/609/609 
f 610/610/610 608/608/608 606/606/606 
f 611/611/611 609/609/609 607/607/607 
f 608/608/608 610/610/610 612/612/612 
f 609/609/609 611/611/611 613/613/613 
f 610/610/610 614/614/614 612/612/612 
f 611/611/611 615/615/615 613/613/613 
f 612/612/612 614/614/614 616/616/616 
f 614/614/614 615/615/615 616/616/616 
f 615/615/615 614/614/614 617/617/617 
f 617/617/617 613/613/613 615/615/615 
f 618/618/618 619/619/619 620/620/620 
f 619/619/619 618/618/618 621/621/621 
f 622/622/622 623/623/623 624/624/624 
f 623/623/623 622/622/622 625/625/625 
f 626/626/626 627/627/627 628/628/628 
f 627/627/627 626/626/626 629/629/629 
f 630/630/630 631/631/631 632/632/632 
f 631/631/631 630/630/630 633/633/633 
f 634/634/634 635/635/635 636/636/636 
f 635/635/635 634/634/634 637/637/637 
f 638/638/638 639/639/639 640/640/640 
f 639/639/639 641/641/641 640/640/640 
f 642/642/642 643/643/643 644/644/644 
f 643/643/643 642/642/642 645/645/645 
f 646/646/646 647/647/647 648/648/648 
f 647/647/647 646/646/646 649/649/649 
f 650/650/650 651/651/651 652/652/652 
f 651/651/651 650/650/650 653/653/653 
f 654/654/654 652/652/652 651/651/651 
f 655/655/655 653/653/653 650/650/650 
f 652/652/652 654/654/654 656/656/656 
f 653/653/653 655/655/655 657/657/657 
f 658/658/658 656/656/656 654/654/654 
f 659/659/659 657/657/657 655/655/655 
f 656/656/656 658/658/658 660/660/660 
f 657/657/657 659/659/659 661/661/661 
f 658/658/658 662/662/662 660/660/660 
f 663/663/663 661/661/661 659/659/659 
f 662/662/662 658/658/658 664/664/664 
f 661/661/661 663/663/663 665/665/665 
f 664/664/664 666/666/666 662/662/662 
f 667/667/667 665/665/665 663/663/663 
f 666/666/666 664/664/664 668/668/668 
f 665/665/665 667/667/667 669/669/669 
f 668/668/668 670/670/670 666/666/666 
f 670/670/670 668/668/668 671/671/671 
f 672/672/672 670/670/670 671/671/671 
f 673/673/673 669/669/669 667/667/667 
f 672/672/672 671/671/671 674/674/674 
f 669/669/669 673/673/673 675/675/675 
f 676/676/676 672/672/672 674/674/674 
f 673/673/673 677/677/677 675/675/675 
f 674/674/674 678/678/678 676/676/676 
f 677/677/677 673/673/673 679/679/679 
f 680/680/680 676/676/676 678/678/678 
f 679/679/679 681/681/681 677/677/677 
f 681/681/681 679/679/679 680/680/680 
f 680/680/680 678/678/678 681/681/681 
f 682/682/682 683/683/683 684/684/684 
f 683/683/683 682/682/682 685/685/685 
f 686/686/686 687/687/687 688/688/688 
f 687/687/687 686/686/686 689/689/689 
f 690/690/690 691/691/691 692/692/692 
f 691/691/691 690/690/690 693/693/693 
f 694/694/694 695/695/695 696/696/696 
f 695/695/695 694/694/694 697/697/697 
f 698/698/698 699/699/699 700/700/700 
f 699/699/699 698/698/698 701/701/701 
f 702/702/702 703/703/703 704/704/704 
f 703/703/703 702/702/702 705/705/705 
f 706/706/706 707/707/707 708/708/708 
f 708/708/708 707/707/707 709/709/709 
f 710/710/710 711/711/711 712/712/712 
f 711/711/711 710/710/710 713/713/713 
f 714/714/714 715/715/715 716/716/716 
f 715/715/715 714/714/714 717/717/717 
f 718/718/718 719/719/719 720/720/720 
f 719/719/719 718/718/718 721/721/721 
f 722/722/722 723/723/723 724/724/724 
f 723/723/723 722/722/722 725/725/725 
f 726/726/726 727/727/727 728/728/728 
f 727/727/727 726/726/726 729/729/729 
f 730/730/730 731/731/731 732/732/732 
f 731/731/731 730/730/730 733/733/733 
f 734/734/734 735/735/735 736/736/736 
f 735/735/735 734/734/734 737/737/737 
f 738/738/738 739/739/739 740/740/740 
f 739/739/739 738/738/738 741/741/741 
f 742/742/742 743/743/743 744/744/744 
f 743/743/743 742/742/742 745/745/745 
f 746/746/746 747/747/747 748/748/748 
f 747/747/747 746/746/746 749/749/749 
f 750/750/750 751/751/751 752/752/752 
f 751/751/751 750/750/750 753/753/753 
f 754/754/754 755/755/755 756/756/756 
f 755/755/755 754/754/754 757/757/757 
f 758/758/758 759/759/759 760/760/760 
f 759/759/759 758/758/758 761/761/761 
f 762/762/762 763/763/763 764/764/764 
f 762/762/762 764/764/764 765/765/765 
f 766/766/766 767/767/767 768/768/768 
f 767/767/767 766/766/766 769/769/769 
f 770/770/770 771/771/771 772/772/772 
f 771/771/771 770/770/770 773/773/773 
f 774/774/774 775/775/775 776/776/776 
f 775/775/775 774/774/774 777/777/777 
f 778/778/778 779/779/779 780/780/780 
f 779/779/779 778/778/778 781/781/781 
f 782/782/782 783/783/783 784/784/784 
f 783/783/783 782/782/782 785/785/785 
f 786/786/786 787/787/787 788/788/788 
f 788/788/788 787/787/787 789/789/789 
f 790/790/790 791/791/791 792/792/792 
f 791/791/791 790/790/790 793/793/793 
f 794/794/794 795/795/795 796/796/796 
f 795/795/795 794/794/794 797/797/797 
f 795/795/795 798/798/798 796/796/796 
f 799/799/799 797/797/797 794/794/794 
f 798/798/798 800/800/800 796/796/796 
f 799/799/799 794/794/794 801/801/801 
f 802/802/802 799/799/799 801/801/801 
f 803/803/803 802/802/802 801/801/801 
f 800/800/800 804/804/804 796/796/796 
f 805/805/805 803/803/803 801/801/801 
f 800/800/800 806/806/806 804/804/804 
f 803/803/803 805/805/805 807/807/807 
f 808/808/808 804/804/804 806/806/806 
f 807/807/807 805/805/805 809/809/809 
f 804/804/804 808/808/808 810/810/810 
f 805/805/805 811/811/811 809/809/809 
f 808/808/808 812/812/812 810/810/810 
f 811/811/811 813/813/813 809/809/809 
f 812/812/812 814/814/814 810/810/810 
f 815/815/815 813/813/813 811/811/811 
f 814/814/814 816/816/816 810/810/810 
f 816/816/816 815/815/815 811/811/811 
f 817/817/817 816/816/816 814/814/814 
f 816/816/816 817/817/817 815/815/815 
f 818/818/818 819/819/819 820/820/820 
f 819/819/819 818/818/818 821/821/821 
f 822/822/822 823/823/823 824/824/824 
f 825/825/825 826/826/826 827/827/827 
f 826/826/826 825/825/825 828/828/828 
f 825/825/825 829/829/829 828/828/828 
f 829/829/829 825/825/825 823/823/823 
f 822/822/822 829/829/829 823/823/823 
f 822/822/822 830/830/830 829/829/829 
f 830/830/830 822/822/822 831/831/831 
f 829/829/829 830/830/830 832/832/832 
f 832/832/832 833/833/833 829/829/829 
f 834/834/834 833/833/833 832/832/832 
f 833/833/833 834/834/834 826/826/826 
f 831/831/831 835/835/835 830/830/830 
f 835/835/835 831/831/831 836/836/836 
f 837/837/837 835/835/835 836/836/836 
f 838/838/838 830/830/830 835/835/835 
f 838/838/838 839/839/839 830/830/830 
f 834/834/834 839/839/839 840/840/840 
f 840/840/840 839/839/839 838/838/838 
f 840/840/840 838/838/838 841/841/841 
f 841/841/841 838/838/838 842/842/842 
f 842/842/842 838/838/838 835/835/835 
f 841/841/841 842/842/842 843/843/843 
f 843/843/843 842/842/842 844/844/844 
f 842/842/842 845/845/845 844/844/844 
f 842/842/842 835/835/835 846/846/846 
f 845/845/845 842/842/842 846/846/846 
f 835/835/835 837/837/837 846/846/846 
f 846/846/846 847/847/847 845/845/845 
f 847/847/847 846/846/846 837/837/837 
f 843/843/843 848/848/848 849/849/849 
f 849/849/849 848/848/848 850/850/850 
f 848/848/848 851/851/851 850/850/850 
f 851/851/851 848/848/848 852/852/852 
f 853/853/853 852/852/852 847/847/847 
f 851/851/851 852/852/852 853/853/853 
f 849/849/849 854/854/854 855/855/855 
f 855/855/855 854/854/854 856/856/856 
f 854/854/854 857/857/857 856/856/856 
f 857/857/857 854/854/854 858/858/858 
f 853/853/853 857/857/857 858/858/858 
f 857/857/857 853/853/853 859/859/859 
f 860/860/860 861/861/861 855/855/855 
f 861/861/861 860/860/860 862/862/862 
f 862/862/862 860/860/860 863/863/863 
f 863/863/863 864/864/864 862/862/862 
f 859/859/859 864/864/864 863/863/863 
f 864/864/864 859/859/859 865/865/865 
f 865/865/865 866/866/866 864/864/864 
f 866/866/866 865/865/865 867/867/867 
f 868/868/868 864/864/864 866/866/866 
f 868/868/868 869/869/869 864/864/864 
f 861/861/861 869/869/869 870/870/870 
f 870/870/870 869/869/869 868/868/868 
f 870/870/870 868/868/868 871/871/871 
f 871/871/871 868/868/868 872/872/872 
f 868/868/868 873/873/873 872/872/872 
f 873/873/873 868/868/868 874/874/874 
f 867/867/867 873/873/873 874/874/874 
f 873/873/873 867/867/867 875/875/875 
f 876/876/876 877/877/877 871/871/871 
f 877/877/877 876/876/876 878/878/878 
f 876/876/876 879/879/879 878/878/878 
f 879/879/879 876/876/876 880/880/880 
f 875/875/875 879/879/879 880/880/880 
f 879/879/879 875/875/875 881/881/881 
f 882/882/882 879/879/879 881/881/881 
f 879/879/879 882/882/882 883/883/883 
f 884/884/884 879/879/879 883/883/883 
f 884/884/884 885/885/885 879/879/879 
f 886/886/886 885/885/885 884/884/884 
f 885/885/885 886/886/886 877/877/877 
f 887/887/887 888/888/888 889/889/889 
f 888/888/888 887/887/887 890/890/890 
f 891/891/891 892/892/892 893/893/893 
f 892/892/892 891/891/891 894/894/894 
f 895/895/895 896/896/896 897/897/897 
f 896/896/896 895/895/895 898/898/898 
f 899/899/899 900/900/900 901/901/901 
f 899/899/899 901/901/901 902/902/902 
f 903/903/903 904/904/904 905/905/905 
f 904/904/904 903/903/903 906/906/906 
f 907/907/907 908/908/908 909/909/909 
f 908/908/908 907/907/907 910/910/910 
f 911/911/911 912/912/912 913/913/913 
f 912/912/912 911/911/911 914/914/914 
f 915/915/915 916/916/916 917/917/917 
f 916/916/916 915/915/915 918/918/918 
f 919/919/919 920/920/920 921/921/921 
f 920/920/920 919/919/919 922/922/922 
f 923/923/923 924/924/924 925/925/925 
f 923/923/923 925/925/925 926/926/926 
f 927/927/927 928/928/928 929/929/929 
f 928/928/928 927/927/927 930/930/930 
f 931/931/931 932/932/932 933/933/933 
f 932/932/932 931/931/931 934/934/934 
f 935/935/935 936/936/936 937/937/937 
f 936/936/936 935/935/935 938/938/938 
f 939/939/939 940/940/940 941/941/941 
f 940/940/940 939/939/939 942/942/942 
f 943/943/943 944/944/944 945/945/945 
f 944/944/944 943/943/943 946/946/946 
f 947/947/947 948/948/948 949/949/949 
f 950/950/950 949/949/949 948/948/948 
f 948/948/948 947/947/947 951/951/951 
f 948/948/948 952/952/952 950/950/950 
f 953/953/953 951/951/951 947/947/947 
f 951/951/951 953/953/953 954/954/954 
f 955/955/955 954/954/954 953/953/953 
f 952/952/952 956/956/956 950/950/950 
f 953/953/953 957/957/957 955/955/955 
f 956/956/956 952/952/952 958/958/958 
f 957/957/957 959/959/959 955/955/955 
f 959/959/959 957/957/957 960/960/960 
f 961/961/961 956/956/956 958/958/958 
f 956/956/956 961/961/961 962/962/962 
f 963/963/963 962/962/962 961/961/961 
f 962/962/962 963/963/963 964/964/964 
f 965/965/965 966/966/966 967/967/967 
f 966/966/966 965/965/965 968/968/968 
f 969/969/969 970/970/970 971/971/971 
f 970/970/970 969/969/969 972/972/972 
f 973/973/973 974/974/974 975/975/975 
f 974/974/974 973/973/973 976/976/976 
f 977/977/977 978/978/978 979/979/979 
f 978/978/978 977/977/977 980/980/980 
f 981/981/981 982/982/982 983/983/983 
f 982/982/982 981/981/981 984/984/984 
f 985/985/985 986/986/986 987/987/987 
f 986/986/986 985/985/985 988/988/988 
f 989/989/989 990/990/990 991/991/991 
f 991/991/991 990/990/990 992/992/992 
f 993/993/993 994/994/994 995/995/995 
f 994/994/994 993/993/993 996/996/996 
f 997/997/997 998/998/998 999/999/999 
f 998/998/998 997/997/997 1000/1000/1000 
f 1001/1001/1001 1002/1002/1002 1003/1003/1003 
f 1002/1002/1002 1001/1001/1001 1004/1004/1004 
f 1005/1005/1005 1006/1006/1006 1007/1007/1007 
f 1006/1006/1006 1005/1005/1005 1008/1008/1008 
f 1009/1009/1009 1010/1010/1010 1011/1011/1011 
f 1012/1012/1012 1010/1010/1010 1009/1009/1009 
f 1010/1010/1010 1012/1012/1012 1013/1013/1013 
f 1013/1013/1013 1012/1012/1012 1014/1014/1014 
f 1014/1014/1014 1015/1015/1015 1013/1013/1013 
f 1015/1015/1015 1014/1014/1014 1016/1016/1016 
f 1017/1017/1017 1018/1018/1018 1019/1019/1019 
f 1018/1018/1018 1017/1017/1017 1020/1020/1020 
f 1021/1021/1021 1022/1022/1022 1023/1023/1023 
f 1022/1022/1022 1021/1021/1021 1024/1024/1024 
f 1025/1025/1025 1026/1026/1026 1027/1027/1027 
f 1026/1026/1026 1025/1025/1025 1028/1028/1028 
f 1029/1029/1029 1030/1030/1030 1031/1031/1031 
f 1030/1030/1030 1029/1029/1029 1032/1032/1032 
f 1033/1033/1033 1034/1034/1034 1035/1035/1035 
f 1034/1034/1034 1033/1033/1033 1036/1036/1036 
f 1037/1037/1037 1038/1038/1038 1039/1039/1039 
f 1038/1038/1038 1040/1040/1040 1039/1039/1039 
f 1041/1041/1041 1042/1042/1042 1043/1043/1043 
f 1042/1042/1042 1041/1041/1041 1044/1044/1044 
f 1045/1045/1045 1046/1046/1046 1047/1047/1047 
f 1046/1046/1046 1045/1045/1045 1048/1048/1048 
f 1049/1049/1049 1050/1050/1050 1051/1051/1051 
f 1050/1050/1050 1049/1049/1049 1052/1052/1052 
f 1053/1053/1053 1054/1054/1054 1055/1055/1055 
f 1054/1054/1054 1053/1053/1053 1056/1056/1056 
f 1057/1057/1057 1058/1058/1058 1059/1059/1059 
f 1058/1058/1058 1057/1057/1057 1060/1060/1060 
f 1061/1061/1061 1062/1062/1062 1063/1063/1063 
f 1062/1062/1062 1061/1061/1061 1064/1064/1064 
f 1065/1065/1065 1066/1066/1066 1067/1067/1067 
f 1066/1066/1066 1065/1065/1065 1068/1068/1068 
f 1069/1069/1069 1070/1070/1070 1071/1071/1071 
f 1070/1070/1070 1069/1069/1069 1072/1072/1072 
f 1073/1073/1073 1074/1074/1074 1075/1075/1075 
f 1074/1074/1074 1073/1073/1073 1076/1076/1076 
f 1077/1077/1077 1078/1078/1078 1079/1079/1079 
f 1078/1078/1078 1077/1077/1077 1080/1080/1080 
f 1081/1081/1081 1082/1082/1082 1083/1083/1083 
f 1082/1082/1082 1081/1081/1081 1084/1084/1084 
f 1085/1085/1085 1086/1086/1086 1087/1087/1087 
f 1086/1086/1086 1085/1085/1085 1088/1088/1088 
f 1089/1089/1089 1090/1090/1090 1091/1091/1091 
f 1090/1090/1090 1089/1089/1089 1092/1092/1092 
f 1093/1093/1093 1094/1094/1094 1095/1095/1095 
f 1094/1094/1094 1093/1093/1093 1096/1096/1096 
f 1097/1097/1097 1098/1098/1098 1099/1099/1099 
f 1098/1098/1098 1097/1097/1097 1100/1100/1100 
f 1101/1101/1101 1102/1102/1102 1103/1103/1103 
f 1102/1102/1102 1101/1101/1101 1104/1104/1104 
f 1105/1105/1105 1106/1106/1106 1107/1107/1107 
f 1106/1106/1106 1105/1105/1105 1108/1108/1108 
f 1109/1109/1109 1110/1110/1110 1111/1111/1111 
f 1110/1110/1110 1109/1109/1109 1112/1112/1112 
f 1113/1113/1113 1114/1114/1114 1115/1115/1115 
f 1114/1114/1114 1113/1113/1113 1116/1116/1116 
f 1117/1117/1117 1118/1118/1118 1119/1119/1119 
f 1118/1118/1118 1117/1117/1117 1120/1120/1120 
f 1121/1121/1121 1122/1122/1122 1123/1123/1123 
f 1122/1122/1122 1121/1121/1121 1124/1124/1124 
f 1125/1125/1125 1126/1126/1126 1127/1127/1127 
f 1126/1126/1126 1125/1125/1125 1128/1128/1128 
f 1129/1129/1129 1130/1130/1130 1131/1131/1131 
f 1130/1130/1130 1129/1129/1129 1132/1132/1132 
f 1133/1133/1133 1134/1134/1134 1135/1135/1135 
f 1133/1133/1133 1136/1136/1136 1134/1134/1134 
f 1137/1137/1137 1136/1136/1136 1133/1133/1133 
f 1134/1134/1134 1136/1136/1136 1138/1138/1138 
f 1135/1135/1135 1134/1134/1134 1139/1139/1139 
f 1135/1135/1135 1139/1139/1139 1140/1140/1140 
f 1140/1140/1140 1139/1139/1139 1141/1141/1141 
f 1134/1134/1134 1142/1142/1142 1139/1139/1139 
f 1139/1139/1139 1143/1143/1143 1141/1141/1141 
f 1143/1143/1143 1139/1139/1139 1144/1144/1144 
f 1145/1145/1145 1143/1143/1143 1144/1144/1144 
f 1142/1142/1142 1134/1134/1134 1146/1146/1146 
f 1145/1145/1145 1142/1142/1142 1146/1146/1146 
f 1134/1134/1134 1138/1138/1138 1146/1146/1146 
f 1146/1146/1146 1147/1147/1147 1145/1145/1145 
f 1146/1146/1146 1148/1148/1148 1147/1147/1147 
f 1148/1148/1148 1146/1146/1146 1138/1138/1138 
f 1143/1143/1143 1145/1145/1145 1149/1149/1149 
f 1148/1148/1148 1138/1138/1138 1150/1150/1150 
f 1148/1148/1148 1150/1150/1150 882/882/882 
f 1150/1150/1150 1138/1138/1138 1151/1151/1151 
f 1151/1151/1151 1152/1152/1152 1150/1150/1150 
f 1137/1137/1137 1152/1152/1152 1151/1151/1151 
f 886/886/886 1152/1152/1152 1137/1137/1137 
f 1149/1149/1149 1153/1153/1153 1143/1143/1143 
f 1153/1153/1153 1149/1149/1149 1154/1154/1154 
f 1153/1153/1153 1155/1155/1155 1143/1143/1143 
f 1156/1156/1156 1153/1153/1153 1154/1154/1154 
f 1153/1153/1153 1156/1156/1156 1157/1157/1157 
f 1153/1153/1153 1157/1157/1157 1158/1158/1158 
f 1158/1158/1158 1159/1159/1159 1153/1153/1153 
f 1155/1155/1155 1153/1153/1153 1159/1159/1159 
f 1160/1160/1160 1159/1159/1159 1158/1158/1158 
f 1161/1161/1161 1155/1155/1155 1159/1159/1159 
f 1159/1159/1159 1160/1160/1160 1161/1161/1161 
f 1140/1140/1140 1155/1155/1155 1161/1161/1161 
f 1160/1160/1160 1162/1162/1162 1163/1163/1163 
f 1163/1163/1163 1162/1162/1162 1164/1164/1164 
f 1164/1164/1164 827/827/827 1163/1163/1163 
f 1164/1164/1164 1162/1162/1162 1165/1165/1165 
f 1166/1166/1166 1165/1165/1165 1156/1156/1156 
f 1167/1167/1167 1165/1165/1165 1166/1166/1166 
f 1164/1164/1164 1165/1165/1165 1167/1167/1167 
f 824/824/824 1167/1167/1167 1166/1166/1166 
f 827/827/827 1164/1164/1164 825/825/825 
f 824/824/824 823/823/823 1167/1167/1167 
f 823/823/823 1164/1164/1164 1167/1167/1167 
f 1164/1164/1164 823/823/823 825/825/825 
f 1168/1168/1168 1169/1169/1169 1170/1170/1170 
f 1169/1169/1169 1168/1168/1168 1171/1171/1171 
f 1172/1172/1172 1173/1173/1173 1174/1174/1174 
f 1173/1173/1173 1172/1172/1172 1175/1175/1175 
f 1176/1176/1176 1177/1177/1177 1178/1178/1178 
f 1177/1177/1177 1176/1176/1176 1179/1179/1179 
f 1180/1180/1180 1181/1181/1181 1182/1182/1182 
f 1181/1181/1181 1180/1180/1180 1183/1183/1183 
f 1184/1184/1184 1185/1185/1185 1186/1186/1186 
f 1185/1185/1185 1184/1184/1184 1187/1187/1187 
f 1188/1188/1188 1189/1189/1189 1190/1190/1190 
f 1189/1189/1189 1188/1188/1188 1191/1191/1191 
f 1192/1192/1192 1193/1193/1193 1194/1194/1194 
f 1193/1193/1193 1192/1192/1192 1195/1195/1195 
f 1196/1196/1196 1197/1197/1197 1198/1198/1198 
f 1197/1197/1197 1196/1196/1196 1199/1199/1199 
f 1200/1200/1200 1201/1201/1201 1202/1202/1202 
f 1201/1201/1201 1200/1200/1200 1203/1203/1203 
f 1204/1204/1204 1205/1205/1205 1206/1206/1206 
f 1205/1205/1205 1204/1204/1204 1207/1207/1207 
f 1208/1208/1208 1209/1209/1209 1210/1210/1210 
f 1209/1209/1209 1208/1208/1208 1211/1211/1211 
f 1212/1212/1212 1213/1213/1213 1214/1214/1214 
f 1212/1212/1212 1214/1214/1214 1215/1215/1215 
f 1216/1216/1216 1213/1213/1213 1212/1212/1212 
f 1213/1213/1213 1216/1216/1216 1217/1217/1217 
f 1218/1218/1218 1217/1217/1217 1216/1216/1216 
f 1217/1217/1217 1218/1218/1218 1219/1219/1219 
f 1220/1220/1220 1221/1221/1221 1222/1222/1222 
f 1221/1221/1221 1220/1220/1220 1223/1223/1223 
f 1224/1224/1224 1225/1225/1225 1226/1226/1226 
f 1225/1225/1225 1224/1224/1224 1227/1227/1227 
f 1228/1228/1228 1229/1229/1229 1230/1230/1230 
f 1229/1229/1229 1228/1228/1228 1231/1231/1231 
f 1232/1232/1232 1233/1233/1233 1234/1234/1234 
f 1233/1233/1233 1232/1232/1232 1235/1235/1235 
f 1236/1236/1236 1237/1237/1237 1238/1238/1238 
f 1237/1237/1237 1236/1236/1236 1239/1239/1239 
f 1240/1240/1240 1241/1241/1241 1242/1242/1242 
f 1243/1243/1243 1242/1242/1242 1241/1241/1241 
f 1242/1242/1242 1244/1244/1244 1240/1240/1240 
f 1244/1244/1244 1245/1245/1245 1240/1240/1240 
f 1245/1245/1245 1246/1246/1246 1240/1240/1240 
f 1247/1247/1247 1240/1240/1240 1246/1246/1246 
f 1246/1246/1246 1248/1248/1248 1247/1247/1247 
f 1249/1249/1249 1250/1250/1250 1251/1251/1251 
f 1250/1250/1250 1249/1249/1249 1252/1252/1252 
f 1253/1253/1253 1254/1254/1254 1255/1255/1255 
f 1254/1254/1254 1256/1256/1256 1255/1255/1255 
f 1257/1257/1257 1258/1258/1258 1259/1259/1259 
f 1259/1259/1259 1258/1258/1258 1260/1260/1260 
f 1261/1261/1261 1262/1262/1262 1263/1263/1263 
f 1262/1262/1262 1261/1261/1261 1264/1264/1264 
f 1265/1265/1265 1266/1266/1266 1267/1267/1267 
f 1266/1266/1266 1265/1265/1265 1268/1268/1268 
f 1269/1269/1269 1270/1270/1270 1271/1271/1271 
f 1270/1270/1270 1269/1269/1269 1272/1272/1272 
f 1273/1273/1273 1274/1274/1274 1275/1275/1275 
f 1275/1275/1275 1276/1276/1276 1273/1273/1273 
f 1277/1277/1277 1275/1275/1275 1274/1274/1274 
f 1278/1278/1278 1277/1277/1277 1274/1274/1274 
f 1279/1279/1279 1278/1278/1278 1274/1274/1274 
f 1274/1274/1274 1280/1280/1280 1279/1279/1279 
f 1281/1281/1281 1279/1279/1279 1280/1280/1280 
f 1282/1282/1282 1283/1283/1283 1284/1284/1284 
f 1283/1283/1283 1282/1282/1282 1285/1285/1285 
f 1286/1286/1286 1287/1287/1287 1288/1288/1288 
f 1287/1287/1287 1286/1286/1286 1289/1289/1289 
f 1290/1290/1290 1288/1288/1288 1287/1287/1287 
f 1288/1288/1288 1290/1290/1290 1291/1291/1291 
f 1292/1292/1292 1291/1291/1291 1290/1290/1290 
f 1292/1292/1292 1290/1290/1290 1293/1293/1293 
f 1293/1293/1293 1294/1294/1294 1292/1292/1292 
f 1294/1294/1294 1293/1293/1293 1295/1295/1295 
f 1296/1296/1296 1294/1294/1294 1295/1295/1295 
f 1294/1294/1294 1296/1296/1296 1297/1297/1297 
f 1298/1298/1298 1297/1297/1297 1296/1296/1296 
f 1297/1297/1297 1298/1298/1298 1299/1299/1299 
f 1299/1299/1299 1298/1298/1298 1300/1300/1300 
f 1300/1300/1300 1298/1298/1298 1301/1301/1301 
f 1302/1302/1302 1300/1300/1300 1301/1301/1301 
f 1302/1302/1302 1301/1301/1301 1303/1303/1303 
f 1304/1304/1304 1305/1305/1305 1306/1306/1306 
f 1305/1305/1305 1304/1304/1304 1307/1307/1307 
f 1308/1308/1308 1309/1309/1309 1310/1310/1310 
f 1309/1309/1309 1308/1308/1308 1311/1311/1311 
f 1312/1312/1312 1313/1313/1313 1314/1314/1314 
f 1313/1313/1313 1312/1312/1312 1315/1315/1315 
f 1316/1316/1316 1317/1317/1317 1318/1318/1318 
f 1317/1317/1317 1316/1316/1316 1319/1319/1319 
f 1320/1320/1320 1321/1321/1321 1322/1322/1322 
f 1321/1321/1321 1320/1320/1320 1323/1323/1323 
f 1324/1324/1324 1325/1325/1325 1326/1326/1326 
f 1325/1325/1325 1324/1324/1324 1327/1327/1327 
f 1328/1328/1328 1329/1329/1329 1330/1330/1330 
f 1329/1329/1329 1328/1328/1328 1331/1331/1331 
f 1332/1332/1332 1333/1333/1333 1334/1334/1334 
f 1333/1333/1333 1332/1332/1332 1335/1335/1335 
f 1336/1336/1336 1337/1337/1337 1338/1338/1338 
f 1337/1337/1337 1336/1336/1336 1339/1339/1339 
f 1340/1340/1340 1341/1341/1341 1342/1342/1342 
f 1341/1341/1341 1340/1340/1340 1343/1343/1343 
f 1344/1344/1344 1345/1345/1345 1346/1346/1346 
f 1345/1345/1345 1344/1344/1344 1347/1347/1347 
f 1348/1348/1348 1349/1349/1349 1350/1350/1350 
f 1349/1349/1349 1348/1348/1348 1351/1351/1351 
f 1352/1352/1352 1353/1353/1353 1354/1354/1354 
f 1353/1353/1353 1352/1352/1352 1355/1355/1355 
f 1356/1356/1356 1357/1357/1357 1358/1358/1358 
f 1357/1357/1357 1356/1356/1356 1359/1359/1359 
f 1360/1360/1360 1361/1361/1361 1362/1362/1362 
f 1361/1361/1361 1360/1360/1360 1363/1363/1363 
f 1364/1364/1364 1365/1365/1365 1366/1366/1366 
f 1365/1365/1365 1364/1364/1364 1367/1367/1367 
f 1368/1368/1368 1369/1369/1369 1370/1370/1370 
f 1369/1369/1369 1368/1368/1368 1371/1371/1371 
f 1372/1372/1372 1373/1373/1373 1374/1374/1374 
f 1373/1373/1373 1372/1372/1372 1375/1375/1375 
f 1376/1376/1376 1377/1377/1377 1378/1378/1378 
f 1377/1377/1377 1376/1376/1376 1379/1379/1379 
f 1380/1380/1380 1381/1381/1381 1382/1382/1382 
f 1381/1381/1381 1380/1380/1380 1383/1383/1383 
f 1384/1384/1384 1385/1385/1385 1386/1386/1386 
f 1385/1385/1385 1384/1384/1384 1387/1387/1387 
f 1388/1388/1388 1389/1389/1389 1390/1390/1390 
f 1389/1389/1389 1388/1388/1388 1391/1391/1391 
f 1392/1392/1392 1393/1393/1393 1394/1394/1394 
f 1393/1393/1393 1392/1392/1392 1395/1395/1395 
f 1396/1396/1396 1397/1397/1397 1398/1398/1398 
f 1397/1397/1397 1396/1396/1396 1399/1399/1399 
f 1400/1400/1400 1401/1401/1401 1402/1402/1402 
f 1401/1401/1401 1400/1400/1400 1403/1403/1403 
f 1404/1404/1404 1405/1405/1405 1406/1406/1406 
f 1405/1405/1405 1404/1404/1404 1407/1407/1407 
f 1408/1408/1408 1409/1409/1409 1410/1410/1410 
f 1409/1409/1409 1408/1408/1408 1411/1411/1411 
f 1412/1412/1412 1413/1413/1413 1414/1414/1414 
f 1413/1413/1413 1412/1412/1412 1415/1415/1415 
f 1416/1416/1416 1415/1415/1415 1412/1412/1412 
f 1415/1415/1415 1416/1416/1416 1417/1417/1417 
f 1416/1416/1416 1418/1418/1418 1417/1417/1417 
f 1416/1416/1416 1419/1419/1419 1418/1418/1418 
f 1419/1419/1419 1420/1420/1420 1418/1418/1418 
f 1421/1421/1421 1420/1420/1420 1419/1419/1419 
f 1422/1422/1422 1420/1420/1420 1421/1421/1421 
f 1420/1420/1420 1422/1422/1422 1423/1423/1423 
f 1424/1424/1424 1423/1423/1423 1422/1422/1422 
f 1423/1423/1423 1424/1424/1424 1425/1425/1425 
f 1424/1424/1424 1426/1426/1426 1425/1425/1425 
f 1426/1426/1426 1424/1424/1424 1427/1427/1427 
f 1427/1427/1427 1428/1428/1428 1426/1426/1426 
f 1427/1427/1427 1429/1429/1429 1428/1428/1428 
f 1430/1430/1430 1431/1431/1431 1432/1432/1432 
f 1431/1431/1431 1430/1430/1430 1433/1433/1433 
f 1434/1434/1434 1435/1435/1435 1436/1436/1436 
f 1435/1435/1435 1434/1434/1434 1437/1437/1437 
f 1438/1438/1438 1439/1439/1439 1440/1440/1440 
f 1438/1438/1438 1440/1440/1440 1441/1441/1441 
f 1442/1442/1442 1443/1443/1443 1444/1444/1444 
f 1443/1443/1443 1442/1442/1442 1445/1445/1445 
f 1446/1446/1446 1447/1447/1447 1448/1448/1448 
f 1448/1448/1448 1447/1447/1447 1449/1449/1449 
f 1450/1450/1450 1451/1451/1451 1452/1452/1452 
f 1451/1451/1451 1450/1450/1450 1453/1453/1453 
f 1454/1454/1454 1455/1455/1455 1456/1456/1456 
f 1455/1455/1455 1454/1454/1454 1457/1457/1457 
f 1458/1458/1458 1459/1459/1459 1460/1460/1460 
f 1461/1461/1461 1459/1459/1459 1458/1458/1458 
f 1461/1461/1461 1462/1462/1462 1459/1459/1459 
f 1463/1463/1463 1462/1462/1462 1461/1461/1461 
f 1462/1462/1462 1463/1463/1463 1464/1464/1464 
f 1464/1464/1464 1463/1463/1463 1465/1465/1465 
f 1466/1466/1466 1467/1467/1467 1468/1468/1468 
f 1467/1467/1467 1466/1466/1466 1469/1469/1469 
f 1470/1470/1470 1471/1471/1471 1472/1472/1472 
f 1473/1473/1473 1471/1471/1471 1470/1470/1470 
f 1471/1471/1471 1473/1473/1473 1474/1474/1474 
f 1474/1474/1474 1473/1473/1473 1475/1475/1475 
f 1475/1475/1475 1476/1476/1476 1474/1474/1474 
f 1476/1476/1476 1475/1475/1475 1477/1477/1477 
f 1478/1478/1478 1479/1479/1479 1480/1480/1480 
f 1479/1479/1479 1478/1478/1478 1481/1481/1481 
f 1482/1482/1482 1483/1483/1483 1484/1484/1484 
f 1483/1483/1483 1482/1482/1482 1485/1485/1485 
f 1486/1486/1486 1487/1487/1487 1488/1488/1488 
f 1487/1487/1487 1486/1486/1486 1489/1489/1489 
f 1490/1490/1490 1491/1491/1491 1492/1492/1492 
f 1492/1492/1492 1491/1491/1491 1493/1493/1493 
f 1494/1494/1494 1495/1495/1495 1496/1496/1496 
f 1495/1495/1495 1494/1494/1494 1497/1497/1497 
f 1498/1498/1498 1499/1499/1499 1500/1500/1500 
f 1499/1499/1499 1498/1498/1498 1501/1501/1501 
f 1502/1502/1502 1503/1503/1503 1504/1504/1504 
f 1503/1503/1503 1502/1502/1502 1505/1505/1505 
f 1506/1506/1506 1507/1507/1507 1508/1508/1508 
f 1507/1507/1507 1506/1506/1506 1509/1509/1509 
f 1510/1510/1510 1511/1511/1511 1512/1512/1512 
f 1511/1511/1511 1510/1510/1510 1513/1513/1513 
f 1514/1514/1514 1515/1515/1515 1516/1516/1516 
f 1515/1515/1515 1514/1514/1514 1517/1517/1517 
f 1518/1518/1518 1519/1519/1519 1520/1520/1520 
f 1519/1519/1519 1518/1518/1518 1521/1521/1521 
f 1522/1522/1522 1523/1523/1523 1524/1524/1524 
f 1523/1523/1523 1522/1522/1522 1525/1525/1525 
f 1526/1526/1526 1527/1527/1527 1528/1528/1528 
f 1527/1527/1527 1526/1526/1526 1529/1529/1529 
f 1530/1530/1530 1531/1531/1531 1532/1532/1532 
f 1531/1531/1531 1530/1530/1530 1533/1533/1533 
f 1534/1534/1534 1535/1535/1535 1536/1536/1536 
f 1535/1535/1535 1534/1534/1534 1537/1537/1537 
f 1538/1538/1538 1539/1539/1539 1540/1540/1540 
f 1539/1539/1539 1538/1538/1538 1541/1541/1541 
f 1542/1542/1542 1543/1543/1543 1544/1544/1544 
f 1543/1543/1543 1542/1542/1542 1545/1545/1545 
f 1546/1546/1546 1547/1547/1547 1548/1548/1548 
f 1547/1547/1547 1546/1546/1546 1549/1549/1549 
f 1550/1550/1550 1551/1551/1551 1552/1552/1552 
f 1551/1551/1551 1550/1550/1550 1553/1553/1553 
f 1554/1554/1554 1555/1555/1555 1556/1556/1556 
f 1555/1555/1555 1554/1554/1554 1557/1557/1557 
f 1558/1558/1558 1559/1559/1559 1560/1560/1560 
f 1559/1559/1559 1558/1558/1558 1561/1561/1561 
f 1562/1562/1562 1560/1560/1560 1559/1559/1559 
f 1558/1558/1558 1563/1563/1563 1561/1561/1561 
f 1560/1560/1560 1562/1562/1562 1564/1564/1564 
f 1563/1563/1563 1558/1558/1558 1565/1565/1565 
f 1562/1562/1562 1566/1566/1566 1564/1564/1564 
f 1567/1567/1567 1563/1563/1563 1565/1565/1565 
f 1562/1562/1562 1568/1568/1568 1566/1566/1566 
f 1566/1566/1566 1568/1568/1568 1569/1569/1569 
f 1568/1568/1568 1570/1570/1570 1569/1569/1569 
f 1567/1567/1567 1565/1565/1565 1571/1571/1571 
f 1572/1572/1572 1567/1567/1567 1571/1571/1571 
f 1567/1567/1567 1572/1572/1572 1573/1573/1573 
f 1574/1574/1574 1573/1573/1573 1572/1572/1572 
f 1573/1573/1573 1574/1574/1574 1575/1575/1575 
f 1576/1576/1576 1577/1577/1577 1578/1578/1578 
f 1577/1577/1577 1576/1576/1576 1579/1579/1579 
f 1580/1580/1580 1581/1581/1581 1582/1582/1582 
f 1580/1580/1580 1582/1582/1582 1583/1583/1583 
f 1582/1582/1582 1581/1581/1581 1584/1584/1584 
f 1585/1585/1585 1580/1580/1580 1583/1583/1583 
f 1581/1581/1581 1586/1586/1586 1584/1584/1584 
f 1580/1580/1580 1585/1585/1585 1587/1587/1587 
f 1588/1588/1588 1584/1584/1584 1586/1586/1586 
f 1584/1584/1584 1588/1588/1588 1589/1589/1589 
f 1590/1590/1590 1589/1589/1589 1588/1588/1588 
f 1589/1589/1589 1590/1590/1590 1591/1591/1591 
f 1592/1592/1592 1587/1587/1587 1585/1585/1585 
f 1587/1587/1587 1592/1592/1592 1593/1593/1593 
f 1592/1592/1592 1594/1594/1594 1593/1593/1593 
f 1594/1594/1594 1592/1592/1592 1595/1595/1595 
f 1596/1596/1596 1594/1594/1594 1595/1595/1595 
f 1597/1597/1597 1596/1596/1596 1595/1595/1595 
f 1598/1598/1598 1599/1599/1599 1600/1600/1600 
f 1599/1599/1599 1598/1598/1598 1601/1601/1601 
f 1602/1602/1602 1603/1603/1603 1604/1604/1604 
f 1603/1603/1603 1602/1602/1602 1605/1605/1605 
f 1606/1606/1606 1607/1607/1607 1608/1608/1608 
f 1607/1607/1607 1606/1606/1606 1609/1609/1609 
f 1610/1610/1610 1611/1611/1611 1612/1612/1612 
f 1611/1611/1611 1610/1610/1610 1613/1613/1613 
f 1614/1614/1614 1615/1615/1615 1616/1616/1616 
f 1615/1615/1615 1614/1614/1614 1617/1617/1617 
f 1618/1618/1618 1619/1619/1619 1620/1620/1620 
f 1619/1619/1619 1618/1618/1618 1621/1621/1621 
f 1622/1622/1622 1623/1623/1623 1624/1624/1624 
f 1623/1623/1623 1622/1622/1622 1625/1625/1625 
f 1626/1626/1626 1627/1627/1627 1628/1628/1628 
f 1627/1627/1627 1626/1626/1626 1629/1629/1629 
f 1630/1630/1630 1631/1631/1631 1632/1632/1632 
f 1631/1631/1631 1630/1630/1630 1633/1633/1633 
f 1634/1634/1634 1635/1635/1635 1636/1636/1636 
f 1635/1635/1635 1634/1634/1634 1637/1637/1637 
f 1638/1638/1638 1639/1639/1639 1640/1640/1640 
f 1639/1639/1639 1638/1638/1638 1641/1641/1641 
f 1642/1642/1642 1643/1643/1643 1644/1644/1644 
f 1643/1643/1643 1642/1642/1642 1645/1645/1645 
f 1646/1646/1646 1647/1647/1647 1648/1648/1648 
f 1647/1647/1647 1646/1646/1646 1649/1649/1649 
f 1650/1650/1650 1651/1651/1651 1652/1652/1652 
f 1653/1653/1653 1652/1652/1652 1651/1651/1651 
f 1652/1652/1652 1654/1654/1654 1650/1650/1650 
f 1654/1654/1654 1655/1655/1655 1650/1650/1650 
f 1656/1656/1656 1650/1650/1650 1655/1655/1655 
f 1655/1655/1655 1657/1657/1657 1656/1656/1656 
f 1658/1658/1658 1659/1659/1659 1660/1660/1660 
f 1659/1659/1659 1658/1658/1658 1661/1661/1661 
f 1662/1662/1662 1663/1663/1663 1664/1664/1664 
f 1662/1662/1662 1664/1664/1664 1665/1665/1665 
f 1666/1666/1666 1667/1667/1667 1668/1668/1668 
f 1667/1667/1667 1666/1666/1666 1669/1669/1669 
f 1670/1670/1670 1671/1671/1671 1672/1672/1672 
f 1671/1671/1671 1670/1670/1670 1673/1673/1673 
f 1674/1674/1674 1675/1675/1675 1676/1676/1676 
f 1676/1676/1676 1677/1677/1677 1674/1674/1674 
f 1678/1678/1678 1679/1679/1679 1680/1680/1680 
f 1679/1679/1679 1678/1678/1678 1681/1681/1681 
f 1682/1682/1682 1683/1683/1683 1684/1684/1684 
f 1683/1683/1683 1682/1682/1682 1685/1685/1685 
f 1685/1685/1685 1686/1686/1686 1683/1683/1683 
f 1686/1686/1686 1685/1685/1685 1687/1687/1687 
f 1686/1686/1686 1687/1687/1687 1688/1688/1688 
f 1689/1689/1689 1684/1684/1684 1683/1683/1683 
f 1683/1683/1683 1690/1690/1690 1689/1689/1689 
f 1690/1690/1690 1683/1683/1683 1686/1686/1686 
f 1684/1684/1684 1689/1689/1689 1691/1691/1691 
f 1692/1692/1692 1682/1682/1682 1684/1684/1684 
f 1682/1682/1682 1692/1692/1692 1693/1693/1693 
f 1692/1692/1692 1694/1694/1694 1693/1693/1693 
f 1694/1694/1694 1692/1692/1692 1695/1695/1695 
f 1692/1692/1692 1696/1696/1696 1695/1695/1695 
f 1697/1697/1697 1692/1692/1692 1684/1684/1684 
f 1696/1696/1696 1692/1692/1692 1697/1697/1697 
f 1684/1684/1684 1691/1691/1691 1697/1697/1697 
f 1698/1698/1698 1696/1696/1696 1697/1697/1697 
f 1691/1691/1691 1698/1698/1698 1697/1697/1697 
f 1696/1696/1696 1698/1698/1698 1699/1699/1699 
f 1691/1691/1691 1700/1700/1700 1698/1698/1698 
f 1700/1700/1700 1691/1691/1691 1701/1701/1701 
f 1702/1702/1702 1699/1699/1699 1698/1698/1698 
f 1699/1699/1699 1702/1702/1702 1703/1703/1703 
f 1704/1704/1704 1698/1698/1698 1700/1700/1700 
f 1698/1698/1698 1704/1704/1704 1702/1702/1702 
f 1703/1703/1703 1702/1702/1702 1705/1705/1705 
f 1701/1701/1701 1706/1706/1706 1700/1700/1700 
f 1690/1690/1690 1706/1706/1706 1701/1701/1701 
f 1700/1700/1700 1707/1707/1707 1704/1704/1704 
f 1707/1707/1707 1700/1700/1700 1706/1706/1706 
f 1708/1708/1708 1704/1704/1704 1707/1707/1707 
f 1709/1709/1709 1702/1702/1702 1704/1704/1704 
f 1704/1704/1704 1708/1708/1708 1709/1709/1709 
f 1702/1702/1702 1709/1709/1709 1710/1710/1710 
f 1702/1702/1702 1710/1710/1710 1705/1705/1705 
f 1706/1706/1706 1711/1711/1711 1707/1707/1707 
f 1711/1711/1711 1708/1708/1708 1707/1707/1707 
f 1706/1706/1706 1690/1690/1690 1712/1712/1712 
f 1711/1711/1711 1706/1706/1706 1712/1712/1712 
f 1713/1713/1713 1712/1712/1712 1690/1690/1690 
f 1686/1686/1686 1713/1713/1713 1690/1690/1690 
f 1714/1714/1714 1711/1711/1711 1712/1712/1712 
f 1712/1712/1712 1713/1713/1713 1714/1714/1714 
f 1713/1713/1713 1686/1686/1686 1715/1715/1715 
f 1688/1688/1688 1715/1715/1715 1686/1686/1686 
f 1715/1715/1715 1716/1716/1716 1713/1713/1713 
f 1688/1688/1688 1717/1717/1717 1715/1715/1715 
f 1716/1716/1716 1715/1715/1715 1717/1717/1717 
f 1717/1717/1717 1688/1688/1688 1718/1718/1718 
f 1719/1719/1719 1717/1717/1717 1718/1718/1718 
f 1717/1717/1717 1719/1719/1719 1720/1720/1720 
f 1720/1720/1720 1716/1716/1716 1717/1717/1717 
f 1721/1721/1721 1720/1720/1720 1719/1719/1719 
f 1720/1720/1720 1721/1721/1721 1722/1722/1722 
f 1722/1722/1722 1723/1723/1723 1720/1720/1720 
f 1716/1716/1716 1720/1720/1720 1723/1723/1723 
f 1723/1723/1723 1722/1722/1722 1724/1724/1724 
f 1725/1725/1725 1713/1713/1713 1716/1716/1716 
f 1713/1713/1713 1725/1725/1725 1714/1714/1714 
f 1716/1716/1716 1726/1726/1726 1725/1725/1725 
f 1726/1726/1726 1716/1716/1716 1727/1727/1727 
f 1728/1728/1728 1727/1727/1727 1724/1724/1724 
f 1727/1727/1727 1728/1728/1728 1726/1726/1726 
f 1725/1725/1725 1729/1729/1729 1714/1714/1714 
f 1711/1711/1711 1714/1714/1714 1729/1729/1729 
f 1726/1726/1726 1730/1730/1730 1725/1725/1725 
f 1725/1725/1725 1730/1730/1730 1729/1729/1729 
f 1726/1726/1726 1728/1728/1728 1731/1731/1731 
f 1726/1726/1726 1731/1731/1731 1730/1730/1730 
f 1731/1731/1731 1728/1728/1728 1732/1732/1732 
f 1733/1733/1733 1711/1711/1711 1729/1729/1729 
f 1733/1733/1733 1729/1729/1729 1730/1730/1730 
f 1711/1711/1711 1733/1733/1733 1734/1734/1734 
f 1711/1711/1711 1734/1734/1734 1708/1708/1708 
f 1733/1733/1733 1730/1730/1730 1735/1735/1735 
f 1730/1730/1730 1731/1731/1731 1735/1735/1735 
f 1736/1736/1736 1734/1734/1734 1733/1733/1733 
f 1735/1735/1735 1736/1736/1736 1733/1733/1733 
f 1737/1737/1737 1708/1708/1708 1734/1734/1734 
f 1734/1734/1734 1736/1736/1736 1737/1737/1737 
f 1738/1738/1738 1739/1739/1739 1740/1740/1740 
f 1739/1739/1739 1738/1738/1738 1741/1741/1741 
f 1742/1742/1742 1743/1743/1743 1744/1744/1744 
f 1743/1743/1743 1742/1742/1742 1745/1745/1745 
f 1746/1746/1746 1747/1747/1747 1748/1748/1748 
f 1747/1747/1747 1746/1746/1746 1749/1749/1749 
f 1750/1750/1750 1751/1751/1751 1752/1752/1752 
f 1750/1750/1750 1753/1753/1753 1751/1751/1751 
f 1753/1753/1753 1750/1750/1750 1754/1754/1754 
f 1750/1750/1750 1752/1752/1752 1755/1755/1755 
f 1755/1755/1755 1752/1752/1752 1756/1756/1756 
f 1757/1757/1757 1754/1754/1754 1750/1750/1750 
f 1757/1757/1757 1750/1750/1750 1755/1755/1755 
f 1754/1754/1754 1757/1757/1757 1758/1758/1758 
f 1759/1759/1759 1758/1758/1758 1757/1757/1757 
f 1759/1759/1759 1757/1757/1757 1760/1760/1760 
f 1761/1761/1761 1759/1759/1759 1760/1760/1760 
f 1761/1761/1761 1760/1760/1760 1762/1762/1762 
f 1760/1760/1760 1763/1763/1763 1762/1762/1762 
f 1763/1763/1763 1760/1760/1760 1764/1764/1764 
f 1757/1757/1757 1764/1764/1764 1760/1760/1760 
f 1764/1764/1764 1765/1765/1765 1763/1763/1763 
f 1764/1764/1764 1757/1757/1757 1766/1766/1766 
f 1757/1757/1757 1755/1755/1755 1766/1766/1766 
f 1765/1765/1765 1764/1764/1764 1767/1767/1767 
f 1766/1766/1766 1767/1767/1767 1764/1764/1764 
f 1765/1765/1765 1767/1767/1767 1768/1768/1768 
f 1768/1768/1768 1769/1769/1769 1765/1765/1765 
f 1767/1767/1767 1766/1766/1766 1770/1770/1770 
f 1770/1770/1770 1768/1768/1768 1767/1767/1767 
f 1768/1768/1768 1771/1771/1771 1769/1769/1769 
f 1772/1772/1772 1770/1770/1770 1766/1766/1766 
f 1766/1766/1766 1755/1755/1755 1772/1772/1772 
f 1756/1756/1756 1772/1772/1772 1755/1755/1755 
f 1772/1772/1772 1773/1773/1773 1770/1770/1770 
f 1768/1768/1768 1770/1770/1770 1773/1773/1773 
f 1756/1756/1756 1774/1774/1774 1772/1772/1772 
f 1773/1773/1773 1772/1772/1772 1774/1774/1774 
f 1774/1774/1774 1756/1756/1756 1775/1775/1775 
f 1776/1776/1776 1774/1774/1774 1775/1775/1775 
f 1777/1777/1777 1773/1773/1773 1774/1774/1774 
f 1776/1776/1776 1777/1777/1777 1774/1774/1774 
f 1773/1773/1773 1778/1778/1778 1768/1768/1768 
f 1771/1771/1771 1768/1768/1768 1778/1778/1778 
f 1773/1773/1773 1777/1777/1777 1779/1779/1779 
f 1778/1778/1778 1773/1773/1773 1779/1779/1779 
f 1776/1776/1776 1780/1780/1780 1777/1777/1777 
f 1780/1780/1780 1776/1776/1776 1781/1781/1781 
f 1777/1777/1777 1782/1782/1782 1779/1779/1779 
f 1782/1782/1782 1777/1777/1777 1780/1780/1780 
f 1778/1778/1778 1779/1779/1779 1782/1782/1782 
f 1771/1771/1771 1778/1778/1778 1783/1783/1783 
f 1782/1782/1782 1783/1783/1783 1778/1778/1778 
f 1783/1783/1783 1784/1784/1784 1771/1771/1771 
f 1780/1780/1780 1785/1785/1785 1782/1782/1782 
f 1783/1783/1783 1782/1782/1782 1785/1785/1785 
f 1784/1784/1784 1783/1783/1783 1786/1786/1786 
f 1785/1785/1785 1786/1786/1786 1783/1783/1783 
f 1786/1786/1786 1787/1787/1787 1784/1784/1784 
f 1786/1786/1786 1788/1788/1788 1787/1787/1787 
f 1788/1788/1788 1786/1786/1786 1789/1789/1789 
f 1786/1786/1786 1790/1790/1790 1789/1789/1789 
f 1786/1786/1786 1785/1785/1785 1790/1790/1790 
f 1791/1791/1791 1790/1790/1790 1785/1785/1785 
f 1785/1785/1785 1792/1792/1792 1791/1791/1791 
f 1785/1785/1785 1780/1780/1780 1792/1792/1792 
f 1793/1793/1793 1791/1791/1791 1792/1792/1792 
f 1781/1781/1781 1792/1792/1792 1780/1780/1780 
f 1793/1793/1793 1792/1792/1792 1794/1794/1794 
f 1792/1792/1792 1781/1781/1781 1794/1794/1794 
f 1795/1795/1795 1796/1796/1796 1797/1797/1797 
f 1796/1796/1796 1798/1798/1798 1797/1797/1797 
f 1799/1799/1799 1796/1796/1796 1795/1795/1795 
f 1800/1800/1800 1799/1799/1799 1795/1795/1795 
f 1801/1801/1801 1799/1799/1799 1800/1800/1800 
f 1802/1802/1802 1801/1801/1801 1800/1800/1800 
f 1803/1803/1803 1801/1801/1801 1802/1802/1802 
f 1801/1801/1801 1803/1803/1803 1804/1804/1804 
f 1805/1805/1805 1804/1804/1804 1803/1803/1803 
f 1804/1804/1804 1805/1805/1805 1806/1806/1806 
f 1807/1807/1807 1808/1808/1808 1809/1809/1809 
f 1808/1808/1808 1807/1807/1807 1810/1810/1810 
f 1811/1811/1811 1812/1812/1812 1813/1813/1813 
f 1813/1813/1813 1814/1814/1814 1811/1811/1811 
f 1815/1815/1815 1816/1816/1816 1817/1817/1817 
f 1816/1816/1816 1815/1815/1815 1818/1818/1818 
f 1819/1819/1819 1820/1820/1820 1821/1821/1821 
f 1822/1822/1822 1821/1821/1821 1820/1820/1820 
f 1821/1821/1821 1823/1823/1823 1819/1819/1819 
f 1823/1823/1823 1824/1824/1824 1819/1819/1819 
f 1825/1825/1825 1819/1819/1819 1824/1824/1824 
f 1824/1824/1824 1826/1826/1826 1825/1825/1825 
f 1827/1827/1827 1828/1828/1828 1829/1829/1829 
f 1828/1828/1828 1827/1827/1827 1830/1830/1830 
f 1831/1831/1831 1832/1832/1832 1833/1833/1833 
f 1832/1832/1832 1831/1831/1831 1834/1834/1834 
f 1835/1835/1835 1836/1836/1836 1837/1837/1837 
f 1836/1836/1836 1835/1835/1835 1838/1838/1838 
f 1839/1839/1839 1840/1840/1840 1841/1841/1841 
f 1842/1842/1842 1843/1843/1843 1844/1844/1844 
f 1842/1842/1842 1844/1844/1844 1845/1845/1845 
f 1846/1846/1846 1847/1847/1847 1848/1848/1848 
f 1849/1849/1849 1848/1848/1848 1847/1847/1847 
f 1848/1848/1848 1849/1849/1849 1850/1850/1850 
f 1847/1847/1847 1846/1846/1846 1851/1851/1851 
f 1846/1846/1846 1852/1852/1852 1851/1851/1851 
f 1846/1846/1846 1853/1853/1853 1852/1852/1852 
f 1852/1852/1852 1853/1853/1853 1854/1854/1854 
f 1853/1853/1853 1855/1855/1855 1854/1854/1854 
f 1856/1856/1856 1857/1857/1857 1858/1858/1858 
f 1857/1857/1857 1856/1856/1856 1859/1859/1859 
f 1860/1860/1860 1861/1861/1861 1862/1862/1862 
f 1861/1861/1861 1860/1860/1860 1863/1863/1863 
f 1864/1864/1864 1865/1865/1865 1866/1866/1866 
f 1867/1867/1867 1868/1868/1868 1864/1864/1864 
f 1869/1869/1869 1870/1870/1870 1867/1867/1867 
f 1871/1871/1871 1872/1872/1872 1869/1869/1869 
f 1873/1873/1873 1874/1874/1874 1871/1871/1871 
f 1875/1875/1875 1876/1876/1876 1873/1873/1873 
f 1877/1877/1877 1878/1878/1878 1875/1875/1875 
f 1879/1879/1879 1880/1880/1880 1877/1877/1877 
f 1881/1881/1881 1882/1882/1882 1879/1879/1879 
f 1883/1883/1883 1884/1884/1884 1881/1881/1881 
f 1885/1885/1885 1886/1886/1886 1883/1883/1883 
f 1887/1887/1887 1888/1888/1888 1885/1885/1885 
f 1889/1889/1889 1890/1890/1890 1887/1887/1887 
f 1891/1891/1891 1892/1892/1892 1893/1893/1893 
f 1894/1894/1894 1895/1895/1895 1896/1896/1896 
f 1895/1895/1895 1894/1894/1894 1897/1897/1897 
f 1898/1898/1898 1899/1899/1899 1900/1900/1900 
f 1899/1899/1899 1898/1898/1898 1901/1901/1901 
f 1902/1902/1902 1903/1903/1903 1904/1904/1904 
f 1903/1903/1903 1902/1902/1902 1905/1905/1905 
f 1906/1906/1906 1907/1907/1907 1908/1908/1908 
f 1907/1907/1907 1906/1906/1906 1909/1909/1909 
f 1910/1910/1910 1911/1911/1911 1912/1912/1912 
f 1911/1911/1911 1910/1910/1910 1913/1913/1913 
f 1914/1914/1914 1915/1915/1915 1916/1916/1916 
f 1915/1915/1915 1914/1914/1914 1917/1917/1917 
f 1918/1918/1918 1919/1919/1919 1920/1920/1920 
f 1918/1918/1918 1920/1920/1920 1921/1921/1921 
f 1922/1922/1922 1923/1923/1923 1924/1924/1924 
f 1924/1924/1924 1925/1925/1925 1922/1922/1922 
f 1926/1926/1926 1927/1927/1927 1928/1928/1928 
f 1927/1927/1927 1926/1926/1926 1929/1929/1929 
f 1930/1930/1930 1931/1931/1931 1932/1932/1932 
f 1930/1930/1930 1932/1932/1932 1933/1933/1933 
f 1934/1934/1934 1935/1935/1935 1936/1936/1936 
f 1935/1935/1935 1934/1934/1934 1937/1937/1937 
f 1938/1938/1938 1939/1939/1939 1940/1940/1940 
f 1938/1938/1938 1940/1940/1940 1941/1941/1941 
f 1942/1942/1942 1943/1943/1943 1944/1944/1944 
f 1943/1943/1943 1942/1942/1942 1945/1945/1945 
f 1946/1946/1946 1947/1947/1947 1948/1948/1948 
f 1949/1949/1949 1950/1950/1950 1951/1951/1951 
f 1949/1949/1949 1951/1951/1951 1952/1952/1952 
f 1953/1953/1953 1954/1954/1954 1955/1955/1955 
f 1956/1956/1956 1953/1953/1953 1957/1957/1957 
f 1958/1958/1958 1959/1959/1959 1960/1960/1960 
f 1959/1959/1959 1958/1958/1958 1961/1961/1961 
f 1962/1962/1962 1961/1961/1961 1958/1958/1958 
f 1961/1961/1961 1962/1962/1962 1963/1963/1963 
f 1964/1964/1964 1963/1963/1963 1962/1962/1962 
f 1963/1963/1963 1964/1964/1964 1965/1965/1965 
f 1964/1964/1964 1966/1966/1966 1965/1965/1965 
f 1966/1966/1966 1964/1964/1964 1967/1967/1967 
f 1967/1967/1967 1968/1968/1968 1966/1966/1966 
f 1968/1968/1968 1967/1967/1967 1969/1969/1969 
f 1970/1970/1970 1971/1971/1971 1972/1972/1972 
f 1971/1971/1971 1970/1970/1970 1973/1973/1973 
f 1974/1974/1974 1975/1975/1975 1976/1976/1976 
f 1977/1977/1977 1976/1976/1976 1975/1975/1975 
f 1974/1974/1974 1976/1976/1976 1978/1978/1978 
f 1979/1979/1979 1974/1974/1974 1978/1978/1978 
f 1979/1979/1979 1978/1978/1978 1980/1980/1980 
f 1976/1976/1976 1977/1977/1977 1981/1981/1981 
f 1982/1982/1982 1981/1981/1981 1977/1977/1977 
f 1981/1981/1981 1982/1982/1982 1983/1983/1983 
f 1984/1984/1984 1985/1985/1985 1986/1986/1986 
f 1986/1986/1986 1987/1987/1987 1984/1984/1984 
f 1988/1988/1988 1989/1989/1989 1990/1990/1990 
f 1989/1989/1989 1988/1988/1988 1991/1991/1991 
f 1992/1992/1992 1993/1993/1993 1994/1994/1994 
f 1995/1995/1995 1996/1996/1996 1992/1992/1992 
f 1997/1997/1997 1998/1998/1998 1995/1995/1995 
f 1999/1999/1999 2000/2000/2000 1997/1997/1997 
f 2001/2001/2001 2002/2002/2002 1999/1999/1999 
f 2003/2003/2003 2004/2004/2004 2001/2001/2001 
f 1866/1866/1866 2005/2005/2005 2003/2003/2003 
f 2006/2006/2006 2007/2007/2007 2008/2008/2008 
f 2008/2008/2008 2009/2009/2009 2006/2006/2006 
f 2010/2010/2010 2011/2011/2011 2012/2012/2012 
f 2011/2011/2011 2010/2010/2010 2013/2013/2013 
f 2014/2014/2014 2015/2015/2015 2016/2016/2016 
f 2015/2015/2015 2014/2014/2014 2017/2017/2017 
f 2016/2016/2016 2018/2018/2018 2014/2014/2014 
f 2015/2015/2015 2017/2017/2017 2019/2019/2019 
f 2018/2018/2018 2016/2016/2016 2020/2020/2020 
f 2021/2021/2021 2016/2016/2016 2015/2015/2015 
f 2022/2022/2022 2020/2020/2020 2016/2016/2016 
f 2016/2016/2016 2021/2021/2021 2022/2022/2022 
f 2020/2020/2020 2022/2022/2022 2023/2023/2023 
f 2024/2024/2024 2023/2023/2023 2022/2022/2022 
f 2024/2024/2024 2022/2022/2022 2021/2021/2021 
f 2023/2023/2023 2024/2024/2024 2025/2025/2025 
f 2021/2021/2021 2026/2026/2026 2024/2024/2024 
f 2021/2021/2021 2015/2015/2015 2027/2027/2027 
f 2019/2019/2019 2027/2027/2027 2015/2015/2015 
f 2026/2026/2026 2021/2021/2021 2028/2028/2028 
f 2027/2027/2027 2028/2028/2028 2021/2021/2021 
f 2028/2028/2028 2029/2029/2029 2026/2026/2026 
f 2028/2028/2028 2030/2030/2030 2029/2029/2029 
f 2027/2027/2027 2031/2031/2031 2028/2028/2028 
f 2030/2030/2030 2028/2028/2028 2031/2031/2031 
f 2019/2019/2019 2032/2032/2032 2027/2027/2027 
f 2031/2031/2031 2027/2027/2027 2032/2032/2032 
f 2032/2032/2032 2019/2019/2019 2033/2033/2033 
f 2032/2032/2032 2033/2033/2033 2034/2034/2034 
f 2030/2030/2030 2031/2031/2031 2035/2035/2035 
f 2035/2035/2035 2036/2036/2036 2030/2030/2030 
f 2031/2031/2031 2032/2032/2032 2037/2037/2037 
f 2034/2034/2034 2037/2037/2037 2032/2032/2032 
f 2037/2037/2037 2035/2035/2035 2031/2031/2031 
f 2037/2037/2037 2034/2034/2034 2038/2038/2038 
f 2035/2035/2035 2039/2039/2039 2036/2036/2036 
f 2035/2035/2035 2037/2037/2037 2040/2040/2040 
f 2038/2038/2038 2040/2040/2040 2037/2037/2037 
f 2039/2039/2039 2035/2035/2035 2041/2041/2041 
f 2040/2040/2040 2041/2041/2041 2035/2035/2035 
f 2041/2041/2041 2042/2042/2042 2039/2039/2039 
f 2038/2038/2038 2043/2043/2043 2040/2040/2040 
f 2043/2043/2043 2038/2038/2038 2044/2044/2044 
f 2045/2045/2045 2043/2043/2043 2044/2044/2044 
f 2043/2043/2043 2045/2045/2045 2046/2046/2046 
f 2047/2047/2047 2040/2040/2040 2043/2043/2043 
f 2040/2040/2040 2047/2047/2047 2041/2041/2041 
f 2046/2046/2046 2047/2047/2047 2043/2043/2043 
f 2042/2042/2042 2041/2041/2041 2047/2047/2047 
f 2047/2047/2047 2046/2046/2046 2048/2048/2048 
f 2042/2042/2042 2047/2047/2047 2048/2048/2048 
f 2042/2042/2042 2048/2048/2048 2049/2049/2049 
f 2050/2050/2050 2051/2051/2051 2052/2052/2052 
f 2051/2051/2051 2050/2050/2050 2053/2053/2053 
f 2054/2054/2054 2055/2055/2055 2056/2056/2056 
f 2055/2055/2055 2054/2054/2054 2057/2057/2057 
f 2056/2056/2056 2058/2058/2058 2054/2054/2054 
f 2058/2058/2058 2056/2056/2056 2059/2059/2059 
f 2060/2060/2060 2059/2059/2059 2056/2056/2056 
f 2057/2057/2057 2061/2061/2061 2055/2055/2055 
f 2061/2061/2061 2057/2057/2057 2062/2062/2062 
f 2063/2063/2063 2056/2056/2056 2055/2055/2055 
f 2063/2063/2063 2055/2055/2055 2061/2061/2061 
f 2056/2056/2056 2064/2064/2064 2060/2060/2060 
f 2056/2056/2056 2063/2063/2063 2064/2064/2064 
f 2065/2065/2065 2060/2060/2060 2064/2064/2064 
f 2065/2065/2065 2064/2064/2064 2063/2063/2063 
f 2060/2060/2060 2065/2065/2065 2066/2066/2066 
f 2062/2062/2062 2067/2067/2067 2061/2061/2061 
f 2067/2067/2067 2062/2062/2062 2068/2068/2068 
f 2067/2067/2067 2068/2068/2068 2069/2069/2069 
f 2070/2070/2070 2066/2066/2066 2065/2065/2065 
f 2066/2066/2066 2070/2070/2070 2071/2071/2071 
f 2070/2070/2070 2072/2072/2072 2071/2071/2071 
f 2069/2069/2069 2073/2073/2073 2067/2067/2067 
f 2073/2073/2073 2069/2069/2069 2074/2074/2074 
f 2073/2073/2073 2074/2074/2074 2075/2075/2075 
f 2075/2075/2075 2074/2074/2074 2076/2076/2076 
f 2077/2077/2077 2067/2067/2067 2073/2073/2073 
f 2075/2075/2075 2077/2077/2077 2073/2073/2073 
f 2078/2078/2078 2061/2061/2061 2067/2067/2067 
f 2067/2067/2067 2077/2077/2077 2078/2078/2078 
f 2061/2061/2061 2078/2078/2078 2079/2079/2079 
f 2063/2063/2063 2061/2061/2061 2079/2079/2079 
f 2080/2080/2080 2079/2079/2079 2078/2078/2078 
f 2080/2080/2080 2078/2078/2078 2077/2077/2077 
f 2081/2081/2081 2063/2063/2063 2079/2079/2079 
f 2079/2079/2079 2080/2080/2080 2081/2081/2081 
f 2063/2063/2063 2081/2081/2081 2082/2082/2082 
f 2063/2063/2063 2082/2082/2082 2065/2065/2065 
f 2083/2083/2083 2081/2081/2081 2080/2080/2080 
f 2083/2083/2083 2082/2082/2082 2081/2081/2081 
f 2084/2084/2084 2065/2065/2065 2082/2082/2082 
f 2082/2082/2082 2083/2083/2083 2084/2084/2084 
f 2065/2065/2065 2084/2084/2084 2070/2070/2070 
f 2085/2085/2085 2070/2070/2070 2084/2084/2084 
f 2085/2085/2085 2084/2084/2084 2083/2083/2083 
f 2070/2070/2070 2085/2085/2085 2086/2086/2086 
f 2070/2070/2070 2086/2086/2086 2072/2072/2072 
f 2087/2087/2087 2072/2072/2072 2086/2086/2086 
f 2086/2086/2086 2088/2088/2088 2087/2087/2087 
f 2088/2088/2088 2089/2089/2089 2087/2087/2087 
f 2090/2090/2090 2086/2086/2086 2085/2085/2085 
f 2086/2086/2086 2090/2090/2090 2088/2088/2088 
f 2085/2085/2085 2083/2083/2083 2091/2091/2091 
f 2090/2090/2090 2085/2085/2085 2091/2091/2091 
f 2089/2089/2089 2088/2088/2088 2092/2092/2092 
f 2092/2092/2092 2093/2093/2093 2089/2089/2089 
f 2094/2094/2094 2088/2088/2088 2090/2090/2090 
f 2088/2088/2088 2094/2094/2094 2092/2092/2092 
f 2093/2093/2093 2092/2092/2092 2095/2095/2095 
f 2094/2094/2094 2095/2095/2095 2092/2092/2092 
f 2095/2095/2095 2096/2096/2096 2093/2093/2093 
f 2096/2096/2096 2095/2095/2095 2097/2097/2097 
f 2097/2097/2097 2095/2095/2095 2098/2098/2098 
f 2095/2095/2095 2094/2094/2094 2098/2098/2098 
f 2098/2098/2098 2099/2099/2099 2097/2097/2097 
f 2094/2094/2094 2090/2090/2090 2100/2100/2100 
f 2090/2090/2090 2091/2091/2091 2100/2100/2100 
f 2098/2098/2098 2094/2094/2094 2101/2101/2101 
f 2094/2094/2094 2100/2100/2100 2101/2101/2101 
f 2099/2099/2099 2098/2098/2098 2102/2102/2102 
f 2098/2098/2098 2101/2101/2101 2102/2102/2102 
f 2102/2102/2102 2103/2103/2103 2099/2099/2099 
f 2100/2100/2100 2091/2091/2091 2104/2104/2104 
f 2083/2083/2083 2104/2104/2104 2091/2091/2091 
f 2101/2101/2101 2100/2100/2100 2105/2105/2105 
f 2100/2100/2100 2104/2104/2104 2105/2105/2105 
f 2106/2106/2106 2102/2102/2102 2101/2101/2101 
f 2101/2101/2101 2105/2105/2105 2106/2106/2106 
f 2107/2107/2107 2103/2103/2103 2102/2102/2102 
f 2102/2102/2102 2106/2106/2106 2107/2107/2107 
f 2103/2103/2103 2107/2107/2107 2108/2108/2108 
f 2107/2107/2107 2109/2109/2109 2108/2108/2108 
f 2109/2109/2109 2107/2107/2107 2110/2110/2110 
f 2106/2106/2106 2110/2110/2110 2107/2107/2107 
f 2110/2110/2110 2111/2111/2111 2109/2109/2109 
f 2110/2110/2110 2106/2106/2106 2112/2112/2112 
f 2105/2105/2105 2112/2112/2112 2106/2106/2106 
f 2111/2111/2111 2110/2110/2110 2113/2113/2113 
f 2112/2112/2112 2113/2113/2113 2110/2110/2110 
f 2113/2113/2113 2114/2114/2114 2111/2111/2111 
f 2112/2112/2112 2105/2105/2105 2115/2115/2115 
f 2104/2104/2104 2115/2115/2115 2105/2105/2105 
f 2116/2116/2116 2117/2117/2117 2118/2118/2118 
f 2119/2119/2119 2120/2120/2120 2121/2121/2121 
f 2119/2119/2119 2121/2121/2121 2122/2122/2122 
f 2123/2123/2123 2124/2124/2124 2125/2125/2125 
f 2123/2123/2123 2125/2125/2125 2126/2126/2126 
f 2127/2127/2127 2128/2128/2128 2129/2129/2129 
f 2127/2127/2127 2129/2129/2129 2130/2130/2130 
f 2131/2131/2131 2132/2132/2132 2133/2133/2133 
f 2132/2132/2132 2131/2131/2131 2134/2134/2134 
f 2135/2135/2135 2136/2136/2136 2137/2137/2137 
f 2137/2137/2137 2138/2138/2138 2135/2135/2135 
f 2139/2139/2139 2140/2140/2140 2141/2141/2141 
f 2140/2140/2140 2142/2142/2142 2141/2141/2141 
f 2143/2143/2143 2144/2144/2144 2145/2145/2145 
f 2146/2146/2146 2147/2147/2147 2148/2148/2148 
f 2147/2147/2147 2146/2146/2146 2149/2149/2149 
f 2150/2150/2150 2151/2151/2151 2152/2152/2152 
f 2152/2152/2152 2153/2153/2153 2150/2150/2150 
f 2154/2154/2154 2155/2155/2155 2156/2156/2156 
f 2155/2155/2155 2154/2154/2154 2157/2157/2157 
f 2158/2158/2158 2159/2159/2159 2160/2160/2160 
f 2159/2159/2159 2158/2158/2158 2161/2161/2161 
f 2162/2162/2162 2163/2163/2163 2164/2164/2164 
f 2164/2164/2164 2163/2163/2163 2165/2165/2165 
f 2163/2163/2163 2162/2162/2162 2166/2166/2166 
f 2167/2167/2167 2166/2166/2166 2162/2162/2162 
f 2167/2167/2167 2168/2168/2168 2166/2166/2166 
f 2168/2168/2168 2167/2167/2167 2169/2169/2169 
f 2170/2170/2170 2171/2171/2171 2172/2172/2172 
f 2170/2170/2170 2172/2172/2172 2173/2173/2173 
f 2174/2174/2174 2175/2175/2175 2176/2176/2176 
f 2176/2176/2176 2177/2177/2177 2174/2174/2174 
f 2178/2178/2178 2179/2179/2179 2180/2180/2180 
f 2181/2181/2181 2182/2182/2182 2183/2183/2183 
f 2181/2181/2181 2183/2183/2183 2184/2184/2184 
f 2185/2185/2185 2186/2186/2186 2187/2187/2187 
f 2187/2187/2187 2188/2188/2188 2185/2185/2185 
f 2189/2189/2189 2190/2190/2190 2191/2191/2191 
f 2189/2189/2189 2191/2191/2191 2192/2192/2192 
f 2193/2193/2193 2194/2194/2194 2195/2195/2195 
f 2194/2194/2194 2193/2193/2193 2196/2196/2196 
f 2197/2197/2197 2198/2198/2198 2199/2199/2199 
f 2199/2199/2199 2198/2198/2198 2200/2200/2200 
f 2201/2201/2201 2202/2202/2202 2203/2203/2203 
f 2202/2202/2202 2201/2201/2201 2204/2204/2204 
f 2205/2205/2205 2206/2206/2206 2207/2207/2207 
f 2207/2207/2207 2206/2206/2206 2208/2208/2208 
f 2209/2209/2209 2210/2210/2210 2211/2211/2211 
f 2210/2210/2210 2209/2209/2209 2212/2212/2212 
f 2213/2213/2213 2214/2214/2214 2215/2215/2215 
f 2214/2214/2214 2213/2213/2213 2216/2216/2216 
f 2217/2217/2217 2218/2218/2218 2219/2219/2219 
f 2218/2218/2218 2217/2217/2217 2220/2220/2220 
f 2221/2221/2221 2222/2222/2222 2223/2223/2223 
f 2223/2223/2223 2222/2222/2222 2224/2224/2224 
f 2225/2225/2225 2226/2226/2226 2227/2227/2227 
f 2228/2228/2228 2225/2225/2225 2227/2227/2227 
f 2225/2225/2225 2228/2228/2228 2229/2229/2229 
f 2226/2226/2226 2225/2225/2225 2230/2230/2230 
f 2231/2231/2231 2226/2226/2226 2230/2230/2230 
f 2232/2232/2232 2231/2231/2231 2230/2230/2230 
f 2233/2233/2233 2231/2231/2231 2232/2232/2232 
f 2231/2231/2231 2233/2233/2233 2234/2234/2234 
f 2235/2235/2235 2234/2234/2234 2233/2233/2233 
f 2234/2234/2234 2235/2235/2235 2236/2236/2236 
f 2237/2237/2237 2236/2236/2236 2235/2235/2235 
f 2238/2238/2238 2237/2237/2237 2235/2235/2235 
f 2238/2238/2238 2239/2239/2239 2237/2237/2237 
f 2239/2239/2239 2238/2238/2238 2240/2240/2240 
f 2241/2241/2241 2239/2239/2239 2240/2240/2240 
f 2239/2239/2239 2241/2241/2241 2242/2242/2242 
f 2243/2243/2243 2244/2244/2244 2245/2245/2245 
f 2243/2243/2243 2245/2245/2245 2246/2246/2246 
f 2247/2247/2247 2248/2248/2248 2249/2249/2249 
f 2248/2248/2248 2247/2247/2247 2250/2250/2250 
f 2251/2251/2251 2252/2252/2252 2253/2253/2253 
f 2252/2252/2252 2251/2251/2251 2254/2254/2254 
f 2255/2255/2255 2256/2256/2256 2257/2257/2257 
f 2256/2256/2256 2255/2255/2255 2258/2258/2258 
f 2259/2259/2259 2260/2260/2260 2261/2261/2261 
f 2260/2260/2260 2259/2259/2259 2262/2262/2262 
f 2263/2263/2263 2264/2264/2264 2265/2265/2265 
f 2264/2264/2264 2263/2263/2263 2266/2266/2266 
f 2267/2267/2267 2268/2268/2268 2269/2269/2269 
f 2268/2268/2268 2267/2267/2267 2270/2270/2270 
f 2271/2271/2271 2272/2272/2272 2273/2273/2273 
f 2273/2273/2273 2274/2274/2274 2271/2271/2271 
f 2275/2275/2275 2276/2276/2276 2277/2277/2277 
f 2276/2276/2276 2275/2275/2275 2278/2278/2278 
f 2279/2279/2279 2280/2280/2280 2281/2281/2281 
f 2280/2280/2280 2279/2279/2279 2282/2282/2282 
f 2283/2283/2283 2284/2284/2284 2285/2285/2285 
f 2284/2284/2284 2283/2283/2283 2286/2286/2286 
f 2287/2287/2287 2288/2288/2288 2289/2289/2289 
f 2287/2287/2287 2289/2289/2289 2290/2290/2290 
f 2291/2291/2291 2292/2292/2292 2293/2293/2293 
f 2292/2292/2292 2291/2291/2291 2294/2294/2294 
f 2295/2295/2295 2296/2296/2296 2297/2297/2297 
f 2295/2295/2295 2297/2297/2297 2298/2298/2298 
f 2299/2299/2299 2300/2300/2300 2301/2301/2301 
f 2302/2302/2302 2300/2300/2300 2299/2299/2299 
f 2303/2303/2303 2304/2304/2304 2305/2305/2305 
f 2304/2304/2304 2303/2303/2303 2306/2306/2306 
f 2307/2307/2307 2308/2308/2308 2309/2309/2309 
f 2307/2307/2307 2309/2309/2309 2310/2310/2310 
f 2311/2311/2311 2312/2312/2312 2313/2313/2313 
f 2311/2311/2311 2313/2313/2313 2314/2314/2314 
f 2315/2315/2315 2316/2316/2316 2317/2317/2317 
f 2315/2315/2315 2317/2317/2317 2318/2318/2318 
f 2319/2319/2319 2320/2320/2320 2321/2321/2321 
f 2319/2319/2319 2321/2321/2321 2322/2322/2322 
f 2323/2323/2323 2324/2324/2324 2325/2325/2325 
f 2324/2324/2324 2323/2323/2323 2326/2326/2326 
f 2327/2327/2327 2328/2328/2328 2329/2329/2329 
f 2329/2329/2329 2330/2330/2330 2327/2327/2327 
f 2331/2331/2331 2332/2332/2332 2333/2333/2333 
f 2333/2333/2333 2334/2334/2334 2331/2331/2331 
f 2335/2335/2335 2336/2336/2336 2337/2337/2337 
f 2335/2335/2335 2338/2338/2338 2339/2339/2339 
f 2335/2335/2335 2340/2340/2340 2336/2336/2336 
f 2340/2340/2340 2335/2335/2335 2341/2341/2341 
f 2339/2339/2339 2341/2341/2341 2335/2335/2335 
f 2341/2341/2341 2342/2342/2342 2340/2340/2340 
f 2341/2341/2341 2339/2339/2339 2343/2343/2343 
f 2342/2342/2342 2341/2341/2341 2344/2344/2344 
f 2343/2343/2343 2344/2344/2344 2341/2341/2341 
f 2342/2342/2342 2344/2344/2344 2345/2345/2345 
f 2345/2345/2345 2346/2346/2346 2342/2342/2342 
f 2344/2344/2344 2343/2343/2343 2347/2347/2347 
f 2345/2345/2345 2348/2348/2348 2346/2346/2346 
f 2344/2344/2344 2347/2347/2347 2349/2349/2349 
f 2349/2349/2349 2345/2345/2345 2344/2344/2344 
f 2343/2343/2343 2350/2350/2350 2347/2347/2347 
f 2350/2350/2350 2349/2349/2349 2347/2347/2347 
f 2339/2339/2339 2351/2351/2351 2343/2343/2343 
f 2350/2350/2350 2343/2343/2343 2351/2351/2351 
f 2339/2339/2339 2352/2352/2352 2351/2351/2351 
f 2351/2351/2351 2353/2353/2353 2350/2350/2350 
f 2352/2352/2352 2354/2354/2354 2351/2351/2351 
f 2353/2353/2353 2351/2351/2351 2354/2354/2354 
f 2354/2354/2354 2352/2352/2352 2355/2355/2355 
f 2355/2355/2355 2356/2356/2356 2354/2354/2354 
f 2356/2356/2356 2353/2353/2353 2354/2354/2354 
f 2355/2355/2355 2357/2357/2357 2356/2356/2356 
f 2357/2357/2357 2358/2358/2358 2356/2356/2356 
f 2353/2353/2353 2359/2359/2359 2350/2350/2350 
f 2349/2349/2349 2350/2350/2350 2359/2359/2359 
f 2353/2353/2353 2356/2356/2356 2360/2360/2360 
f 2358/2358/2358 2360/2360/2360 2356/2356/2356 
f 2359/2359/2359 2353/2353/2353 2361/2361/2361 
f 2360/2360/2360 2361/2361/2361 2353/2353/2353 
f 2362/2362/2362 2349/2349/2349 2359/2359/2359 
f 2361/2361/2361 2362/2362/2362 2359/2359/2359 
f 2360/2360/2360 2358/2358/2358 2363/2363/2363 
f 2364/2364/2364 2363/2363/2363 2358/2358/2358 
f 2363/2363/2363 2364/2364/2364 2365/2365/2365 
f 2363/2363/2363 2365/2365/2365 2366/2366/2366 
f 2363/2363/2363 2367/2367/2367 2360/2360/2360 
f 2361/2361/2361 2360/2360/2360 2367/2367/2367 
f 2363/2363/2363 2366/2366/2366 2368/2368/2368 
f 2367/2367/2367 2363/2363/2363 2368/2368/2368 
f 2369/2369/2369 2361/2361/2361 2367/2367/2367 
f 2368/2368/2368 2369/2369/2369 2367/2367/2367 
f 2366/2366/2366 2370/2370/2370 2368/2368/2368 
f 2369/2369/2369 2368/2368/2368 2370/2370/2370 
f 2370/2370/2370 2366/2366/2366 2371/2371/2371 
f 2370/2370/2370 2371/2371/2371 2372/2372/2372 
f 2370/2370/2370 2372/2372/2372 2373/2373/2373 
f 2374/2374/2374 2370/2370/2370 2373/2373/2373 
f 2370/2370/2370 2374/2374/2374 2369/2369/2369 
f 2375/2375/2375 2369/2369/2369 2374/2374/2374 
f 2369/2369/2369 2375/2375/2375 2376/2376/2376 
f 2361/2361/2361 2369/2369/2369 2376/2376/2376 
f 2377/2377/2377 2376/2376/2376 2375/2375/2375 
f 2362/2362/2362 2361/2361/2361 2376/2376/2376 
f 2376/2376/2376 2377/2377/2377 2362/2362/2362 
f 2378/2378/2378 2362/2362/2362 2377/2377/2377 
f 2362/2362/2362 2378/2378/2378 2379/2379/2379 
f 2349/2349/2349 2362/2362/2362 2379/2379/2379 
f 2345/2345/2345 2349/2349/2349 2379/2379/2379 
f 2380/2380/2380 2379/2379/2379 2378/2378/2378 
f 2379/2379/2379 2380/2380/2380 2345/2345/2345 
f 2378/2378/2378 2381/2381/2381 2380/2380/2380 
f 2348/2348/2348 2345/2345/2345 2380/2380/2380 
f 2348/2348/2348 2380/2380/2380 2381/2381/2381 
f 2381/2381/2381 2382/2382/2382 2348/2348/2348 
f 2383/2383/2383 2384/2384/2384 2385/2385/2385 
f 2384/2384/2384 2383/2383/2383 2386/2386/2386 
f 2387/2387/2387 2388/2388/2388 2389/2389/2389 
f 2389/2389/2389 2390/2390/2390 2387/2387/2387 
f 2391/2391/2391 2392/2392/2392 2393/2393/2393 
f 2392/2392/2392 2391/2391/2391 2394/2394/2394 
f 2395/2395/2395 2396/2396/2396 2397/2397/2397 
f 2396/2396/2396 2395/2395/2395 2398/2398/2398 
f 2399/2399/2399 2400/2400/2400 2401/2401/2401 
f 2400/2400/2400 2399/2399/2399 2402/2402/2402 
f 2403/2403/2403 2404/2404/2404 2405/2405/2405 
f 2405/2405/2405 2406/2406/2406 2403/2403/2403 
f 2407/2407/2407 2408/2408/2408 2409/2409/2409 
f 2408/2408/2408 2407/2407/2407 2410/2410/2410 
f 2411/2411/2411 2412/2412/2412 2413/2413/2413 
f 2412/2412/2412 2411/2411/2411 2414/2414/2414 
f 2415/2415/2415 2416/2416/2416 2417/2417/2417 
f 2416/2416/2416 2415/2415/2415 2418/2418/2418 
f 2419/2419/2419 2420/2420/2420 2421/2421/2421 
f 2420/2420/2420 2419/2419/2419 2422/2422/2422 
f 2423/2423/2423 2424/2424/2424 2425/2425/2425 
f 2425/2425/2425 2426/2426/2426 2423/2423/2423 
f 2427/2427/2427 2428/2428/2428 2429/2429/2429 
f 2428/2428/2428 2427/2427/2427 2430/2430/2430 
f 2431/2431/2431 2432/2432/2432 2433/2433/2433 
f 2431/2431/2431 2433/2433/2433 2434/2434/2434 
f 2435/2435/2435 2436/2436/2436 2437/2437/2437 
f 2436/2436/2436 2435/2435/2435 2438/2438/2438 
f 2439/2439/2439 2440/2440/2440 2441/2441/2441 
f 2441/2441/2441 2440/2440/2440 2442/2442/2442 
f 2443/2443/2443 2444/2444/2444 2445/2445/2445 
f 2444/2444/2444 2443/2443/2443 2446/2446/2446 
f 2447/2447/2447 2448/2448/2448 2449/2449/2449 
f 2448/2448/2448 2447/2447/2447 2450/2450/2450 
f 2451/2451/2451 2452/2452/2452 2453/2453/2453 
f 2452/2452/2452 2451/2451/2451 2454/2454/2454 
f 2455/2455/2455 2456/2456/2456 2457/2457/2457 
f 2455/2455/2455 2457/2457/2457 2458/2458/2458 
f 2459/2459/2459 2460/2460/2460 2461/2461/2461 
f 2460/2460/2460 2459/2459/2459 2462/2462/2462 
f 2463/2463/2463 2464/2464/2464 2465/2465/2465 
f 2464/2464/2464 2463/2463/2463 2466/2466/2466 
f 2467/2467/2467 2468/2468/2468 2469/2469/2469 
f 2468/2468/2468 2467/2467/2467 2470/2470/2470 
f 2471/2471/2471 2472/2472/2472 2473/2473/2473 
f 2471/2471/2471 2473/2473/2473 2474/2474/2474 
f 2475/2475/2475 2476/2476/2476 2477/2477/2477 
f 2476/2476/2476 2475/2475/2475 2478/2478/2478 
f 2479/2479/2479 2480/2480/2480 2481/2481/2481 
f 2480/2480/2480 2479/2479/2479 2482/2482/2482 
f 2483/2483/2483 2484/2484/2484 2485/2485/2485 
f 2484/2484/2484 2483/2483/2483 2486/2486/2486 
f 2487/2487/2487 2488/2488/2488 2489/2489/2489 
f 2488/2488/2488 2487/2487/2487 2490/2490/2490 
f 2491/2491/2491 2492/2492/2492 2493/2493/2493 
f 2492/2492/2492 2491/2491/2491 2494/2494/2494 
f 2495/2495/2495 2496/2496/2496 2497/2497/2497 
f 2496/2496/2496 2495/2495/2495 2498/2498/2498 
f 2499/2499/2499 2500/2500/2500 2501/2501/2501 
f 2500/2500/2500 2499/2499/2499 2502/2502/2502 
f 2503/2503/2503 2504/2504/2504 2505/2505/2505 
f 2503/2503/2503 2505/2505/2505 2506/2506/2506 
f 2507/2507/2507 2508/2508/2508 2509/2509/2509 
f 2507/2507/2507 2509/2509/2509 2510/2510/2510 
f 2511/2511/2511 2512/2512/2512 2513/2513/2513 
f 2513/2513/2513 2514/2514/2514 2511/2511/2511 
f 2515/2515/2515 2516/2516/2516 2517/2517/2517 
f 2516/2516/2516 2515/2515/2515 2518/2518/2518 
f 2519/2519/2519 2520/2520/2520 2521/2521/2521 
f 2520/2520/2520 2519/2519/2519 2522/2522/2522 
f 2523/2523/2523 2524/2524/2524 2525/2525/2525 
f 2523/2523/2523 2525/2525/2525 2526/2526/2526 
f 2527/2527/2527 2528/2528/2528 2529/2529/2529 
f 2528/2528/2528 2527/2527/2527 2530/2530/2530 
f 2531/2531/2531 2532/2532/2532 2533/2533/2533 
f 2532/2532/2532 2531/2531/2531 2534/2534/2534 
f 2535/2535/2535 2536/2536/2536 2537/2537/2537 
f 2536/2536/2536 2535/2535/2535 2538/2538/2538 
f 2539/2539/2539 2540/2540/2540 2541/2541/2541 
f 2540/2540/2540 2539/2539/2539 2542/2542/2542 
f 2543/2543/2543 2544/2544/2544 2545/2545/2545 
f 2544/2544/2544 2543/2543/2543 2546/2546/2546 
f 2547/2547/2547 2548/2548/2548 2549/2549/2549 
f 2548/2548/2548 2547/2547/2547 2550/2550/2550 
f 2551/2551/2551 2552/2552/2552 2553/2553/2553 
f 2551/2551/2551 2553/2553/2553 2554/2554/2554 
f 2555/2555/2555 2556/2556/2556 2557/2557/2557 
f 2556/2556/2556 2555/2555/2555 2558/2558/2558 
f 2559/2559/2559 2560/2560/2560 2561/2561/2561 
f 2561/2561/2561 2562/2562/2562 2559/2559/2559 
f 2563/2563/2563 2564/2564/2564 2565/2565/2565 
f 2565/2565/2565 2564/2564/2564 2566/2566/2566 
f 2567/2567/2567 2568/2568/2568 2569/2569/2569 
f 2567/2567/2567 2569/2569/2569 2570/2570/2570 
f 2571/2571/2571 2572/2572/2572 2573/2573/2573 
f 2571/2571/2571 2573/2573/2573 2574/2574/2574 
f 2575/2575/2575 2576/2576/2576 2577/2577/2577 
f 2576/2576/2576 2575/2575/2575 2578/2578/2578 
f 2579/2579/2579 2580/2580/2580 2581/2581/2581 
f 2579/2579/2579 2581/2581/2581 2582/2582/2582 
f 2583/2583/2583 2584/2584/2584 2585/2585/2585 
f 2584/2584/2584 2583/2583/2583 2586/2586/2586 
f 2587/2587/2587 2588/2588/2588 2589/2589/2589 
f 2587/2587/2587 2589/2589/2589 2590/2590/2590 
f 2591/2591/2591 2592/2592/2592 2593/2593/2593 
f 2592/2592/2592 2591/2591/2591 2594/2594/2594 
f 2595/2595/2595 2596/2596/2596 2597/2597/2597 
f 2595/2595/2595 2597/2597/2597 2598/2598/2598 
f 2599/2599/2599 2600/2600/2600 2601/2601/2601 
f 2599/2599/2599 2601/2601/2601 2602/2602/2602 
f 2603/2603/2603 2604/2604/2604 2605/2605/2605 
f 2604/2604/2604 2603/2603/2603 2606/2606/2606 
f 2607/2607/2607 2608/2608/2608 2609/2609/2609 
f 2608/2608/2608 2607/2607/2607 2610/2610/2610 
f 2611/2611/2611 2612/2612/2612 2613/2613/2613 
f 2612/2612/2612 2611/2611/2611 2614/2614/2614 
f 2615/2615/2615 2616/2616/2616 2617/2617/2617 
f 2616/2616/2616 2615/2615/2615 2618/2618/2618 
f 2619/2619/2619 2620/2620/2620 2621/2621/2621 
f 2622/2622/2622 2620/2620/2620 2619/2619/2619 
f 2623/2623/2623 2621/2621/2621 2620/2620/2620 
f 2620/2620/2620 2622/2622/2622 2624/2624/2624 
f 2625/2625/2625 2621/2621/2621 2623/2623/2623 
f 2621/2621/2621 2625/2625/2625 2626/2626/2626 
f 2622/2622/2622 2627/2627/2627 2624/2624/2624 
f 2628/2628/2628 2627/2627/2627 2622/2622/2622 
f 2629/2629/2629 2627/2627/2627 2628/2628/2628 
f 2630/2630/2630 2626/2626/2626 2625/2625/2625 
f 2627/2627/2627 2629/2629/2629 2631/2631/2631 
f 2626/2626/2626 2630/2630/2630 2632/2632/2632 
f 2633/2633/2633 2631/2631/2631 2629/2629/2629 
f 2630/2630/2630 2633/2633/2633 2632/2632/2632 
f 2631/2631/2631 2633/2633/2633 2634/2634/2634 
f 2633/2633/2633 2630/2630/2630 2634/2634/2634 
f 2635/2635/2635 2636/2636/2636 2637/2637/2637 
f 2636/2636/2636 2635/2635/2635 2638/2638/2638 
f 2639/2639/2639 2640/2640/2640 2641/2641/2641 
f 2640/2640/2640 2639/2639/2639 2642/2642/2642 
f 2643/2643/2643 2644/2644/2644 2645/2645/2645 
f 2644/2644/2644 2643/2643/2643 2646/2646/2646 
f 2647/2647/2647 2648/2648/2648 2649/2649/2649 
f 2648/2648/2648 2647/2647/2647 2650/2650/2650 
f 2651/2651/2651 2652/2652/2652 2653/2653/2653 
f 2652/2652/2652 2651/2651/2651 2654/2654/2654 
f 2655/2655/2655 2656/2656/2656 2657/2657/2657 
f 2656/2656/2656 2655/2655/2655 2658/2658/2658 
f 2659/2659/2659 2660/2660/2660 2661/2661/2661 
f 2660/2660/2660 2659/2659/2659 2662/2662/2662 
f 2663/2663/2663 2664/2664/2664 2665/2665/2665 
f 2664/2664/2664 2663/2663/2663 2666/2666/2666 
f 2667/2667/2667 2668/2668/2668 2669/2669/2669 
f 2670/2670/2670 2671/2671/2671 2672/2672/2672 
f 2671/2671/2671 2670/2670/2670 2673/2673/2673 
f 2674/2674/2674 2675/2675/2675 2676/2676/2676 
f 2676/2676/2676 2677/2677/2677 2674/2674/2674 
f 2678/2678/2678 2679/2679/2679 2680/2680/2680 
f 2679/2679/2679 2678/2678/2678 2681/2681/2681 
f 2682/2682/2682 2683/2683/2683 2684/2684/2684 
f 2683/2683/2683 2682/2682/2682 2685/2685/2685 
f 2686/2686/2686 2687/2687/2687 2688/2688/2688 
f 2687/2687/2687 2686/2686/2686 2689/2689/2689 
f 2690/2690/2690 2691/2691/2691 2692/2692/2692 
f 2691/2691/2691 2690/2690/2690 2693/2693/2693 
f 2694/2694/2694 2695/2695/2695 2696/2696/2696 
f 2695/2695/2695 2694/2694/2694 2697/2697/2697 
f 2698/2698/2698 2699/2699/2699 2700/2700/2700 
f 2698/2698/2698 2700/2700/2700 2701/2701/2701 
f 2702/2702/2702 2703/2703/2703 2704/2704/2704 
f 2704/2704/2704 2705/2705/2705 2702/2702/2702 
f 2706/2706/2706 2707/2707/2707 2708/2708/2708 
f 2708/2708/2708 2709/2709/2709 2706/2706/2706 
f 2710/2710/2710 2711/2711/2711 2712/2712/2712 
f 2710/2710/2710 2712/2712/2712 2713/2713/2713 
f 2714/2714/2714 2715/2715/2715 2716/2716/2716 
f 2714/2714/2714 2716/2716/2716 2717/2717/2717 
f 2718/2718/2718 2719/2719/2719 2720/2720/2720 
f 2719/2719/2719 2718/2718/2718 2721/2721/2721 
f 2722/2722/2722 2723/2723/2723 2724/2724/2724 
f 2723/2723/2723 2722/2722/2722 2725/2725/2725 
f 2726/2726/2726 2727/2727/2727 2728/2728/2728 
f 2727/2727/2727 2726/2726/2726 2729/2729/2729 
f 2730/2730/2730 2731/2731/2731 2732/2732/2732 
f 2731/2731/2731 2730/2730/2730 2733/2733/2733 
f 2734/2734/2734 2735/2735/2735 2736/2736/2736 
f 2735/2735/2735 2734/2734/2734 2737/2737/2737 
f 2738/2738/2738 2739/2739/2739 2740/2740/2740 
f 2739/2739/2739 2741/2741/2741 2740/2740/2740 
f 2742/2742/2742 2743/2743/2743 2744/2744/2744 
f 2745/2745/2745 2746/2746/2746 2747/2747/2747 
f 2746/2746/2746 2745/2745/2745 2748/2748/2748 
f 2749/2749/2749 2750/2750/2750 2751/2751/2751 
f 2749/2749/2749 2751/2751/2751 2752/2752/2752 
f 2753/2753/2753 2754/2754/2754 2755/2755/2755 
f 2754/2754/2754 2753/2753/2753 2756/2756/2756 
f 2757/2757/2757 2758/2758/2758 2759/2759/2759 
f 2758/2758/2758 2757/2757/2757 2760/2760/2760 
f 2761/2761/2761 2762/2762/2762 2763/2763/2763 
f 2762/2762/2762 2761/2761/2761 2764/2764/2764 
f 2765/2765/2765 2766/2766/2766 2767/2767/2767 
f 2766/2766/2766 2765/2765/2765 2768/2768/2768 
f 2769/2769/2769 2770/2770/2770 2771/2771/2771 
f 2770/2770/2770 2769/2769/2769 2772/2772/2772 
f 2773/2773/2773 2774/2774/2774 2775/2775/2775 
f 2774/2774/2774 2773/2773/2773 2776/2776/2776 
f 2777/2777/2777 2778/2778/2778 2779/2779/2779 
f 2777/2777/2777 2779/2779/2779 2780/2780/2780 
f 2781/2781/2781 2782/2782/2782 2783/2783/2783 
f 2781/2781/2781 2783/2783/2783 2784/2784/2784 
f 2785/2785/2785 2786/2786/2786 2787/2787/2787 
f 2786/2786/2786 2785/2785/2785 2788/2788/2788 
f 2789/2789/2789 2790/2790/2790 2791/2791/2791 
f 2790/2790/2790 2789/2789/2789 2792/2792/2792 
f 2793/2793/2793 2794/2794/2794 2795/2795/2795 
f 2794/2794/2794 2793/2793/2793 2796/2796/2796 
f 2797/2797/2797 2798/2798/2798 2799/2799/2799 
f 2798/2798/2798 2797/2797/2797 2800/2800/2800 
f 2801/2801/2801 2802/2802/2802 2803/2803/2803 
f 2802/2802/2802 2801/2801/2801 2804/2804/2804 
f 2805/2805/2805 2806/2806/2806 2807/2807/2807 
f 2806/2806/2806 2805/2805/2805 2808/2808/2808 
f 2809/2809/2809 2810/2810/2810 2811/2811/2811 
f 2810/2810/2810 2809/2809/2809 2812/2812/2812 
f 2813/2813/2813 2814/2814/2814 2815/2815/2815 
f 2814/2814/2814 2813/2813/2813 2816/2816/2816 
f 2817/2817/2817 2818/2818/2818 2815/2815/2815 
f 2815/2815/2815 2819/2819/2819 2817/2817/2817 
f 2813/2813/2813 2820/2820/2820 2821/2821/2821 
f 2820/2820/2820 2813/2813/2813 2822/2822/2822 
f 2823/2823/2823 2819/2819/2819 2824/2824/2824 
f 2823/2823/2823 2824/2824/2824 2825/2825/2825 
f 2826/2826/2826 2827/2827/2827 2823/2823/2823 
f 2823/2823/2823 2828/2828/2828 2826/2826/2826 
f 2829/2829/2829 2828/2828/2828 2830/2830/2830 
f 2830/2830/2830 2831/2831/2831 2829/2829/2829 
f 2832/2832/2832 2833/2833/2833 2829/2829/2829 
f 2833/2833/2833 2832/2832/2832 2834/2834/2834 
f 2835/2835/2835 2836/2836/2836 2837/2837/2837 
f 2836/2836/2836 2835/2835/2835 2838/2838/2838 
f 2839/2839/2839 2840/2840/2840 2841/2841/2841 
f 2839/2839/2839 2841/2841/2841 2842/2842/2842 
f 2841/2841/2841 2843/2843/2843 2844/2844/2844 
f 2844/2844/2844 2845/2845/2845 2841/2841/2841 
f 2846/2846/2846 2847/2847/2847 2848/2848/2848 
f 2846/2846/2846 2848/2848/2848 2849/2849/2849 
f 2850/2850/2850 2851/2851/2851 2848/2848/2848 
f 2851/2851/2851 2850/2850/2850 2852/2852/2852 
f 2853/2853/2853 2850/2850/2850 2854/2854/2854 
f 2850/2850/2850 2853/2853/2853 2855/2855/2855 
f 2856/2856/2856 2857/2857/2857 2855/2855/2855 
f 2857/2857/2857 2856/2856/2856 2858/2858/2858 
f 2859/2859/2859 2856/2856/2856 2860/2860/2860 
f 2856/2856/2856 2859/2859/2859 2861/2861/2861 
f 2862/2862/2862 2863/2863/2863 2864/2864/2864 
f 2863/2863/2863 2862/2862/2862 2865/2865/2865 
f 2866/2866/2866 2867/2867/2867 2868/2868/2868 
f 2867/2867/2867 2866/2866/2866 2869/2869/2869 
f 2870/2870/2870 2871/2871/2871 2872/2872/2872 
f 2871/2871/2871 2870/2870/2870 2873/2873/2873 
f 2874/2874/2874 2875/2875/2875 2876/2876/2876 
f 2876/2876/2876 2877/2877/2877 2874/2874/2874 
f 2878/2878/2878 2879/2879/2879 2880/2880/2880 
f 2879/2879/2879 2878/2878/2878 2881/2881/2881 
f 2882/2882/2882 2883/2883/2883 2884/2884/2884 
f 2883/2883/2883 2882/2882/2882 2885/2885/2885 
f 2886/2886/2886 2887/2887/2887 2888/2888/2888 
f 2886/2886/2886 2888/2888/2888 2889/2889/2889 
f 2890/2890/2890 2891/2891/2891 2892/2892/2892 
f 2892/2892/2892 2893/2893/2893 2890/2890/2890 
f 2894/2894/2894 2895/2895/2895 2896/2896/2896 
f 2895/2895/2895 2894/2894/2894 2897/2897/2897 
f 2898/2898/2898 2899/2899/2899 2900/2900/2900 
f 2899/2899/2899 2898/2898/2898 2901/2901/2901 
f 2902/2902/2902 2903/2903/2903 2904/2904/2904 
f 2903/2903/2903 2902/2902/2902 2905/2905/2905 
f 2906/2906/2906 2907/2907/2907 2908/2908/2908 
f 2907/2907/2907 2906/2906/2906 2909/2909/2909 
f 2910/2910/2910 2911/2911/2911 2912/2912/2912 
f 2910/2910/2910 2912/2912/2912 2913/2913/2913 
f 2914/2914/2914 2915/2915/2915 2916/2916/2916 
f 2916/2916/2916 2917/2917/2917 2914/2914/2914 
f 2918/2918/2918 2919/2919/2919 2920/2920/2920 
f 2919/2919/2919 2918/2918/2918 2921/2921/2921 
f 2920/2920/2920 2922/2922/2922 2923/2923/2923 
f 2922/2922/2922 2920/2920/2920 2924/2924/2924 
f 2925/2925/2925 2919/2919/2919 2926/2926/2926 
f 2925/2925/2925 2927/2927/2927 2919/2919/2919 
f 2928/2928/2928 2929/2929/2929 2918/2918/2918 
f 2930/2930/2930 2931/2931/2931 2928/2928/2928 
f 2931/2931/2931 2930/2930/2930 2932/2932/2932 
f 2933/2933/2933 2929/2929/2929 2934/2934/2934 
f 2929/2929/2929 2933/2933/2933 2935/2935/2935 
f 2936/2936/2936 2937/2937/2937 2938/2938/2938 
f 2937/2937/2937 2936/2936/2936 2939/2939/2939 
f 2940/2940/2940 2941/2941/2941 2938/2938/2938 
f 2938/2938/2938 2942/2942/2942 2940/2940/2940 
f 2943/2943/2943 2942/2942/2942 2944/2944/2944 
f 2942/2942/2942 2943/2943/2943 2945/2945/2945 
f 2946/2946/2946 2947/2947/2947 2945/2945/2945 
f 2945/2945/2945 2948/2948/2948 2946/2946/2946 
f 2949/2949/2949 2950/2950/2950 2951/2951/2951 
f 2951/2951/2951 2952/2952/2952 2949/2949/2949 
f 2953/2953/2953 2954/2954/2954 2955/2955/2955 
f 2954/2954/2954 2953/2953/2953 2956/2956/2956 
f 2957/2957/2957 2958/2958/2958 2959/2959/2959 
f 2958/2958/2958 2957/2957/2957 2960/2960/2960 
f 2961/2961/2961 2962/2962/2962 2963/2963/2963 
f 2963/2963/2963 2964/2964/2964 2961/2961/2961 
f 2965/2965/2965 2966/2966/2966 2967/2967/2967 
f 2966/2966/2966 2965/2965/2965 2968/2968/2968 
f 2969/2969/2969 2970/2970/2970 2971/2971/2971 
f 2970/2970/2970 2969/2969/2969 2972/2972/2972 
f 2973/2973/2973 2974/2974/2974 2975/2975/2975 
f 2974/2974/2974 2973/2973/2973 2976/2976/2976 
f 2977/2977/2977 2978/2978/2978 2979/2979/2979 
f 2977/2977/2977 2979/2979/2979 2980/2980/2980 
f 2981/2981/2981 2982/2982/2982 2983/2983/2983 
f 2982/2982/2982 2981/2981/2981 2984/2984/2984 
f 2985/2985/2985 2986/2986/2986 2987/2987/2987 
f 2986/2986/2986 2985/2985/2985 2988/2988/2988 
f 2989/2989/2989 2990/2990/2990 2991/2991/2991 
f 2990/2990/2990 2989/2989/2989 2992/2992/2992 
f 2993/2993/2993 2994/2994/2994 2995/2995/2995 
f 2996/2996/2996 2995/2995/2995 2994/2994/2994 
f 2997/2997/2997 2998/2998/2998 2999/2999/2999 
f 2998/2998/2998 2997/2997/2997 3000/3000/3000 
f 3001/3001/3001 3002/3002/3002 3003/3003/3003 
f 3002/3002/3002 3001/3001/3001 3004/3004/3004 
f 3005/3005/3005 3006/3006/3006 3007/3007/3007 
f 3006/3006/3006 3005/3005/3005 3008/3008/3008 
f 3009/3009/3009 3010/3010/3010 3011/3011/3011 
f 3010/3010/3010 3009/3009/3009 3012/3012/3012 
f 3013/3013/3013 3014/3014/3014 3015/3015/3015 
f 3014/3014/3014 3013/3013/3013 3016/3016/3016 
f 3017/3017/3017 3018/3018/3018 3019/3019/3019 
f 3020/3020/3020 3018/3018/3018 3017/3017/3017 
f 3021/3021/3021 3022/3022/3022 3023/3023/3023 
f 3022/3022/3022 3021/3021/3021 3024/3024/3024 
f 3025/3025/3025 3026/3026/3026 3027/3027/3027 
f 3025/3025/3025 3027/3027/3027 3028/3028/3028 
f 3029/3029/3029 3030/3030/3030 3031/3031/3031 
f 3031/3031/3031 3032/3032/3032 3029/3029/3029 
f 3033/3033/3033 3034/3034/3034 3035/3035/3035 
f 3035/3035/3035 3036/3036/3036 3033/3033/3033 
f 3037/3037/3037 3038/3038/3038 3039/3039/3039 
f 3038/3038/3038 3037/3037/3037 3040/3040/3040 
f 3041/3041/3041 3042/3042/3042 3043/3043/3043 
f 3042/3042/3042 3041/3041/3041 3044/3044/3044 
f 3045/3045/3045 3046/3046/3046 3041/3041/3041 
f 3045/3045/3045 3047/3047/3047 3046/3046/3046 
f 3048/3048/3048 3049/3049/3049 3050/3050/3050 
f 3048/3048/3048 3050/3050/3050 3051/3051/3051 
f 3052/3052/3052 3053/3053/3053 3054/3054/3054 
f 3053/3053/3053 3052/3052/3052 3055/3055/3055 
f 3056/3056/3056 3057/3057/3057 3058/3058/3058 
f 3058/3058/3058 3059/3059/3059 3056/3056/3056 
f 3060/3060/3060 3061/3061/3061 3062/3062/3062 
f 3062/3062/3062 3063/3063/3063 3060/3060/3060 
f 3064/3064/3064 3065/3065/3065 3066/3066/3066 
f 3065/3065/3065 3064/3064/3064 3067/3067/3067 
f 3068/3068/3068 3069/3069/3069 3070/3070/3070 
f 3068/3068/3068 3070/3070/3070 3071/3071/3071 
f 3072/3072/3072 3073/3073/3073 3074/3074/3074 
f 3074/3074/3074 3075/3075/3075 3072/3072/3072 
f 3076/3076/3076 3077/3077/3077 3078/3078/3078 
f 3078/3078/3078 3079/3079/3079 3076/3076/3076 
f 3080/3080/3080 3081/3081/3081 3082/3082/3082 
f 3081/3081/3081 3080/3080/3080 3083/3083/3083 
f 3084/3084/3084 3085/3085/3085 3086/3086/3086 
f 3085/3085/3085 3084/3084/3084 3087/3087/3087 
f 3088/3088/3088 3089/3089/3089 3090/3090/3090 
f 3091/3091/3091 3092/3092/3092 3093/3093/3093 
f 3092/3092/3092 3091/3091/3091 3094/3094/3094 
f 3095/3095/3095 3096/3096/3096 3097/3097/3097 
f 3096/3096/3096 3095/3095/3095 3098/3098/3098 
f 3099/3099/3099 3100/3100/3100 3101/3101/3101 
f 3100/3100/3100 3099/3099/3099 3102/3102/3102 
f 3103/3103/3103 3104/3104/3104 3105/3105/3105 
f 3103/3103/3103 3105/3105/3105 3106/3106/3106 
f 3107/3107/3107 3108/3108/3108 3109/3109/3109 
f 3108/3108/3108 3107/3107/3107 3110/3110/3110 
f 3111/3111/3111 2948/2948/2948 3112/3112/3112 
f 3112/3112/3112 3113/3113/3113 3111/3111/3111 
f 3114/3114/3114 3115/3115/3115 3111/3111/3111 
f 3115/3115/3115 3114/3114/3114 3116/3116/3116 
f 3117/3117/3117 3114/3114/3114 3118/3118/3118 
f 3118/3118/3118 3119/3119/3119 3117/3117/3117 
f 3120/3120/3120 3121/3121/3121 3117/3117/3117 
f 3121/3121/3121 3120/3120/3120 3122/3122/3122 
f 3123/3123/3123 3124/3124/3124 3125/3125/3125 
f 3124/3124/3124 3123/3123/3123 3126/3126/3126 
f 3127/3127/3127 3128/3128/3128 3129/3129/3129 
f 3128/3128/3128 3127/3127/3127 3130/3130/3130 
f 3131/3131/3131 3132/3132/3132 3133/3133/3133 
f 3131/3131/3131 3133/3133/3133 3134/3134/3134 
f 3135/3135/3135 3136/3136/3136 3137/3137/3137 
f 3135/3135/3135 3137/3137/3137 3138/3138/3138 
f 3139/3139/3139 3140/3140/3140 3136/3136/3136 
f 3139/3139/3139 3141/3141/3141 3140/3140/3140 
f 3142/3142/3142 3143/3143/3143 3140/3140/3140 
f 3143/3143/3143 3142/3142/3142 3144/3144/3144 
f 3145/3145/3145 3142/3142/3142 3146/3146/3146 
f 3142/3142/3142 3145/3145/3145 3147/3147/3147 
f 3148/3148/3148 3149/3149/3149 3147/3147/3147 
f 3149/3149/3149 3148/3148/3148 3150/3150/3150 
f 3151/3151/3151 3152/3152/3152 3153/3153/3153 
f 3152/3152/3152 3151/3151/3151 3154/3154/3154 
f 3155/3155/3155 3156/3156/3156 3157/3157/3157 
f 3156/3156/3156 3155/3155/3155 3158/3158/3158 
f 3159/3159/3159 3160/3160/3160 3161/3161/3161 
f 3160/3160/3160 3159/3159/3159 3162/3162/3162 
f 3163/3163/3163 3164/3164/3164 3165/3165/3165 
f 3164/3164/3164 3163/3163/3163 3166/3166/3166 
f 3167/3167/3167 3168/3168/3168 3169/3169/3169 
f 3168/3168/3168 3167/3167/3167 3170/3170/3170 
f 3171/3171/3171 3172/3172/3172 3169/3169/3169 
f 3172/3172/3172 3171/3171/3171 3173/3173/3173 
f 3171/3171/3171 3174/3174/3174 3175/3175/3175 
f 3174/3174/3174 3171/3171/3171 3176/3176/3176 
f 3177/3177/3177 3178/3178/3178 3179/3179/3179 
f 3178/3178/3178 3177/3177/3177 3180/3180/3180 
f 3181/3181/3181 3182/3182/3182 3183/3183/3183 
f 3182/3182/3182 3181/3181/3181 3184/3184/3184 
f 3185/3185/3185 3186/3186/3186 3187/3187/3187 
f 3187/3187/3187 3188/3188/3188 3185/3185/3185 
f 3189/3189/3189 3190/3190/3190 3191/3191/3191 
f 3190/3190/3190 3189/3189/3189 3192/3192/3192 
f 3193/3193/3193 3194/3194/3194 3195/3195/3195 
f 3194/3194/3194 3193/3193/3193 3196/3196/3196 
f 3197/3197/3197 3198/3198/3198 3199/3199/3199 
f 3197/3197/3197 3199/3199/3199 3200/3200/3200 
f 3201/3201/3201 3202/3202/3202 3203/3203/3203 
f 3201/3201/3201 3203/3203/3203 3204/3204/3204 
f 3205/3205/3205 3206/3206/3206 3207/3207/3207 
f 3206/3206/3206 3205/3205/3205 3208/3208/3208 
f 3209/3209/3209 3210/3210/3210 3211/3211/3211 
f 3210/3210/3210 3209/3209/3209 3212/3212/3212 
f 3213/3213/3213 3214/3214/3214 3215/3215/3215 
f 3214/3214/3214 3213/3213/3213 3216/3216/3216 
f 3217/3217/3217 3218/3218/3218 3219/3219/3219 
f 3217/3217/3217 3219/3219/3219 3220/3220/3220 
f 3221/3221/3221 3222/3222/3222 3223/3223/3223 
f 3222/3222/3222 3221/3221/3221 3224/3224/3224 
f 3225/3225/3225 3226/3226/3226 3227/3227/3227 
f 3226/3226/3226 3225/3225/3225 3228/3228/3228 
f 3229/3229/3229 3230/3230/3230 3231/3231/3231 
f 3230/3230/3230 3229/3229/3229 3232/3232/3232 
f 3233/3233/3233 3234/3234/3234 3235/3235/3235 
f 3234/3234/3234 3233/3233/3233 3236/3236/3236 
f 3237/3237/3237 3238/3238/3238 3239/3239/3239 
f 3237/3237/3237 3239/3239/3239 3240/3240/3240 
f 3241/3241/3241 3242/3242/3242 3243/3243/3243 
f 3242/3242/3242 3241/3241/3241 3244/3244/3244 
f 3245/3245/3245 3246/3246/3246 3247/3247/3247 
f 3246/3246/3246 3245/3245/3245 3248/3248/3248 
f 3249/3249/3249 3250/3250/3250 3251/3251/3251 
f 3250/3250/3250 3249/3249/3249 3252/3252/3252 
f 3253/3253/3253 3254/3254/3254 3255/3255/3255 
f 3254/3254/3254 3253/3253/3253 3256/3256/3256 
f 3257/3257/3257 3258/3258/3258 3259/3259/3259 
f 3258/3258/3258 3257/3257/3257 3260/3260/3260 
f 3261/3261/3261 3262/3262/3262 3263/3263/3263 
f 3261/3261/3261 3263/3263/3263 3264/3264/3264 
f 3265/3265/3265 3266/3266/3266 3267/3267/3267 
f 3265/3265/3265 3267/3267/3267 3268/3268/3268 
f 3269/3269/3269 3270/3270/3270 3271/3271/3271 
f 3269/3269/3269 3271/3271/3271 3272/3272/3272 
f 3273/3273/3273 3274/3274/3274 3275/3275/3275 
f 3274/3274/3274 3273/3273/3273 3276/3276/3276 
f 3277/3277/3277 3278/3278/3278 3279/3279/3279 
f 3278/3278/3278 3277/3277/3277 3280/3280/3280 
f 3281/3281/3281 3282/3282/3282 3283/3283/3283 
f 3281/3281/3281 3283/3283/3283 3284/3284/3284 
f 3285/3285/3285 3286/3286/3286 3287/3287/3287 
f 3287/3287/3287 3288/3288/3288 3285/3285/3285 
f 3289/3289/3289 3290/3290/3290 3291/3291/3291 
f 3292/3292/3292 3293/3293/3293 3294/3294/3294 
f 3292/3292/3292 3294/3294/3294 3295/3295/3295 
f 3296/3296/3296 3297/3297/3297 3298/3298/3298 
f 3297/3297/3297 3296/3296/3296 3299/3299/3299 
f 3300/3300/3300 3301/3301/3301 3302/3302/3302 
f 3301/3301/3301 3300/3300/3300 3303/3303/3303 
f 3304/3304/3304 3305/3305/3305 3306/3306/3306 
f 3305/3305/3305 3304/3304/3304 3307/3307/3307 
f 3308/3308/3308 3309/3309/3309 3310/3310/3310 
f 3309/3309/3309 3308/3308/3308 3311/3311/3311 
f 3312/3312/3312 3313/3313/3313 3314/3314/3314 
f 3313/3313/3313 3312/3312/3312 3315/3315/3315 
f 3316/3316/3316 3317/3317/3317 3318/3318/3318 
f 3317/3317/3317 3316/3316/3316 3319/3319/3319 
f 3320/3320/3320 3321/3321/3321 3322/3322/3322 
f 3321/3321/3321 3320/3320/3320 3323/3323/3323 
f 3324/3324/3324 3325/3325/3325 3326/3326/3326 
f 3325/3325/3325 3327/3327/3327 3326/3326/3326 
f 3328/3328/3328 3329/3329/3329 3330/3330/3330 
f 3329/3329/3329 3331/3331/3331 3330/3330/3330 
f 3332/3332/3332 3333/3333/3333 3334/3334/3334 
f 3332/3332/3332 3334/3334/3334 3335/3335/3335 
f 3336/3336/3336 3337/3337/3337 3338/3338/3338 
f 3337/3337/3337 3336/3336/3336 3339/3339/3339 
f 3340/3340/3340 3341/3341/3341 3342/3342/3342 
f 3341/3341/3341 3343/3343/3343 3342/3342/3342 
f 3344/3344/3344 3345/3345/3345 3346/3346/3346 
f 3345/3345/3345 3344/3344/3344 3347/3347/3347 
f 3348/3348/3348 3349/3349/3349 3346/3346/3346 
f 3348/3348/3348 3346/3346/3346 3350/3350/3350 
f 3351/3351/3351 3350/3350/3350 3352/3352/3352 
f 3352/3352/3352 3353/3353/3353 3351/3351/3351 
f 3344/3344/3344 3354/3354/3354 3355/3355/3355 
f 3354/3354/3354 3344/3344/3344 3356/3356/3356 
f 3357/3357/3357 3358/3358/3358 3359/3359/3359 
f 3357/3357/3357 3359/3359/3359 3360/3360/3360 
f 3361/3361/3361 3362/3362/3362 3363/3363/3363 
f 3361/3361/3361 3363/3363/3363 3364/3364/3364 
f 3364/3364/3364 3365/3365/3365 3366/3366/3366 
f 3365/3365/3365 3364/3364/3364 3367/3367/3367 
f 3368/3368/3368 3369/3369/3369 3370/3370/3370 
f 3369/3369/3369 3368/3368/3368 3371/3371/3371 
f 3372/3372/3372 3369/3369/3369 3373/3373/3373 
f 3369/3369/3369 3372/3372/3372 3374/3374/3374 
f 3375/3375/3375 3376/3376/3376 3374/3374/3374 
f 3376/3376/3376 3375/3375/3375 3377/3377/3377 
f 3378/3378/3378 3379/3379/3379 3380/3380/3380 
f 3379/3379/3379 3378/3378/3378 3381/3381/3381 
f 3382/3382/3382 3383/3383/3383 3384/3384/3384 
f 3383/3383/3383 3382/3382/3382 3385/3385/3385 
f 3386/3386/3386 3387/3387/3387 3388/3388/3388 
f 3387/3387/3387 3386/3386/3386 3389/3389/3389 
f 3390/3390/3390 3391/3391/3391 3392/3392/3392 
f 3390/3390/3390 3392/3392/3392 3393/3393/3393 
f 3394/3394/3394 3395/3395/3395 3396/3396/3396 
f 3394/3394/3394 3396/3396/3396 3397/3397/3397 
f 3398/3398/3398 3399/3399/3399 3400/3400/3400 
f 3399/3399/3399 3398/3398/3398 3401/3401/3401 
f 3402/3402/3402 3403/3403/3403 3404/3404/3404 
f 3403/3403/3403 3402/3402/3402 3405/3405/3405 
f 3406/3406/3406 3407/3407/3407 3408/3408/3408 
f 3407/3407/3407 3406/3406/3406 3409/3409/3409 
f 3410/3410/3410 3411/3411/3411 3412/3412/3412 
f 3412/3412/3412 3413/3413/3413 3410/3410/3410 
f 3414/3414/3414 3415/3415/3415 3416/3416/3416 
f 3415/3415/3415 3414/3414/3414 3417/3417/3417 
f 3418/3418/3418 3419/3419/3419 3420/3420/3420 
f 3418/3418/3418 3420/3420/3420 3421/3421/3421 
f 3422/3422/3422 3423/3423/3423 3424/3424/3424 
f 3423/3423/3423 3422/3422/3422 3425/3425/3425 
f 3426/3426/3426 3427/3427/3427 3428/3428/3428 
f 3427/3427/3427 3426/3426/3426 3429/3429/3429 
f 3430/3430/3430 3431/3431/3431 3432/3432/3432 
f 3430/3430/3430 3432/3432/3432 3433/3433/3433 
f 3434/3434/3434 3435/3435/3435 3430/3430/3430 
f 3435/3435/3435 3434/3434/3434 3436/3436/3436 
f 3437/3437/3437 3438/3438/3438 3439/3439/3439 
f 3438/3438/3438 3437/3437/3437 3440/3440/3440 
f 3441/3441/3441 3442/3442/3442 3443/3443/3443 
f 3442/3442/3442 3441/3441/3441 3444/3444/3444 
f 3445/3445/3445 3446/3446/3446 3447/3447/3447 
f 3446/3446/3446 3445/3445/3445 3448/3448/3448 
f 3449/3449/3449 3450/3450/3450 3451/3451/3451 
f 3449/3449/3449 3452/3452/3452 3450/3450/3450 
f 3453/3453/3453 3454/3454/3454 3455/3455/3455 
f 3453/3453/3453 3455/3455/3455 3456/3456/3456 
f 3457/3457/3457 3458/3458/3458 3459/3459/3459 
f 3459/3459/3459 3460/3460/3460 3457/3457/3457 
f 3461/3461/3461 3462/3462/3462 3463/3463/3463 
f 3461/3461/3461 3463/3463/3463 3464/3464/3464 
f 3465/3465/3465 3466/3466/3466 3467/3467/3467 
f 3467/3467/3467 3468/3468/3468 3465/3465/3465 
f 3469/3469/3469 3470/3470/3470 3471/3471/3471 
f 3471/3471/3471 3472/3472/3472 3469/3469/3469 
f 3473/3473/3473 3474/3474/3474 3475/3475/3475 
f 3474/3474/3474 3473/3473/3473 3476/3476/3476 
f 3477/3477/3477 3478/3478/3478 3479/3479/3479 
f 3477/3477/3477 3479/3479/3479 3480/3480/3480 
f 3481/3481/3481 3482/3482/3482 3483/3483/3483 
f 3482/3482/3482 3481/3481/3481 3484/3484/3484 
f 3485/3485/3485 3486/3486/3486 3487/3487/3487 
f 3486/3486/3486 3485/3485/3485 3488/3488/3488 
f 3489/3489/3489 3490/3490/3490 3491/3491/3491 
f 3489/3489/3489 3491/3491/3491 3492/3492/3492 
f 3493/3493/3493 3494/3494/3494 3495/3495/3495 
f 3494/3494/3494 3493/3493/3493 3496/3496/3496 
f 3497/3497/3497 3498/3498/3498 3499/3499/3499 
f 3498/3498/3498 3497/3497/3497 3500/3500/3500 
f 3501/3501/3501 3502/3502/3502 3503/3503/3503 
f 3502/3502/3502 3501/3501/3501 3504/3504/3504 
f 3505/3505/3505 3506/3506/3506 3507/3507/3507 
f 3506/3506/3506 3505/3505/3505 3508/3508/3508 
f 3509/3509/3509 3510/3510/3510 3511/3511/3511 
f 3510/3510/3510 3509/3509/3509 3512/3512/3512 
f 3513/3513/3513 3514/3514/3514 3515/3515/3515 
f 3514/3514/3514 3513/3513/3513 3516/3516/3516 
f 3517/3517/3517 3518/3518/3518 3519/3519/3519 
f 3519/3519/3519 3520/3520/3520 3517/3517/3517 
f 3521/3521/3521 3522/3522/3522 3523/3523/3523 
f 3523/3523/3523 3524/3524/3524 3521/3521/3521 
f 3525/3525/3525 3526/3526/3526 3527/3527/3527 
f 3526/3526/3526 3528/3528/3528 3527/3527/3527 
f 3529/3529/3529 3530/3530/3530 3531/3531/3531 
f 3530/3530/3530 3529/3529/3529 3532/3532/3532 
f 3533/3533/3533 3534/3534/3534 3535/3535/3535 
f 3534/3534/3534 3533/3533/3533 3536/3536/3536 
f 3537/3537/3537 3538/3538/3538 3539/3539/3539 
f 3539/3539/3539 3540/3540/3540 3537/3537/3537 
f 3541/3541/3541 3542/3542/3542 3543/3543/3543 
f 3542/3542/3542 3541/3541/3541 3544/3544/3544 
f 3545/3545/3545 3546/3546/3546 3547/3547/3547 
f 3546/3546/3546 3545/3545/3545 3548/3548/3548 
f 3549/3549/3549 3550/3550/3550 3551/3551/3551 
f 3550/3550/3550 3549/3549/3549 3552/3552/3552 
f 3553/3553/3553 3554/3554/3554 3555/3555/3555 
f 3553/3553/3553 3555/3555/3555 3556/3556/3556 
f 3557/3557/3557 3558/3558/3558 3559/3559/3559 
f 3558/3558/3558 3557/3557/3557 3560/3560/3560 
f 3561/3561/3561 3562/3562/3562 3563/3563/3563 
f 3562/3562/3562 3561/3561/3561 3564/3564/3564 
f 3565/3565/3565 3566/3566/3566 3567/3567/3567 
f 3566/3566/3566 3565/3565/3565 3568/3568/3568 
f 3569/3569/3569 3570/3570/3570 3568/3568/3568 
f 3570/3570/3570 3569/3569/3569 3571/3571/3571 
f 3572/3572/3572 3573/3573/3573 3574/3574/3574 
f 3573/3573/3573 3572/3572/3572 3575/3575/3575 
f 3576/3576/3576 3577/3577/3577 3575/3575/3575 
f 3577/3577/3577 3576/3576/3576 3578/3578/3578 
f 3579/3579/3579 3580/3580/3580 3581/3581/3581 
f 3581/3581/3581 3582/3582/3582 3579/3579/3579 
f 3583/3583/3583 3584/3584/3584 3585/3585/3585 
f 3583/3583/3583 3585/3585/3585 3586/3586/3586 
f 3587/3587/3587 3588/3588/3588 3589/3589/3589 
f 3588/3588/3588 3587/3587/3587 3590/3590/3590 
f 3591/3591/3591 3592/3592/3592 3593/3593/3593 
f 3592/3592/3592 3591/3591/3591 3594/3594/3594 
f 3595/3595/3595 3596/3596/3596 3597/3597/3597 
f 3596/3596/3596 3595/3595/3595 3598/3598/3598 
f 3599/3599/3599 3600/3600/3600 3598/3598/3598 
f 3600/3600/3600 3599/3599/3599 3601/3601/3601 
f 3602/3602/3602 3603/3603/3603 3596/3596/3596 
f 3603/3603/3603 3602/3602/3602 3604/3604/3604 
f 3605/3605/3605 3606/3606/3606 3603/3603/3603 
f 3606/3606/3606 3605/3605/3605 3607/3607/3607 
f 3608/3608/3608 3609/3609/3609 3610/3610/3610 
f 3609/3609/3609 3608/3608/3608 3611/3611/3611 
f 3612/3612/3612 3613/3613/3613 3614/3614/3614 
f 3612/3612/3612 3614/3614/3614 3615/3615/3615 
f 3616/3616/3616 3617/3617/3617 3618/3618/3618 
f 3617/3617/3617 3616/3616/3616 3619/3619/3619 
f 3620/3620/3620 3621/3621/3621 3622/3622/3622 
f 3621/3621/3621 3620/3620/3620 3623/3623/3623 
f 3624/3624/3624 3625/3625/3625 3626/3626/3626 
f 3625/3625/3625 3624/3624/3624 3627/3627/3627 
f 3628/3628/3628 3629/3629/3629 3630/3630/3630 
f 3629/3629/3629 3628/3628/3628 3631/3631/3631 
f 3632/3632/3632 3633/3633/3633 3634/3634/3634 
f 3632/3632/3632 3634/3634/3634 3635/3635/3635 
f 3636/3636/3636 3637/3637/3637 3638/3638/3638 
f 3637/3637/3637 3636/3636/3636 3639/3639/3639 
f 3640/3640/3640 3641/3641/3641 3642/3642/3642 
f 3641/3641/3641 3640/3640/3640 3643/3643/3643 
f 3644/3644/3644 3645/3645/3645 3646/3646/3646 
f 3645/3645/3645 3644/3644/3644 3647/3647/3647 
f 3648/3648/3648 3649/3649/3649 3650/3650/3650 
f 3649/3649/3649 3648/3648/3648 3651/3651/3651 
f 3652/3652/3652 3653/3653/3653 3654/3654/3654 
f 3652/3652/3652 3654/3654/3654 3655/3655/3655 
f 3656/3656/3656 3657/3657/3657 3658/3658/3658 
f 3657/3657/3657 3656/3656/3656 3659/3659/3659 
f 3660/3660/3660 3661/3661/3661 3662/3662/3662 
f 3661/3661/3661 3660/3660/3660 3663/3663/3663 
f 3664/3664/3664 3665/3665/3665 3666/3666/3666 
f 3666/3666/3666 3667/3667/3667 3664/3664/3664 
f 3668/3668/3668 3669/3669/3669 3666/3666/3666 
f 3669/3669/3669 3668/3668/3668 3670/3670/3670 
f 3671/3671/3671 3672/3672/3672 3667/3667/3667 
f 3672/3672/3672 3671/3671/3671 3673/3673/3673 
f 3674/3674/3674 3675/3675/3675 3672/3672/3672 
f 3675/3675/3675 3674/3674/3674 3676/3676/3676 
f 3677/3677/3677 3668/3668/3668 3678/3678/3678 
f 3678/3678/3678 3679/3679/3679 3677/3677/3677 
f 3680/3680/3680 3681/3681/3681 3677/3677/3677 
f 3681/3681/3681 3680/3680/3680 3682/3682/3682 
f 3683/3683/3683 3680/3680/3680 3684/3684/3684 
f 3680/3680/3680 3683/3683/3683 3685/3685/3685 
f 3686/3686/3686 3687/3687/3687 3688/3688/3688 
f 3687/3687/3687 3686/3686/3686 3689/3689/3689 
f 3690/3690/3690 3691/3691/3691 3692/3692/3692 
f 3691/3691/3691 3690/3690/3690 3693/3693/3693 
f 3694/3694/3694 3695/3695/3695 3696/3696/3696 
f 3694/3694/3694 3696/3696/3696 3697/3697/3697 
f 3698/3698/3698 3699/3699/3699 3700/3700/3700 
f 3699/3699/3699 3698/3698/3698 3701/3701/3701 
f 3702/3702/3702 3698/3698/3698 3700/3700/3700 
f 3698/3698/3698 3702/3702/3702 3703/3703/3703 
f 3704/3704/3704 3705/3705/3705 3706/3706/3706 
f 3705/3705/3705 3704/3704/3704 3707/3707/3707 
f 3708/3708/3708 3709/3709/3709 3710/3710/3710 
f 3708/3708/3708 3710/3710/3710 3711/3711/3711 
f 3710/3710/3710 3712/3712/3712 3713/3713/3713 
f 3712/3712/3712 3710/3710/3710 3714/3714/3714 
f 3715/3715/3715 3716/3716/3716 3717/3717/3717 
f 3716/3716/3716 3715/3715/3715 3718/3718/3718 
f 3719/3719/3719 3720/3720/3720 3721/3721/3721 
f 3720/3720/3720 3719/3719/3719 3722/3722/3722 
f 3723/3723/3723 3724/3724/3724 3725/3725/3725 
f 3724/3724/3724 3723/3723/3723 3726/3726/3726 
f 3727/3727/3727 3728/3728/3728 3729/3729/3729 
f 3729/3729/3729 3730/3730/3730 3727/3727/3727 
f 3731/3731/3731 3732/3732/3732 3733/3733/3733 
f 3733/3733/3733 3734/3734/3734 3731/3731/3731 
f 3733/3733/3733 3735/3735/3735 3736/3736/3736 
f 3735/3735/3735 3733/3733/3733 3737/3737/3737 
f 3738/3738/3738 3739/3739/3739 3740/3740/3740 
f 3739/3739/3739 3738/3738/3738 3741/3741/3741 
f 3742/3742/3742 3743/3743/3743 3744/3744/3744 
f 3743/3743/3743 3742/3742/3742 3745/3745/3745 
f 3746/3746/3746 3747/3747/3747 3748/3748/3748 
f 3747/3747/3747 3746/3746/3746 3749/3749/3749 
f 3750/3750/3750 3748/3748/3748 3747/3747/3747 
f 3748/3748/3748 3750/3750/3750 3751/3751/3751 
f 3751/3751/3751 3750/3750/3750 3752/3752/3752 
f 3753/3753/3753 3752/3752/3752 3750/3750/3750 
f 3754/3754/3754 3755/3755/3755 3756/3756/3756 
f 3755/3755/3755 3754/3754/3754 3757/3757/3757 
f 3758/3758/3758 3759/3759/3759 3760/3760/3760 
f 3760/3760/3760 3761/3761/3761 3758/3758/3758 
f 3762/3762/3762 3763/3763/3763 3764/3764/3764 
f 3763/3763/3763 3762/3762/3762 3765/3765/3765 
f 3766/3766/3766 3767/3767/3767 3768/3768/3768 
f 3767/3767/3767 3766/3766/3766 3769/3769/3769 
f 3770/3770/3770 3771/3771/3771 3772/3772/3772 
f 3772/3772/3772 3773/3773/3773 3770/3770/3770 
f 3774/3774/3774 3775/3775/3775 3773/3773/3773 
f 3775/3775/3775 3774/3774/3774 3776/3776/3776 
f 3777/3777/3777 3778/3778/3778 3772/3772/3772 
f 3778/3778/3778 3777/3777/3777 3779/3779/3779 
f 3780/3780/3780 3777/3777/3777 3781/3781/3781 
f 3781/3781/3781 3782/3782/3782 3780/3780/3780 
f 3783/3783/3783 3784/3784/3784 3785/3785/3785 
f 3784/3784/3784 3783/3783/3783 3786/3786/3786 
f 3787/3787/3787 3788/3788/3788 3789/3789/3789 
f 3788/3788/3788 3787/3787/3787 3790/3790/3790 
f 3791/3791/3791 3792/3792/3792 3793/3793/3793 
f 3792/3792/3792 3791/3791/3791 3794/3794/3794 
f 3795/3795/3795 3796/3796/3796 3797/3797/3797 
f 3796/3796/3796 3795/3795/3795 3798/3798/3798 
f 3799/3799/3799 3795/3795/3795 3800/3800/3800 
f 3795/3795/3795 3799/3799/3799 3801/3801/3801 
f 3802/3802/3802 3803/3803/3803 3801/3801/3801 
f 3801/3801/3801 3804/3804/3804 3802/3802/3802 
f 3805/3805/3805 3806/3806/3806 3807/3807/3807 
f 3807/3807/3807 3806/3806/3806 3808/3808/3808 
f 3809/3809/3809 3810/3810/3810 3811/3811/3811 
f 3809/3809/3809 3811/3811/3811 3812/3812/3812 
f 3813/3813/3813 3814/3814/3814 3809/3809/3809 
f 3814/3814/3814 3813/3813/3813 3815/3815/3815 
f 3813/3813/3813 3816/3816/3816 3817/3817/3817 
f 3816/3816/3816 3813/3813/3813 3818/3818/3818 
f 3819/3819/3819 3820/3820/3820 3821/3821/3821 
f 3820/3820/3820 3819/3819/3819 3822/3822/3822 
f 3823/3823/3823 3824/3824/3824 3825/3825/3825 
f 3824/3824/3824 3823/3823/3823 3826/3826/3826 
f 3827/3827/3827 3828/3828/3828 3823/3823/3823 
f 3827/3827/3827 3829/3829/3829 3828/3828/3828 
f 3830/3830/3830 3831/3831/3831 3828/3828/3828 
f 3828/3828/3828 3832/3832/3832 3830/3830/3830 
f 3833/3833/3833 3834/3834/3834 3835/3835/3835 
f 3834/3834/3834 3833/3833/3833 3836/3836/3836 
f 3837/3837/3837 3838/3838/3838 3839/3839/3839 
f 3840/3840/3840 3841/3841/3841 3842/3842/3842 
f 3841/3841/3841 3840/3840/3840 3843/3843/3843 
f 3844/3844/3844 3845/3845/3845 3846/3846/3846 
f 3845/3845/3845 3844/3844/3844 3847/3847/3847 
f 3848/3848/3848 3846/3846/3846 3849/3849/3849 
f 3849/3849/3849 3850/3850/3850 3848/3848/3848 
f 3845/3845/3845 3851/3851/3851 3852/3852/3852 
f 3852/3852/3852 3853/3853/3853 3845/3845/3845 
f 3854/3854/3854 3855/3855/3855 3856/3856/3856 
f 3854/3854/3854 3856/3856/3856 3857/3857/3857 
f 3858/3858/3858 3859/3859/3859 3856/3856/3856 
f 3859/3859/3859 3858/3858/3858 3860/3860/3860 
f 3861/3861/3861 3858/3858/3858 3862/3862/3862 
f 3858/3858/3858 3861/3861/3861 3863/3863/3863 
f 3864/3864/3864 3865/3865/3865 3866/3866/3866 
f 3864/3864/3864 3866/3866/3866 3867/3867/3867 
f 3868/3868/3868 3867/3867/3867 3869/3869/3869 
f 3870/3870/3870 3871/3871/3871 3872/3872/3872 
f 3872/3872/3872 3873/3873/3873 3870/3870/3870 
f 3874/3874/3874 3873/3873/3873 3875/3875/3875 
f 3873/3873/3873 3874/3874/3874 3876/3876/3876 
f 3877/3877/3877 3878/3878/3878 3879/3879/3879 
f 3878/3878/3878 3877/3877/3877 3880/3880/3880 
f 3881/3881/3881 3882/3882/3882 3883/3883/3883 
f 3882/3882/3882 3881/3881/3881 3884/3884/3884 
f 3885/3885/3885 3886/3886/3886 3887/3887/3887 
f 3885/3885/3885 3887/3887/3887 3888/3888/3888 
f 3889/3889/3889 3885/3885/3885 3888/3888/3888 
f 3885/3885/3885 3889/3889/3889 3890/3890/3890 
f 3891/3891/3891 3892/3892/3892 3893/3893/3893 
f 3892/3892/3892 3891/3891/3891 3894/3894/3894 
f 3895/3895/3895 3896/3896/3896 3897/3897/3897 
f 3896/3896/3896 3895/3895/3895 3898/3898/3898 
f 3899/3899/3899 3900/3900/3900 3901/3901/3901 
f 3900/3900/3900 3899/3899/3899 3902/3902/3902 
f 3903/3903/3903 3904/3904/3904 3902/3902/3902 
f 3904/3904/3904 3903/3903/3903 3905/3905/3905 
f 3906/3906/3906 3903/3903/3903 3907/3907/3907 
f 3907/3907/3907 3908/3908/3908 3906/3906/3906 
f 3909/3909/3909 3910/3910/3910 3911/3911/3911 
f 3910/3910/3910 3909/3909/3909 3912/3912/3912 
f 3912/3912/3912 3913/3913/3913 3914/3914/3914 
f 3913/3913/3913 3912/3912/3912 3915/3915/3915 
f 3916/3916/3916 3915/3915/3915 3917/3917/3917 
f 3917/3917/3917 3918/3918/3918 3916/3916/3916 
f 3919/3919/3919 3920/3920/3920 3921/3921/3921 
f 3920/3920/3920 3919/3919/3919 3922/3922/3922 
f 3923/3923/3923 3924/3924/3924 3925/3925/3925 
f 3924/3924/3924 3923/3923/3923 3926/3926/3926 
f 3927/3927/3927 3928/3928/3928 3924/3924/3924 
f 3928/3928/3928 3927/3927/3927 3929/3929/3929 
f 3927/3927/3927 3930/3930/3930 3931/3931/3931 
f 3930/3930/3930 3927/3927/3927 3932/3932/3932 
f 3933/3933/3933 3934/3934/3934 3935/3935/3935 
f 3934/3934/3934 3933/3933/3933 3936/3936/3936 
f 3937/3937/3937 3938/3938/3938 3939/3939/3939 
f 3938/3938/3938 3937/3937/3937 3940/3940/3940 
f 3941/3941/3941 3939/3939/3939 3938/3938/3938 
f 3939/3939/3939 3941/3941/3941 3942/3942/3942 
f 3941/3941/3941 3943/3943/3943 3942/3942/3942 
f 3943/3943/3943 3941/3941/3941 3944/3944/3944 
f 3944/3944/3944 3945/3945/3945 3943/3943/3943 
f 3945/3945/3945 3944/3944/3944 3946/3946/3946 
f 3947/3947/3947 3948/3948/3948 3949/3949/3949 
f 3947/3947/3947 3949/3949/3949 3950/3950/3950 
f 3949/3949/3949 3951/3951/3951 3950/3950/3950 
f 3951/3951/3951 3949/3949/3949 3952/3952/3952 
f 3953/3953/3953 3952/3952/3952 3949/3949/3949 
f 3949/3949/3949 3954/3954/3954 3953/3953/3953 
f 3948/3948/3948 3954/3954/3954 3949/3949/3949 
f 3955/3955/3955 3948/3948/3948 3947/3947/3947 
f 3956/3956/3956 3953/3953/3953 3954/3954/3954 
f 3955/3955/3955 3957/3957/3957 3948/3948/3948 
f 3957/3957/3957 3955/3955/3955 3958/3958/3958 
f 3954/3954/3954 3948/3948/3948 3959/3959/3959 
f 3957/3957/3957 3959/3959/3959 3948/3948/3948 
f 3954/3954/3954 3960/3960/3960 3956/3956/3956 
f 3959/3959/3959 3957/3957/3957 3961/3961/3961 
f 3962/3962/3962 3954/3954/3954 3959/3959/3959 
f 3954/3954/3954 3962/3962/3962 3960/3960/3960 
f 3963/3963/3963 3959/3959/3959 3961/3961/3961 
f 3959/3959/3959 3963/3963/3963 3962/3962/3962 
f 3957/3957/3957 3964/3964/3964 3961/3961/3961 
f 3963/3963/3963 3961/3961/3961 3964/3964/3964 
f 3957/3957/3957 3958/3958/3958 3965/3965/3965 
f 3964/3964/3964 3957/3957/3957 3965/3965/3965 
f 3965/3965/3965 3958/3958/3958 3966/3966/3966 
f 3963/3963/3963 3964/3964/3964 3967/3967/3967 
f 3965/3965/3965 3968/3968/3968 3964/3964/3964 
f 3969/3969/3969 3962/3962/3962 3963/3963/3963 
f 3969/3969/3969 3963/3963/3963 3967/3967/3967 
f 3964/3964/3964 3970/3970/3970 3967/3967/3967 
f 3970/3970/3970 3964/3964/3964 3968/3968/3968 
f 3965/3965/3965 3966/3966/3966 3971/3971/3971 
f 3968/3968/3968 3965/3965/3965 3971/3971/3971 
f 3966/3966/3966 3972/3972/3972 3971/3971/3971 
f 3971/3971/3971 3973/3973/3973 3968/3968/3968 
f 3973/3973/3973 3971/3971/3971 3972/3972/3972 
f 3973/3973/3973 3970/3970/3970 3968/3968/3968 
f 3972/3972/3972 3966/3966/3966 3974/3974/3974 
f 3974/3974/3974 3975/3975/3975 3972/3972/3972 
f 3975/3975/3975 3974/3974/3974 3976/3976/3976 
f 3976/3976/3976 3977/3977/3977 3975/3975/3975 
f 3977/3977/3977 3976/3976/3976 3978/3978/3978 
f 3979/3979/3979 3972/3972/3972 3975/3975/3975 
f 3979/3979/3979 3975/3975/3975 3977/3977/3977 
f 3972/3972/3972 3979/3979/3979 3973/3973/3973 
f 3979/3979/3979 3977/3977/3977 3980/3980/3980 
f 3981/3981/3981 3979/3979/3979 3980/3980/3980 
f 3982/3982/3982 3973/3973/3973 3979/3979/3979 
f 3970/3970/3970 3973/3973/3973 3982/3982/3982 
f 3979/3979/3979 3981/3981/3981 3983/3983/3983 
f 3982/3982/3982 3979/3979/3979 3983/3983/3983 
f 3984/3984/3984 3983/3983/3983 3981/3981/3981 
f 3983/3983/3983 3984/3984/3984 3985/3985/3985 
f 3983/3983/3983 3986/3986/3986 3982/3982/3982 
f 3986/3986/3986 3983/3983/3983 3985/3985/3985 
f 3984/3984/3984 3987/3987/3987 3985/3985/3985 
f 3987/3987/3987 3986/3986/3986 3985/3985/3985 
f 3987/3987/3987 3984/3984/3984 3988/3988/3988 
f 3988/3988/3988 3989/3989/3989 3987/3987/3987 
f 3989/3989/3989 3988/3988/3988 3990/3990/3990 
f 3987/3987/3987 3989/3989/3989 3991/3991/3991 
f 3991/3991/3991 3992/3992/3992 3987/3987/3987 
f 3986/3986/3986 3987/3987/3987 3992/3992/3992 
f 3991/3991/3991 3993/3993/3993 3992/3992/3992 
f 3993/3993/3993 3986/3986/3986 3992/3992/3992 
f 3993/3993/3993 3991/3991/3991 3994/3994/3994 
f 3995/3995/3995 3982/3982/3982 3986/3986/3986 
f 3993/3993/3993 3995/3995/3995 3986/3986/3986 
f 3982/3982/3982 3995/3995/3995 3970/3970/3970 
f 3994/3994/3994 3996/3996/3996 3993/3993/3993 
f 3996/3996/3996 3994/3994/3994 3997/3997/3997 
f 3993/3993/3993 3998/3998/3998 3995/3995/3995 
f 3998/3998/3998 3970/3970/3970 3995/3995/3995 
f 3998/3998/3998 3993/3993/3993 3996/3996/3996 
f 3970/3970/3970 3998/3998/3998 3967/3967/3967 
f 3967/3967/3967 3998/3998/3998 3969/3969/3969 
f 3996/3996/3996 3969/3969/3969 3998/3998/3998 
f 3997/3997/3997 3999/3999/3999 3996/3996/3996 
f 3969/3969/3969 3996/3996/3996 3999/3999/3999 
f 3999/3999/3999 3997/3997/3997 4000/4000/4000 
f 4000/4000/4000 4001/4001/4001 3999/3999/3999 
f 3999/3999/3999 4001/4001/4001 3969/3969/3969 
f 4001/4001/4001 4000/4000/4000 4002/4002/4002 
f 4001/4001/4001 4002/4002/4002 4003/4003/4003 
f 3969/3969/3969 4001/4001/4001 4004/4004/4004 
f 3962/3962/3962 3969/3969/3969 4004/4004/4004 
f 4004/4004/4004 3960/3960/3960 3962/3962/3962 
f 3960/3960/3960 4004/4004/4004 4005/4005/4005 
f 4001/4001/4001 4005/4005/4005 4004/4004/4004 
f 4005/4005/4005 3956/3956/3956 3960/3960/3960 
f 3956/3956/3956 4005/4005/4005 4006/4006/4006 
f 4007/4007/4007 4006/4006/4006 4005/4005/4005 
f 4005/4005/4005 4001/4001/4001 4008/4008/4008 
f 4007/4007/4007 4005/4005/4005 4008/4008/4008 
f 4001/4001/4001 4003/4003/4003 4008/4008/4008 
f 4008/4008/4008 4009/4009/4009 4007/4007/4007 
f 4009/4009/4009 4008/4008/4008 4003/4003/4003 
f 4010/4010/4010 4011/4011/4011 4012/4012/4012 
f 4011/4011/4011 4010/4010/4010 4013/4013/4013 
f 4012/4012/4012 4014/4014/4014 4010/4010/4010 
f 4014/4014/4014 4012/4012/4012 4015/4015/4015 
f 4016/4016/4016 4017/4017/4017 4018/4018/4018 
f 4017/4017/4017 4016/4016/4016 4019/4019/4019 
f 4020/4020/4020 4021/4021/4021 4022/4022/4022 
f 4021/4021/4021 4020/4020/4020 4023/4023/4023 
f 4024/4024/4024 4023/4023/4023 4025/4025/4025 
f 4024/4024/4024 4025/4025/4025 4026/4026/4026 
f 4027/4027/4027 4028/4028/4028 4029/4029/4029 
f 4029/4029/4029 4030/4030/4030 4027/4027/4027 
f 4030/4030/4030 4031/4031/4031 4032/4032/4032 
f 4031/4031/4031 4030/4030/4030 4033/4033/4033 
f 4034/4034/4034 4035/4035/4035 4036/4036/4036 
f 4035/4035/4035 4034/4034/4034 4037/4037/4037 
f 4038/4038/4038 4039/4039/4039 4040/4040/4040 
f 4039/4039/4039 4038/4038/4038 4041/4041/4041 
f 4042/4042/4042 4043/4043/4043 4044/4044/4044 
f 4043/4043/4043 4042/4042/4042 4045/4045/4045 
f 4046/4046/4046 4047/4047/4047 4048/4048/4048 
f 4047/4047/4047 4046/4046/4046 4049/4049/4049 
f 4048/4048/4048 4047/4047/4047 4050/4050/4050 
f 4050/4050/4050 4047/4047/4047 4051/4051/4051 
f 4052/4052/4052 4053/4053/4053 4054/4054/4054 
f 4053/4053/4053 4052/4052/4052 4055/4055/4055 
f 4056/4056/4056 4057/4057/4057 4058/4058/4058 
f 4057/4057/4057 4056/4056/4056 4059/4059/4059 
f 4060/4060/4060 4061/4061/4061 4062/4062/4062 
f 4062/4062/4062 4061/4061/4061 4063/4063/4063 
f 4064/4064/4064 4065/4065/4065 4066/4066/4066 
f 4064/4064/4064 4066/4066/4066 4067/4067/4067 
f 4068/4068/4068 4064/4064/4064 4067/4067/4067 
f 4068/4068/4068 4067/4067/4067 4069/4069/4069 
f 4070/4070/4070 4068/4068/4068 4069/4069/4069 
f 4068/4068/4068 4070/4070/4070 4071/4071/4071 
f 4072/4072/4072 4073/4073/4073 4074/4074/4074 
f 4073/4073/4073 4072/4072/4072 4075/4075/4075 
f 4076/4076/4076 4077/4077/4077 4078/4078/4078 
f 4076/4076/4076 4078/4078/4078 4079/4079/4079 
f 4078/4078/4078 4080/4080/4080 4079/4079/4079 
f 4080/4080/4080 4078/4078/4078 4081/4081/4081 
f 4082/4082/4082 4081/4081/4081 4078/4078/4078 
f 4082/4082/4082 4078/4078/4078 4083/4083/4083 
f 4077/4077/4077 4083/4083/4083 4078/4078/4078 
f 4084/4084/4084 4082/4082/4082 4083/4083/4083 
f 4076/4076/4076 4085/4085/4085 4077/4077/4077 
f 4085/4085/4085 4076/4076/4076 4086/4086/4086 
f 4087/4087/4087 4085/4085/4085 4086/4086/4086 
f 4085/4085/4085 4087/4087/4087 4088/4088/4088 
f 4088/4088/4088 4087/4087/4087 4089/4089/4089 
f 4085/4085/4085 4090/4090/4090 4077/4077/4077 
f 4083/4083/4083 4077/4077/4077 4090/4090/4090 
f 4090/4090/4090 4085/4085/4085 4091/4091/4091 
f 4091/4091/4091 4085/4085/4085 4088/4088/4088 
f 4092/4092/4092 4083/4083/4083 4090/4090/4090 
f 4093/4093/4093 4090/4090/4090 4091/4091/4091 
f 4090/4090/4090 4093/4093/4093 4092/4092/4092 
f 4093/4093/4093 4094/4094/4094 4092/4092/4092 
f 4083/4083/4083 4092/4092/4092 4095/4095/4095 
f 4084/4084/4084 4083/4083/4083 4095/4095/4095 
f 4094/4094/4094 4095/4095/4095 4092/4092/4092 
f 4096/4096/4096 4084/4084/4084 4095/4095/4095 
f 4096/4096/4096 4095/4095/4095 4097/4097/4097 
f 4095/4095/4095 4094/4094/4094 4097/4097/4097 
f 4094/4094/4094 4093/4093/4093 4098/4098/4098 
f 4098/4098/4098 4093/4093/4093 4099/4099/4099 
f 4091/4091/4091 4099/4099/4099 4093/4093/4093 
f 4099/4099/4099 4100/4100/4100 4098/4098/4098 
f 4099/4099/4099 4101/4101/4101 4100/4100/4100 
f 4099/4099/4099 4091/4091/4091 4102/4102/4102 
f 4088/4088/4088 4102/4102/4102 4091/4091/4091 
f 4101/4101/4101 4099/4099/4099 4103/4103/4103 
f 4102/4102/4102 4103/4103/4103 4099/4099/4099 
f 4088/4088/4088 4104/4104/4104 4102/4102/4102 
f 4103/4103/4103 4102/4102/4102 4104/4104/4104 
f 4104/4104/4104 4088/4088/4088 4105/4105/4105 
f 4088/4088/4088 4089/4089/4089 4105/4105/4105 
f 4106/4106/4106 4103/4103/4103 4104/4104/4104 
f 4105/4105/4105 4106/4106/4106 4104/4104/4104 
f 4107/4107/4107 4101/4101/4101 4103/4103/4103 
f 4103/4103/4103 4106/4106/4106 4107/4107/4107 
f 4101/4101/4101 4107/4107/4107 4108/4108/4108 
f 4107/4107/4107 4109/4109/4109 4108/4108/4108 
f 4089/4089/4089 4110/4110/4110 4105/4105/4105 
f 4106/4106/4106 4105/4105/4105 4110/4110/4110 
f 4110/4110/4110 4089/4089/4089 4111/4111/4111 
f 4110/4110/4110 4111/4111/4111 4112/4112/4112 
f 4110/4110/4110 4113/4113/4113 4106/4106/4106 
f 4113/4113/4113 4107/4107/4107 4106/4106/4106 
f 4110/4110/4110 4112/4112/4112 4114/4114/4114 
f 4113/4113/4113 4110/4110/4110 4114/4114/4114 
f 4112/4112/4112 4115/4115/4115 4114/4114/4114 
f 4115/4115/4115 4112/4112/4112 4116/4116/4116 
f 4117/4117/4117 4114/4114/4114 4115/4115/4115 
f 4114/4114/4114 4117/4117/4117 4113/4113/4113 
f 4107/4107/4107 4113/4113/4113 4118/4118/4118 
f 4117/4117/4117 4118/4118/4118 4113/4113/4113 
f 4109/4109/4109 4107/4107/4107 4118/4118/4118 
f 4118/4118/4118 4117/4117/4117 4119/4119/4119 
f 4118/4118/4118 4120/4120/4120 4109/4109/4109 
f 4120/4120/4120 4118/4118/4118 4119/4119/4119 
f 4121/4121/4121 4122/4122/4122 4123/4123/4123 
f 4122/4122/4122 4121/4121/4121 4124/4124/4124 
f 4125/4125/4125 4126/4126/4126 4127/4127/4127 
f 4126/4126/4126 4125/4125/4125 4128/4128/4128 
f 4129/4129/4129 4130/4130/4130 4131/4131/4131 
f 4130/4130/4130 4129/4129/4129 4132/4132/4132 
f 4133/4133/4133 4131/4131/4131 4134/4134/4134 
f 4134/4134/4134 4135/4135/4135 4133/4133/4133 
f 4136/4136/4136 4137/4137/4137 4133/4133/4133 
f 4137/4137/4137 4136/4136/4136 4138/4138/4138 
f 4139/4139/4139 4140/4140/4140 4141/4141/4141 
f 4140/4140/4140 4139/4139/4139 4142/4142/4142 
f 4143/4143/4143 4144/4144/4144 4145/4145/4145 
f 4144/4144/4144 4143/4143/4143 4146/4146/4146 
f 4147/4147/4147 4148/4148/4148 4149/4149/4149 
f 4148/4148/4148 4147/4147/4147 4150/4150/4150 
f 4151/4151/4151 4149/4149/4149 4148/4148/4148 
f 4149/4149/4149 4151/4151/4151 4152/4152/4152 
f 4153/4153/4153 4154/4154/4154 4155/4155/4155 
f 4154/4154/4154 4153/4153/4153 4156/4156/4156 
f 4157/4157/4157 4158/4158/4158 4159/4159/4159 
f 4159/4159/4159 4160/4160/4160 4157/4157/4157 
f 4161/4161/4161 4162/4162/4162 4163/4163/4163 
f 4162/4162/4162 4161/4161/4161 4164/4164/4164 
f 4165/4165/4165 4163/4163/4163 4162/4162/4162 
f 4163/4163/4163 4165/4165/4165 4166/4166/4166 
f 4166/4166/4166 4165/4165/4165 4167/4167/4167 
f 4168/4168/4168 4167/4167/4167 4165/4165/4165 
f 4169/4169/4169 4170/4170/4170 4171/4171/4171 
f 4172/4172/4172 4173/4173/4173 4174/4174/4174 
f 4173/4173/4173 4172/4172/4172 4175/4175/4175 
f 4176/4176/4176 4177/4177/4177 4178/4178/4178 
f 4177/4177/4177 4176/4176/4176 4179/4179/4179 
f 4180/4180/4180 4181/4181/4181 4182/4182/4182 
f 4182/4182/4182 4183/4183/4183 4180/4180/4180 
f 4184/4184/4184 4183/4183/4183 4185/4185/4185 
f 4184/4184/4184 4185/4185/4185 4186/4186/4186 
f 4187/4187/4187 4188/4188/4188 4182/4182/4182 
f 4188/4188/4188 4187/4187/4187 4189/4189/4189 
f 4190/4190/4190 4187/4187/4187 4191/4191/4191 
f 4191/4191/4191 4192/4192/4192 4190/4190/4190 
f 4193/4193/4193 4194/4194/4194 4195/4195/4195 
f 4195/4195/4195 4196/4196/4196 4193/4193/4193 
f 4197/4197/4197 4196/4196/4196 4198/4198/4198 
f 4197/4197/4197 4198/4198/4198 4199/4199/4199 
f 4200/4200/4200 4201/4201/4201 4202/4202/4202 
f 4203/4203/4203 4200/4200/4200 4202/4202/4202 
f 4204/4204/4204 4205/4205/4205 4201/4201/4201 
f 4204/4204/4204 4201/4201/4201 4206/4206/4206 
f 4201/4201/4201 4200/4200/4200 4206/4206/4206 
f 4207/4207/4207 4204/4204/4204 4206/4206/4206 
f 4206/4206/4206 4208/4208/4208 4207/4207/4207 
f 4200/4200/4200 4208/4208/4208 4206/4206/4206 
f 4209/4209/4209 4207/4207/4207 4208/4208/4208 
f 4200/4200/4200 4203/4203/4203 4210/4210/4210 
f 4208/4208/4208 4200/4200/4200 4211/4211/4211 
f 4210/4210/4210 4211/4211/4211 4200/4200/4200 
f 4203/4203/4203 2358/2358/2358 4210/4210/4210 
f 2358/2358/2358 4203/4203/4203 2364/2364/2364 
f 4208/4208/4208 4212/4212/4212 4209/4209/4209 
f 4211/4211/4211 4212/4212/4212 4208/4208/4208 
f 4213/4213/4213 4209/4209/4209 4212/4212/4212 
f 4209/4209/4209 4213/4213/4213 4214/4214/4214 
f 4212/4212/4212 4211/4211/4211 4215/4215/4215 
f 4215/4215/4215 4213/4213/4213 4212/4212/4212 
f 4211/4211/4211 4210/4210/4210 2357/2357/2357 
f 2357/2357/2357 4210/4210/4210 2358/2358/2358 
f 4211/4211/4211 2355/2355/2355 4215/4215/4215 
f 2355/2355/2355 4211/4211/4211 2357/2357/2357 
f 4216/4216/4216 4214/4214/4214 4213/4213/4213 
f 4214/4214/4214 4216/4216/4216 4217/4217/4217 
f 4213/4213/4213 4215/4215/4215 4218/4218/4218 
f 4218/4218/4218 4216/4216/4216 4213/4213/4213 
f 4219/4219/4219 4217/4217/4217 4216/4216/4216 
f 4215/4215/4215 2352/2352/2352 4218/4218/4218 
f 2352/2352/2352 4215/4215/4215 2355/2355/2355 
f 2339/2339/2339 4218/4218/4218 2352/2352/2352 
f 4218/4218/4218 2338/2338/2338 4216/4216/4216 
f 4218/4218/4218 2339/2339/2339 2338/2338/2338 
f 4216/4216/4216 4220/4220/4220 4219/4219/4219 
f 4221/4221/4221 4219/4219/4219 4220/4220/4220 
f 4220/4220/4220 4222/4222/4222 4221/4221/4221 
f 4220/4220/4220 2337/2337/2337 4222/4222/4222 
f 4216/4216/4216 4223/4223/4223 4220/4220/4220 
f 2337/2337/2337 4220/4220/4220 4223/4223/4223 
f 4223/4223/4223 4216/4216/4216 2338/2338/2338 
f 2337/2337/2337 4223/4223/4223 2335/2335/2335 
f 2338/2338/2338 2335/2335/2335 4223/4223/4223 
f 4224/4224/4224 4225/4225/4225 4226/4226/4226 
f 4225/4225/4225 4224/4224/4224 4227/4227/4227 
f 4228/4228/4228 4229/4229/4229 4230/4230/4230 
f 4229/4229/4229 4228/4228/4228 4231/4231/4231 
f 4232/4232/4232 4233/4233/4233 4234/4234/4234 
f 4233/4233/4233 4232/4232/4232 4235/4235/4235 
f 4236/4236/4236 4237/4237/4237 4238/4238/4238 
f 4239/4239/4239 4240/4240/4240 4241/4241/4241 
f 4240/4240/4240 4242/4242/4242 4241/4241/4241 
f 4243/4243/4243 4244/4244/4244 4245/4245/4245 
f 4244/4244/4244 4243/4243/4243 4246/4246/4246 
f 4247/4247/4247 4248/4248/4248 4245/4245/4245 
f 4248/4248/4248 4247/4247/4247 4249/4249/4249 
f 4250/4250/4250 4251/4251/4251 4243/4243/4243 
f 4250/4250/4250 4252/4252/4252 4251/4251/4251 
f 4253/4253/4253 4254/4254/4254 4255/4255/4255 
f 4254/4254/4254 4253/4253/4253 4256/4256/4256 
f 4255/4255/4255 4254/4254/4254 4257/4257/4257 
f 4258/4258/4258 4257/4257/4257 4254/4254/4254 
f 4259/4259/4259 4260/4260/4260 4261/4261/4261 
f 4260/4260/4260 4259/4259/4259 4262/4262/4262 
f 4263/4263/4263 4264/4264/4264 4265/4265/4265 
f 4266/4266/4266 4267/4267/4267 4268/4268/4268 
f 4267/4267/4267 4266/4266/4266 4269/4269/4269 
f 4270/4270/4270 4271/4271/4271 4272/4272/4272 
f 4271/4271/4271 4270/4270/4270 4273/4273/4273 
f 4274/4274/4274 4275/4275/4275 4276/4276/4276 
f 4275/4275/4275 4274/4274/4274 4277/4277/4277 
f 4278/4278/4278 4279/4279/4279 4280/4280/4280 
f 4278/4278/4278 4280/4280/4280 4281/4281/4281 
f 4279/4279/4279 4278/4278/4278 4282/4282/4282 
f 4279/4279/4279 4282/4282/4282 4283/4283/4283 
f 4283/4283/4283 4282/4282/4282 4284/4284/4284 
f 4283/4283/4283 4284/4284/4284 4285/4285/4285 
f 4286/4286/4286 4287/4287/4287 4288/4288/4288 
f 4287/4287/4287 4286/4286/4286 4289/4289/4289 
f 4290/4290/4290 4291/4291/4291 4292/4292/4292 
f 4292/4292/4292 4293/4293/4293 4290/4290/4290 
f 4294/4294/4294 4295/4295/4295 4296/4296/4296 
f 4296/4296/4296 4295/4295/4295 4297/4297/4297 
f 4298/4298/4298 4299/4299/4299 4300/4300/4300 
f 4298/4298/4298 4301/4301/4301 4299/4299/4299 
f 4301/4301/4301 4298/4298/4298 4302/4302/4302 
f 4300/4300/4300 4303/4303/4303 4298/4298/4298 
f 4303/4303/4303 4300/4300/4300 4304/4304/4304 
f 4305/4305/4305 4302/4302/4302 4298/4298/4298 
f 4302/4302/4302 4305/4305/4305 4306/4306/4306 
f 4307/4307/4307 4306/4306/4306 4305/4305/4305 
f 4306/4306/4306 4307/4307/4307 4308/4308/4308 
f 4305/4305/4305 4309/4309/4309 4307/4307/4307 
f 4298/4298/4298 4310/4310/4310 4305/4305/4305 
f 4309/4309/4309 4305/4305/4305 4310/4310/4310 
f 4310/4310/4310 4298/4298/4298 4303/4303/4303 
f 4310/4310/4310 4311/4311/4311 4309/4309/4309 
f 4311/4311/4311 4310/4310/4310 4312/4312/4312 
f 4303/4303/4303 4312/4312/4312 4310/4310/4310 
f 4312/4312/4312 4313/4313/4313 4311/4311/4311 
f 4312/4312/4312 4303/4303/4303 4314/4314/4314 
f 4304/4304/4304 4314/4314/4314 4303/4303/4303 
f 4313/4313/4313 4312/4312/4312 4315/4315/4315 
f 4314/4314/4314 4315/4315/4315 4312/4312/4312 
f 4304/4304/4304 4316/4316/4316 4314/4314/4314 
f 4315/4315/4315 4314/4314/4314 4316/4316/4316 
f 4316/4316/4316 4304/4304/4304 4317/4317/4317 
f 4316/4316/4316 4317/4317/4317 4318/4318/4318 
f 4315/4315/4315 4316/4316/4316 4319/4319/4319 
f 4316/4316/4316 4318/4318/4318 4319/4319/4319 
f 4313/4313/4313 4315/4315/4315 4320/4320/4320 
f 4315/4315/4315 4319/4319/4319 4320/4320/4320 
f 4320/4320/4320 4321/4321/4321 4313/4313/4313 
f 4318/4318/4318 4322/4322/4322 4319/4319/4319 
f 4320/4320/4320 4319/4319/4319 4322/4322/4322 
f 4322/4322/4322 4318/4318/4318 4323/4323/4323 
f 4321/4321/4321 4320/4320/4320 4324/4324/4324 
f 4322/4322/4322 4324/4324/4324 4320/4320/4320 
f 4324/4324/4324 4325/4325/4325 4321/4321/4321 
f 4323/4323/4323 4326/4326/4326 4322/4322/4322 
f 4324/4324/4324 4322/4322/4322 4326/4326/4326 
f 4326/4326/4326 4323/4323/4323 4327/4327/4327 
f 4326/4326/4326 4327/4327/4327 4328/4328/4328 
f 4328/4328/4328 4329/4329/4329 4326/4326/4326 
f 4325/4325/4325 4324/4324/4324 4330/4330/4330 
f 4326/4326/4326 4330/4330/4330 4324/4324/4324 
f 4330/4330/4330 4326/4326/4326 4329/4329/4329 
f 4330/4330/4330 4331/4331/4331 4325/4325/4325 
f 4330/4330/4330 4329/4329/4329 4332/4332/4332 
f 4331/4331/4331 4330/4330/4330 4332/4332/4332 
f 4331/4331/4331 4332/4332/4332 4333/4333/4333 
f 4334/4334/4334 4335/4335/4335 4336/4336/4336 
f 4335/4335/4335 4334/4334/4334 4337/4337/4337 
f 4338/4338/4338 4339/4339/4339 4340/4340/4340 
f 4338/4338/4338 4340/4340/4340 4341/4341/4341 
f 4342/4342/4342 4343/4343/4343 4344/4344/4344 
f 4343/4343/4343 4342/4342/4342 4345/4345/4345 
f 4346/4346/4346 4347/4347/4347 4348/4348/4348 
f 4347/4347/4347 4346/4346/4346 4349/4349/4349 
f 4350/4350/4350 4351/4351/4351 4352/4352/4352 
f 4352/4352/4352 4353/4353/4353 4350/4350/4350 
f 4354/4354/4354 4355/4355/4355 4356/4356/4356 
f 4355/4355/4355 4354/4354/4354 4357/4357/4357 
f 4358/4358/4358 4359/4359/4359 4360/4360/4360 
f 4358/4358/4358 4360/4360/4360 4361/4361/4361 
f 4361/4361/4361 4360/4360/4360 4362/4362/4362 
f 4361/4361/4361 4362/4362/4362 4363/4363/4363 
f 4364/4364/4364 4365/4365/4365 4366/4366/4366 
f 4365/4365/4365 4364/4364/4364 4367/4367/4367 
f 4368/4368/4368 4366/4366/4366 4365/4365/4365 
f 4366/4366/4366 4368/4368/4368 4369/4369/4369 
f 4370/4370/4370 4371/4371/4371 4372/4372/4372 
f 4371/4371/4371 4370/4370/4370 4373/4373/4373 
f 4374/4374/4374 4370/4370/4370 4372/4372/4372 
f 4374/4374/4374 4375/4375/4375 4370/4370/4370 
f 4376/4376/4376 4377/4377/4377 4378/4378/4378 
f 4376/4376/4376 4378/4378/4378 4379/4379/4379 
f 4380/4380/4380 4381/4381/4381 4382/4382/4382 
f 4383/4383/4383 4384/4384/4384 4385/4385/4385 
f 4386/4386/4386 4387/4387/4387 4388/4388/4388 
f 4387/4387/4387 4386/4386/4386 4389/4389/4389 
f 4390/4390/4390 4391/4391/4391 4392/4392/4392 
f 4391/4391/4391 4390/4390/4390 4393/4393/4393 
f 4394/4394/4394 4395/4395/4395 4396/4396/4396 
f 4395/4395/4395 4394/4394/4394 4397/4397/4397 
f 4398/4398/4398 4399/4399/4399 4400/4400/4400 
f 4399/4399/4399 4398/4398/4398 4401/4401/4401 
f 4402/4402/4402 4403/4403/4403 4404/4404/4404 
f 4404/4404/4404 4403/4403/4403 4405/4405/4405 
f 4406/4406/4406 4404/4404/4404 4405/4405/4405 
f 4403/4403/4403 4402/4402/4402 4407/4407/4407 
f 4402/4402/4402 4408/4408/4408 4407/4407/4407 
f 4408/4408/4408 4402/4402/4402 4409/4409/4409 
f 4410/4410/4410 4411/4411/4411 4412/4412/4412 
f 4411/4411/4411 4410/4410/4410 4413/4413/4413 
f 4414/4414/4414 4415/4415/4415 4416/4416/4416 
f 4415/4415/4415 4414/4414/4414 4417/4417/4417 
f 4418/4418/4418 4417/4417/4417 4414/4414/4414 
f 4419/4419/4419 4418/4418/4418 4414/4414/4414 
f 4420/4420/4420 4418/4418/4418 4419/4419/4419 
f 4419/4419/4419 4421/4421/4421 4420/4420/4420 
f 4422/4422/4422 4423/4423/4423 4424/4424/4424 
f 4422/4422/4422 4424/4424/4424 4425/4425/4425 
f 4426/4426/4426 4427/4427/4427 4428/4428/4428 
f 4427/4427/4427 4426/4426/4426 4429/4429/4429 
f 4430/4430/4430 4431/4431/4431 4432/4432/4432 
f 4431/4431/4431 4430/4430/4430 4433/4433/4433 
f 4430/4430/4430 4432/4432/4432 4434/4434/4434 
f 4435/4435/4435 4431/4431/4431 4433/4433/4433 
f 4434/4434/4434 4432/4432/4432 4436/4436/4436 
f 4431/4431/4431 4435/4435/4435 4437/4437/4437 
f 4438/4438/4438 4434/4434/4434 4436/4436/4436 
f 4434/4434/4434 4438/4438/4438 4439/4439/4439 
f 4440/4440/4440 4439/4439/4439 4438/4438/4438 
f 4439/4439/4439 4440/4440/4440 4441/4441/4441 
f 4442/4442/4442 4437/4437/4437 4435/4435/4435 
f 4437/4437/4437 4442/4442/4442 4443/4443/4443 
f 4442/4442/4442 4444/4444/4444 4443/4443/4443 
f 4442/4442/4442 4445/4445/4445 4444/4444/4444 
f 4445/4445/4445 4446/4446/4446 4444/4444/4444 
f 4445/4445/4445 4447/4447/4447 4446/4446/4446 
f 4448/4448/4448 4449/4449/4449 4450/4450/4450 
f 4448/4448/4448 4450/4450/4450 4451/4451/4451 
f 4452/4452/4452 4453/4453/4453 4454/4454/4454 
f 4452/4452/4452 4454/4454/4454 4455/4455/4455 
f 4456/4456/4456 4457/4457/4457 4458/4458/4458 
f 4457/4457/4457 4456/4456/4456 4459/4459/4459 
f 4456/4456/4456 4460/4460/4460 4459/4459/4459 
f 4456/4456/4456 4461/4461/4461 4460/4460/4460 
f 4462/4462/4462 4463/4463/4463 4464/4464/4464 
f 4463/4463/4463 4462/4462/4462 4465/4465/4465 
f 4466/4466/4466 4467/4467/4467 4468/4468/4468 
f 4467/4467/4467 4466/4466/4466 4469/4469/4469 
f 4470/4470/4470 4471/4471/4471 4472/4472/4472 
f 4472/4472/4472 4473/4473/4473 4470/4470/4470 
f 4474/4474/4474 4475/4475/4475 4476/4476/4476 
f 4474/4474/4474 4476/4476/4476 4477/4477/4477 
f 4478/4478/4478 4479/4479/4479 4480/4480/4480 
f 4479/4479/4479 4478/4478/4478 4481/4481/4481 
f 4482/4482/4482 4483/4483/4483 4484/4484/4484 
f 4484/4484/4484 4485/4485/4485 4482/4482/4482 
f 4486/4486/4486 4487/4487/4487 4488/4488/4488 
f 4487/4487/4487 4486/4486/4486 4489/4489/4489 
f 4490/4490/4490 4491/4491/4491 4492/4492/4492 
f 4492/4492/4492 4493/4493/4493 4490/4490/4490 
f 4494/4494/4494 4495/4495/4495 4496/4496/4496 
f 4494/4494/4494 4496/4496/4496 4497/4497/4497 
f 4498/4498/4498 4499/4499/4499 4500/4500/4500 
f 4499/4499/4499 4501/4501/4501 4500/4500/4500 
f 4502/4502/4502 4503/4503/4503 4504/4504/4504 
f 4502/4502/4502 4504/4504/4504 4505/4505/4505 
f 4506/4506/4506 4507/4507/4507 4508/4508/4508 
f 4508/4508/4508 4509/4509/4509 4506/4506/4506 
f 4510/4510/4510 4511/4511/4511 4512/4512/4512 
f 4510/4510/4510 4512/4512/4512 4513/4513/4513 
f 4514/4514/4514 4515/4515/4515 4516/4516/4516 
f 4515/4515/4515 4514/4514/4514 4517/4517/4517 
f 4518/4518/4518 4519/4519/4519 4520/4520/4520 
f 4520/4520/4520 4521/4521/4521 4518/4518/4518 
f 4522/4522/4522 4523/4523/4523 4524/4524/4524 
f 4523/4523/4523 4522/4522/4522 4525/4525/4525 
f 4526/4526/4526 4527/4527/4527 4528/4528/4528 
f 4527/4527/4527 4526/4526/4526 4529/4529/4529 
f 4530/4530/4530 4531/4531/4531 4532/4532/4532 
f 4531/4531/4531 4533/4533/4533 4532/4532/4532 
f 2113/2113/2113 2112/2112/2112 4534/4534/4534 
f 2114/2114/2114 2113/2113/2113 4535/4535/4535 
f 4534/4534/4534 4535/4535/4535 2113/2113/2113 
f 4535/4535/4535 4536/4536/4536 2114/2114/2114 
f 4536/4536/4536 4535/4535/4535 4537/4537/4537 
f 4538/4538/4538 4537/4537/4537 4535/4535/4535 
f 4535/4535/4535 4534/4534/4534 4538/4538/4538 
f 4537/4537/4537 4538/4538/4538 4539/4539/4539 
f 2112/2112/2112 4540/4540/4540 4534/4534/4534 
f 4540/4540/4540 4538/4538/4538 4534/4534/4534 
f 4540/4540/4540 2112/2112/2112 2115/2115/2115 
f 4541/4541/4541 4539/4539/4539 4538/4538/4538 
f 4538/4538/4538 4540/4540/4540 4541/4541/4541 
f 4539/4539/4539 4541/4541/4541 4542/4542/4542 
f 2115/2115/2115 4543/4543/4543 4540/4540/4540 
f 4543/4543/4543 4541/4541/4541 4540/4540/4540 
f 4544/4544/4544 4542/4542/4542 4541/4541/4541 
f 4541/4541/4541 4543/4543/4543 4544/4544/4544 
f 4542/4542/4542 4544/4544/4544 4545/4545/4545 
f 4546/4546/4546 4545/4545/4545 4544/4544/4544 
f 4546/4546/4546 4544/4544/4544 4547/4547/4547 
f 4548/4548/4548 4546/4546/4546 4547/4547/4547 
f 4546/4546/4546 4548/4548/4548 4549/4549/4549 
f 4544/4544/4544 4550/4550/4550 4547/4547/4547 
f 4550/4550/4550 4544/4544/4544 4543/4543/4543 
f 4550/4550/4550 4548/4548/4548 4547/4547/4547 
f 4551/4551/4551 4549/4549/4549 4548/4548/4548 
f 4552/4552/4552 4551/4551/4551 4548/4548/4548 
f 4548/4548/4548 4550/4550/4550 4553/4553/4553 
f 4548/4548/4548 4553/4553/4553 4552/4552/4552 
f 4554/4554/4554 4551/4551/4551 4552/4552/4552 
f 4552/4552/4552 4555/4555/4555 4554/4554/4554 
f 4556/4556/4556 4554/4554/4554 4555/4555/4555 
f 4555/4555/4555 2076/2076/2076 4556/4556/4556 
f 2076/2076/2076 4555/4555/4555 2075/2075/2075 
f 4552/4552/4552 2075/2075/2075 4555/4555/4555 
f 2075/2075/2075 4552/4552/4552 4557/4557/4557 
f 4552/4552/4552 4553/4553/4553 4557/4557/4557 
f 2075/2075/2075 4557/4557/4557 2077/2077/2077 
f 4553/4553/4553 2077/2077/2077 4557/4557/4557 
f 2077/2077/2077 4553/4553/4553 4558/4558/4558 
f 2077/2077/2077 4558/4558/4558 2080/2080/2080 
f 4559/4559/4559 4553/4553/4553 4550/4550/4550 
f 4558/4558/4558 4553/4553/4553 4559/4559/4559 
f 4543/4543/4543 4559/4559/4559 4550/4550/4550 
f 4560/4560/4560 2080/2080/2080 4558/4558/4558 
f 4560/4560/4560 4558/4558/4558 4559/4559/4559 
f 2083/2083/2083 2080/2080/2080 4560/4560/4560 
f 2104/2104/2104 2083/2083/2083 4560/4560/4560 
f 4561/4561/4561 4560/4560/4560 4559/4559/4559 
f 4560/4560/4560 4561/4561/4561 2104/2104/2104 
f 4559/4559/4559 4543/4543/4543 4561/4561/4561 
f 2115/2115/2115 2104/2104/2104 4561/4561/4561 
f 4543/4543/4543 2115/2115/2115 4561/4561/4561 
f 4562/4562/4562 4563/4563/4563 4564/4564/4564 
f 4563/4563/4563 4562/4562/4562 4565/4565/4565 
f 4566/4566/4566 4567/4567/4567 4568/4568/4568 
f 4567/4567/4567 4566/4566/4566 4569/4569/4569 
f 4570/4570/4570 4571/4571/4571 4572/4572/4572 
f 4571/4571/4571 4573/4573/4573 4572/4572/4572 
f 4571/4571/4571 4570/4570/4570 4574/4574/4574 
f 4573/4573/4573 4571/4571/4571 4575/4575/4575 
f 4574/4574/4574 4570/4570/4570 4576/4576/4576 
f 4575/4575/4575 4577/4577/4577 4573/4573/4573 
f 4578/4578/4578 4576/4576/4576 4570/4570/4570 
f 4577/4577/4577 4575/4575/4575 4579/4579/4579 
f 4576/4576/4576 4578/4578/4578 4580/4580/4580 
f 4581/4581/4581 4577/4577/4577 4579/4579/4579 
f 4582/4582/4582 4580/4580/4580 4578/4578/4578 
f 4577/4577/4577 4581/4581/4581 4583/4583/4583 
f 4584/4584/4584 4580/4580/4580 4582/4582/4582 
f 4583/4583/4583 4581/4581/4581 4584/4584/4584 
f 4580/4580/4580 4584/4584/4584 4585/4585/4585 
f 4584/4584/4584 4581/4581/4581 4585/4585/4585 
f 4586/4586/4586 4587/4587/4587 4588/4588/4588 
f 4587/4587/4587 4586/4586/4586 4589/4589/4589 
f 4590/4590/4590 4591/4591/4591 4592/4592/4592 
f 4591/4591/4591 4590/4590/4590 4593/4593/4593 
f 4594/4594/4594 4595/4595/4595 4596/4596/4596 
f 4595/4595/4595 4594/4594/4594 4597/4597/4597 
f 4598/4598/4598 4599/4599/4599 4600/4600/4600 
f 4601/4601/4601 4602/4602/4602 4603/4603/4603 
f 4602/4602/4602 4601/4601/4601 4604/4604/4604 
f 4605/4605/4605 4606/4606/4606 4607/4607/4607 
f 4606/4606/4606 4605/4605/4605 4608/4608/4608 
f 4609/4609/4609 4610/4610/4610 4611/4611/4611 
f 4609/4609/4609 4611/4611/4611 4612/4612/4612 
f 4613/4613/4613 4614/4614/4614 4615/4615/4615 
f 4614/4614/4614 4616/4616/4616 4615/4615/4615 
f 4617/4617/4617 4618/4618/4618 4619/4619/4619 
f 4617/4617/4617 4619/4619/4619 4620/4620/4620 
f 4621/4621/4621 4622/4622/4622 4623/4623/4623 
f 4623/4623/4623 4624/4624/4624 4621/4621/4621 
f 4625/4625/4625 4626/4626/4626 4627/4627/4627 
f 4627/4627/4627 4628/4628/4628 4625/4625/4625 
f 4629/4629/4629 4630/4630/4630 4631/4631/4631 
f 4631/4631/4631 4630/4630/4630 4632/4632/4632 
f 4633/4633/4633 4634/4634/4634 4635/4635/4635 
f 4634/4634/4634 4633/4633/4633 4636/4636/4636 
f 4637/4637/4637 4638/4638/4638 4639/4639/4639 
f 4637/4637/4637 4639/4639/4639 4640/4640/4640 
f 4641/4641/4641 4642/4642/4642 4643/4643/4643 
f 4642/4642/4642 4641/4641/4641 4644/4644/4644 
f 4645/4645/4645 4646/4646/4646 4647/4647/4647 
f 4646/4646/4646 4645/4645/4645 4648/4648/4648 
f 1736/1736/1736 1735/1735/1735 4649/4649/4649 
f 1735/1735/1735 1731/1731/1731 4650/4650/4650 
f 1735/1735/1735 4650/4650/4650 4649/4649/4649 
f 1731/1731/1731 1732/1732/1732 4650/4650/4650 
f 1732/1732/1732 4651/4651/4651 4650/4650/4650 
f 4650/4650/4650 4652/4652/4652 4649/4649/4649 
f 4650/4650/4650 4651/4651/4651 4652/4652/4652 
f 4653/4653/4653 4652/4652/4652 4651/4651/4651 
f 4654/4654/4654 4652/4652/4652 4653/4653/4653 
f 4652/4652/4652 4654/4654/4654 4655/4655/4655 
f 4655/4655/4655 4656/4656/4656 4652/4652/4652 
f 4657/4657/4657 4655/4655/4655 4654/4654/4654 
f 4656/4656/4656 4655/4655/4655 4658/4658/4658 
f 4658/4658/4658 4659/4659/4659 4656/4656/4656 
f 4656/4656/4656 4659/4659/4659 1736/1736/1736 
f 4659/4659/4659 4660/4660/4660 1736/1736/1736 
f 1736/1736/1736 4660/4660/4660 1737/1737/1737 
f 4659/4659/4659 4658/4658/4658 4661/4661/4661 
f 4661/4661/4661 4660/4660/4660 4659/4659/4659 
f 4655/4655/4655 4662/4662/4662 4658/4658/4658 
f 4658/4658/4658 4662/4662/4662 4661/4661/4661 
f 4655/4655/4655 4657/4657/4657 4663/4663/4663 
f 4663/4663/4663 4662/4662/4662 4655/4655/4655 
f 4657/4657/4657 4664/4664/4664 4663/4663/4663 
f 4657/4657/4657 4665/4665/4665 4664/4664/4664 
f 4663/4663/4663 4666/4666/4666 4662/4662/4662 
f 4663/4663/4663 4664/4664/4664 4666/4666/4666 
f 4665/4665/4665 4667/4667/4667 4664/4664/4664 
f 4667/4667/4667 4665/4665/4665 4668/4668/4668 
f 4667/4667/4667 4666/4666/4666 4664/4664/4664 
f 4666/4666/4666 4667/4667/4667 4669/4669/4669 
f 4670/4670/4670 4666/4666/4666 4669/4669/4669 
f 4671/4671/4671 4662/4662/4662 4666/4666/4666 
f 4670/4670/4670 4671/4671/4671 4666/4666/4666 
f 4671/4671/4671 4661/4661/4661 4662/4662/4662 
f 4670/4670/4670 4672/4672/4672 4671/4671/4671 
f 4671/4671/4671 4673/4673/4673 4661/4661/4661 
f 4673/4673/4673 4671/4671/4671 4672/4672/4672 
f 4660/4660/4660 4661/4661/4661 4673/4673/4673 
f 4672/4672/4672 4670/4670/4670 4674/4674/4674 
f 4675/4675/4675 4660/4660/4660 4673/4673/4673 
f 4672/4672/4672 4675/4675/4675 4673/4673/4673 
f 4674/4674/4674 4676/4676/4676 4672/4672/4672 
f 4675/4675/4675 4672/4672/4672 4676/4676/4676 
f 4676/4676/4676 4674/4674/4674 4677/4677/4677 
f 4677/4677/4677 4678/4678/4678 4676/4676/4676 
f 4660/4660/4660 4675/4675/4675 4679/4679/4679 
f 4679/4679/4679 1737/1737/1737 4660/4660/4660 
f 4675/4675/4675 4680/4680/4680 4679/4679/4679 
f 4679/4679/4679 4681/4681/4681 1737/1737/1737 
f 4680/4680/4680 4681/4681/4681 4679/4679/4679 
f 1708/1708/1708 1737/1737/1737 4681/4681/4681 
f 4681/4681/4681 1709/1709/1709 1708/1708/1708 
f 1709/1709/1709 4681/4681/4681 4682/4682/4682 
f 4680/4680/4680 4682/4682/4682 4681/4681/4681 
f 4682/4682/4682 1710/1710/1710 1709/1709/1709 
f 1710/1710/1710 4682/4682/4682 4683/4683/4683 
f 4680/4680/4680 4683/4683/4683 4682/4682/4682 
f 4683/4683/4683 1705/1705/1705 1710/1710/1710 
f 1705/1705/1705 4683/4683/4683 4684/4684/4684 
f 4685/4685/4685 4684/4684/4684 4683/4683/4683 
f 4683/4683/4683 4680/4680/4680 4685/4685/4685 
f 4684/4684/4684 4685/4685/4685 4686/4686/4686 
f 4686/4686/4686 4685/4685/4685 4687/4687/4687 
f 4680/4680/4680 4675/4675/4675 4688/4688/4688 
f 4688/4688/4688 4685/4685/4685 4680/4680/4680 
f 4676/4676/4676 4688/4688/4688 4675/4675/4675 
f 4685/4685/4685 4689/4689/4689 4687/4687/4687 
f 4685/4685/4685 4688/4688/4688 4689/4689/4689 
f 4689/4689/4689 4690/4690/4690 4687/4687/4687 
f 4688/4688/4688 4676/4676/4676 4691/4691/4691 
f 4691/4691/4691 4689/4689/4689 4688/4688/4688 
f 4676/4676/4676 4678/4678/4678 4691/4691/4691 
f 4689/4689/4689 4692/4692/4692 4690/4690/4690 
f 4689/4689/4689 4691/4691/4691 4692/4692/4692 
f 4678/4678/4678 4692/4692/4692 4691/4691/4691 
f 4692/4692/4692 4693/4693/4693 4690/4690/4690 
f 4692/4692/4692 4678/4678/4678 4694/4694/4694 
f 4693/4693/4693 4692/4692/4692 4694/4694/4694 
f 4695/4695/4695 4696/4696/4696 4697/4697/4697 
f 4696/4696/4696 4695/4695/4695 4698/4698/4698 
f 4699/4699/4699 4697/4697/4697 4696/4696/4696 
f 4698/4698/4698 4695/4695/4695 4700/4700/4700 
f 4697/4697/4697 4699/4699/4699 4701/4701/4701 
f 4702/4702/4702 4700/4700/4700 4695/4695/4695 
f 4703/4703/4703 4700/4700/4700 4702/4702/4702 
f 4700/4700/4700 4703/4703/4703 4704/4704/4704 
f 4699/4699/4699 4705/4705/4705 4701/4701/4701 
f 4706/4706/4706 4704/4704/4704 4703/4703/4703 
f 4707/4707/4707 4705/4705/4705 4699/4699/4699 
f 4704/4704/4704 4706/4706/4706 4708/4708/4708 
f 4709/4709/4709 4705/4705/4705 4707/4707/4707 
f 4710/4710/4710 4708/4708/4708 4706/4706/4706 
f 4705/4705/4705 4709/4709/4709 4710/4710/4710 
f 4708/4708/4708 4710/4710/4710 4709/4709/4709 
f 4711/4711/4711 4712/4712/4712 4713/4713/4713 
f 4712/4712/4712 4714/4714/4714 4713/4713/4713 
f 4712/4712/4712 4711/4711/4711 4715/4715/4715 
f 4714/4714/4714 4712/4712/4712 4716/4716/4716 
f 4711/4711/4711 4717/4717/4717 4715/4715/4715 
f 4714/4714/4714 4716/4716/4716 4718/4718/4718 
f 4719/4719/4719 4717/4717/4717 4711/4711/4711 
f 4718/4718/4718 4716/4716/4716 4720/4720/4720 
f 4721/4721/4721 4717/4717/4717 4719/4719/4719 
f 4722/4722/4722 4718/4718/4718 4720/4720/4720 
f 4717/4717/4717 4721/4721/4721 4723/4723/4723 
f 4718/4718/4718 4722/4722/4722 4724/4724/4724 
f 4725/4725/4725 4723/4723/4723 4721/4721/4721 
f 4722/4722/4722 4725/4725/4725 4724/4724/4724 
f 4723/4723/4723 4725/4725/4725 4726/4726/4726 
f 4725/4725/4725 4722/4722/4722 4726/4726/4726 
f 4727/4727/4727 4728/4728/4728 4729/4729/4729 
f 4730/4730/4730 4728/4728/4728 4727/4727/4727 
f 4729/4729/4729 4728/4728/4728 4731/4731/4731 
f 4728/4728/4728 4730/4730/4730 4732/4732/4732 
f 4733/4733/4733 4729/4729/4729 4731/4731/4731 
f 4729/4729/4729 4733/4733/4733 4734/4734/4734 
f 4733/4733/4733 4735/4735/4735 4734/4734/4734 
f 4736/4736/4736 4732/4732/4732 4730/4730/4730 
f 4737/4737/4737 4735/4735/4735 4733/4733/4733 
f 4732/4732/4732 4736/4736/4736 4738/4738/4738 
f 4737/4737/4737 4739/4739/4739 4735/4735/4735 
f 4740/4740/4740 4739/4739/4739 4737/4737/4737 
f 4738/4738/4738 4736/4736/4736 4741/4741/4741 
f 4741/4741/4741 4739/4739/4739 4740/4740/4740 
f 4742/4742/4742 4741/4741/4741 4736/4736/4736 
f 4739/4739/4739 4741/4741/4741 4742/4742/4742 
f 4743/4743/4743 4744/4744/4744 4745/4745/4745 
f 4746/4746/4746 4744/4744/4744 4743/4743/4743 
f 4747/4747/4747 4745/4745/4745 4744/4744/4744 
f 4744/4744/4744 4746/4746/4746 4748/4748/4748 
f 4745/4745/4745 4747/4747/4747 4749/4749/4749 
f 4746/4746/4746 4750/4750/4750 4748/4748/4748 
f 4751/4751/4751 4749/4749/4749 4747/4747/4747 
f 4750/4750/4750 4746/4746/4746 4752/4752/4752 
f 4753/4753/4753 4749/4749/4749 4751/4751/4751 
f 4752/4752/4752 4754/4754/4754 4750/4750/4750 
f 4749/4749/4749 4753/4753/4753 4755/4755/4755 
f 4754/4754/4754 4752/4752/4752 4756/4756/4756 
f 4755/4755/4755 4753/4753/4753 4757/4757/4757 
f 4757/4757/4757 4754/4754/4754 4756/4756/4756 
f 4758/4758/4758 4757/4757/4757 4753/4753/4753 
f 4754/4754/4754 4757/4757/4757 4758/4758/4758 
f 4759/4759/4759 4760/4760/4760 4761/4761/4761 
f 4762/4762/4762 4760/4760/4760 4759/4759/4759 
f 4761/4761/4761 4763/4763/4763 4759/4759/4759 
f 4764/4764/4764 4760/4760/4760 4762/4762/4762 
f 4765/4765/4765 4763/4763/4763 4761/4761/4761 
f 4760/4760/4760 4764/4764/4764 4766/4766/4766 
f 4767/4767/4767 4763/4763/4763 4765/4765/4765 
f 4763/4763/4763 4767/4767/4767 4768/4768/4768 
f 4764/4764/4764 4769/4769/4769 4766/4766/4766 
f 4769/4769/4769 4764/4764/4764 4770/4770/4770 
f 4771/4771/4771 4769/4769/4769 4770/4770/4770 
f 4768/4768/4768 4767/4767/4767 4772/4772/4772 
f 4769/4769/4769 4771/4771/4771 4773/4773/4773 
f 4772/4772/4772 4773/4773/4773 4771/4771/4771 
f 4774/4774/4774 4772/4772/4772 4767/4767/4767 
f 4773/4773/4773 4772/4772/4772 4774/4774/4774 

